tree
version=v4
num_class=1
num_tree_per_iteration=1
label_index=0
max_feature_idx=27
objective=quantile
feature_names=current_delay remaining_km remaining_stops scheduled_minutes scheduled_running_minutes scheduled_halt_minutes recovery_minutes junctions mean_tracks single_track_km priority condition_severity restriction_speed_kmph restriction_count block_count congestion_count hour weekday delay_trend average_section_speed trains_ahead junction_occupancy precedence_risk rain_mm visibility_m month gps_age_seconds report_latency_seconds
feature_infos=[0:190.09346008300781] [3:362] [1:12] [8:385] [8:367] [0:19] [0.80000001192092896:36.700000762939453] [0:5] none none [1:2] [0:0.79798996448516846] [60:60] [0:1] [0:1] [0:1] [0:23] [0:6] [-16.743789672851562:99.145584106445312] [1.8553365468978882:130] [0:4] [0.0072445138357579708:0.94309985637664795] [0.0047089341096580029:0.61301487684249878] [0:46.911628723144531] [636.886474609375:17981.216796875] [1:12] [0.00086273933993652463:899.9989013671875] [2.0005078315734863:24.999956130981445]
tree_sizes=2998 3019 3020 3034 3033 3015 3018 3035 3027 3034 3041 3029 3023 3030 3028 3022 3053 3034 3024 3027 3045 3010 3015 3030 3032 3025 3033 3022 3015 3004 3003 3030 3013 2999 3030 3033 2997 3023 2975 3027 3015 2996 2999 3033 3001 3015 2985 3001 2998 2984 2998 2974 2970 2971 2978 3038 2971 3025 2960 2972 2972 2970 2984 3001 2988 2992 2991 2974 2990 3005 2963 2968 2968 2980 2986 2946 2934 2975 2978 2945 2954 2948 2936 2971 2987 2915 2981 2945 2958 2949 2942 2957 2984 2933 2920 2991 2941 2911 2940 2945 2986 3010 2984 2947 2938 2932 2956 2974 2914 2977 2912 2959 2991 2897 2961 2936 2938 2951 2942 2922 2983 2979 2956 2956 2938 2912 2918 2888 2888 2892 2878 2972 2956 2945 2921 2998 2934 2943 2952 2955 2956 2932 2943 2927 2948 2915 2959 2957 2953 2964 2937 2987 2952 2952 2936 2928 2958 2902 2899 2890 2947 2922 2911 2962 2979 2937 2924 2916 2946 2930 2935 2938 2935 2929 2948 2949 2920 2929 2906 2910 2965 2901 2925 2936 2960 2921 2937 2886 2902 2922 2949 2901 2928 2953 2906 2903 2899 2943 2933 2926 2959 2940 2945 2914 2943 2952 2945 2927 2936 2908 2915 2925 2958 2930 2944 2972 2951 2927 2884 2938

Tree=0
num_leaves=31
num_cat=0
split_feature=0 11 23 21 0 11 23 6 21 21 0 6 0 1 0 23 11 23 21 4 21 0 2 21 2 0 21 17 20 21
split_gain=798.947 197.473 167.553 130.044 121.676 72.1713 85.2878 71.983 50.497 47.0314 32.3456 24.2578 42.6461 19.0766 17.2024 18.0424 20.2902 13.4983 13.1829 12.9816 12.7324 12.7216 12.1081 9.76867 9.66588 8.74204 7.90417 7.68016 8.19849 7.47617
threshold=4.7693080902099618 0.24962412565946582 2.68842625617981 0.2010445445775986 10.519749164581301 0.20570998638868335 2.5169547796249394 10.150000095367433 0.41141399741172796 0.54489564895629894 0.32593482732772833 8.1500000953674334 0.87159797549247753 205.00000000000003 17.58416843414307 2.556959986686707 0.20387071371078494 8.9206295013427752 0.29802435636520391 59.500000000000007 0.3982848078012467 3.3018347024917607 1.5000000000000002 0.42809192836284643 1.5000000000000002 2.5534095764160161 0.60342115163803112 2.5000000000000004 1.0000000180025095e-35 0.14386009424924853
decision_type=2 2 2 2 2 2 2 2 2 2 2 2 2 2 2 2 2 2 2 2 2 2 2 2 2 2 2 2 2 2
left_child=1 2 3 10 5 6 7 19 29 11 22 12 24 -6 15 16 20 18 27 -2 -15 -14 -1 -13 -5 -12 -10 28 -4 -9
right_child=4 -3 17 9 13 -7 -8 8 26 -11 25 23 21 14 -16 -17 -18 -19 -20 -21 -22 -23 -24 -25 -26 -27 -28 -29 -30 -31
leaf_value=-0.24333183554228141 0.030197710441544734 0.043097689151763915 -0.02422313392162323 -0.20883346596812433 0.3567262864112854 0.12860677003860474 0.062363352775573727 -0.16165373563766477 -0.070874352111349556 -0.052886690199375155 -0.18089603185653685 -0.12960120201110839 -0.14104787150451947 -0.11101978619969852 0.3156819403350728 0.2305648360265079 0.17048402614676419 0.052407186031341549 -0.0070803833007812497 -0.053145166911162035 -0.012562822103500369 -0.09429371118545532 -0.18812579393386841 -0.091096949556717405 -0.15976519678833334 -0.14579951286315918 0.012946054935455323 -0.062601637094864243 -0.13122633457183838 -0.12990739612094218
leaf_weight=1052 7180 8613 344 2042 42975 14074 13159 2677 5270 5566 6488 16554 5070 2992 8616 3008 1722 3388 3557 6697 1727 3098 3900 4670 1917 5999 2200 2078 1458 10328
leaf_count=1052 7180 8613 344 2042 42975 14074 13159 2677 5270 5566 6488 16554 5070 2992 8616 3008 1722 3388 3557 6697 1727 3098 3900 4670 1917 5999 2200 2078 1458 10328
internal_value=-0.0503656 -0.0552084 -0.056305 -0.0576182 -0.0473724 -0.049254 -0.0503719 -0.0519453 -0.0542064 -0.0556888 -0.0619238 -0.0565409 -0.0586816 -0.0454739 -0.0471099 -0.0488779 -0.0506697 -0.049468 -0.0508981 -0.0486091 -0.0527039 -0.0562045 -0.0660272 -0.0553178 -0.0637923 -0.0602966 -0.0502748 -0.0533168 -0.0561834 -0.0564647
internal_weight=198419 75794 67181 56356 122625 61585 47511 34352 20475 38917 17439 33351 12127 61040 18065 9449 6441 10825 7437 13877 4719 8168 4952 21224 3959 12487 7470 3880 1802 13005
internal_count=198419 75794 67181 56356 122625 61585 47511 34352 20475 38917 17439 33351 12127 61040 18065 9449 6441 10825 7437 13877 4719 8168 4952 21224 3959 12487 7470 3880 1802 13005
is_linear=0
shrinkage=1


Tree=1
num_leaves=31
num_cat=0
split_feature=0 11 23 0 21 11 23 6 21 21 0 0 6 21 1 23 21 3 0 23 11 3 0 23 21 21 21 7 0 21
split_gain=705.307 174.987 141.843 114.846 105.815 73.1236 81.2386 74.6363 48.5417 41.4417 24.7429 18.9451 28.1079 14.8798 13.7513 12.6497 12.1364 12.0955 11.9486 12.4978 12.1392 11.4993 10.7443 9.13036 8.80199 7.68608 7.56248 7.38732 10.4652 7.34063
threshold=4.8192434310913095 0.24962412565946582 2.68842625617981 11.921046733856203 0.2010445445775986 0.20570998638868335 2.5169547796249394 10.150000095367433 0.41141399741172796 0.42809192836284643 0.32593482732772833 1.2241679430007937 8.0500001907348651 0.59814637899398815 237.50000000000003 9.2514081001281756 0.29802435636520391 49.000000000000007 24.521744728088382 2.0322954654693608 0.20387071371078494 64.500000000000014 8.1051063537597674 6.4740757942199716 0.37399552762508398 0.29802435636520391 0.60342115163803112 1.5000000000000002 0.62080836296081554 0.14386009424924853
decision_type=2 2 2 2 2 2 2 2 2 2 2 2 2 2 2 2 2 2 2 2 2 2 2 2 2 2 2 2 2 2
left_child=1 2 4 5 10 6 7 17 29 11 21 12 -6 27 -5 16 -4 -2 19 20 24 -1 -19 25 -16 -8 -10 28 -11 -9
right_child=3 -3 15 14 9 -7 23 8 26 13 -12 -13 -14 -15 18 -17 -18 22 -20 -21 -22 -23 -24 -25 -26 -27 -28 -29 -30 -31
leaf_value=-0.16486689277663147 0.11664633454858488 0.0881827739238739 -0.038920901343247355 0.4436666609287262 -0.1317764851749221 0.18369191632781742 -0.02465294995307922 -0.099219982209729482 -0.017783123323087093 -0.08842202450360391 -0.10560497074127197 -0.070408309739935018 -0.082459404251678872 0.012229126721620558 -0.062687400959416564 0.099255235147476195 0.041553544235229486 -0.014099195911679076 0.89494322740924126 0.27916328197943951 0.22055992365641386 -0.13370035067528108 0.080991240649410073 0.17480374059677123 0.041381314602440634 0.092733838176727285 0.059510683679580685 -0.029943475801448873 -0.046856433368069286 -0.07292984088163873
leaf_weight=1421 5634 8787 4049 42069 3558 16557 2005 2996 5811 1095 12562 16849 5848 3651 1957 3285 3645 6081 3819 2049 1078 3531 3561 9419 1308 3603 2473 4961 3284 11473
leaf_count=1421 5634 8787 4049 42069 3558 16557 2005 2996 5811 1095 12562 16849 5848 3651 1957 3285 3645 6081 3819 2049 1078 3531 3561 9419 1308 3603 2473 4961 3284 11473
internal_value=0.000124555 -0.00439019 -0.00542355 0.00295897 -0.00663108 0.00136294 0.000276614 -0.00119924 -0.00337722 -0.00490047 -0.0105091 -0.00627195 -0.00842909 -0.0021287 0.00508416 0.0008192 -0.000511567 0.00204478 0.003109 0.00152253 -0.000299793 -0.014101 0.000754201 0.00401158 -0.00212251 0.00209486 0.00028537 -0.00339829 -0.00519434 -0.00547419
internal_weight=198419 76526 67739 121893 56760 69613 53056 38029 22753 39246 17514 26255 9406 12991 52280 10979 7694 15276 10211 6392 4343 4952 9642 15027 3265 5608 8284 9340 4379 14469
internal_count=198419 76526 67739 121893 56760 69613 53056 38029 22753 39246 17514 26255 9406 12991 52280 10979 7694 15276 10211 6392 4343 4952 9642 15027 3265 5608 8284 9340 4379 14469
is_linear=0
shrinkage=0.06


Tree=2
num_leaves=31
num_cat=0
split_feature=0 11 23 0 21 11 23 4 21 21 1 0 23 11 0 21 0 4 23 21 21 2 3 7 0 23 23 23 23 17
split_gain=635.361 158.645 123.923 107.87 86.7473 49.5492 53.9338 43.8681 38.7183 35.1203 30.2083 26.5039 31.4216 33.935 20.1911 16.6275 16.0862 23.0714 12.9957 12.8692 12.8169 11.3788 9.50298 7.18229 8.7836 6.56549 6.75834 6.91144 10.3838 6.47259
threshold=4.8192434310913095 0.29007530212402349 2.68842625617981 9.2073082923889178 0.2010445445775986 0.23054748773574832 3.1620360612869267 59.500000000000007 0.42809192836284643 0.41141399741172796 166.50000000000003 20.203450202941898 2.556959986686707 0.23054748773574832 0.62080836296081554 0.3982848078012467 1.2241679430007937 63.500000000000007 9.2514081001281756 0.60342115163803112 0.29802435636520391 1.5000000000000002 139.50000000000003 1.5000000000000002 0.62080836296081554 6.4740757942199716 6.1388392448425302 5.7255988121032724 5.6679339408874521 3.5000000000000004
decision_type=2 2 2 2 2 2 2 2 2 2 2 2 2 2 2 2 2 2 2 2 2 2 2 2 2 2 2 2 2 2
left_child=1 2 4 5 14 6 7 -2 16 22 -5 12 13 15 21 -12 17 -6 20 23 25 -1 -9 24 -10 26 27 28 -4 -16
right_child=3 -3 18 10 8 -7 -8 9 19 -11 11 -13 -14 -15 29 -17 -18 -19 -20 -21 -22 -23 -24 -25 -26 -27 -28 -29 -30 -31
leaf_value=-0.17166381500799135 0.061052378723245204 0.10148118361600014 -0.044362274663149057 0.32104753338375447 -0.12428911217514753 0.14491403632991653 0.093906399344444266 -0.037675794996219238 -0.081973895417627535 0.0058333545206602959 -0.057657325388612825 0.59894703237601499 0.233698844878589 0.20732632823702904 -0.099388546435189198 0.029303315942329433 -0.066102959739990377 -0.083379776729243751 0.093299921038627623 0.019068194620248349 0.042554616926193237 -0.11884174796621226 -0.080157020394465428 -0.026175136467340588 -0.043707857601594902 -0.0041969877049314337 -0.13724345127495111 0.06411830793148629 -0.13375881990668598 -0.092462640326816142
leaf_weight=1201 6343 7824 1629 43924 2625 10615 9862 5795 1137 8715 5771 9283 5827 3300 6674 3184 17038 6856 3300 3465 3712 4642 9274 5213 3448 1927 268 347 82 5138
leaf_count=1201 6343 7824 1629 43924 2625 10615 9862 5795 1137 8715 5771 9283 5827 3300 6674 3184 17038 6856 3300 3465 3712 4642 9274 5213 3448 1927 268 347 82 5138
internal_value=0.000195919 -0.00408912 -0.00501103 0.00288612 -0.00613956 0.000767608 -0.000199705 -0.00146042 -0.00458619 -0.00264278 0.00438993 0.00282514 0.00148723 -0.000237454 -0.00963976 -0.0021541 -0.00590995 -0.00789094 0.00074301 -0.00193938 -0.000568738 -0.0125247 -0.00439618 -0.00305083 -0.00478299 -0.00281731 -0.00496303 -0.00379592 -0.00536178 -0.00821266
internal_weight=198419 76526 68702 121893 57437 50604 39989 30127 39782 23784 71289 27365 18082 12255 17655 8955 26519 9481 11265 13263 7965 5843 15069 9798 4585 4253 2326 2058 1711 11812
internal_count=198419 76526 68702 121893 57437 50604 39989 30127 39782 23784 71289 27365 18082 12255 17655 8955 26519 9481 11265 13263 7965 5843 15069 9798 4585 4253 2326 2058 1711 11812
is_linear=0
shrinkage=0.06


Tree=3
num_leaves=31
num_cat=0
split_feature=0 11 0 23 21 11 23 4 21 21 1 0 23 11 4 0 0 21 2 3 23 21 21 21 23 21 2 0 7 0
split_gain=582.163 124.42 120.875 98.8426 70.1363 62.3734 69.3222 47.5211 33.2137 31.3859 23.5831 22.2994 23.5992 26.0579 13.2182 12.9823 12.8382 12.0508 11.8069 11.7241 11.5015 11.0108 10.3041 8.86938 8.54714 8.51264 7.99493 7.68836 7.45723 7.91614
threshold=4.2997608184814462 0.29007530212402349 10.024745941162111 2.68842625617981 0.42809192836284643 0.24726432561874392 2.5169547796249394 88.500000000000014 0.41141399741172796 0.2010445445775986 166.50000000000003 22.482932090759281 2.556959986686707 0.32213369011878973 154.50000000000003 1.0484350323677065 0.62080836296081554 0.37399552762508398 1.5000000000000002 32.000000000000007 9.2514081001281756 0.29802435636520391 0.59814637899398815 0.14386009424924853 8.4409470558166522 0.29802435636520391 1.5000000000000002 7.14186716079712 1.5000000000000002 0.62080836296081554
decision_type=2 2 2 2 2 2 2 2 2 2 2 2 2 2 2 2 2 2 2 2 2 2 2 2 2 2 2 2 2 2
left_child=1 3 5 4 9 6 7 19 23 16 -4 12 13 17 15 18 26 -12 -11 -2 21 -5 28 -9 25 -8 -1 -21 29 -6
right_child=2 -3 10 20 22 -7 24 8 -10 14 11 -13 -14 -15 -16 -17 -18 -19 -20 27 -22 -23 -24 -25 -26 -27 -28 -29 -30 -31
leaf_value=-0.16136398610751188 0.11596108123086046 0.087029802223971636 0.34960867461116385 -0.034703905881552706 -0.077674718721202379 0.14522152721956927 -0.0071549704641723604 -0.091843784958875879 -0.0013955211566325195 -0.13826579357217586 -0.048216664568533962 0.76572266816057677 0.24614261930884723 0.27506114615641314 -0.060385317990052347 -0.071536799678919072 -0.095252409928937604 0.029883127593162574 -0.08894603382792203 -0.012798563854283587 0.08627575590402603 0.035115327833290105 0.010351287441108425 -0.060054759206009077 0.17110296428495408 0.078631304164452298 -0.11171124308823951 0.056157899305060953 -0.025244946673007428 -0.045614508442325154
leaf_weight=1201 2880 6679 40154 3872 1113 13428 3098 3298 8851 1753 5051 8278 5235 2574 9106 9347 10489 3391 3957 6348 2887 3292 3214 12486 6276 4153 4642 3747 4646 2973
leaf_count=1201 2880 6679 40154 3872 1113 13428 3098 3298 8851 1753 5051 8278 5235 2574 9106 9347 10489 3391 3957 6348 2887 3292 3214 12486 6276 4153 4642 3747 4646 2973
internal_value=0.000278169 -0.00416437 0.00265573 -0.00499629 -0.00604096 0.000819175 -0.000136457 -0.00146131 -0.00300913 -0.00723274 0.00448894 0.00302312 0.00173196 0.000155774 -0.00585945 -0.00695079 -0.00926451 -0.00145558 -0.0092049 0.00147746 0.000454283 -0.000834171 -0.002001 -0.00465889 0.00354713 0.00214398 -0.0115184 0.000514116 -0.00307009 -0.00493979
internal_weight=198419 69171 129248 62492 52441 64565 51137 37610 24635 40495 64683 24529 16251 11016 24163 15057 16332 8442 5710 12975 10051 7164 11946 15784 13527 7251 5843 10095 8732 4086
internal_count=198419 69171 129248 62492 52441 64565 51137 37610 24635 40495 64683 24529 16251 11016 24163 15057 16332 8442 5710 12975 10051 7164 11946 15784 13527 7251 5843 10095 8732 4086
is_linear=0
shrinkage=0.06


Tree=4
num_leaves=31
num_cat=0
split_feature=0 11 0 23 11 23 6 21 21 0 2 21 23 0 21 23 21 21 21 21 14 21 4 0 4 11 23 21 16 24
split_gain=519.002 124.276 102.346 98.3739 71.8232 78.6563 66.9493 62.0732 39.003 26.8354 25.8304 12.7751 11.731 11.4726 10.6572 10.63 10.2705 9.8972 9.69154 9.5757 7.22623 8.94696 7.15406 8.54446 6.71506 5.91803 6.55889 7.23303 5.73549 6.90927
threshold=4.8192434310913095 0.24962412565946582 14.579007625579836 2.68842625617981 1.0000000180025095e-35 2.5169547796249394 8.1500000953674334 0.42809192836284643 0.41141399741172796 0.97613495588302623 2.5000000000000004 0.2010445445775986 8.023776054382326 7.14186716079712 0.1898603290319443 8.9206295013427752 0.17096395045518878 0.59814637899398815 0.29802435636520391 0.59814637899398815 1.0000000180025095e-35 0.13181316107511523 210.50000000000003 27.322209358215336 30.000000000000004 1.0000000180025095e-35 6.020177125930787 0.12140886485576631 14.500000000000002 13624.778320312502
decision_type=2 2 2 2 2 2 2 2 2 2 2 2 2 2 2 2 2 2 2 2 2 2 2 2 2 2 2 2 2 2
left_child=1 3 4 7 5 6 13 9 20 10 -1 -11 18 24 -12 16 -5 28 -7 -10 21 -8 -4 25 -2 26 27 -24 29 -9
right_child=2 -3 22 15 -6 12 8 17 19 11 14 -13 -14 -15 -16 -17 -18 -19 -20 -21 -22 -23 23 -25 -26 -27 -28 -29 -30 -31
leaf_value=-0.12793167550358595 0.092318326290699526 0.076611723201316304 0.58074733500489906 -0.048189069188676562 0.17109719203721102 -0.0076603559168563823 -0.084066369297924964 -0.030774396385330732 -0.016241887355597243 -0.084635180592453632 -0.10175325367597982 -0.059654437850109029 0.20218396107232703 0.11246426119602403 -0.066407523237248092 0.081099210549784473 0.014548474692262923 0.010435024230181254 0.08077976399152309 0.064013254010723955 0.82920341329214697 -0.058163101284837544 -0.11147688454318498 0.9686523840043384 -0.0062117319988994838 0.33600721512204801 0.26684636717466681 0.0054455694997785336 -0.021631843319358551 -0.074401102616576675
leaf_weight=5757 1344 8787 32037 1968 20626 3172 3187 2966 7132 10540 4101 17778 9515 7978 5593 3445 5566 3651 5055 3375 247 14773 311 3938 4881 1407 710 2205 4757 1617
leaf_count=5757 1344 8787 32037 1968 20626 3172 3187 2966 7132 10540 4101 17778 9515 7978 5593 3445 5566 3651 5055 3375 247 14773 311 3938 4881 1407 710 2205 4757 1617
internal_value=0.000380377 -0.00349246 0.00281179 -0.00436331 0.00158295 0.000542937 -0.000846238 -0.00536892 -0.00251292 -0.00644991 -0.0084612 -0.0053525 0.00390328 0.00252327 -0.00657066 0.000835595 -0.000426865 -0.00172689 0.00224407 0.000398021 -0.00419278 -0.00433296 0.00527157 0.00373189 0.000592771 0.00198532 0.000569126 -0.000868044 -0.00276231 -0.00427711
internal_weight=198419 76526 121893 67739 81285 60659 42917 56760 28714 43769 15451 28318 17742 14203 9694 10979 7534 12991 8227 10507 18207 17960 40608 8571 6225 4633 3226 2516 9340 4583
internal_count=198419 76526 121893 67739 81285 60659 42917 56760 28714 43769 15451 28318 17742 14203 9694 10979 7534 12991 8227 10507 18207 17960 40608 8571 6225 4633 3226 2516 9340 4583
is_linear=0
shrinkage=0.06


Tree=5
num_leaves=31
num_cat=0
split_feature=0 11 23 21 0 11 23 6 0 21 21 23 21 2 3 21 0 24 3 2 21 24 17 3 0 21 23 17 23 25
split_gain=470.331 133.325 104.392 70.911 59.1217 45.9345 54.3724 56.7311 41.4358 24.718 15.4556 15.3612 15.53 14.9134 14.1587 9.94618 8.51296 8.50422 8.24285 8.11052 7.90843 7.4016 8.37011 7.19593 10.4604 7.99348 9.1157 6.71537 6.25604 6.0927
threshold=6.5752253532409677 0.29007530212402349 2.68842625617981 0.41141399741172796 14.579007625579836 1.0000000180025095e-35 2.5169547796249394 10.299999713897707 2.8567444086074834 0.37399552762508398 0.60342115163803112 9.2514081001281756 0.29802435636520391 1.5000000000000002 120.50000000000001 0.1898603290319443 0.87159797549247753 13624.778320312502 55.500000000000007 1.5000000000000002 0.13181316107511523 13807.777343750002 4.5000000000000009 163.50000000000003 27.322209358215336 0.11700579151511194 2.3285199403762822 5.5000000000000009 8.4703989028930682 6.5000000000000009
decision_type=2 2 2 2 2 2 2 2 2 2 2 2 2 2 2 2 2 2 2 2 2 2 2 2 2 2 2 2 2 2
left_child=1 2 3 8 5 6 7 18 14 -9 17 12 -4 -10 16 29 19 -5 -2 -1 27 22 -19 -6 25 26 -25 -15 -8 -16
right_child=4 -3 11 10 23 -7 28 9 13 -11 -12 -13 -14 20 15 -17 -18 21 -20 -21 -22 -23 -24 24 -26 -27 -28 -29 -30 -31
leaf_value=-0.13191444984426134 0.1514072122335588 0.093559373649183958 -0.030427374210347621 -0.019786475702934559 0.60656258258888762 0.1932727993894148 0.065861866155525972 -0.063920079414515121 -0.0043826198773118333 0.0023211111448249245 0.031961885919118548 0.091057695594266713 0.041425598170476571 -0.084364460009132544 -0.074452079417003589 -0.059178006630763454 -0.079889679277491882 -0.061455125791600902 0.035393156773147194 -0.098328848523294654 -0.052150072577376284 -0.047574109288841274 -0.10211973986090304 -0.080898422042036233 1.0214998791318497 0.11957612280124917 0.1085432846092981 -0.016131422273164539 0.23014815732522373 -0.11836339334769397
leaf_weight=2880 4866 11610 5591 9798 26258 16160 5984 9838 4268 7326 5012 5071 5247 3131 3379 8371 6877 131 6468 4619 15808 5265 84 462 6664 6919 305 613 7146 2268
leaf_count=2880 4866 11610 5591 9798 26258 16160 5984 9838 4268 7326 5012 5071 5247 3131 3379 8371 6877 131 6468 4619 15808 5265 84 462 6664 6919 305 613 7146 2268
internal_value=0.000469885 -0.00242746 -0.00322127 -0.00418702 0.00341514 0.00218225 0.00112828 -0.000343603 -0.00535672 -0.00251899 -0.00117693 0.00118009 -9.52203e-05 -0.00351133 -0.00690484 -0.00554801 -0.00822788 -0.00212541 0.00295077 -0.00962608 -0.00421277 -0.00401825 -0.0149302 0.00516962 0.0040892 0.0025808 -0.00323077 -0.00669231 0.00432292 -0.00749389
internal_weight=198419 100023 88413 72504 98396 57788 41628 28498 52214 17164 20290 15909 10838 23820 28394 14018 14376 15278 11334 7499 19552 5480 215 40608 14350 7686 767 3744 13130 5647
internal_count=198419 100023 88413 72504 98396 57788 41628 28498 52214 17164 20290 15909 10838 23820 28394 14018 14376 15278 11334 7499 19552 5480 215 40608 14350 7686 767 3744 13130 5647
is_linear=0
shrinkage=0.06


Tree=6
num_leaves=31
num_cat=0
split_feature=0 11 23 21 0 23 11 6 0 21 23 21 2 21 3 21 24 6 0 21 23 23 23 21 1 24 17 0 2 24
split_gain=427.338 117.853 96.6377 58.5204 57.1283 42.4764 50.6973 50.7706 32.8612 20.509 14.6085 14.1898 13.2568 12.1085 11.5682 9.33193 8.35002 8.2051 11.0153 8.168 8.1443 8.96939 7.53451 8.90032 7.36471 6.81937 8.19423 6.09561 6.46302 6.02322
threshold=6.5752253532409677 0.32278057932853704 2.68842625617981 0.41141399741172796 14.579007625579836 2.5169547796249394 0.23054748773574832 10.150000095367433 2.8567444086074834 0.37399552762508398 11.69450902938843 0.60342115163803112 1.5000000000000002 0.29080203175544744 120.50000000000001 0.099024470895528807 13624.778320312502 17.69999980926514 29.780868530273441 0.13181316107511523 7.6945157051086435 11.556233406066896 1.3482347726821902 0.11700579151511194 41.500000000000007 13807.777343750002 4.5000000000000009 0.80364179611206066 1.5000000000000002 12762.763671875002
decision_type=2 2 2 2 2 2 2 2 2 2 2 2 2 2 2 2 2 2 2 2 2 2 2 2 2 2 2 2 2 2
left_child=1 2 3 8 5 6 7 24 14 -9 13 16 -10 20 27 -16 -5 -6 22 -14 29 -22 23 -19 -2 26 -18 28 -1 -4
right_child=4 -3 10 11 17 -7 -8 9 12 -11 -12 -13 19 -15 15 -17 25 18 -20 -21 21 -23 -24 -25 -26 -27 -28 -29 -30 -31
leaf_value=-0.12543148136051208 0.17370927598061536 0.097343220508476186 -0.01749380793774323 -0.018212503864109351 0.55188500271290009 0.16210951451170444 0.15373050349671397 -0.05971844659814015 -0.0041055304176272666 0.0016699711644532279 0.15798591964899875 0.030044172763971436 -0.070963346362843349 0.041513806459182609 -0.10477075720667965 -0.062691229460818024 -0.057767818244104846 -0.07514164018040688 1.0674154523279376 -0.047874175401373099 0.027711502231871243 -0.061053309630931342 0.26170515821959972 0.046036012561271003 0.042512205510128763 -0.044425624867546379 -0.095992555469248869 -0.074936673000385701 -0.093003642370988668 -0.059490043145338942
leaf_weight=2819 3382 10431 1902 9988 28283 17552 11449 10041 4341 7475 2765 5012 3857 6242 2401 11741 131 426 5310 15987 2963 125 2567 4022 7889 5333 84 7169 4522 2210
leaf_count=2819 3382 10431 1902 9988 28283 17552 11449 10041 4341 7475 2765 5012 3857 6242 2401 11741 131 426 5310 15987 2963 125 2567 4022 7889 5333 84 7169 4522 2210
internal_value=0.000540039 -0.00222171 -0.00292446 -0.00385051 0.00334745 0.00213553 0.00106114 -0.000282002 -0.00490713 -0.00230327 0.00126871 -0.00113354 -0.00327848 0.000451719 -0.00628186 -0.00506067 -0.00202909 0.0050721 0.00378012 -0.0039355 -0.001225 0.00110363 0.00221953 0.00072572 0.0028592 -0.00389546 -0.0143721 -0.00747209 -0.00868737 -0.00297374
internal_weight=198419 100023 89592 73385 98396 57788 40236 28787 52837 17516 16207 20548 24185 13442 28652 14142 15536 40608 12325 19844 7200 3088 7015 4448 11271 5548 215 14510 7341 4112
internal_count=198419 100023 89592 73385 98396 57788 40236 28787 52837 17516 16207 20548 24185 13442 28652 14142 15536 40608 12325 19844 7200 3088 7015 4448 11271 5548 215 14510 7341 4112
is_linear=0
shrinkage=0.06


Tree=7
num_leaves=31
num_cat=0
split_feature=0 11 23 21 0 6 23 11 0 21 3 23 21 21 6 0 14 21 21 23 23 1 20 21 25 0 2 24 24 17
split_gain=393.57 112.898 94.7129 51.9815 49.732 44.5985 45.2927 55.5291 32.1558 26.3541 15.9614 13.235 12.9345 11.0726 9.55705 8.02078 7.90654 7.5391 7.08857 6.93732 8.67021 6.81708 6.75892 6.5503 5.66688 4.97121 7.72381 4.96739 4.82881 4.82649
threshold=7.2032601833343515 0.2943719774484635 2.68842625617981 0.41141399741172796 18.219846725463871 8.1500000953674334 6.2427423000335702 1.0000000180025095e-35 3.2498396635055546 0.37399552762508398 34.000000000000007 12.229872703552248 0.60342115163803112 0.29080203175544744 15.449999809265138 3.2498396635055546 1.0000000180025095e-35 0.1898603290319443 0.13181316107511523 6.4740757942199716 6.1388392448425302 77.500000000000014 3.5000000000000004 0.097057621926069274 6.5000000000000009 0.62080836296081554 1.5000000000000002 6609.9169921875009 9738.5117187500018 3.5000000000000004
decision_type=2 2 2 2 2 2 2 2 2 2 2 2 2 2 2 2 2 2 2 2 2 2 2 2 2 2 2 2 2 2
left_child=1 2 3 8 5 -2 7 9 14 16 -10 13 15 19 25 21 23 24 29 20 -4 -5 -22 -7 -16 26 -1 -15 -20 -12
right_child=4 -3 11 12 -6 6 -8 -9 10 -11 18 -13 -14 27 17 -17 -18 -19 28 -21 22 -23 -24 -25 -26 -27 -28 -29 -30 -31
leaf_value=-0.11907719002464956 0.17156455514994265 0.084753349904414715 -0.030619309081309869 -0.058064299021155591 0.66227791652337542 -0.078845980675188512 0.2183545062797935 0.13938718450935589 0.034222486180897557 0.020334435382454951 -0.08303423422057496 0.15373831552654962 0.030161758747238986 -0.071926139530791314 -0.056917951883242057 -0.0075587053535767796 0.95970669816020038 -0.046413760109969657 -0.019908024944781662 0.0076754093654797084 -0.14784555946773278 -0.030732821751636687 -0.035990766280064104 -0.046398207560407419 -0.10556642651291662 -0.072440899254712421 -0.084295960820477314 0.046819243109115505 -0.051550495564362461 -0.043257991570988238
leaf_weight=2572 20538 12860 2798 2346 30416 1391 8784 9384 2002 9499 2350 2865 5398 247 2687 8237 327 6922 6155 4664 217 5810 236 10717 1766 11585 5859 6494 11413 1880
leaf_count=2572 20538 12860 2798 2346 30416 1391 8784 9384 2002 9499 2350 2865 5398 247 2687 8237 327 6922 6155 4664 217 5810 236 10717 1766 11585 5859 6494 11413 1880
internal_value=0.000587817 -0.0018731 -0.00259084 -0.00349702 0.00348946 0.00249637 0.0013319 0.000264002 -0.00447671 -0.00138853 -0.00281345 0.00139067 -0.00101574 0.000661572 -0.00573776 -0.00185457 -0.00320627 -0.00434901 -0.00328434 -0.000860391 -0.002988 -0.00318833 -0.0106887 -0.00345491 -0.00627487 -0.00652698 -0.00763539 0.0024486 -0.00275342 -0.00548936
internal_weight=198419 107363 94503 76982 91056 60640 40102 31318 55191 21934 23800 17521 21791 14656 31391 16393 12435 11375 21798 7915 3251 8156 453 12108 4453 20016 8431 6741 17568 4230
internal_count=198419 107363 94503 76982 91056 60640 40102 31318 55191 21934 23800 17521 21791 14656 31391 16393 12435 11375 21798 7915 3251 8156 453 12108 4453 20016 8431 6741 17568 4230
is_linear=0
shrinkage=0.06


Tree=8
num_leaves=31
num_cat=0
split_feature=0 11 23 0 21 6 23 11 0 21 3 23 21 21 6 14 21 23 23 0 4 20 21 23 21 3 6 0 11 21
split_gain=360.8 104.073 86.8641 45.6058 45.4534 43.7046 43.6245 49.9963 27.3631 23.345 14.3035 11.9819 11.8586 10.5447 8.58784 7.09475 8.04404 7.06859 8.63179 7.04037 7.78139 6.50655 6.07813 6.01279 5.96584 5.91298 5.19673 8.68031 6.10438 5.68394
threshold=7.3336279392242441 0.32278057932853704 2.68842625617981 18.96811676025391 0.41141399741172796 8.0500001907348651 7.2746057510375985 0.32213369011878973 3.2498396635055546 0.37659685313701635 61.500000000000007 12.229872703552248 0.59814637899398815 0.29080203175544744 15.449999809265138 1.0000000180025095e-35 0.10818686708807947 6.4740757942199716 6.1388392448425302 0.68311876058578502 57.000000000000007 3.5000000000000004 0.1898603290319443 2.556959986686707 0.13181316107511523 144.50000000000003 24.300000190734867 29.780868530273441 0.20570998638868335 0.34174674749374395
decision_type=2 2 2 2 2 2 2 2 2 2 2 2 2 2 2 2 2 2 2 2 2 2 2 2 2 2 2 2 2 2
left_child=1 2 4 5 8 -2 7 9 14 15 -10 13 19 17 -1 16 -7 18 -4 20 -6 -20 -16 -11 -12 -18 -5 28 29 -28
right_child=3 -3 11 26 12 6 -8 -9 10 23 24 -13 -14 -15 22 -17 25 -19 21 -21 -22 -23 -24 -25 -26 -27 27 -29 -30 -31
leaf_value=-0.078006832953316563 0.17242276232894413 0.09007897511635711 -0.028782150536431274 0.75994962956678025 -0.082389895124118345 -0.074048535283536818 0.25604158970246954 0.18127278917377615 0.00089103130706388509 0.010025558099578526 -0.064178307464962267 0.14480898024093669 0.026431816873298812 0.041060536370866714 -0.071436303720732258 0.943688851436561 -0.0017619897127731426 0.0085673060540160783 -0.13897482589966881 -0.017921527388033952 -0.040480399131694086 -0.033831320303260262 -0.042883359348845282 0.11996246038203767 -0.042441524467229159 -0.046982304916218395 -0.13986272001553085 0.84893627670996985 0.39349593689544121 0.069079386031092066
leaf_weight=20208 20275 11981 2858 25335 637 1729 8006 7831 5492 8795 3733 2923 5910 7011 4533 343 3489 4914 217 13526 2154 236 6946 1684 15547 8483 489 2264 464 406
leaf_count=20208 20275 11981 2858 25335 637 1729 8006 7831 5492 8795 3733 2923 5910 7011 4533 343 3489 4914 217 13526 2154 236 6946 1684 15547 8483 489 2264 464 406
internal_value=0.000647388 -0.00167408 -0.00232671 0.00346721 -0.00318994 0.00253171 0.00138999 0.000408729 -0.00409476 -0.000924112 -0.00260084 0.00141384 -0.000891618 0.000738777 -0.00526266 -0.00252321 -0.00273659 -0.000718541 -0.00286137 -0.00172568 -0.00446937 -0.0105563 -0.00395209 0.00121901 -0.00337033 -0.0021841 0.00542607 0.00330058 -0.000490066 -0.00338547
internal_weight=198419 108826 96845 89593 78686 60635 40360 32354 56459 24523 24772 18159 22227 15236 31687 14044 13701 8225 3311 16317 2791 453 11479 10479 19280 11972 28958 3623 1359 895
internal_count=198419 108826 96845 89593 78686 60635 40360 32354 56459 24523 24772 18159 22227 15236 31687 14044 13701 8225 3311 16317 2791 453 11479 10479 19280 11972 28958 3623 1359 895
is_linear=0
shrinkage=0.06


Tree=9
num_leaves=31
num_cat=0
split_feature=0 11 23 21 6 0 23 11 0 21 3 23 21 21 21 0 14 21 4 23 16 24 24 0 2 6 23 0 20 25
split_gain=332.789 104.588 86.5685 44.5232 36.3948 36.3341 36.0237 43.4354 27.2752 19.3619 17.7903 13.8701 11.0186 9.35757 9.07685 8.41181 8.19874 8.21089 6.4599 6.01627 5.85783 6.23564 5.95593 5.83264 5.63153 5.37496 4.96164 4.93851 6.93778 5.1245
threshold=8.3264079093933123 0.29007530212402349 2.68842625617981 0.42809192836284643 11.449999809265138 23.89594650268555 7.2746057510375985 0.32213369011878973 3.8548399209976201 0.37659685313701635 34.000000000000007 12.229872703552248 0.29080203175544744 0.2010445445775986 0.57403510808944713 12.188961982727053 1.0000000180025095e-35 0.14386009424924853 59.500000000000007 0.087454974651336684 14.500000000000002 17119.833007812504 17827.022460937504 0.92909860610961925 2.5000000000000004 15.550000190734865 0.6919572949409486 2.5959763526916508 1.5000000000000002 10.500000000000002
decision_type=2 2 2 2 2 2 2 2 2 2 2 2 2 2 2 2 2 2 2 2 2 2 2 2 2 2 2 2 2 2
left_child=1 2 3 8 15 6 7 9 13 16 -10 12 23 -1 20 18 17 -6 -2 -3 21 27 -23 -4 -12 -15 -27 28 29 -5
right_child=4 19 11 14 5 -7 -8 -9 10 -11 24 -13 -14 25 -16 -17 -18 -19 -20 -21 -22 22 -24 -25 -26 26 -28 -29 -30 -31
leaf_value=-0.0778479954034558 0.18738681666672038 0.053609336903055048 -0.048771853765652608 -0.079539372650687987 -0.086633431777360076 0.74005356731483551 0.28002182501665224 0.20258696553322902 0.058355409158498357 0.023128720139227482 -0.019155090997146611 0.15482462025593252 0.041316905736481148 -0.059431936474886808 0.018698717153362153 0.43425010721342067 0.97639152690886966 -0.034981163911969426 0.064874279969263815 0.15858359341178471 -0.0046877924134160805 -0.077617035381031513 0.079817936543311874 0.00021679945511704268 -0.048261857549429646 -0.045462087402262527 0.018558655864233782 -0.017688330186565134 -0.013560307807433029 -0.081796676161767848
leaf_weight=15140 5932 10716 1362 697 2053 10877 6175 5948 2020 7602 6095 3543 7765 13968 8251 25228 365 7948 7211 4806 6818 438 101 7457 16204 7114 941 4132 1211 301
leaf_count=15140 5932 10716 1362 697 2053 10877 6175 5948 2020 7602 6095 3543 7765 13968 8251 25228 365 7948 7211 4806 6818 438 101 7457 16204 7114 941 4132 1211 301
internal_value=0.000687606 -0.00131811 -0.00200653 -0.00285858 0.00369798 0.00245431 0.00138001 0.000325138 -0.00368674 -0.00114604 -0.00212451 0.00152541 0.000797395 -0.00470904 -0.000538794 0.00502583 -0.00283272 -0.00315508 0.00379502 0.00327484 -0.00148576 -0.00272093 -0.00891651 -0.000653815 -0.00261294 -0.00391963 -0.00268529 -0.00219429 -0.00448438 -0.00818838
internal_weight=198419 119080 103558 83431 79339 40968 30091 23916 61482 17968 24319 20127 16584 37163 21949 38371 10366 10001 13143 15522 13698 6880 539 8819 22299 22023 8055 6341 2209 998
internal_count=198419 119080 103558 83431 79339 40968 30091 23916 61482 17968 24319 20127 16584 37163 21949 38371 10366 10001 13143 15522 13698 6880 539 8819 22299 22023 8055 6341 2209 998
is_linear=0
shrinkage=0.06


Tree=10
num_leaves=31
num_cat=0
split_feature=0 11 23 0 0 6 23 11 3 21 5 21 23 21 21 21 0 2 21 23 24 21 17 24 0 14 21 23 11 21
split_gain=304.815 92.7197 77.3194 40.8821 36.3281 39.8436 35.7349 35.6407 19.8117 18.9454 14.7906 14.4842 12.3984 10.7068 9.85944 7.9783 7.46151 7.65953 7.12271 6.59433 6.44124 7.62999 5.89288 5.77304 5.61905 5.46935 5.42649 5.18817 5.33499 5.82004
threshold=8.3264079093933123 0.3308964222669602 2.5169547796249394 2.8567444086074834 23.120385169982914 10.150000095367433 2.556959986686707 0.38462381064891821 32.000000000000007 0.54006037116050731 2.5000000000000004 0.37659685313701635 12.229872703552248 0.1898603290319443 0.29080203175544744 0.10818686708807947 0.80364179611206066 1.5000000000000002 0.13181316107511523 7.6945157051086435 12762.763671875002 0.2516866028308869 3.5000000000000004 13124.946777343752 2.3087106943130498 1.0000000180025095e-35 0.54243248701095592 7.2746057510375985 1.0000000180025095e-35 0.3658979088068009
decision_type=2 2 2 2 2 2 2 2 2 2 2 2 2 2 2 2 2 2 2 2 2 2 2 2 2 2 2 2 2 2
left_child=1 2 3 10 5 -2 7 11 -5 18 16 15 14 -12 19 25 17 -1 22 20 24 -22 -10 -20 -4 -7 -15 28 29 -8
right_child=4 -3 12 8 -6 6 27 -9 9 -11 13 -13 -14 26 -16 -17 -18 -19 23 -21 21 -23 -24 -25 -26 -27 -28 -29 -30 -31
leaf_value=-0.10126877928109168 0.18341742020920476 0.086447137388112202 -0.07497792034275759 0.048166233469931798 0.9045104259414356 -0.095628935293655404 -0.026322219173010395 0.20842874015052898 -0.071001180358140598 0.024110452958867473 -0.068838150351699781 0.016786940989553585 0.14553514304057658 -0.039777866782755522 0.037886478449471871 -0.031270781593790327 -0.053998172851178423 -0.069920434458862105 -0.022668898198895181 0.017874905354041737 -0.032538976631481621 -0.077793679579030703 -0.032640678538382387 -0.046552596252445629 0.040230196462618661 0.67847965210359884 0.012143940800555966 0.26281943566814636 0.30073823555166729 0.10090016392310279
leaf_weight=3543 23059 13447 623 3745 23139 1296 1267 4791 3033 6698 7076 7358 3543 13800 8582 8742 7458 3633 20042 3994 2113 596 2554 10600 1832 110 2168 6888 1480 1209
leaf_count=3543 23059 13447 623 3745 23139 1296 1267 4791 3033 6698 7076 7358 3543 13800 8582 8742 7458 3633 20042 3994 2113 596 2554 10600 1832 110 2168 6888 1480 1209
internal_value=0.000723893 -0.00119567 -0.00179302 -0.00260842 0.00360496 0.00278114 0.00144854 7.45394e-05 -0.00142158 -0.00178671 -0.00407856 -0.0011804 0.00143861 -0.00313123 0.000791432 -0.00264998 -0.00557032 -0.0069515 -0.00232869 -0.000577855 -0.0019938 -0.00401107 -0.00429891 -0.00196945 0.000232179 -0.00684495 -0.00227029 0.0042737 0.00254196 0.000838449
internal_weight=198419 119080 105633 84350 79339 56200 33141 22297 46672 42927 37678 17506 21283 23044 17740 10148 14634 7176 36229 9158 5164 2709 5587 30642 2455 1406 15968 10844 3956 2476
internal_count=198419 119080 105633 84350 79339 56200 33141 22297 46672 42927 37678 17506 21283 23044 17740 10148 14634 7176 36229 9158 5164 2709 5587 30642 2455 1406 15968 10844 3956 2476
is_linear=0
shrinkage=0.06


Tree=11
num_leaves=31
num_cat=0
split_feature=0 11 23 1 0 11 23 0 21 3 21 21 23 14 21 7 21 21 21 0 24 16 23 6 0 3 5 1 23 24
split_gain=278.864 81.0901 67.0584 35.9115 38.0079 35.8814 37.0408 33.4181 19.9757 18.7395 14.2819 13.9371 11.8109 11.6888 9.17886 7.85337 6.46831 6.38696 8.0852 5.97578 5.69676 7.5855 5.55956 5.38956 5.81146 5.13198 5.06184 4.86233 4.58836 6.43661
threshold=8.3264079093933123 0.29007530212402349 2.5169547796249394 103.00000000000001 29.780868530273441 0.20570998638868335 7.2746057510375985 3.2498396635055546 0.3831049799919129 61.500000000000007 0.46803893148899084 0.30543017387390142 12.229872703552248 1.0000000180025095e-35 0.29080203175544744 1.5000000000000002 0.097057621926069274 0.071135025471448912 0.048002356663346298 12.605771541595461 15701.056152343752 14.500000000000002 0.087454974651336684 18.649999618530277 20.731276512146 32.000000000000007 2.5000000000000004 64.500000000000014 7.6945157051086435 12762.763671875002
decision_type=2 2 2 2 2 2 2 2 2 2 2 2 2 2 2 2 2 2 2 2 2 2 2 2 2 2 2 2 2 2
left_child=1 2 7 19 5 6 8 11 13 25 -11 17 14 16 28 -13 -5 18 -1 27 -20 -22 -3 -18 -25 -9 -19 -2 29 -4
right_child=3 22 12 4 -6 -7 -8 9 -10 10 -12 15 -14 -15 -16 -17 23 26 20 -21 21 -23 -24 24 -26 -27 -28 -29 -30 -31
leaf_value=-0.058591615487182218 0.18192691190029445 0.046711767551167134 0.005745045880694067 -0.081720726417008935 1.0840083660468205 0.19823357285564716 0.19444248418868346 0.055216815266222061 0.03605601724566581 -0.041254568220963593 0.0044488382501806359 -0.047275286946832001 0.13680303445814196 0.89774412119484259 0.035267786780843281 -0.019786853958390797 -0.013341615258557772 -0.072666519858096329 -0.10087710325881109 0.45411661027318589 -0.16927939586359592 -0.13378988244254905 0.14420131846633791 -0.043393990941953405 -0.20876578362925657 0.0015443497532211662 -0.050184563690125687 0.065598514584924425 0.012905212997566015 -0.046592978471562067
leaf_weight=1551 5744 10716 2455 1344 10566 11857 5534 3287 8987 24011 8142 8430 3543 594 8351 9569 5437 7995 1060 19154 159 201 4806 4664 473 5890 12398 4985 3807 2709
leaf_count=1551 5744 10716 2455 1344 10566 11857 5534 3287 8987 24011 8142 8430 3543 594 8351 9569 5437 7995 1060 19154 159 201 4806 4664 473 5890 12398 4985 3807 2709
internal_value=0.00077288 -0.00106315 -0.00166933 0.00352858 0.00253632 0.00166932 0.000462324 -0.00243626 -0.000664496 -0.00122962 -0.00191217 -0.00364195 0.00137024 -0.00221451 0.000724628 -0.00238713 -0.00262393 -0.00460863 -0.00720767 0.00517077 -0.0104789 -0.017 0.00298106 -0.00212559 -0.00351917 0.00116182 -0.00422998 0.0040371 -0.000607959 -0.00177304
internal_weight=198419 119080 103558 79339 49456 38890 27033 82693 21499 41330 32153 41363 20865 12512 17322 17999 11918 23364 2971 29883 1420 360 15522 10574 5137 9177 20393 10729 8971 5164
internal_count=198419 119080 103558 79339 49456 38890 27033 82693 21499 41330 32153 41363 20865 12512 17322 17999 11918 23364 2971 29883 1420 360 15522 10574 5137 9177 20393 10729 8971 5164
is_linear=0
shrinkage=0.06


Tree=12
num_leaves=31
num_cat=0
split_feature=0 11 23 0 3 23 11 0 3 21 21 6 23 21 21 3 0 23 11 21 21 0 21 24 2 23 23 24 25 11
split_gain=256.762 71.3892 63.1658 35.4953 33.9012 32.1154 30.5339 28.4635 15.4066 14.8759 11.896 11.5473 11.0119 8.83498 8.7544 8.47068 12.1999 7.29447 8.77545 6.5552 6.4337 5.99179 5.78218 5.63261 5.50388 5.06269 5.99788 5.03178 5.76329 4.97244
threshold=8.3264079093933123 0.3308964222669602 2.5169547796249394 19.748422622680668 75.500000000000014 2.3127331733703618 0.38462381064891821 2.8567444086074834 34.000000000000007 0.54006037116050731 0.37659685313701635 8.4499998092651385 11.69450902938843 0.099024470895528807 0.29080203175544744 240.50000000000003 41.712530136108406 1.1571201086044314 0.24962412565946582 0.10818686708807947 0.19782134145498279 0.80364179611206066 0.34654097259044653 13807.777343750002 1.5000000000000002 11.556233406066896 9.3504877090454119 14615.934570312502 8.5000000000000018 0.21158529072999957
decision_type=2 2 2 2 2 2 2 2 2 2 2 2 2 2 2 2 2 2 2 2 2 2 2 2 2 2 2 2 2 2
left_child=1 2 7 4 -2 6 10 11 -9 20 19 21 14 27 25 -5 17 18 22 23 -10 24 -17 -6 -1 26 -4 28 -13 -15
right_child=3 -3 12 15 5 -7 -8 8 9 -11 -12 13 -14 29 -16 16 -18 -19 -20 -21 -22 -23 -24 -25 -26 -27 -28 -29 -30 -31
leaf_value=-0.091390275241581539 0.18691096646221136 0.077904669983704641 -0.016129679252831885 0.70341512562575115 -0.040004466082961466 0.14554491247875204 0.17860131346026756 0.039942126634433965 -0.045220308430309539 0.02227861607413735 0.01989182990950444 -0.046783437627339462 0.11877493353663594 -0.038755648444964486 0.03349722253565296 -0.15900810001752011 1.4327005611004557 0.28975737082948827 0.34545790106314245 -0.024603341038649525 -0.024472568651467044 -0.046625043428937155 -0.039505670329857162 -0.12328765447527038 -0.057929167231824757 -0.054957685600746001 0.041955596593825896 -0.1241377451083783 -0.082945456047333624 0.034308218310466619
leaf_weight=3543 14357 13447 6897 23276 1053 12621 5407 3996 10643 6651 8286 1885 3777 19724 8582 579 2170 622 370 9693 25382 7198 488 417 3326 147 1880 588 577 837
leaf_count=3543 14357 13447 6897 23276 1053 12621 5407 3996 10643 6651 8286 1885 3777 19724 8582 579 2170 622 370 9693 25382 7198 488 417 3326 147 1880 588 577 837
internal_value=0.000806445 -0.000955324 -0.00147948 0.00345069 0.00252622 0.00157649 0.000324912 -0.00221648 -0.00122617 -0.00155975 -0.000783896 -0.00344318 0.00144143 -0.00263242 0.000807495 0.00519287 0.00272263 -0.000585721 -0.00293528 -0.00206235 -0.00204108 -0.00480401 -0.00569634 -0.00579592 -0.00607163 -0.000508292 -0.000323345 -0.0056459 -0.00445491 -0.0021854
internal_weight=198419 119080 105633 79339 51834 37477 24856 84350 46672 42676 19449 37678 21283 23611 17506 27505 4229 2059 1437 11163 36025 14067 1067 1470 6869 8924 8777 3050 2462 20561
internal_count=198419 119080 105633 79339 51834 37477 24856 84350 46672 42676 19449 37678 21283 23611 17506 27505 4229 2059 1437 11163 36025 14067 1067 1470 6869 8924 8777 3050 2462 20561
is_linear=0
shrinkage=0.06


Tree=13
num_leaves=31
num_cat=0
split_feature=0 11 23 0 2 11 23 21 21 0 0 7 3 23 21 23 14 21 21 3 21 1 0 23 11 26 24 24 11 25
split_gain=236.198 64.8927 56.0605 36.191 37.6578 31.9615 34.5442 25.6597 16.1242 15.658 14.3369 12.7033 9.86515 8.71479 8.66076 8.5554 8.33279 8.6557 6.07049 5.76882 5.42316 4.78231 10.4346 5.31589 6.89693 4.83849 4.63944 5.29018 6.61936 4.4565
threshold=8.4944567680358904 0.3308964222669602 1.1273880600929262 23.89594650268555 2.5000000000000004 0.38462381064891821 7.2746057510375985 0.42809192836284643 0.37659685313701635 4.0880436897277841 2.5534095764160161 1.0000000180025095e-35 29.000000000000004 1.0181506872177126 0.069169893860816969 11.868320941925051 1.0000000180025095e-35 0.089744016528129592 0.29080203175544744 181.50000000000003 0.60342115163803112 230.00000000000003 32.498483657836921 1.1571201086044314 0.24962412565946582 26.799230575561527 9570.1909179687518 10257.641113281252 0.21158529072999957 8.5000000000000018
decision_type=2 2 2 2 2 2 2 2 2 2 2 2 2 2 2 2 2 2 2 2 2 2 2 2 2 2 2 2 2 2
left_child=1 2 7 4 -2 6 8 9 16 14 11 -4 -11 20 -1 18 17 -6 -12 -13 -9 -5 23 24 25 -23 -16 29 -29 -28
right_child=3 -3 10 21 5 -7 -8 13 -10 12 15 19 -14 -15 26 -17 -18 -19 -20 -21 -22 22 -24 -25 -26 -27 27 28 -30 -31
leaf_value=-0.08621577536313646 0.17919309949703638 0.073397953384998216 -0.078649417376881345 0.92921972715224599 -0.087732574964666216 0.24670228820521178 0.1926553676141026 -0.012019634406078682 0.03270267568569802 0.060386090359314429 0.0025682466001338967 -0.024198236853269925 -0.029954908911928826 -0.065151827089787881 -0.035340896904672257 0.12993701521451051 0.80757986876772936 -0.028515577036264592 0.038758508358498513 0.025782812044254973 0.026548619196839662 -0.11281741560901458 0.82902782117322171 0.32913970770095741 0.30900289860265939 -0.2575723853482545 -0.10231296889408896 -0.056091480382252479 0.012891106644572674 -0.030403172083052217
leaf_weight=3235 18486 13748 868 17987 1224 8018 6118 15392 9763 1449 7812 4336 20016 120 11902 3051 463 11390 8268 2895 6057 431 3350 295 229 121 938 18981 1018 458
leaf_count=3235 18486 13748 868 17987 1224 8018 6118 15392 9763 1449 7812 4336 20016 120 11902 3051 463 11390 8268 2895 6057 431 3350 295 229 121 938 18981 1018 458
internal_value=0.000824891 -0.000838996 -0.00133848 0.00340045 0.0025782 0.00147274 0.000544513 -0.00214267 -0.000528021 -0.00279977 0.00101138 -0.00110458 -0.00151363 -0.000375817 -0.00355546 0.00190717 -0.00190548 -0.00219566 0.00135448 -0.000281289 -0.000285607 0.00543515 0.00366832 -0.00147212 -0.00406402 -0.00769565 -0.0032675 -0.00379575 -0.00354648 -0.00736676
internal_weight=198419 120544 106796 77875 55462 36976 28958 79566 22840 57997 27230 8099 21465 21569 36532 19131 13077 12614 16080 7231 21449 22413 4426 1076 781 552 33297 21395 19999 1396
internal_count=198419 120544 106796 77875 55462 36976 28958 79566 22840 57997 27230 8099 21465 21569 36532 19131 13077 12614 16080 7231 21449 22413 4426 1076 781 552 33297 21395 19999 1396
is_linear=0
shrinkage=0.06


Tree=14
num_leaves=31
num_cat=0
split_feature=0 11 23 3 0 21 11 23 0 2 23 14 21 0 7 0 21 0 3 23 4 24 21 23 0 11 2 21 24 23
split_gain=221.762 67.9932 60.0895 30.059 27.4443 26.1695 25.6523 25.7289 14.4465 15.2047 13.926 12.9105 9.88114 8.94313 8.98203 8.36683 7.08312 7.02299 6.65871 6.65121 6.65113 6.04576 6.00109 5.24743 6.47807 4.8621 4.83538 4.82191 5.96607 4.74628
threshold=10.024745941162111 0.29007530212402349 2.5169547796249394 142.00000000000003 32.498483657836921 0.41141399741172796 0.36120681464672094 5.981715440750123 4.0413975715637216 1.5000000000000002 12.229872703552248 1.0000000180025095e-35 0.39240394532680517 2.5534095764160161 1.0000000180025095e-35 16.753225326538089 0.080220658332109465 3.2498396635055546 108.50000000000001 0.087454974651336684 61.500000000000007 14615.934570312502 0.093006629496812834 0.28568713366985327 18.613037109375004 0.22091563045978549 1.5000000000000002 0.30021543800830847 9570.1909179687518 8.7969288825988787
decision_type=2 2 2 2 2 2 2 2 2 2 2 2 2 2 2 2 2 2 2 2 2 2 2 2 2 2 2 2 2 2
left_child=1 2 5 15 6 8 7 11 16 -10 13 12 22 14 -4 20 21 26 -19 -3 -2 -1 23 24 -5 -22 -7 28 -15 -30
right_child=3 19 10 4 -6 17 -8 -9 9 -11 -12 -13 -14 27 -16 -17 -18 18 -20 -21 25 -23 -24 -25 -26 -27 -28 -29 29 -31
leaf_value=-0.057770721616598228 0.21498628992447355 0.045423655598965662 -0.083990803815227097 -0.079317882217436519 0.95817241632930383 -0.051355251899209697 0.25083293040596955 0.15965839351180419 0.030600408079392412 -0.033041403237551399 0.13924404385410175 1.1663446137380189 0.012676668114245159 0.05614492392765371 -0.007249607235500952 0.57141330607314034 -0.043715706062060967 0.037420642502068141 -0.0074539225133330627 0.13218288539251477 0.046125271521977811 -0.10738751010110197 -0.045056012584100975 0.0013844136814718749 -0.20079319776142607 0.19445923090490902 -0.013011752255718706 0.048271971100244282 -0.023430449657922528 0.034218696260093093
leaf_weight=3123 6925 12831 544 415 7174 1938 5095 4178 4581 21713 4601 858 4807 2789 4713 19167 32681 6977 9981 6052 5969 1153 6732 186 123 3054 8337 7004 3213 1505
leaf_count=3123 6925 12831 544 415 7174 1938 5095 4178 4581 21713 4601 858 4807 2789 4713 19167 32681 6977 9981 6052 5969 1153 6732 186 123 3054 8337 7004 3213 1505
internal_value=0.000852408 -0.000542591 -0.00109115 0.00373665 0.00232711 -0.00180337 0.00129249 0.000190416 -0.00247291 -0.00139789 0.00155337 -0.00111531 -0.00161314 0.000861392 -0.00125889 0.00492354 -0.00323776 -0.000248301 0.00050171 0.00279394 0.0039082 -0.00553414 -0.00298069 -0.00817127 -0.0111747 0.00283476 -0.00148613 0.00162952 0.000573065 -0.000727427
internal_weight=198419 133736 114853 64683 29568 90484 22394 17299 63251 26294 24369 13121 12263 19768 5257 35115 36957 27233 16958 18883 15948 4276 7456 724 538 9023 10275 14511 7507 4718
internal_count=198419 133736 114853 64683 29568 90484 22394 17299 63251 26294 24369 13121 12263 19768 5257 35115 36957 27233 16958 18883 15948 4276 7456 724 538 9023 10275 14511 7507 4718
is_linear=0
shrinkage=0.06


Tree=15
num_leaves=31
num_cat=0
split_feature=0 11 23 6 0 21 11 23 0 14 2 21 21 23 23 16 25 21 25 5 0 21 21 24 20 21 21 23 21 11
split_gain=208.756 59.3383 51.7918 31.5977 32.4083 27.2703 26.135 23.2536 15.3104 14.9877 13.3179 8.94462 7.89096 7.85961 6.74749 6.63489 8.03744 6.54348 10.898 6.45544 6.03583 5.04304 5.25713 4.97265 8.68852 4.91197 4.74438 4.73059 5.91699 8.61709
threshold=9.5444149971008319 0.20880529284477237 5.7255988121032724 10.050000190734865 31.149155616760257 0.41141399741172796 1.0000000180025095e-35 6.2427423000335702 3.150883793830872 1.0000000180025095e-35 1.5000000000000002 0.3831049799919129 0.60342115163803112 0.087454974651336684 12.229872703552248 14.500000000000002 3.5000000000000004 0.10105558112263681 2.5000000000000004 2.5000000000000004 12.457590103149416 0.10603866726160051 0.07383566722273828 16836.582031250004 2.5000000000000004 0.097057621926069274 0.093006629496812834 0.087454974651336684 0.16614678502082827 0.44730649888515478
decision_type=2 2 2 2 2 2 2 2 2 2 2 2 2 2 2 2 2 2 2 2 2 2 2 2 2 2 2 2 2 2
left_child=1 2 5 20 6 8 7 9 19 11 -10 25 15 17 -4 -7 23 18 -3 -1 -2 22 -9 -17 -25 -5 -20 28 29 -8
right_child=3 13 14 4 -6 12 27 21 10 -11 -12 -13 -14 -15 -16 16 -18 -19 26 -21 -22 -23 -24 24 -26 -27 -28 -29 -30 -31
leaf_value=-0.057997008283643667 0.10462337417317748 -0.12096674224006761 0.020406694155227997 -0.092921041849565747 0.93175886303779243 -0.024270348354768028 -0.18593447636682459 0.055549357460080127 0.018305485467835163 0.97826458606322619 -0.032210902096815749 0.0092304535706797166 0.029192570252075535 0.10496314363773934 0.11685425543672033 -0.025227357813840664 0.022102179116983291 0.041384612094064195 0.060132716453304827 -0.040547916218516215 0.37394675237349662 0.16394696996351207 -0.051821524185734165 -0.11212299397968235 -0.0065125973132758551 -0.039461279145099448 -0.036102070902719906 0.3124883513995067 0.14291339411537274 0.051051306216639725
leaf_weight=12216 7517 520 10940 937 9691 10623 143 174 5851 1060 27770 5938 7227 6891 4176 2760 7819 13140 745 18920 21119 4683 90 84 130 7515 261 4420 4478 581
leaf_count=12216 7517 520 10940 937 9691 10623 143 174 5851 1060 27770 5938 7227 6891 4176 2760 7819 13140 745 18920 21119 4683 90 84 130 7515 261 4420 4478 581
internal_value=0.00086148 -0.000549245 -0.00112042 0.00354631 0.00245077 -0.00164775 0.00147686 0.000260921 -0.0023296 -0.000885437 -0.00144178 -0.00139263 -0.000106204 0.00232602 0.00213787 -0.000684721 0.000363013 0.00154071 -0.00217824 -0.00328828 0.00506551 0.00384112 -0.00422727 -0.00229186 -0.0111028 -0.00264647 0.0014672 0.00405446 0.00282814 -0.00220442
internal_weight=198419 130073 108516 68346 39710 93400 30019 20397 64757 15450 33621 14390 28643 21557 15116 21416 10793 14666 1526 31136 28636 4947 264 2974 214 8452 1006 9622 5202 724
internal_count=198419 130073 108516 68346 39710 93400 30019 20397 64757 15450 33621 14390 28643 21557 15116 21416 10793 14666 1526 31136 28636 4947 264 2974 214 8452 1006 9622 5202 724
is_linear=0
shrinkage=0.06


Tree=16
num_leaves=31
num_cat=0
split_feature=0 11 23 6 0 11 0 23 3 14 21 23 21 21 23 0 7 11 20 21 21 7 21 11 23 23 24 0 1 25
split_gain=196.971 58.1871 49.5123 25.9317 27.4373 22.6128 22.5677 21.9692 17.3854 12.5028 11.9099 10.6363 10.4143 8.55451 7.7612 6.87287 8.12487 5.88399 6.87619 5.80991 5.80853 5.46504 5.0278 5.01311 4.72942 6.03224 4.72721 4.57821 4.59694 4.50121
threshold=10.519749164581301 0.20570998638868335 2.5169547796249394 10.050000190734865 31.149155616760257 0.37052993476390844 3.2498396635055546 7.2746057510375985 49.000000000000007 1.0000000180025095e-35 0.59814637899398815 12.229872703552248 0.3831049799919129 0.29124811291694647 0.087454974651336684 2.5534095764160161 1.0000000180025095e-35 0.43386259675025945 2.5000000000000004 0.14386009424924853 0.10105558112263681 1.5000000000000002 0.12140886485576631 0.42839826643466955 0.67645156383514415 2.3285199403762822 9689.8066406250018 16.753225326538089 64.500000000000014 6.5000000000000009
decision_type=2 2 2 2 2 2 2 2 2 2 2 2 2 2 2 2 2 2 2 2 2 2 2 2 2 2 2 2 2 2
left_child=1 2 6 27 5 7 13 9 -8 12 19 15 22 29 17 16 -4 18 20 -10 -3 -15 -5 -22 26 -26 -21 28 -2 -1
right_child=3 14 11 4 -6 -7 8 -9 10 -11 -12 -13 -14 21 -16 -17 -18 -19 -20 24 23 -23 -24 -25 25 -27 -28 -29 -30 -31
leaf_value=-0.044703928299747009 0.22939815240183081 -0.081040484009528249 -0.081325463551249713 -0.087200293820666311 0.87585333125552489 0.24643697661149791 0.034895421730424508 0.19438075073248437 -0.045269037268156107 0.97107306652213843 0.037213209579419121 0.12277796376554294 0.023744142820522111 -0.034647091451662573 0.10508386748111206 0.022038704937905006 -0.0051514292389690996 0.059181488635131681 0.051595770051962059 -0.007735556828343565 0.0055862971195318155 -0.012003585218374238 -0.028178752358681433 -0.085784831164291531 0.019509278980840265 -0.17471938576101134 -0.033498318093081514 0.55052473023088744 0.093582685158414253 -0.058402234447003126
leaf_weight=12647 5140 592 521 1431 9691 6007 7556 4345 5867 1014 4355 4736 5852 8952 7695 14457 4574 9147 2604 9628 3364 10043 6970 294 3142 172 18419 14853 5737 8614
leaf_count=12647 5140 592 521 1431 9691 6007 7556 4345 5867 1014 4355 4736 5852 8952 7695 14457 4574 9147 2604 9628 3364 10043 6970 294 3142 172 18419 14853 5737 8614
internal_value=0.000868738 -0.00039137 -0.000955129 0.00370478 0.00264911 0.00162044 -0.00160781 0.000633898 -0.000744948 -0.000437414 -0.00122603 0.00144713 -0.00089539 -0.00266107 0.0023133 0.000829174 -0.00106575 0.00156028 0.000231106 -0.00157333 -0.00125647 -0.00173572 -0.00224902 -0.000364133 -0.00124913 0.000894388 -0.00150241 0.00515352 0.00421826 -0.00348779
internal_weight=198419 137379 113683 61040 35310 25619 89395 19612 49139 15267 41583 24288 14253 40256 23696 19552 5095 16001 6854 37228 4250 18995 8401 3658 31361 3314 28047 25730 10877 21261
internal_count=198419 137379 113683 61040 35310 25619 89395 19612 49139 15267 41583 24288 14253 40256 23696 19552 5095 16001 6854 37228 4250 18995 8401 3658 31361 3314 28047 25730 10877 21261
is_linear=0
shrinkage=0.06


Tree=17
num_leaves=31
num_cat=0
split_feature=0 11 23 1 0 23 21 11 14 0 3 23 21 0 1 23 6 21 0 16 3 0 23 17 21 14 3 11 2 11
split_gain=186.945 51.8008 43.4532 25.7085 25.6077 21.4148 19.308 18.8831 14.512 13.1944 14.4193 12.6306 8.59315 8.04608 7.7758 6.82208 6.44524 6.20339 5.93617 5.88239 5.83038 5.60087 5.23011 6.98994 5.00004 4.99089 5.16537 4.74692 4.66475 4.59199
threshold=10.519749164581301 0.29007530212402349 1.1273880600929262 111.50000000000001 39.752513885498054 2.556959986686707 0.57403510808944713 0.42839826643466955 1.0000000180025095e-35 3.150883793830872 34.000000000000007 12.495970249176027 0.093006629496812834 2.5534095764160161 111.50000000000001 3.9838436841964726 18.649999618530277 0.21138186007738116 18.219846725463871 9.5000000000000018 59.500000000000007 23.120385169982914 3.398565530776978 4.5000000000000009 0.29080203175544744 1.0000000180025095e-35 139.50000000000003 0.43386259675025945 2.5000000000000004 1.0000000180025095e-35
decision_type=2 2 2 2 2 2 2 2 2 2 2 2 2 2 2 2 2 2 2 2 2 2 2 2 2 2 2 2 2 2
left_child=1 2 6 18 5 7 9 8 12 17 -11 13 19 14 -4 22 21 -1 20 -5 -2 -14 27 -24 -15 26 -12 -3 -19 -22
right_child=3 15 11 4 -6 -7 -8 -9 -10 10 25 -13 16 24 -16 -17 -18 28 -20 -21 29 -23 23 -25 -26 -27 -28 -29 -30 -31
leaf_value=-0.053872031554355555 0.21907309327884236 0.010431791263953655 -0.041390312424006079 -0.18082060351107793 1.3327413061091085 0.18213973579537818 0.018678290826468581 0.21076084782108057 0.94087704500600922 0.045558116856362067 -0.012668941556502496 0.1277375909114864 -0.0024700012583933301 0.0034079116114431947 0.0082296014450725097 0.25591158230510885 -0.035417923526839527 -0.043359815934439744 0.59022620333238085 -0.061334768394681868 0.045099502114049318 0.26232871259684926 0.041219183163047422 -0.079068247545148324 0.034710727429041445 0.61924687028496872 -0.036001060746584553 0.06399761436116827 -0.022112721135546135 0.19297762927930365
leaf_weight=13188 6288 5058 3113 234 7502 8961 9493 3447 1170 3414 17980 4519 4997 9435 4295 2917 6550 7743 14002 552 3890 1254 215 99 10105 320 19911 11599 13975 2193
leaf_count=13188 6288 5058 3113 234 7502 8961 9493 3447 1170 3414 17980 4519 4997 9435 4295 2917 6550 7743 14002 552 3890 1254 215 99 10105 320 19911 11599 13975 2193
internal_value=0.000872064 -0.000355556 -0.000834906 0.00363499 0.00256099 0.00170403 -0.00153278 0.000522083 -0.000411872 -0.00184937 -0.00112793 0.00107293 -0.000964009 0.000580674 -0.00110313 0.00247627 -0.00059011 -0.00270968 0.00504675 -0.00705343 0.00408908 0.000788034 0.00201556 -0.00565605 0.00121904 -0.00146173 -0.00152474 0.00216017 -0.00208638 0.00276475
internal_weight=198419 137379 117491 61040 34667 27165 86024 18204 14757 76531 41625 31467 13587 26948 7408 19888 12801 34906 26373 786 12371 6251 16971 314 19540 38211 37891 16657 21718 6083
internal_count=198419 137379 117491 61040 34667 27165 86024 18204 14757 76531 41625 31467 13587 26948 7408 19888 12801 34906 26373 786 12371 6251 16971 314 19540 38211 37891 16657 21718 6083
is_linear=0
shrinkage=0.06


Tree=18
num_leaves=31
num_cat=0
split_feature=0 11 23 21 3 0 11 23 0 3 14 21 23 21 0 3 21 21 23 23 11 16 23 24 14 25 16 21 24 20
split_gain=179.519 52.3838 42.8217 25.2918 21.709 20.7445 15.2497 16.3135 13.2513 15.0363 12.148 12.1667 9.06878 8.5765 7.09708 6.2321 6.1751 9.5506 5.88083 5.58343 5.75314 5.41771 6.74239 5.28867 5.0544 5.00245 5.60592 4.88609 4.87796 6.40447
threshold=11.921046733856203 0.20570998638868335 7.5326080322265634 0.40094302594661718 142.00000000000003 46.076341629028327 0.42839826643466955 7.2746057510375985 3.150883793830872 59.500000000000007 1.0000000180025095e-35 0.3831049799919129 0.087454974651336684 0.60342115163803112 19.311052322387699 71.500000000000014 0.10105558112263681 0.086868789047002806 1.1757388710975649 1.0241547226905825 0.2642608135938645 14.500000000000002 1.0181506872177126 13624.778320312502 1.0000000180025095e-35 10.500000000000002 12.500000000000002 0.080220658332109465 11952.073242187502 1.5000000000000002
decision_type=2 2 2 2 2 2 2 2 2 2 2 2 2 2 2 2 2 2 2 2 2 2 2 2 2 2 2 2 2 2
left_child=1 2 3 8 14 6 7 10 -1 -10 11 -6 16 18 15 -2 17 -3 21 20 -17 22 23 28 -11 -20 -27 -9 29 -5
right_child=4 12 -4 13 5 -7 -8 27 9 24 -12 -13 -14 -15 -16 19 -18 -19 25 -21 -22 -23 -24 -25 -26 26 -28 -29 -30 -31
leaf_value=-0.040057665982423434 0.20977752327072191 0.070067269551442032 0.058510540400291237 -0.072454850758708195 -0.04921898245139146 1.545460382216314 0.31201807771218099 -0.06680635172542429 0.019489002184509264 -0.027790894978740113 1.0878512070718727 0.044947853689927729 0.10447654354753576 0.033401860077146198 0.59488032614118991 -0.01906101327106351 0.040740814822953046 -0.11115388349909229 0.034406542889326396 0.17962270719868112 0.1654468352761661 0.0019862734223065211 -0.046668013771261743 -0.046158945898300656 0.5420212589484491 -0.14589941090377748 0.058926569304488759 0.22652967181637407 0.059607889551140034 0.00075300629210080738
leaf_weight=31850 6581 971 13046 1668 6211 5175 3558 115 8265 32044 1011 4452 8735 8744 16042 2177 15782 869 4026 2819 1096 10551 181 3610 309 248 306 3043 1206 3728
leaf_count=31850 6581 971 13046 1668 6211 5175 3558 115 8265 32044 1011 4452 8735 8744 16042 2177 15782 869 4026 2819 1096 10551 181 3610 309 248 306 3043 1206 3728
internal_value=0.000872064 -0.000207378 -0.000740245 -0.00113686 0.00388944 0.00253978 0.00159543 0.000749191 -0.00177198 -0.00105352 -0.000285763 -0.00088174 0.00221429 0.000206257 0.00499704 0.00393577 0.00143071 -0.0018587 -0.000349318 0.00255286 0.000867095 -0.00077521 -0.00174752 -0.00154407 -0.001637 0.00159825 -0.00374729 0.00457505 -0.000534383 -0.00130541
internal_weight=198419 146139 119782 106736 52280 23565 18390 14832 72468 40618 11674 10663 26357 34268 28715 12673 17622 1840 25524 6092 3273 20944 10393 10212 32353 4580 554 3158 6602 5396
internal_count=198419 146139 119782 106736 52280 23565 18390 14832 72468 40618 11674 10663 26357 34268 28715 12673 17622 1840 25524 6092 3273 20944 10393 10212 32353 4580 554 3158 6602 5396
is_linear=0
shrinkage=0.06


Tree=19
num_leaves=31
num_cat=0
split_feature=0 0 23 3 11 6 0 7 23 23 11 14 11 21 21 0 21 2 0 2 1 23 11 21 23 17 25 21 11 11
split_gain=172.522 48.8176 21.2803 21.7558 22.2497 21.0402 21.6715 16.6 16.9103 15.1657 12.3959 12.68 12.2505 11.0054 9.36274 8.30748 7.87726 7.7976 6.38815 5.59963 5.21943 5.27974 5.11313 4.82861 4.28786 4.18348 3.82211 3.96797 3.81487 3.78705
threshold=11.921046733856203 4.2997608184814462 8.023776054382326 34.000000000000007 0.38610963523387914 11.700000286102297 46.076341629028327 1.5000000000000002 0.70826485753059398 2.5169547796249394 0.42839826643466955 1.0000000180025095e-35 0.30060535669326788 0.41141399741172796 0.42809192836284643 1.3482807874679568 0.3831049799919129 1.5000000000000002 19.311052322387699 2.5000000000000004 64.500000000000014 1.0241547226905825 0.2642608135938645 0.069169893860816969 0.67645156383514415 2.5000000000000004 11.500000000000002 0.30225856602191931 0.29007530212402349 0.27093729376792913
decision_type=2 2 2 2 2 2 2 2 2 2 2 2 2 2 2 2 2 2 2 2 2 2 2 2 2 2 2 2 2 2
left_child=1 7 3 -3 13 18 9 15 12 10 11 16 14 19 23 17 25 -1 20 -5 -2 22 -22 -9 -15 -7 -27 -28 29 -10
right_child=5 2 -4 4 -6 6 -8 8 28 -11 -12 -13 -14 24 -16 -17 -18 -19 -20 -21 21 -23 -24 -25 -26 26 27 -29 -30 -31
leaf_value=-0.06858625900785327 0.25012905658380385 0.09195754001783428 0.10433115692464141 0.0044753283783421586 0.077301321074012233 -0.014812798566187382 1.4868675479086899 -0.081081499469365492 0.020299470050529053 0.18477355208821614 0.2005584785722879 0.98665112215038475 0.053760571329144767 0.0051124651767178514 0.0064073717490565913 -0.020429615690782534 0.025928046908701916 -0.035634827290052518 0.56687915943800959 -0.025582247391991421 -0.0015025013661669943 0.1848495878907499 0.16154384254910858 -0.030229294189703906 0.039979789396891244 -0.045095434905489458 -0.1420023935237395 -0.30443745003025741 0.22041442201330289 -0.10264177951390192
leaf_weight=5180 4716 5656 9858 8835 10192 2718 5661 1687 8225 6719 2464 1045 2889 14271 6138 18543 4025 7916 14810 24265 2566 3161 1257 17227 3891 2631 395 112 1262 104
leaf_count=5180 4716 5656 9858 8835 10192 2718 5661 1687 8225 6719 2464 1045 2889 14271 6138 18543 4025 7916 14810 24265 2566 3161 1257 17227 3891 2631 395 112 1262 104
internal_value=0.000877507 -0.000180691 0.000858903 0.000476531 0.000148794 0.0038355 0.00261467 -0.00133747 -0.000484067 0.00169148 0.000524272 -0.000342669 -0.00123023 -0.000360267 -0.00165687 -0.00234982 -0.00100739 -0.00350672 0.00502226 -0.00101148 0.00397436 0.00293299 0.00143291 -0.00231765 0.000826561 -0.00241188 -0.0039044 -0.00867456 0.00168971 0.00122392
internal_weight=198419 146139 76968 67110 61454 52280 25770 69171 37532 20109 13390 10926 27941 51262 25052 31639 9881 13096 26510 33100 11700 6984 3823 18914 18162 5856 3138 507 9591 8329
internal_count=198419 146139 76968 67110 61454 52280 25770 69171 37532 20109 13390 10926 27941 51262 25052 31639 9881 13096 26510 33100 11700 6984 3823 18914 18162 5856 3138 507 9591 8329
is_linear=0
shrinkage=0.06


Tree=20
num_leaves=31
num_cat=0
split_feature=0 0 0 6 11 2 11 23 23 7 23 14 11 21 21 0 21 23 23 21 2 21 21 14 0 24 3 0 21 3
split_gain=165.493 42.7591 21.5414 22.2208 19.8032 19.9311 16.6498 16.705 16.1519 14.9768 15.0483 11.708 9.69655 8.91294 8.00449 7.74504 7.53975 6.75959 6.06647 5.47392 5.30348 5.14368 5.00809 4.75033 4.53586 4.4088 4.26885 11.3685 7.14318 4.17523
threshold=11.921046733856203 4.2997608184814462 31.149155616760257 8.0500001907348651 0.28625878691673284 1.5000000000000002 0.41343545913696295 7.2746057510375985 12.698384284973146 1.5000000000000002 0.70826485753059398 1.0000000180025095e-35 0.30060535669326788 0.3831049799919129 0.42809192836284643 2.4069566726684575 0.57403510808944713 1.1273880600929262 3.9838436841964726 0.14578184485435489 1.5000000000000002 0.29584926366806036 0.12140886485576631 1.0000000180025095e-35 0.92909860610961925 9570.1909179687518 255.00000000000003 46.076341629028327 0.22698328644037249 34.000000000000007
decision_type=2 2 2 2 2 2 2 2 2 2 2 2 2 2 2 2 2 2 2 2 2 2 2 2 2 2 2 2 2 2
left_child=1 9 3 -2 5 29 7 11 16 15 12 13 14 22 25 20 17 23 -6 -9 24 -19 -5 -7 -1 -11 -4 28 -28 -3
right_child=2 4 26 6 18 8 -8 19 -10 10 -12 -13 -14 -15 -16 -17 -18 21 -20 -21 -22 -23 -24 -25 -26 -27 27 -29 -30 -31
leaf_value=-0.067724098096385785 0.21796139135456113 0.093113623828852118 1.0946038138336367 -0.083246205825316111 0.056877008780614649 -0.02300537831335752 0.26454683717450145 -0.0081868948039067174 0.15003560249783651 -0.012322534920534669 0.023441559201135134 0.79196602362259672 0.050534937049396086 0.040547377440184058 0.0060229294441131965 -0.013438490189862802 0.025224110599710942 -0.010862505065393846 0.27261207328948339 0.23644254168169038 -0.030860961483400114 0.025680785830299421 -0.023593489134144243 0.51301012344585739 -0.033274938080332148 -0.045112826775336644 -0.28067357679992017 1.0791971257657167 0.016958894513029479 0.031598530274029576
leaf_weight=4299 12255 4390 15162 1159 13447 28576 4947 652 3117 6814 9591 1096 2889 5238 6138 12412 6072 6214 2304 3421 11598 6369 6177 323 3330 12100 183 1597 393 6156
leaf_count=4299 12255 4390 15162 1159 13447 28576 4947 652 3117 6814 9591 1096 2889 5238 6138 12412 6072 6214 2304 3421 11598 6369 6177 323 3330 12100 183 1597 393 6156
internal_value=0.000878716 -0.000157699 0.00377582 0.00291801 0.000815248 0.000327066 0.00180608 0.000947867 -0.000166841 -0.00124032 -0.000429713 -5.7059e-05 -0.0011336 -0.000575473 -0.00151317 -0.0022019 -0.000441098 -0.000730148 0.00271259 0.00432065 -0.00295616 0.000430581 -0.0019253 -0.00123554 -0.00418482 -0.00212414 0.00550505 0.00301795 -0.00420833 0.00270017
internal_weight=198419 146139 52280 34945 76968 61217 22690 17743 50671 69171 37532 13670 27941 12574 25052 31639 47554 41482 15751 4073 19227 12583 7336 28899 7629 18914 17335 2173 576 10546
internal_count=198419 146139 52280 34945 76968 61217 22690 17743 50671 69171 37532 13670 27941 12574 25052 31639 47554 41482 15751 4073 19227 12583 7336 28899 7629 18914 17335 2173 576 10546
is_linear=0
shrinkage=0.06


Tree=21
num_leaves=31
num_cat=0
split_feature=0 11 23 21 6 0 11 23 0 14 3 23 21 0 2 23 23 23 21 25 0 1 11 0 23 21 21 2 11 21
split_gain=158.151 42.5978 33.7538 21.4162 20.8854 19.174 12.3556 12.3469 11.8096 9.58053 8.65475 9.1919 8.52299 8.36277 8.82451 7.43325 7.16448 7.43152 7.02916 6.09461 5.41495 8.35686 5.36832 4.9031 4.50308 4.42831 4.53614 4.41637 4.10973 5.18253
threshold=12.605771541595461 0.3308964222669602 6.4740757942199716 0.29124811291694647 17.69999980926514 46.076341629028327 0.37052993476390844 7.2746057510375985 23.120385169982914 1.0000000180025095e-35 59.500000000000007 1.1571201086044314 0.54729878902435314 2.4069566726684575 1.5000000000000002 13.07795572280884 3.5130198001861577 3.398565530776978 0.23251585662364962 8.5000000000000018 4.2997608184814462 35.500000000000007 0.2272412106394768 9.1293425559997576 6.1388392448425302 0.15157151222229007 0.11071228235960008 2.5000000000000004 0.70235082507133495 0.41394232213497167
decision_type=2 2 2 2 2 2 2 2 2 2 2 2 2 2 2 2 2 2 2 2 2 2 2 2 2 2 2 2 2 2
left_child=1 2 3 13 8 6 7 9 10 18 -2 22 20 27 -15 -4 17 28 19 -6 -5 -22 -12 -19 -16 26 -17 -1 29 -3
right_child=4 16 15 12 5 -7 -8 -9 -10 -11 11 -13 -14 14 24 25 -18 23 -20 -21 21 -23 -24 -25 -26 -27 -28 -29 -30 -31
leaf_value=-0.053636189599202473 0.24893397238761072 0.020743857326407079 0.023279614076364013 -0.016711438343198954 -0.04344687260440009 1.1708793955098127 0.2471416218955273 0.15916558239816198 0.68437207743556039 1.0748658176099652 -0.0034208447141216526 0.17610223243239378 0.019666455982827728 0.014465871944823197 -0.02512112659406545 0.045975227101383395 0.22149181343662286 -0.10536929162676921 -0.01441068528217786 -0.13333567156270121 0.074882574064285432 -0.003522271824540563 0.14189306310775049 0.10179774512331809 -0.093105951854808064 0.17169669860404652 -0.11563040226808972 -0.031464111040109009 0.16860872930102308 0.10295869064953479
leaf_weight=7025 5425 10023 12046 22401 1235 3626 2364 1812 16362 605 4166 5340 14240 5725 27083 345 3217 146 4628 763 2490 20725 2313 81 412 4428 136 12302 2646 4309
leaf_count=7025 5425 10023 12046 22401 1235 3626 2364 1812 16362 605 4166 5340 14240 5725 27083 345 3217 146 4628 763 2490 20725 2313 81 412 4428 136 12302 2646 4309
internal_value=0.000887183 -7.81143e-05 -0.000480156 -0.000856578 0.00385974 0.0020008 0.000792671 -0.000216963 0.00469131 -0.00132679 0.00359569 0.002685 -8.05932e-05 -0.0017405 -0.00116315 0.00201533 0.00246851 0.00198256 -0.00198672 -0.00496096 -0.000480621 0.000161534 0.00116592 -0.00880176 -0.00160938 0.0039833 -0.00148441 -0.00273286 0.00212675 0.00172565
internal_weight=198419 149780 129358 112403 48639 15033 11407 9043 33606 7231 17244 11819 59856 52547 33220 16955 20422 17205 6626 1998 45616 23215 6479 227 27495 4909 481 19327 16978 14332
internal_count=198419 149780 129358 112403 48639 15033 11407 9043 33606 7231 17244 11819 59856 52547 33220 16955 20422 17205 6626 1998 45616 23215 6479 227 27495 4909 481 19327 16978 14332
is_linear=0
shrinkage=0.06


Tree=22
num_leaves=31
num_cat=0
split_feature=0 11 23 3 0 21 0 23 4 23 11 23 14 23 25 14 3 0 21 21 0 11 21 0 1 24 11 21 21 21
split_gain=149.588 38.3448 30.4788 20.5924 16.9978 16.2211 15.425 10.5991 10.3964 10.395 8.26464 8.22862 8.03589 7.49178 7.33574 7.05639 6.86161 8.12045 6.80304 7.34574 6.75966 6.66359 6.33803 6.00806 6.71782 5.20041 4.88343 4.81268 9.72319 4.40083
threshold=12.605771541595461 1.0000000180025095e-35 5.7255988121032724 213.50000000000003 48.56915473937989 0.41141399741172796 23.120385169982914 3.9838436841964726 72.500000000000014 2.7925844192504887 0.31760154664516455 1.1571201086044314 1.0000000180025095e-35 13.07795572280884 11.500000000000002 1.0000000180025095e-35 25.500000000000004 5.6073594093322763 0.069169893860816969 0.033042430877685554 34.128473281860359 0.68116891384124767 0.10105558112263681 4.7148320674896249 41.500000000000007 13807.777343750002 0.2272412106394768 0.10105558112263681 0.080220658332109465 0.15502387285232547
decision_type=2 2 2 2 2 2 2 2 2 2 2 2 2 2 2 2 2 2 2 2 2 2 2 2 2 2 2 2 2 2
left_child=1 2 5 6 9 15 8 21 -2 10 12 22 14 -4 -5 16 17 -1 19 -18 -16 27 25 -7 -25 -10 -24 28 -3 -15
right_child=3 7 13 4 -6 23 -8 -9 11 -11 -12 -13 -14 29 20 -17 18 -19 -20 -21 -22 -23 26 24 -26 -27 -28 -29 -30 -31
leaf_value=-0.0084884416979765127 0.19894107194594188 0.062565165465265096 0.0193102153621416 -0.036731002438156017 1.1756421957440679 -0.009332125895305049 0.61929923085284844 0.19854455188355613 -0.025264715870876985 0.14139695965969065 0.10815563244634052 0.15232114801754248 1.026560128294661 -0.022296217753433697 -0.16095902896400877 0.41669271231115701 0.0058498551182545808 0.11277396275113237 -0.023940271453228478 -0.061042381979368683 -0.43302300321692389 0.15339321797642702 0.0011004982880506312 0.10544214839279298 0.0075517681949678851 -0.15550865209306239 0.14394113276561898 0.025528455003703421 -0.095329581469242419 0.14635607211896137
leaf_weight=3127 7407 993 13944 3839 2594 15709 18070 4422 343 2591 1336 5271 408 481 491 459 1176 1244 60799 4076 103 3461 3923 2213 14524 151 2112 17971 1030 4151
leaf_count=3127 7407 993 13944 3839 2594 15709 18070 4422 343 2591 1336 5271 408 481 491 459 1176 1244 60799 4076 103 3461 3923 2213 14524 151 2112 17971 1030 4151
internal_value=0.000893534 -4.52662e-05 -0.000504352 0.00378449 0.00154832 -0.000906617 0.00446608 0.00196226 0.00328224 0.00028604 -0.00105197 0.00217627 -0.00220492 0.0017332 -0.00294654 -0.00141525 -0.00146358 0.00083871 -0.00161593 -0.00368774 -0.00915151 0.00145427 0.000752642 0.000204525 0.000995519 -0.00578138 0.00128749 0.00103351 -0.00174098 0.00382383
internal_weight=198419 149780 121903 48639 11362 103327 37277 27877 19207 8768 6177 11800 4841 18576 4433 70881 70422 4371 66051 5252 594 23455 6529 32446 16737 494 6035 19994 2023 4632
internal_count=198419 149780 121903 48639 11362 103327 37277 27877 19207 8768 6177 11800 4841 18576 4433 70881 70422 4371 66051 5252 594 23455 6529 32446 16737 494 6035 19994 2023 4632
is_linear=0
shrinkage=0.06


Tree=23
num_leaves=31
num_cat=0
split_feature=0 11 23 1 0 21 0 3 11 21 23 0 23 14 0 14 11 1 23 25 21 2 11 21 23 14 23 16 6 21
split_gain=142.326 39.0336 28.1894 18.9022 19.9982 18.5483 11.3665 14.4652 11.2674 11.865 9.97596 8.58438 8.24087 7.99436 7.35675 7.28418 6.89135 6.71244 7.18738 6.58019 6.23651 5.58259 5.51946 5.33767 5.40315 4.94465 4.78013 4.24387 4.03797 3.8303
threshold=13.411662101745607 0.20570998638868335 7.5326080322265634 163.00000000000003 48.56915473937989 0.60342115163803112 3.150883793830872 49.000000000000007 0.51078239083290111 0.23251585662364962 3.9838436841964726 23.120385169982914 4.7370638847351083 1.0000000180025095e-35 6.6918683052062997 1.0000000180025095e-35 0.68116891384124767 64.500000000000014 1.4072164297103884 11.500000000000002 0.14578184485435489 2.5000000000000004 0.40822272002696997 0.18616661429405215 0.67645156383514415 1.0000000180025095e-35 13.07795572280884 16.500000000000004 27.94999980926514 0.41394232213497167
decision_type=2 2 2 2 2 2 2 2 2 2 2 2 2 2 2 2 2 2 2 2 2 2 2 2 2 2 2 2 2 2
left_child=1 2 5 11 8 6 21 14 9 13 16 17 25 19 -8 23 29 -2 22 -5 27 -1 -19 -9 -25 28 -22 -4 -11 -3
right_child=3 10 20 4 -6 -7 7 15 -10 12 -12 -13 -14 -15 -16 -17 -18 18 -20 -21 26 -23 -24 24 -26 -27 -28 -29 -30 -31
leaf_value=-0.036764984344075533 0.24579707731729725 0.0098156418853565172 -0.018628899945629485 -0.048564683837047026 1.2441621892657866 0.031950585803713016 0.0040286343891023776 -0.03245803379939749 0.42286695570861432 0.024019785497757358 0.19098174552711186 0.62688567388160366 0.277365956030307 0.97601755018183289 0.089012960921847378 0.51856448322230086 0.14759931794852946 0.0012800756290864898 0.1968275405378743 -0.16437084526045392 0.038652788804398867 -0.019949479958495143 0.19552953452886801 -0.01697254364845174 0.010921599666904704 0.97842312891193906 0.14873165522205095 0.080373706575464443 -0.046157817130836505 0.059300353898531187
leaf_weight=14666 4499 14387 2307 2686 4249 9201 5246 12236 1880 4116 4600 14707 1871 364 3867 551 3687 3644 3676 327 6463 26413 1232 29204 9095 571 4445 1013 1159 6057
leaf_count=14666 4499 14387 2307 2686 4249 9201 5246 12236 1880 4116 4600 14707 1871 364 3867 551 3687 3644 3676 327 6463 26413 1232 29204 9095 571 4445 1013 1159 6057
internal_value=0.000893836 2.37753e-05 -0.000435565 0.00386176 0.0023003 -0.000759293 -0.000993621 -0.000468546 0.00113026 0.00040238 0.00201754 0.00483061 0.0017004 -0.00256381 0.00173357 -0.000861371 0.0015294 0.00371052 0.00272357 -0.00357849 0.00207816 -0.00176309 0.00121329 -0.000936183 -0.000587639 0.000591174 0.00277118 -0.000198795 1.70618e-05 0.00109881
internal_weight=198419 153438 124707 44981 17223 110479 101278 60199 12974 11094 28731 27758 7717 3377 9113 51086 24131 13051 8552 3013 14228 41079 4876 50535 38299 5846 10908 3320 5275 20444
internal_count=198419 153438 124707 44981 17223 110479 101278 60199 12974 11094 28731 27758 7717 3377 9113 51086 24131 13051 8552 3013 14228 41079 4876 50535 38299 5846 10908 3320 5275 20444
is_linear=0
shrinkage=0.06


Tree=24
num_leaves=31
num_cat=0
split_feature=0 11 23 0 3 21 23 11 14 21 23 23 21 14 21 0 2 11 21 3 21 0 23 0 3 0 21 21 14 11
split_gain=139.711 34.3642 25.986 19.1704 18.0676 16.8835 15.1882 10.6896 10.328 7.70633 7.43099 7.33929 6.37477 6.20952 5.94856 5.23106 8.37366 5.1941 5.16753 4.90286 5.21367 4.86285 4.67598 5.08665 4.30349 10.3308 5.48954 4.27206 4.21087 4.20921
threshold=13.411662101745607 0.3308964222669602 8.1426835060119647 31.149155616760257 75.500000000000014 0.29124811291694647 1.3482347726821902 0.51078239083290111 1.0000000180025095e-35 0.14386009424924853 2.3127331733703618 3.9838436841964726 0.59814637899398815 1.0000000180025095e-35 0.13438916951417926 2.4069566726684575 1.5000000000000002 0.70235082507133495 0.39492434263229376 29.000000000000004 0.59352794289588939 2.5534095764160161 3.398565530776978 9.4515752792358416 255.00000000000003 48.56915473937989 0.22698328644037249 0.37068100273609167 1.0000000180025095e-35 0.21158529072999957
decision_type=2 2 2 2 2 2 2 2 2 2 2 2 2 2 2 2 2 2 2 2 2 2 2 2 2 2 2 2 2 2
left_child=1 2 5 4 -2 13 7 8 9 -6 12 17 19 15 -4 -1 -17 18 22 21 28 -7 27 -24 -5 26 -26 -3 -21 -11
right_child=3 11 14 24 6 10 -8 -9 -10 29 -12 -13 -14 -15 -16 16 -18 -19 -20 20 -22 -23 23 -25 25 -27 -28 -29 -30 -31
leaf_value=-0.034767039602105192 0.22349767333024187 0.024780981192740664 -0.0033196324822912745 0.92113653540220908 -0.079195421327273072 -0.014321892711138529 0.15454068130921864 0.25426250627069791 0.64476983323479864 -0.02198278613255834 0.025891623204243801 0.19702205256319083 0.020420717094574128 0.34423865109313412 0.078505500080782525 0.014889821710337448 -0.022998554625215793 0.14423645349504077 0.087628196028083985 -0.010920836925056044 -0.050170783749570257 0.059907789156443791 -0.10116777994250666 0.3247070902724527 -0.25012225870012272 0.91815740859562511 0.0074841925207465463 -0.047008638964231506 0.75622720807530908 0.088571739049608106
leaf_weight=19863 8264 9272 2941 15162 1196 1108 7572 1737 925 6216 9894 3319 8847 440 10609 6070 29068 2846 5021 40053 681 2107 155 80 206 1512 455 719 345 1736
leaf_count=19863 8264 9272 2941 15162 1196 1108 7572 1737 925 6216 9894 3319 8847 440 10609 6070 29068 2846 5021 40053 681 2107 155 80 206 1512 455 719 345 1736
internal_value=0.000899884 3.78526e-05 -0.000323754 0.00384042 0.00285958 -0.000608427 0.00185801 0.000513125 -0.000236474 -0.000847398 6.32984e-05 0.00226751 -0.000217798 -0.00137216 0.00216531 -0.00142896 -0.000989014 0.00179174 0.00135253 -0.000511491 -0.000688089 0.00174495 0.000578526 -0.00778723 0.00540467 0.0029075 -0.00334947 0.000775298 -0.000600327 -0.000172032
internal_weight=198419 153438 132026 44981 27646 118476 19382 11810 10073 9148 63035 21412 53141 55441 13550 55001 35138 18093 15247 44294 41079 3215 10226 235 17335 2173 661 9991 40398 7952
internal_count=198419 153438 132026 44981 27646 118476 19382 11810 10073 9148 63035 21412 53141 55441 13550 55001 35138 18093 15247 44294 41079 3215 10226 235 17335 2173 661 9991 40398 7952
is_linear=0
shrinkage=0.06


Tree=25
num_leaves=31
num_cat=0
split_feature=0 0 11 0 3 2 23 7 11 11 23 14 21 23 21 11 3 25 0 0 23 11 21 21 0 2 24 25 17 24
split_gain=133.826 33.1241 20.7177 19.7297 20.4982 18.2351 15.3747 13.38 11.2892 10.9809 9.5386 11.1815 8.47207 8.3982 8.10416 5.8644 5.83253 5.75683 5.45225 5.39593 5.89669 5.08373 4.82398 4.31188 4.29995 6.11933 4.0159 4.96628 3.99479 3.91484
threshold=13.411662101745607 4.2997608184814462 0.51078239083290111 39.752513885498054 149.50000000000003 1.5000000000000002 11.342735767364504 1.5000000000000002 0.51078239083290111 0.2943719774484635 9.4952249526977557 1.0000000180025095e-35 0.41141399741172796 0.70826485753059398 0.14386009424924853 0.48254731297492987 51.000000000000007 11.500000000000002 7.4073803424835214 19.748422622680668 1.1571201086044314 0.2272412106394768 0.42809192836284643 0.30940997600555425 0.92909860610961925 1.5000000000000002 16617.359375000004 10.500000000000002 1.0000000180025095e-35 9248.4008789062518
decision_type=2 2 2 2 2 2 2 2 2 2 2 2 2 2 2 2 2 2 2 2 2 2 2 2 2 2 2 2 2 2
left_child=1 7 5 4 16 18 12 24 10 13 11 14 15 22 26 -7 -2 23 -3 20 21 -18 29 -16 25 -1 27 -6 -14 -9
right_child=3 2 -4 -5 8 6 -8 9 -10 -11 -12 -13 28 -15 17 -17 19 -19 -20 -21 -22 -23 -24 -25 -26 -27 -28 -29 -30 -31
leaf_value=-0.058520797257626163 0.27603153226168231 0.021544760375138045 0.11926302732546284 1.1860702279874908 -0.044754034594321063 -0.011444908464660789 0.12431440318600481 -0.004221227252042852 0.35773924215998354 0.079474724931224677 0.17944801891467768 0.84964860812639154 0.055915696179663403 0.01742677645079737 -0.026434585176911388 -0.075957215919584251 -0.020456619323742514 -0.12599753649208684 0.097662692088697836 0.25494284993923372 0.15211272039726104 0.1195068084537364 0.0075418749346233532 0.035229171801164687 -0.01660926956496216 -0.026526570230754092 -0.10966485899120446 -0.16320820801202668 0.0074919790482694329 -0.035340296997701873
leaf_weight=4299 5911 6444 9385 13714 607 36942 5090 6008 1916 4114 1619 926 2714 8366 2709 435 2361 870 6467 5785 3215 1353 6138 3631 20807 6533 134 230 16790 12906
leaf_count=4299 5911 6444 9385 13714 607 36942 5090 6008 1916 4114 1619 926 2714 8366 2709 435 2361 870 6467 5785 3215 1353 6138 3631 20807 6533 134 230 16790 12906
internal_value=0.000887788 4.41092e-05 0.000842821 0.00376572 0.00293351 0.000509762 8.23936e-05 -0.000928915 0.00106882 -0.000162741 0.00031102 -0.000443395 -0.000200313 -0.000522832 -0.00115071 -0.000729272 0.00419919 -0.000457697 0.00256107 0.00347522 0.00234579 0.000717286 -0.00107249 0.000170347 -0.00183779 -0.00280724 -0.0062966 -0.00475269 0.000813372 -0.00154679
internal_weight=198419 153438 84267 44981 31267 74882 61971 69171 12642 37532 10726 9107 56881 33418 8181 37377 18625 7210 12911 12714 6929 3714 25052 6340 31639 10832 971 837 19504 18914
internal_count=198419 153438 84267 44981 31267 74882 61971 69171 12642 37532 10726 9107 56881 33418 8181 37377 18625 7210 12911 12714 6929 3714 25052 6340 31639 10832 971 837 19504 18914
is_linear=0
shrinkage=0.06


Tree=26
num_leaves=31
num_cat=0
split_feature=0 11 23 0 3 21 11 21 23 14 21 14 23 25 11 3 0 23 14 23 23 3 23 0 24 25 15 16 11 24
split_gain=128.206 30.2826 20.6719 19.6532 22.289 13.1173 10.9271 11.483 10.233 10.0367 8.29335 7.69415 7.6211 7.19614 6.60631 5.8645 6.43831 6.09585 5.65174 5.63349 6.06542 5.87008 5.40089 5.11266 4.91939 4.72133 5.58108 9.36309 4.53856 4.47593
threshold=13.411662101745607 1.0000000180025095e-35 7.5326080322265634 43.765167236328132 149.50000000000003 0.60342115163803112 0.51078239083290111 0.23251585662364962 3.9838436841964726 1.0000000180025095e-35 0.1898603290319443 1.0000000180025095e-35 3.1620360612869267 11.500000000000002 0.68116891384124767 51.000000000000007 21.312211990356449 1.1571201086044314 1.0000000180025095e-35 0.5468534827232362 7.4653646945953378 34.000000000000007 16.914893150329593 5.5109925270080575 9248.4008789062518 10.500000000000002 1.0000000180025095e-35 12.500000000000002 0.2272412106394768 9281.6254882812518
decision_type=2 2 2 2 2 2 2 2 2 2 2 2 2 2 2 2 2 2 2 2 2 2 2 2 2 2 2 2 2 2
left_child=1 2 5 4 15 9 7 11 14 10 -1 13 18 -6 -3 -2 17 28 -9 21 25 23 -4 -12 -23 -21 -27 -28 -17 -26
right_child=3 8 22 -5 6 -7 -8 12 -10 -11 19 -13 -14 -15 -16 16 -18 -19 -20 20 -22 24 -24 -25 29 26 27 -29 -30 -31
leaf_value=-0.027897174504701056 0.26754646721762626 0.016069475070056009 0.028174990334059805 1.309732606219004 -0.051100196863679621 0.026343837860818307 0.341051283215 -0.0074624516814399376 0.16852552944062496 0.4241642393330961 -0.0019583707566117512 0.74318328386908672 0.19540943430583768 -0.14659809001269306 0.12464793851469354 -0.014168725389752397 0.29466706390874126 0.15127690429180135 0.82425805846981437 0.015204534777381708 -0.064418616386077918 -0.001519567033813332 0.19968748818518844 0.080680909412819843 -0.076162249083089439 -0.0049916862232457886 -0.11584083595573387 0.022285527703782979 0.11561494058011706 -0.021797315763302925
leaf_weight=27147 6236 20625 12102 12268 2663 9050 1963 4987 4751 804 3323 358 2227 330 3687 2710 5509 3615 594 13433 362 15033 2126 1668 265 2271 313 283 1521 36195
leaf_count=27147 6236 20625 12102 12268 2663 9050 1963 4987 4751 804 3323 358 2227 330 3687 2710 5509 3615 594 13433 362 15033 2126 1668 265 2271 313 283 1521 36195
internal_value=0.000880833 5.50583e-05 -0.000352402 0.00369769 0.00292966 -0.000630412 0.001016 0.000289811 0.00179878 -0.000826315 -0.000879842 -0.00264816 0.00155072 -0.0036425 0.00130109 0.00421142 0.00350206 0.00239816 0.000366601 -0.000547453 0.000422038 -0.000833439 0.00179983 0.00113124 -0.00102387 0.000592638 -0.00161772 -0.00678523 0.000852281 -0.00140044
internal_weight=198419 153438 124375 44981 32713 110147 13122 11159 29063 101097 100293 3351 7808 2993 24312 19591 13355 7846 5581 73146 16662 56484 14228 4991 51493 16300 2867 596 4231 36460
internal_count=198419 153438 124375 44981 32713 110147 13122 11159 29063 101097 100293 3351 7808 2993 24312 19591 13355 7846 5581 73146 16662 56484 14228 4991 51493 16300 2867 596 4231 36460
is_linear=0
shrinkage=0.06


Tree=27
num_leaves=31
num_cat=0
split_feature=0 11 23 4 0 21 0 21 25 14 0 3 23 23 3 11 0 23 23 21 11 11 14 2 14 11 23 21 20 0
split_gain=124.12 29.3976 20.7633 19.496 18.4304 12.1461 10.9189 10.5218 10.5542 9.69135 8.08587 13.7786 8.08277 7.53942 7.23999 6.75549 6.47466 6.26915 6.0591 5.68568 5.92071 5.66677 5.57384 5.40516 5.08225 4.86927 4.86362 4.70202 4.35922 4.18201
threshold=13.952573776245119 0.32278057932853704 7.7909934520721444 168.00000000000003 51.080162048339851 0.54729878902435314 25.3781270980835 0.23251585662364962 11.500000000000002 1.0000000180025095e-35 4.2997608184814462 32.000000000000007 3.9838436841964726 3.398565530776978 51.000000000000007 0.50419721007347118 34.128473281860359 2.5169547796249394 17.846974372863773 0.42508035898208624 0.70235082507133495 0.35269501805305487 1.0000000180025095e-35 2.5000000000000004 1.0000000180025095e-35 0.40822272002696997 7.650088071823121 0.14984684437513354 2.5000000000000004 3.3018347024917607
decision_type=2 2 2 2 2 2 2 2 2 2 2 2 2 2 2 2 2 2 2 2 2 2 2 2 2 2 2 2 2 2
left_child=1 2 5 6 7 9 14 8 15 10 26 -12 19 21 -2 22 -10 25 28 20 -3 24 -5 -13 -9 27 -1 -16 -4 -30
right_child=3 12 18 4 -6 -7 -8 13 16 -11 11 23 -14 -15 17 -17 -18 -19 -20 -21 -22 -23 -24 -25 -26 -27 -28 -29 29 -31
leaf_value=-0.019761866283976505 0.21913740354538225 0.0070972770000627761 0.044218238608807109 -0.061781148787895014 1.0228882571894686 0.016918475885801448 0.64621375331525777 -0.019819749068573454 -0.098410854675366227 0.38760473908357262 0.067406167340671092 0.0086566727658704146 0.17369627001232765 0.27591914338557322 -0.05658459502734111 0.34981463826565234 -0.37630754759248153 0.19044301535227531 0.26574629956418622 0.10527506446190697 0.11652964680660723 0.19398273489816881 0.99311025802433128 -0.016202962431272238 0.76313266623529352 0.16873350202374154 -0.11440698644887033 0.036476819138637727 -0.033609219649484233 0.021347193009583057
leaf_weight=53060 4010 12023 8799 2183 3490 15202 14207 3827 259 844 3744 12119 3516 2066 619 477 102 3919 1965 4665 2557 1226 306 32970 440 1493 121 4166 1072 2972
leaf_count=53060 4010 12023 8799 2183 3490 15202 14207 3827 259 844 3744 12119 3516 2066 619 477 102 3919 1965 4665 2557 1226 306 32970 440 1493 121 4166 1072 2972
internal_value=0.000869342 8.24656e-05 -0.000258843 0.00373125 0.00193072 -0.000524479 0.00464222 0.000714312 -0.00209738 -0.000758443 -0.000811418 -0.000253967 0.00207487 0.00195185 0.00346604 -0.000918408 -0.0117839 0.00261665 0.001859 0.00159158 0.00100823 0.000789733 -0.00217196 -0.00054439 -0.000243262 0.00144122 -0.00132329 0.000507837 0.00138426 -0.000246291
internal_weight=198419 155629 132868 42790 14376 118060 28414 10886 3327 102858 102014 48833 22761 7559 14207 2966 361 10197 14808 19245 14580 5493 2489 45089 4267 6278 53181 4785 12843 4044
internal_count=198419 155629 132868 42790 14376 118060 28414 10886 3327 102858 102014 48833 22761 7559 14207 2966 361 10197 14808 19245 14580 5493 2489 45089 4267 6278 53181 4785 12843 4044
is_linear=0
shrinkage=0.06


Tree=28
num_leaves=31
num_cat=0
split_feature=0 0 0 3 11 2 23 7 11 21 11 14 23 25 23 21 11 0 3 0 14 23 3 0 11 21 0 2 11 17
split_gain=118.707 27.073 18.8564 22.3592 18.3215 15.7386 14.1309 12.6059 10.6393 11.5916 9.36635 8.30177 7.19368 6.75064 6.5527 6.28004 6.06226 5.49396 5.86873 5.43134 5.31459 4.95884 4.64496 3.81085 3.6471 3.63728 3.56962 4.41696 5.72089 3.5677
threshold=13.952573776245119 4.2997608184814462 48.56915473937989 147.50000000000003 0.51078239083290111 1.5000000000000002 13.07795572280884 1.5000000000000002 0.51942425966262828 0.23251585662364962 0.2943719774484635 1.0000000180025095e-35 3.1620360612869267 11.500000000000002 0.70826485753059398 0.41141399741172796 0.48254731297492987 23.120385169982914 51.000000000000007 7.14186716079712 1.0000000180025095e-35 1.4634689092636111 34.000000000000007 34.128473281860359 0.40822272002696997 0.1960960924625397 1.3482807874679568 1.5000000000000002 0.27093729376792913 1.0000000180025095e-35
decision_type=2 2 2 2 2 2 2 2 2 2 2 2 2 2 2 2 2 2 2 2 2 2 2 2 2 2 2 2 2 2
left_child=1 7 3 17 5 19 15 26 9 11 14 13 20 -5 25 16 -7 18 -2 -3 -11 24 -21 -15 -20 -9 27 28 -1 -17
right_child=2 4 -4 8 -6 6 -8 10 -10 12 -12 -13 -14 23 -16 29 -18 -19 21 22 -22 -23 -24 -25 -26 -27 -28 -29 -30 -31
leaf_value=-0.046364234320632795 0.19638191761930135 0.015318404189290044 1.4310422511384824 -0.051659257352233853 0.10520553667267377 -0.0086862039482877053 0.13975596802097554 -0.029888452227738612 0.35850511529755574 -0.005311568179748003 0.069050233953768442 0.78991597692450954 0.19821189996556451 -0.10417599989954025 0.015841793189015491 0.053421340752007711 -0.073736318370883236 0.37266100767598981 0.0042753591043228553 0.13971820681993655 0.74542281770882113 0.16674912314659865 0.049489585395435264 -0.27306367197386938 0.158531361281043 -0.0060153291304547007 -0.013652550860585314 -0.024170446362455529 -0.13738674449259794 0.0064543467231899061
leaf_weight=4920 3585 5990 10817 2658 9726 38991 3903 7461 1959 5032 4114 397 2132 251 8366 2829 455 7653 3316 3041 602 3212 4207 89 1087 17591 18543 7916 260 17316
leaf_count=4920 3585 5990 10817 2658 9726 38991 3903 7461 1959 5032 4114 397 2132 251 8366 2829 455 7653 3316 3041 602 3212 4207 89 1087 17591 18543 7916 260 17316
internal_value=0.000869342 9.98145e-05 0.00366815 0.00293554 0.000807652 0.00049669 0.000104325 -0.000784924 0.00103354 0.000317714 -4.12446e-05 -0.00260677 0.00159619 -0.00368646 -0.00037381 -0.00012475 -0.000564924 0.00425916 0.0034125 0.00237861 0.000472844 0.00247012 0.00348344 -0.0116471 0.00116239 -0.000859332 -0.00166712 -0.00242547 -0.00378764 0.000737156
internal_weight=198419 155629 42790 31973 86458 76732 63494 69171 13120 11161 37532 3395 7766 2998 33418 59591 39446 18853 11200 13238 5634 7615 7248 340 4403 25052 31639 13096 5180 20145
internal_count=198419 155629 42790 31973 86458 76732 63494 69171 13120 11161 37532 3395 7766 2998 33418 59591 39446 18853 11200 13238 5634 7615 7248 340 4403 25052 31639 13096 5180 20145
is_linear=0
shrinkage=0.06


Tree=29
num_leaves=31
num_cat=0
split_feature=0 0 1 6 0 11 23 7 23 21 23 14 0 25 11 21 23 0 2 3 11 0 7 11 3 23 21 25 21 21
split_gain=114.429 27.2254 19.8327 17.1502 19.7256 16.6403 15.729 12.6896 11.3647 8.77316 8.03867 6.63689 6.36985 5.89774 5.87326 5.74868 6.16068 5.60109 5.66186 4.29134 4.24843 4.23452 7.09023 4.12757 3.96376 3.60697 3.58571 3.99859 3.396 3.39338
threshold=14.579007625579836 5.9491839408874521 41.500000000000007 11.550000190734865 53.801986694335945 0.51078239083290111 11.342735767364504 2.5000000000000004 2.5169547796249394 0.3831049799919129 8.3458485603332537 1.0000000180025095e-35 23.89594650268555 11.500000000000002 0.32353574037551885 0.29584926366806036 2.0322954654693608 0.92909860610961925 1.5000000000000002 51.000000000000007 0.24962412565946582 21.800677299499515 3.5000000000000004 0.48254731297492987 139.50000000000003 2.7502787113189702 0.1960960924625397 6.5000000000000009 0.18616661429405215 0.36832734942436224
decision_type=2 2 2 2 2 2 2 2 2 2 2 2 2 2 2 2 2 2 2 2 2 2 2 2 2 2 2 2 2 2
left_child=1 7 -3 12 8 6 15 17 9 11 14 13 19 20 26 23 24 18 -1 -2 29 -15 -23 -4 -17 -21 27 -9 -29 -5
right_child=3 2 5 4 -6 -7 -8 10 -10 -11 -12 -13 -14 21 -16 16 -18 -19 -20 25 -22 22 -24 -25 -26 -27 -28 28 -30 -31
leaf_value=-0.05196039599071002 0.19418270731718812 0.092497883891876853 -0.013290301988484401 -0.046529011276132529 1.2444863087068974 0.1127161982272257 0.12776896354590636 0.0011934825293847503 0.16615887920430519 0.08497621551855962 0.10738314849564544 0.56147397549318623 0.54679175976436845 -0.033528022036885513 0.077389753161585764 0.015588053572318929 0.039251874424026716 -0.0092821222494259507 -0.02103225435791679 0.048289654858674473 0.078499885202316447 -0.13824229221479223 -0.48521344753946444 -0.085343924497544882 -0.013560566063097509 0.198188718468573 0.0058493400051288285 -0.04289393031292494 -0.070826271754656056 -0.229797321231243
leaf_weight=4299 3351 8497 18553 3296 4691 7248 4907 3363 4956 4392 2380 566 11652 315 3119 8624 6619 47673 11895 3423 1244 338 83 418 10999 2209 16462 2594 161 92
leaf_count=4299 3351 8497 18553 3296 4691 7248 4907 3363 4956 4392 2380 566 11652 315 3119 8624 6619 47673 11895 3423 1244 338 83 418 10999 2209 16462 2594 161 92
internal_value=0.000856037 0.000125125 0.00105625 0.00369651 0.0024432 0.000655557 0.00026696 -0.000541883 0.00139851 0.000264962 0.000521173 -0.00123964 0.00490962 -0.00189121 0.000212226 -8.32059e-05 0.000492036 -0.00100925 -0.00197332 0.00370901 -0.00109845 -0.00688043 -0.0108171 -0.00087892 -4.18894e-05 0.00269744 -0.000124889 -0.00136515 -0.00305989 -0.00219953
internal_weight=198419 157811 65865 40608 19973 57368 50120 91946 15282 10326 28079 5934 20635 5368 25699 45213 26242 63867 16194 8983 4632 736 421 18971 19623 5632 22580 6118 2755 3388
internal_count=198419 157811 65865 40608 19973 57368 50120 91946 15282 10326 28079 5934 20635 5368 25699 45213 26242 63867 16194 8983 4632 736 421 18971 19623 5632 22580 6118 2755 3388
is_linear=0
shrinkage=0.06


Tree=30
num_leaves=31
num_cat=0
split_feature=0 0 3 11 23 6 0 1 11 0 21 23 3 14 0 21 23 21 11 23 25 21 11 7 1 11 0 6 2 11
split_gain=109.119 28.4263 21.2225 19.4731 18.4699 18.1048 15.9946 9.98994 10.2825 9.14095 8.81677 8.75262 6.88444 6.55702 5.93486 5.77745 5.67563 5.98118 5.66775 6.53627 5.49704 5.51209 5.80855 5.01124 4.75894 4.59859 4.44667 4.01462 3.89849 3.84585
threshold=16.753225326538089 6.5279502868652353 49.000000000000007 0.56387564539909374 11.342735767364504 18.44999980926514 57.770694732666023 205.00000000000003 0.2943719774484635 28.558251380920414 0.23251585662364962 9.2514081001281756 69.500000000000014 1.0000000180025095e-35 2.7029803991317753 0.57403510808944713 2.7502787113189702 0.16896060109138492 0.20570998638868335 2.5169547796249394 11.500000000000002 0.22241626679897311 0.23523334413766864 1.0000000180025095e-35 345.00000000000006 0.27093729376792913 23.120385169982914 25.349999427795414 2.5000000000000004 0.27093729376792913
decision_type=2 2 2 2 2 2 2 2 2 2 2 2 2 2 2 2 2 2 2 2 2 2 2 2 2 2 2 2 2 2
left_child=1 7 -3 4 13 9 10 14 11 12 20 25 -2 15 23 28 17 -14 19 24 21 22 -7 29 -12 -9 -26 -27 -4 -1
right_child=5 2 3 -5 -6 6 -8 8 -10 -11 18 -13 16 -15 -16 -17 -18 -19 -20 -21 -22 -23 -24 -25 26 27 -28 -29 -30 -31
leaf_value=-0.035620405272834554 0.21687879238707772 0.094627241320273017 0.013665938331650371 0.14684648860425109 0.131229208645564 -0.066071475085475562 1.1536597151603276 -0.0032195506492756418 0.095216827443703758 0.69946726703541606 -0.0012116361146696302 0.099284493674558591 -0.073462920103226109 0.47522367191197262 -0.0041043488373130148 0.038809920969010731 0.20987942205371635 0.060843911096270541 0.31817158666825501 0.2289698391949205 -0.18953798488467896 -0.18814217688895168 0.28679819013123919 -0.016615489662583485 -0.01544179903166653 -0.028948575045368071 -0.2533292563256358 -0.14785192127258701 -0.013108255309978983 -0.1002370526106786
leaf_weight=5071 4290 9939 7833 5805 5412 1256 2441 24785 4363 13889 1950 1954 613 778 36118 5683 2425 3816 1356 786 245 116 403 26445 229 139 240 94 29628 317
leaf_count=5071 4290 9939 7833 5805 5412 1256 2441 24785 4363 13889 1950 1954 613 778 36118 5683 2425 3816 1356 786 245 116 403 26445 229 139 240 94 29628 317
internal_value=0.000843942 0.000203475 0.00117809 0.000718076 0.000331293 0.00393511 0.00163068 -0.000435348 0.000450934 0.00476563 9.20835e-05 1.37923e-05 0.00348564 -7.62258e-05 -0.000844049 -0.000174671 0.00230581 0.00102822 0.00155361 0.000177847 -0.00320792 -0.00204507 -0.00116094 -0.00144133 -0.00136668 -0.000288272 -0.00679318 -0.00867811 -0.000445103 -0.00310913
internal_weight=198419 164364 65078 55139 49334 34055 9022 99286 31335 25033 6581 26972 11144 43922 67951 43144 6854 4429 4561 3205 2020 1775 1659 31833 2419 25018 469 233 37461 5388
internal_count=198419 164364 65078 55139 49334 34055 9022 99286 31335 25033 6581 26972 11144 43922 67951 43144 6854 4429 4561 3205 2020 1775 1659 31833 2419 25018 469 233 37461 5388
is_linear=0
shrinkage=0.06


Tree=31
num_leaves=31
num_cat=0
split_feature=0 23 11 11 4 0 14 23 21 11 21 0 1 11 3 0 24 21 23 21 3 23 23 23 21 25 21 11 21 24
split_gain=104.316 29.5598 16.0759 15.9861 14.9322 13.5545 11.5993 11.5568 9.53335 8.53187 7.73801 7.2823 7.23459 6.5646 6.33907 6.64355 5.47085 5.10652 6.31163 5.05338 4.67937 4.59996 4.27481 4.42762 4.20166 4.08611 4.55784 5.75358 4.69248 4.14583
threshold=18.613037109375004 1.1273880600929262 1.0000000180025095e-35 0.67970821261405956 199.50000000000003 61.939558029174812 1.0000000180025095e-35 16.914893150329593 0.41141399741172796 0.24962412565946582 0.29124811291694647 29.780868530273441 345.00000000000006 0.32278057932853704 21.500000000000004 5.3415167331695566 9540.3764648437518 0.35550032556056982 9.608006954193117 0.26759469509124761 68.500000000000014 2.68842625617981 5.4582648277282724 16.804028511047367 0.3112658560276032 6.5000000000000009 0.33031846582889562 0.46312488615512853 0.27748249471187597 7791.9338378906259
decision_type=2 2 2 2 2 2 2 2 2 2 2 2 2 2 2 2 2 2 2 2 2 2 2 2 2 2 2 2 2 2
left_child=1 3 7 6 11 9 8 10 14 12 -3 20 21 -10 15 -1 25 18 19 -4 -2 24 -12 -24 -6 26 28 -28 -16 -27
right_child=4 2 17 -5 5 -7 -8 -9 13 -11 22 -13 -14 -15 16 -17 -18 -19 -20 -21 -22 -23 23 -25 -26 29 27 -29 -30 -31
leaf_value=-0.0062003851869765403 0.22795979194137367 -0.004810612166286506 0.048165837143746199 0.11182080922200686 -0.10713903879677915 1.1925733906691882 0.37811768309548849 0.19253085652703419 0.00067566239762548229 0.2588241668011606 0.011300930555692533 0.7018858008863561 -0.14669243162349357 0.068107816086095271 0.0043256808544904265 0.095540847819414534 -0.021565974217662452 0.21482992846736529 0.25017324563042825 -0.028748233560301522 0.091822361922706222 0.22960176789987749 0.051069432265789506 -0.13785219003235813 0.025087126251518019 -0.032236427296604975 -0.036594332141710914 0.16734490551296669 0.052581725390320792 0.0088132029089301386
leaf_weight=2468 3248 17396 3586 4023 963 2002 1379 2837 31536 1302 10043 13901 731 4330 10795 1523 46946 4209 1917 1223 5675 725 8590 120 1142 6140 3325 343 2480 3521
leaf_count=2468 3248 17396 3586 4023 963 2002 1379 2837 31536 1302 10043 13901 731 4330 10795 1523 46946 4209 1917 1223 5675 725 8590 120 1142 6140 3325 343 2480 3521
internal_value=0.000838801 0.00026172 0.00148687 -0.000253061 0.0041185 0.00166497 -0.000383357 0.000916637 -0.000449866 -4.56506e-05 0.000627237 0.00485647 -0.00156529 0.000359003 -0.000824003 0.00150489 -0.000950374 0.00351989 0.0024942 0.00133375 0.00351877 -0.000190812 0.00147272 0.00244547 -0.00161045 -0.000262968 0.000298531 -0.00157361 0.000815819 -0.0012477
internal_weight=198419 168730 49921 118809 29689 6865 114786 38986 113407 4863 36149 22824 3561 35866 77541 3991 73550 10935 6726 4809 8923 2830 18753 8710 2105 26604 16943 3668 13275 9661
internal_count=198419 168730 49921 118809 29689 6865 114786 38986 113407 4863 36149 22824 3561 35866 77541 3991 73550 10935 6726 4809 8923 2830 18753 8710 2105 26604 16943 3668 13275 9661
is_linear=0
shrinkage=0.06


Tree=32
num_leaves=31
num_cat=0
split_feature=0 0 3 23 11 3 0 19 11 21 11 21 1 0 0 2 6 11 25 23 23 17 14 11 3 23 21 14 23 23
split_gain=98.6128 29.6604 23.8231 19.409 16.1433 13.3654 13.1894 8.30421 8.08691 7.06557 6.97912 6.95774 6.53536 6.20762 6.00364 5.89214 5.61046 4.96351 4.63618 4.61009 4.49999 4.3379 4.10805 4.07491 4.67195 3.41614 3.56222 3.38134 3.3129 3.27906
threshold=19.748422622680668 7.3336279392242441 49.000000000000007 7.2746057510375985 0.56387564539909374 211.00000000000003 61.939558029174812 29.413496017456058 0.24962412565946582 0.3982848078012467 0.2133271470665932 0.12394391745328905 292.50000000000006 37.445917129516609 2.4069566726684575 1.5000000000000002 9.2500000000000018 0.27093729376792913 11.500000000000002 9.4319357872009295 13.007656097412111 2.5000000000000004 1.0000000180025095e-35 0.31268873810768133 37.500000000000007 0.5468534827232362 0.30021543800830847 1.0000000180025095e-35 1.1273880600929262 2.68842625617981
decision_type=2 2 2 2 2 2 2 10 2 2 2 2 2 2 2 2 2 2 2 2 2 2 2 2 2 2 2 2 2 2
left_child=1 7 -3 4 9 13 8 23 12 22 11 19 29 16 15 17 -2 -9 -18 -5 -13 -21 -4 27 -25 -16 -27 28 -1 -7
right_child=5 2 3 10 -6 6 -8 14 -10 -11 -12 20 -14 -15 25 -17 18 -19 -20 21 -22 -23 -24 24 -26 26 -28 -29 -30 -31
leaf_value=-0.0058657893796196263 0.23862106079745321 0.10351498120123274 -0.015524742123889787 0.18815606915441624 0.13157852438974041 -0.041689226427878381 1.1205244649058728 -0.034455001770500704 0.28309365619222671 0.018466808893282331 0.30576826091020431 0.039082250581632665 -0.15925087942039212 1.0079058650625277 -0.0081061911597814246 -0.013045350790780829 0.11791792352888143 -0.10968789496237658 -0.063620653969272897 0.00038960675572962344 0.17297300638567972 -0.097069687640314442 0.28277751304649557 -0.13133947638520915 0.071315985073225147 -0.0036186872094497325 0.022334004333752627 0.52802099238032185 0.019071477785524121 0.23871264775203135
leaf_weight=13811 5382 9563 22186 205 4543 1726 1971 6247 1110 14657 2816 3425 861 11077 35903 26490 4185 315 650 362 3363 399 569 109 4290 8205 6892 387 6177 543
leaf_count=13811 5382 9563 22186 205 4543 1726 1971 6247 1110 14657 2816 3425 861 11077 35903 26490 4185 315 650 362 3363 399 569 109 4290 8205 6892 387 6177 543
internal_value=0.000815819 0.000279228 0.00132567 0.000824179 0.000245263 0.00415015 0.00170118 -0.000317791 -0.000183962 -0.000164867 0.00312204 0.00219293 -0.00174441 0.00486447 -0.000602341 -0.00123224 0.00379779 -0.00284182 0.00231437 -0.00257143 0.00287095 -0.00472273 -0.000826631 0.000647615 0.00230371 -0.000194117 0.000563158 0.000290062 0.00018251 -5.55308e-05
internal_weight=198419 170914 62088 52525 41955 27505 6211 108826 4240 37412 10570 7754 3130 21294 84052 33052 10217 6562 4835 966 6788 761 22755 24774 4399 51000 15097 20375 19988 2269
internal_count=198419 170914 62088 52525 41955 27505 6211 108826 4240 37412 10570 7754 3130 21294 84052 33052 10217 6562 4835 966 6788 761 22755 24774 4399 51000 15097 20375 19988 2269
is_linear=0
shrinkage=0.06


Tree=33
num_leaves=31
num_cat=0
split_feature=0 11 23 23 14 6 0 25 21 3 0 21 11 11 1 21 21 25 20 24 20 24 24 21 0 1 24 25 17 23
split_gain=94.136 28.0145 17.0337 15.7672 13.543 12.8634 15.82 9.69451 9.68007 9.34537 9.38041 8.08912 7.11963 6.59935 6.38956 6.16862 5.769 5.32042 5.20418 10.0101 5.88144 7.99695 5.09608 4.71143 4.6658 8.57376 4.5474 5.75626 4.77002 4.49311
threshold=19.748422622680668 1.0000000180025095e-35 7.5326080322265634 3.9838436841964726 1.0000000180025095e-35 15.299999713897707 53.801986694335945 11.500000000000002 0.60342115163803112 26.500000000000004 5.6073594093322763 0.14578184485435489 0.68116891384124767 0.24962412565946582 350.00000000000006 0.1898603290319443 0.30543017387390142 5.5000000000000009 2.5000000000000004 12033.684082031252 1.0000000180025095e-35 6531.2524414062509 15961.212890625002 0.31963206827640539 5.8365070819854745 38.000000000000007 9248.4008789062518 11.500000000000002 3.5000000000000004 17.846974372863773
decision_type=2 2 2 2 2 2 2 2 2 2 2 2 2 2 2 2 2 2 2 2 2 2 2 2 2 2 2 2 2 2
left_child=1 2 4 12 8 -2 7 13 9 10 -1 -4 23 14 16 -11 17 22 19 20 -9 -22 -7 -3 25 -5 27 -17 -29 -13
right_child=5 3 11 24 -6 6 -8 18 -10 15 -12 29 -14 -15 -16 26 -18 -19 -20 -21 21 -23 -24 -25 -26 -27 -28 28 -30 -31
leaf_value=-0.0025459837834761806 0.3140264697227898 -0.00034604575396809213 -0.011765386011371526 -0.13072338116328322 0.36831045654755529 -0.089455827321861636 0.89022892304051482 0.25841002209155528 0.024227098088171171 -0.024444890997613541 0.091546464190808682 0.041176410105885596 0.10188513254886096 0.34660330516273907 -0.15954364311047517 0.010531052165380295 0.11426126176490593 0.045940318943870531 0.02740827636572396 -0.26183619702462085 0.46093726677406127 -0.41631493833807237 -0.18683716206524839 0.042060706392518667 0.2199678004262029 0.068274287571155889 -0.011397289258470743 -0.048914298212563871 0.0065338371905066545 0.23706129167939868
leaf_weight=4553 17739 12951 3731 112 1621 639 3542 140 9573 26778 2629 11112 4613 1421 415 18899 1863 924 324 155 82 168 93 10832 5038 1617 52437 1054 1081 2283
leaf_count=4553 17739 12951 3731 112 1621 639 3542 140 9573 26778 2629 11112 4613 1421 415 18899 1863 924 324 155 82 168 93 10832 5038 1617 52437 1054 1081 2283
internal_value=0.000798583 0.000274314 -0.00011664 0.00178364 -0.000372012 0.00405635 0.0023076 0.000485861 -0.000447472 -0.000610382 0.00148037 0.00165222 0.0011634 0.00143978 0.000173869 -0.000760167 0.00100426 -0.00157246 -0.0053924 -0.00897248 -0.00384615 -0.00936 -0.00539344 0.000744986 0.00438629 0.00169693 -0.000476024 0.000269279 -0.00268384 0.00234043
internal_weight=198419 170914 135751 35163 118625 27505 9766 6224 117004 107431 7182 17126 28396 5355 3934 100249 3519 1656 869 545 390 250 732 23783 6767 1729 73471 21034 2135 13395
internal_count=198419 170914 135751 35163 118625 27505 9766 6224 117004 107431 7182 17126 28396 5355 3934 100249 3519 1656 869 545 390 250 732 23783 6767 1729 73471 21034 2135 13395
is_linear=0
shrinkage=0.06


Tree=34
num_leaves=31
num_cat=0
split_feature=0 0 3 0 6 11 23 23 21 21 21 23 7 14 11 14 21 0 21 21 21 20 17 6 11 1 11 2 24 0
split_gain=91.8243 24.6205 20.7463 15.3412 16.6849 14.5513 15.6292 10.9819 12.1874 8.96287 7.33701 6.90598 6.38266 6.36285 6.26281 8.60885 4.46901 4.19476 4.15314 12.5061 4.29342 4.05786 5.16178 4.74229 3.52265 3.74517 3.37405 3.2756 3.25475 3.19725
threshold=18.613037109375004 7.9755866527557382 49.000000000000007 46.076341629028327 10.59999990463257 0.56387564539909374 11.313849925994875 2.5169547796249394 0.35213015973567968 0.32746671140193945 0.29124811291694647 2.2976937294006352 1.5000000000000002 1.0000000180025095e-35 0.45690575242042547 1.0000000180025095e-35 0.40887330472469335 0.92909860610961925 0.2010445445775986 0.1898603290319443 0.14853189885616305 1.0000000180025095e-35 1.0000000180025095e-35 15.550000190734865 0.30060535669326788 129.50000000000003 0.28311835229396826 2.5000000000000004 1867.9168701171877 6.3610939979553232
decision_type=2 2 2 2 2 2 2 2 2 2 2 2 2 2 2 2 2 2 2 2 2 2 2 2 2 2 2 2 2 2
left_child=1 10 -3 4 -2 6 13 8 9 14 17 24 29 16 15 18 28 27 19 20 -6 -18 -23 -24 26 -26 -12 -1 -4 -13
right_child=3 2 5 -5 7 -7 -8 -9 -10 -11 11 12 -14 -15 -16 -17 21 -19 -20 -21 -22 22 23 -25 25 -27 -28 -29 -30 -31
leaf_value=-0.041724048240479025 0.21112978678713759 0.099417742239279863 -0.094160712802402333 1.0282141317558058 -0.11197425125070874 0.14747353738712779 0.12610146334579359 0.24737204542118768 0.088681992291016976 -0.20554389486434074 -0.002880771431434846 -0.012918813984282641 0.053718269455633613 0.40980894759604897 0.14602742580927808 0.46387213626928231 0.062920432051345759 -0.0070560972506278222 -0.055740879653701461 -0.34823797516816246 0.021869325658899371 0.064745737212586821 0.018096435331926702 -0.026028171527882591 -0.0093374716818695261 0.074821845749063504 -0.097020866988388632 -0.014615237439726385 -0.0094912825286114378 0.053189510867047853
leaf_weight=4722 8458 8178 328 11544 655 5181 5049 2950 3231 83 40554 3347 6349 953 532 432 3233 45580 1492 91 221 1729 3989 3489 2176 3017 391 8178 21176 1111
leaf_count=4722 8458 8178 328 11544 655 5181 5049 2950 3231 83 40554 3347 6349 953 532 432 3233 45580 1492 91 221 1729 3989 3489 2176 3017 391 8178 21176 1111
internal_value=0.00078679 0.000245363 0.00131188 0.00386386 0.00277597 0.000807987 0.000419967 0.00107588 -0.000260947 -0.00271078 -0.000247173 0.000237598 0.00160285 -3.14638e-05 -0.00223839 -0.00333933 -0.000167216 -0.00071922 -0.00471167 -0.00777456 -0.00557534 0.000737942 9.57969e-05 -0.000587323 -8.2188e-05 0.00138995 -0.000268897 -0.00167442 -0.000690848 -0.000137281
internal_weight=198419 168730 53305 29689 18145 45127 39946 9687 6737 3506 115425 56945 10807 34897 3423 2891 33944 58480 2459 967 876 12440 9207 7478 46138 5193 40945 12900 21504 4458
internal_count=198419 168730 53305 29689 18145 45127 39946 9687 6737 3506 115425 56945 10807 34897 3423 2891 33944 58480 2459 967 876 12440 9207 7478 46138 5193 40945 12900 21504 4458
is_linear=0
shrinkage=0.06


Tree=35
num_leaves=31
num_cat=0
split_feature=0 11 23 23 14 4 0 21 23 3 0 11 11 11 1 23 0 1 24 25 21 17 3 0 21 21 21 17 24 21
split_gain=86.4126 30.1719 18.3738 17.1998 17.1178 12.8293 12.912 10.8711 8.57815 7.31711 8.43165 6.75183 6.67979 6.95119 5.39569 4.93356 4.92691 7.85714 4.91056 7.5123 8.89871 6.32365 4.47695 7.07922 4.2354 3.95307 9.64041 3.91235 6.16694 3.84123
threshold=26.249145507812504 1.0000000180025095e-35 17.846974372863773 4.534365415573121 1.0000000180025095e-35 227.50000000000003 61.939558029174812 0.37399552762508398 5.4582648277282724 25.500000000000004 5.6700773239135751 0.24962412565946582 0.67763173580169689 0.67499431967735302 355.50000000000006 0.70826485753059398 6.8170454502105722 38.000000000000007 9540.3764648437518 8.5000000000000018 0.33031846582889562 3.5000000000000004 63.500000000000007 4.1343591213226327 0.74832612276077282 0.10105558112263681 0.080220658332109465 5.5000000000000009 15805.925292968752 0.077198345214128508
decision_type=2 2 2 2 2 2 2 2 2 2 2 2 2 2 2 2 2 2 2 2 2 2 2 2 2 2 2 2 2 2
left_child=1 2 4 12 7 -2 11 9 22 10 -1 14 13 25 -7 18 17 -5 19 20 -11 -21 23 -9 -24 26 -3 -19 -29 -20
right_child=5 3 -4 16 -6 6 -8 8 -10 15 -12 -13 -14 -15 -16 -17 -18 27 29 21 -22 -23 24 -25 -26 -27 -28 28 -30 -31
leaf_value=-0.0047539321576208961 0.45999401164105269 0.069837881224623921 0.23030247477383717 -0.12274582924570109 0.33441041856148623 -0.059952925763971682 0.90230001615026234 -0.00988709097431624 0.069607080695572268 0.015320532333889653 0.089732762424289111 0.36054039874277383 0.092163145624649695 -0.066002200384887619 -0.28473875769260104 -0.0015502882520959133 0.24424933944626948 0.15106247871885747 -0.048866284843076736 -0.048266383003492126 -0.051017241110128793 0.0054628860362910276 -0.003853993503013001 0.049715664826732703 0.071236455799267198 0.02500465510763273 -0.075590684901960151 0.05211313163426428 -0.10708195043178552 -0.022192541360304137
leaf_weight=3277 16931 857 2727 131 2342 1138 1477 4047 5742 12656 2056 425 5355 495 262 25410 5470 1499 3875 3322 2464 2050 31400 6126 1328 22527 1192 256 144 31438
leaf_count=3277 16931 857 2727 131 2342 1138 1477 4047 5742 12656 2056 425 5355 495 262 25410 5470 1499 3875 3322 2464 2050 31400 6126 1328 22527 1192 256 144 31438
internal_value=0.000762901 0.00034097 -6.50219e-05 0.00184243 -0.000161721 0.00447872 0.00105754 -0.000249824 0.000467858 -0.000653186 0.00149972 -0.00231781 0.00120805 0.000797176 -0.00432857 -0.000794557 0.004416 0.00189163 -0.00111012 -0.000371267 0.000313492 -0.00229858 0.00017636 0.00127573 -0.000165363 0.000938965 -0.00158419 0.00287204 -0.0024 -0.00153887
internal_weight=198419 178186 140260 37926 137533 20233 3302 135191 48643 86548 5333 1825 30426 25071 1400 81215 7500 2030 55805 20492 15120 5372 42901 10173 32728 24576 2049 1899 400 35313
internal_count=198419 178186 140260 37926 137533 20233 3302 135191 48643 86548 5333 1825 30426 25071 1400 81215 7500 2030 55805 20492 15120 5372 42901 10173 32728 24576 2049 1899 400 35313
is_linear=0
shrinkage=0.06


Tree=36
num_leaves=31
num_cat=0
split_feature=0 0 3 23 11 23 21 21 14 11 11 14 23 3 0 4 0 25 21 0 11 27 21 20 0 25 16 18 21 21
split_gain=81.7343 18.9665 21.3959 18.559 13.7489 12.9305 12.2625 9.19122 7.9169 7.68412 7.56251 6.90023 6.69049 6.50891 8.92422 5.15545 7.03007 5.13534 5.81513 5.15065 5.03984 4.42907 4.28868 4.12387 3.9001 4.62501 3.76621 3.75454 4.18547 3.7012
threshold=16.177365303039554 46.076341629028327 75.500000000000014 7.7909934520721444 0.51078239083290111 2.5169547796249394 0.3831049799919129 0.54729878902435314 1.0000000180025095e-35 0.2133271470665932 0.45608370006084448 1.0000000180025095e-35 17.846974372863773 26.500000000000004 6.5752253532409677 259.50000000000006 61.939558029174812 11.500000000000002 0.37068100273609167 23.89594650268555 0.20570998638868335 10.317832946777346 0.14386009424924853 2.5000000000000004 6.4117753505706796 11.500000000000002 11.500000000000002 9.0773310661315936 0.11700579151511194 0.1960960924625397
decision_type=2 2 2 2 2 2 2 2 2 2 2 2 2 2 2 2 2 2 2 2 2 2 2 2 2 2 2 2 2 2
left_child=3 2 -2 4 7 6 8 11 10 12 17 13 22 14 -1 -3 20 18 27 -19 -17 -21 -5 -6 25 -25 -27 28 -4 -15
right_child=1 15 5 9 23 -7 -8 -9 -10 -11 -12 -13 -14 29 -16 16 -18 19 -20 21 -22 -23 -24 24 -26 26 -28 -29 -30 -31
leaf_value=-0.0017708641227846566 0.19430552400746354 1.0604314439622016 -0.089507454842998213 -0.017178508127057464 0.078744962631005846 0.16627534198141214 0.085470428884748081 0.018271712382976285 0.42416150180072409 0.17025203651081883 0.09025237532858503 0.26114489545606356 0.19661465482933535 -0.017691804212130745 0.08868664394455264 -0.22638745667999974 0.75712348802930063 -0.0415272642063063 -0.19281708219811972 -0.27375577090140879 0.55525920824029806 -0.10313352327283258 0.030160395314734662 -0.01048270287401208 0.056604126316118705 -0.11824581796601412 0.065071613696295535 -0.1300869053300899 -0.020121685882339462 -0.0051335234370976663
leaf_weight=5322 7613 10353 484 2904 7483 5268 4752 16849 690 3702 1017 1070 2124 30759 2296 257 834 315 103 140 100 240 10286 1690 2689 182 89 313 3033 75462
leaf_count=5322 7613 10353 484 2904 7483 5268 4752 16849 690 3702 1017 1070 2124 30759 2296 257 834 315 103 140 100 240 10286 1690 2689 182 89 313 3033 75462
internal_value=0.000749293 0.00335751 0.00239519 0.000180729 -5.20809e-05 0.00117212 9.20019e-06 -0.000230058 -0.00171902 0.00194236 -0.00246058 -0.000421951 0.00134935 -0.000467028 0.00122709 0.00535551 0.00161713 -0.00349006 -0.00264989 -0.0082446 -0.00542857 -0.0129474 0.000846096 0.00188066 0.00047742 -0.00155737 -0.00883395 -0.00227154 -0.00171112 -0.000588527
internal_weight=198419 35512 23968 162907 143891 16355 11087 131758 6335 19016 5645 114909 15314 113839 7618 11544 1191 4628 3933 695 357 380 13190 12133 4650 1961 271 3830 3517 106221
internal_count=198419 35512 23968 162907 143891 16355 11087 131758 6335 19016 5645 114909 15314 113839 7618 11544 1191 4628 3933 695 357 380 13190 12133 4650 1961 271 3830 3517 106221
is_linear=0
shrinkage=0.06


Tree=37
num_leaves=31
num_cat=0
split_feature=0 11 23 23 14 4 0 21 23 3 0 11 11 1 11 0 1 21 1 0 21 21 16 25 24 25 23 21 23 24
split_gain=80.6802 27.945 18.031 16.3699 14.4703 11.5584 13.5111 8.98371 7.2262 6.6792 8.06996 6.5789 6.52392 6.79189 5.92274 4.63111 7.29576 4.40528 4.1384 5.43156 4.04617 3.91757 6.4717 6.64826 3.86907 6.39171 7.93632 6.41721 5.29916 6.31141
threshold=27.322209358215336 1.0000000180025095e-35 17.846974372863773 4.534365415573121 1.0000000180025095e-35 181.50000000000003 61.939558029174812 0.37399552762508398 3.2802079916000371 25.500000000000004 5.6700773239135751 0.67763173580169689 0.24962412565946582 350.00000000000006 0.67499431967735302 6.8170454502105722 38.000000000000007 0.30543017387390142 132.00000000000003 4.596412420272828 0.74832612276077282 0.36736646294593817 14.500000000000002 10.500000000000002 9540.3764648437518 9.5000000000000018 6.4740757942199716 0.33031846582889562 0.35717251896858221 9248.4008789062518
decision_type=2 2 2 2 2 2 2 2 2 2 2 2 2 2 2 2 2 2 2 2 2 2 2 2 2 2 2 2 2 2
left_child=1 2 4 11 7 -2 12 9 18 10 -1 14 13 17 -3 16 -5 -7 19 -9 -20 24 -23 -24 25 27 28 -11 -27 -30
right_child=5 3 -4 15 -6 6 -8 8 -10 21 -12 -13 -14 -15 -16 -17 -18 -19 20 -21 -22 22 23 -25 -26 26 -28 -29 29 -31
leaf_value=-0.0043832606173244762 0.49487214058989493 0.01788808171295439 0.20696277984545744 -0.12559620168160815 0.30292188059929381 -0.098953030840905384 0.90238609515730106 -0.0062148174726849685 0.04562005842895777 0.012209173456365442 0.08024420237188308 0.088965923966312574 0.33426429639363381 -0.25163011422839759 -0.061018903799762714 0.22202718358636317 0.071333480196482238 0.072037359967778061 -0.010234254641599704 0.033920499001797784 0.095277938992532243 0.0024454865539411176 -0.1046991797125381 0.039457125603719938 -0.016221197528027264 -0.020429591888027305 0.030219834591899131 -0.053880415128932942 -0.072039342443391358 0.014805719986964132
leaf_weight=3277 14112 24724 2753 131 2429 904 2398 8529 8864 19223 2063 5426 696 300 503 5517 1899 1099 20039 10552 814 742 557 185 51272 4094 1228 2467 1304 318
leaf_count=3277 14112 24724 2753 131 2429 904 2398 8529 8864 19223 2063 5426 696 300 503 5517 1899 1099 20039 10552 814 742 557 185 51272 4094 1228 2467 1304 318
internal_value=0.000739919 0.000340395 -5.0316e-05 0.00177958 -0.000146263 0.00440381 0.00204225 -0.000228528 0.000422722 -0.00059495 0.00146067 0.00116328 -0.000642214 -0.00218063 0.000755619 0.00428276 0.00183251 -0.00091962 7.87301e-05 0.000717258 -0.000505539 -0.000729819 -0.00378437 -0.00774663 -0.000673091 -0.000114409 -0.00169873 0.000392808 -0.00263891 -0.00554131
internal_weight=198419 178910 140710 38200 137957 19509 5397 135528 48798 86730 5340 30653 2999 2303 25227 7547 2030 2003 39934 19081 20853 81390 1484 742 79906 28634 6944 21690 5716 1622
internal_count=198419 178910 140710 38200 137957 19509 5397 135528 48798 86730 5340 30653 2999 2303 25227 7547 2030 2003 39934 19081 20853 81390 1484 742 79906 28634 6944 21690 5716 1622
is_linear=0
shrinkage=0.06


Tree=38
num_leaves=31
num_cat=0
split_feature=0 0 1 23 11 3 0 21 11 1 14 11 7 23 0 11 23 21 23 23 21 23 14 23 0 24 24 21 21 25
split_gain=76.8216 26.4148 23.0189 19.4451 16.1846 11.1394 14.6852 7.54203 7.07114 6.85652 6.24316 6.13365 5.72226 8.81883 6.04218 5.9573 5.4926 5.23461 4.4257 7.68086 4.39348 5.59749 4.27311 4.0332 3.72618 4.10512 4.68375 5.01941 3.62852 3.6501
threshold=27.322209358215336 7.9755866527557382 54.000000000000007 7.2746057510375985 0.56387564539909374 159.00000000000003 61.939558029174812 0.3831049799919129 0.24962412565946582 350.00000000000006 1.0000000180025095e-35 0.2133271470665932 2.5000000000000004 8.3458485603332537 3.2056130170822148 0.3308964222669602 16.914893150329593 0.30543017387390142 2.68842625617981 1.7987306118011477 0.12394391745328905 9.4319357872009295 1.0000000180025095e-35 16.804028511047367 43.765167236328132 15072.989746093752 9248.4008789062518 0.1898603290319443 0.1960960924625397 6.5000000000000009
decision_type=2 2 2 2 2 2 2 2 2 2 2 2 2 2 2 2 2 2 2 2 2 2 2 2 2 2 2 2 2 2
left_child=1 10 -3 4 7 -2 8 -4 9 17 12 16 14 15 -1 28 20 18 19 24 21 -5 -9 -22 25 26 -7 -28 29 -14
right_child=5 2 3 11 -6 6 -8 22 -10 -11 -12 -13 13 -15 -16 -17 -18 -19 -20 -21 23 -23 -24 -25 -26 -27 27 -29 -30 -31
leaf_value=-0.01633622648954797 0.49847485414883697 0.097109966001938774 -0.015621647640480069 0.28049278076357637 0.12506493733693738 -0.051925513379803459 0.98753985557860113 0.012037654379647624 0.31429413427493336 -0.23653230737469369 0.41978651575255049 0.26353327705584584 -0.0036868530862060726 0.082875184140979719 -0.00046817421919774656 0.060352745058998111 0.24866454983026889 0.08256017061808324 0.19598339639363757 -0.25653557182956649 0.057262595694880063 -0.078037651134336611 0.57120754231234883 -0.16987719143318075 0.087928380289159183 0.22311085423173055 -0.089954201075845355 -0.34126848430231715 0.002733167358329177 -0.040976767569067402
leaf_weight=37027 12422 9807 22113 200 4995 193 3092 14808 932 300 693 3289 4060 3269 42715 4146 1925 1515 381 108 4910 642 706 90 273 92 96 105 20192 3323
leaf_count=37027 12422 9807 22113 200 4995 193 3092 14808 932 300 693 3289 4060 3269 42715 4146 1925 1515 381 108 4910 642 706 90 273 92 96 105 20192 3323
internal_value=0.000733267 0.000343413 0.00132646 0.000838109 0.000256487 0.00430847 0.00241033 -0.000169506 7.50961e-06 -0.00138492 -0.000197271 0.00308032 -0.000231566 0.000408117 -0.000512252 0.00010233 0.00216068 -0.000449511 -0.00332692 -0.0056955 0.00124478 -0.00276485 0.000844657 0.00192 -0.00356522 -0.00671605 -0.00938071 -0.015791 -0.0002165 -0.00135473
internal_weight=198419 178910 63485 53678 42622 19509 7087 37627 3995 3063 115425 11056 114732 34990 79742 31721 7767 2763 1248 867 5842 842 15514 5000 759 486 394 201 27575 7383
internal_count=198419 178910 63485 53678 42622 19509 7087 37627 3995 3063 115425 11056 114732 34990 79742 31721 7767 2763 1248 867 5842 842 15514 5000 759 486 394 201 27575 7383
is_linear=0
shrinkage=0.06


Tree=39
num_leaves=31
num_cat=0
split_feature=0 23 0 11 14 3 0 11 6 23 3 0 3 0 21 11 21 23 17 20 21 21 24 23 11 20 21 25 19 25
split_gain=74.8251 26.0569 16.7742 12.6435 10.5975 9.10957 9.92879 8.27295 8.89456 9.48215 8.21568 8.93318 7.92585 5.71362 5.46437 5.04624 4.57721 4.09698 3.8903 4.61016 4.52494 4.99745 6.55532 3.67327 3.62292 3.61437 3.59406 3.59172 3.64441 3.52812
threshold=32.498483657836921 1.1273880600929262 7.3336279392242441 0.51078239083290111 1.0000000180025095e-35 219.50000000000003 61.939558029174812 1.0000000180025095e-35 8.7999997138977069 16.914893150329593 26.500000000000004 6.6266789436340341 181.50000000000003 6.4117753505706796 0.1898603290319443 0.24962412565946582 0.3658979088068009 5.4582648277282724 1.0000000180025095e-35 1.0000000180025095e-35 0.71621471643447887 0.70534417033195507 11780.922363281252 1.4072164297103884 0.52704873681068432 2.5000000000000004 0.29124811291694647 11.500000000000002 36.321067810058601 10.500000000000002
decision_type=2 2 2 2 2 2 2 2 2 2 2 2 2 2 2 2 2 2 2 2 2 2 2 2 2 2 2 2 10 2
left_child=1 3 12 4 10 -2 15 8 -4 16 11 -1 23 25 -12 26 -10 -9 19 -16 21 -20 -23 -3 -14 -5 29 -27 -29 -7
right_child=5 2 7 13 -6 6 -8 17 9 -11 14 -13 24 -15 18 -17 -18 -19 20 -21 -22 22 -24 -25 -26 27 -28 28 -30 -31
leaf_value=0.00076168616768257261 0.59277007169769902 0.050230533453021774 0.09046281361102837 0.040872112492813785 0.24522348703575905 -0.12294123530245424 0.70727594685985173 0.076321076297054438 -0.015784208039503589 0.26650016024409573 -0.019287997288751118 0.088658671663793542 0.022359668385483224 0.081908009394050449 -0.018303636605165669 0.36319300033417362 0.040009930120006663 0.21906145895978005 -0.0077549186359935742 0.024573242067988475 0.045552770890636106 -0.18522717936316865 -0.036359859724290053 -0.0084545345742127447 0.24984918938292866 -0.013891296258740528 -0.018182021368329759 0.0059541182471135904 -0.11121860798998527 -0.26354929968281393
leaf_weight=4968 13212 912 6976 2266 2190 371 1796 4038 6263 1622 25562 2582 9046 7378 1519 346 4330 4845 66944 8567 2414 93 581 16099 818 1523 777 86 185 110
leaf_count=4968 13212 912 6976 2266 2190 371 1796 4038 6263 1622 25562 2582 9046 7378 1519 346 4330 4845 66944 8567 2414 93 581 16099 818 1523 777 86 185 110
internal_value=0.000715123 0.000362924 0.00145433 -0.000109823 -0.000298388 0.00456971 0.0018 0.00248002 0.00177927 0.000803111 -0.000378345 0.00153378 0.000382884 0.00179297 -0.000514951 -0.00163092 0.000148967 0.00399392 -0.00027125 0.000830458 -0.000429918 -0.000521044 -0.00566172 -0.00040174 0.00173601 -1.47781e-05 -0.00339587 -0.00202676 -0.00839114 -0.00747193
internal_weight=198419 181807 54949 126858 115420 16612 3400 28074 19191 12215 113230 7550 26875 11438 105680 1604 10593 8883 80118 10086 70032 67618 674 17011 9864 4060 1258 1794 271 481
internal_count=198419 181807 54949 126858 115420 16612 3400 28074 19191 12215 113230 7550 26875 11438 105680 1604 10593 8883 80118 10086 70032 67618 674 17011 9864 4060 1258 1794 271 481
is_linear=0
shrinkage=0.06


Tree=40
num_leaves=31
num_cat=0
split_feature=0 23 11 14 1 0 4 0 0 21 23 11 0 3 11 11 24 0 21 21 20 11 25 24 20 21 20 0 25 21
split_gain=72.1698 26.0804 23.6652 17.8378 9.62436 20.3177 8.23307 8.76107 7.90946 7.05149 7.70979 5.96419 5.24882 8.0833 4.53081 4.04278 3.95122 4.38707 3.93809 6.35678 4.7567 3.83629 3.79425 6.39058 10.9817 3.7223 3.63763 3.50931 3.82374 3.41837
threshold=37.445917129516609 13.091711521148683 0.51078239083290111 1.0000000180025095e-35 41.500000000000007 7.0201427936553964 227.50000000000003 53.801986694335945 14.579007625579836 0.29124811291694647 3.9838436841964726 0.48254731297492987 6.8888001441955575 40.500000000000007 0.31860612332820898 0.43476259708404547 9540.3764648437518 34.128473281860359 0.28280414640903478 0.2694262564182282 2.5000000000000004 1.0000000180025095e-35 9.5000000000000018 8180.0429687500009 1.0000000180025095e-35 0.14984684437513354 3.5000000000000004 86.781265258789077 5.5000000000000009 0.74832612276077282
decision_type=2 2 2 2 2 2 2 2 2 2 2 2 2 2 2 2 2 2 2 2 2 2 2 2 2 2 2 2 2 2
left_child=1 2 3 4 5 -1 -2 -8 18 11 14 15 13 -3 29 16 17 22 19 -4 -20 -12 -6 24 -24 27 -21 28 -9 -11
right_child=6 12 8 -5 9 -7 7 25 -10 10 21 -13 -14 -15 -16 -17 -18 -19 20 26 -22 -23 23 -25 -26 -27 -28 -29 -30 -31
leaf_value=-0.0041989951989461413 0.71496089216629033 -0.097419500574334683 0.024449940659898736 0.31661787387802587 0.0075556906614893254 0.079141606708284226 -0.14816474051697742 -0.31437573927980123 0.21048841748758881 -0.0056200182465782622 0.021848649248592616 -0.065528596096043099 0.16152074958407944 0.061590444094244537 0.03503087143499177 0.033262316678185001 -0.019093026547210189 -0.14772094329724422 0.12680156564853909 -0.062847859648308163 0.012171952991448581 0.19697599100767157 -0.076730502695615127 0.04034637082890568 -0.012992223417521624 0.49531806752600044 -0.14920070348295794 1.7660950642892177 0.280223508792668 0.059640832130138176
leaf_weight=13850 11967 193 6441 3268 15506 7610 737 98 4134 52824 8724 788 7244 2227 5998 1115 39670 151 3453 351 2469 1176 748 1526 3055 1442 99 114 80 1361
leaf_count=13850 11967 193 6441 3268 15506 7610 737 98 4134 52824 8724 788 7244 2227 5998 1115 39670 151 3453 351 2469 1176 748 1526 3055 1442 99 114 80 1361
internal_value=0.000697585 0.000377028 0.000208827 -2.05882e-05 -0.000113613 0.00106524 0.00478238 0.0016293 0.00233918 -0.000304338 0.000108985 -0.000767371 0.00341101 0.000991736 -0.000146254 -0.000701203 -0.000767014 -0.00010121 0.0016029 0.000627776 0.00273759 0.00166061 -2.73576e-05 -0.00140852 -0.00272469 0.00395848 -0.00626667 -0.00221918 -0.00748315 -0.000319461
internal_weight=198419 183981 174317 157370 154102 21460 14438 2471 16947 132642 70083 62559 9664 2420 60183 61771 60656 20986 12813 6891 5922 9900 20835 5329 3803 1734 450 292 178 54185
internal_count=198419 183981 174317 157370 154102 21460 14438 2471 16947 132642 70083 62559 9664 2420 60183 61771 60656 20986 12813 6891 5922 9900 20835 5329 3803 1734 450 292 178 54185
is_linear=0
shrinkage=0.06


Tree=41
num_leaves=31
num_cat=0
split_feature=0 23 11 14 1 0 21 25 23 21 3 0 0 24 25 16 16 0 6 21 0 21 0 25 17 21 24 23 7 21
split_gain=69.5857 23.7211 22.0125 15.0282 10.1126 14.41 9.7841 12.5565 9.25255 10.1371 7.33857 9.66144 7.16862 5.09068 6.07995 10.1946 4.47586 4.67101 9.30828 4.41825 6.16274 4.32391 4.31826 7.409 9.38952 4.16694 3.84644 4.70227 3.78422 3.67429
threshold=32.498483657836921 17.846974372863773 0.56429800391197216 1.0000000180025095e-35 149.00000000000003 57.770694732666023 0.23251585662364962 10.500000000000002 1.1273880600929262 0.50943857431411754 29.000000000000004 8.0438809394836444 9.5444149971008319 13843.171875000002 11.500000000000002 14.500000000000002 20.500000000000004 6.4687130451202401 8.7999997138977069 0.083033982664346709 18.96811676025391 0.48932217061519628 46.076341629028327 4.5000000000000009 5.5000000000000009 0.057964274659752853 13494.974609375002 0.67645156383514415 1.0000000180025095e-35 0.30940997600555425
decision_type=2 2 2 2 2 2 2 2 2 2 2 2 2 2 2 2 2 2 2 2 2 2 2 2 2 2 2 2 2 2
left_child=1 2 3 8 -2 6 7 22 10 16 11 -1 13 29 -15 -16 17 21 -19 20 26 -10 23 -6 -25 -22 27 -12 -5 -4
right_child=4 -3 12 28 5 -7 -8 -9 9 -11 19 -13 -14 14 15 -17 -18 18 -20 -21 25 -23 -24 24 -26 -27 -28 -29 -30 -31
leaf_value=0.0019332451840200519 0.63905753682452182 0.22178437127040262 0.022911810383474573 -0.047733769693063192 -0.33346168865345904 0.73268528730521365 0.080893603672901646 -0.2222673361552549 -0.00469973949806616 0.070659423668006399 0.0023583645689349421 0.1053393775433062 0.15517571157445442 0.0077824454935943362 -0.14364255734990206 0.076999005546593668 0.052363101884346702 0.060026133075021741 -0.0030628683301361119 -0.0053136350147207686 -0.20044369244035848 -0.058509631946494237 0.29274612597900773 0.34063341721600121 -0.22101515922422038 -0.055664220350079917 -0.04525000979915271 -0.057691950219017858 0.43029163291775374 0.13174715654022393
leaf_weight=6122 9840 4096 2468 260 146 3746 2108 196 17050 6199 3793 2224 6713 2092 223 130 3029 6600 11339 100632 83 866 253 239 84 160 2741 330 2875 1782
leaf_count=6122 9840 4096 2468 260 146 3746 2108 196 17050 6199 3793 2224 6713 2092 223 130 3029 6600 11339 100632 83 866 253 239 84 160 2741 330 2875 1782
internal_value=0.000682767 0.000343122 0.000239074 4.83134e-05 0.00439995 0.00261548 -0.000463979 -0.00563399 -3.17182e-05 0.00069778 -0.000315028 0.00139899 0.00257667 0.00118745 -0.000993865 -0.00827762 0.000338546 0.000151444 0.000835833 -0.000447804 -0.00189363 -0.000533824 -0.00197784 -0.00538593 -0.000315789 -0.011284 -0.00156119 -0.000403104 0.00416268 0.00244235
internal_weight=198419 181807 177711 164303 16612 6772 3026 918 161168 45083 116085 8346 13408 6695 2445 353 38884 35855 17939 107739 7107 17916 722 469 323 243 6864 4123 3135 4250
internal_count=198419 181807 177711 164303 16612 6772 3026 918 161168 45083 116085 8346 13408 6695 2445 353 38884 35855 17939 107739 7107 17916 722 469 323 243 6864 4123 3135 4250
is_linear=0
shrinkage=0.06


Tree=42
num_leaves=31
num_cat=0
split_feature=0 23 11 14 21 0 4 0 1 0 4 23 23 11 16 25 21 0 3 2 0 1 23 0 0 21 24 21 21 1
split_gain=68.0005 24.4429 21.1082 16.5734 8.66114 8.44854 8.44447 9.87255 7.08022 12.926 6.09638 5.14386 4.91543 4.79534 4.68432 4.47356 4.42072 4.16791 5.87826 4.27114 4.21437 4.16207 3.93004 3.67622 4.29055 3.35495 3.07853 3.05335 3.04047 3.02866
threshold=37.445917129516609 17.846974372863773 0.39678713679313665 1.0000000180025095e-35 0.54729878902435314 14.579007625579836 199.50000000000003 61.939558029174812 35.500000000000007 6.8888001441955575 181.50000000000003 4.7370638847351083 7.6945157051086435 0.24962412565946582 18.500000000000004 6.5000000000000009 0.13438916951417926 7.14186716079712 42.000000000000007 2.5000000000000004 1.9794146418571474 350.00000000000006 11.313849925994875 12.457590103149416 18.219846725463871 0.29124811291694647 6851.4042968750009 0.083033982664346709 0.3112658560276032 132.00000000000003
decision_type=2 2 2 2 2 2 2 2 2 2 2 2 2 2 2 2 2 2 2 2 2 2 2 2 2 2 2 2 2 2
left_child=1 2 3 4 8 10 -2 13 9 22 17 29 -10 21 16 28 23 18 20 -19 -4 25 -1 -14 -25 26 -8 -5 -12 -6
right_child=6 -3 5 27 11 -7 7 -9 12 -11 15 -13 14 -15 -16 -17 -18 19 -20 -21 -22 -23 -24 24 -26 -27 -28 -29 -30 -31
leaf_value=-0.0012554529764725617 0.68319505822553916 0.21414177746778318 -0.12492591433395681 -0.041441351637617654 0.025522708384669936 0.16121136981940323 0.065215410426143414 0.60364498691292967 -0.0087698200566516862 0.070100655352829416 -0.011859062869228989 0.10118392399711858 -0.015151980662039852 0.3552502368288743 0.075684663074704325 0.13358457391637632 0.015507440755100957 0.067697850545587301 0.0041636633173234719 0.00080824943696672109 -0.035278777611767474 -0.32818063206788306 -0.05420671128146131 -0.14800422993288831 0.020302513278985475 0.036238580412875053 -0.19357889698120559 0.37288274894310547 0.10436098355258272 -0.0014991782819714003
leaf_weight=10191 11022 4252 148 406 7940 5825 99 2002 103276 5200 1840 2749 1977 307 2115 3387 8600 3307 5069 3444 810 194 219 214 115 565 249 2862 1383 8652
leaf_count=10191 11022 4252 148 406 7940 5825 99 2002 103276 5200 1840 2749 1977 307 2115 3387 8600 3307 5069 3444 810 194 219 214 115 565 249 2862 1383 8652
internal_value=0.000671881 0.000360722 0.00025435 -8.3096e-06 -9.96507e-05 0.00186404 0.00463693 0.00203045 -0.000273511 0.000926329 0.00126202 0.00108609 -0.00043456 -0.00180764 0.000664005 0.0027413 0.000162846 0.000496792 -0.000650074 0.00152066 -0.00496033 -0.0036477 -0.000293948 -0.00216999 -0.00804255 -0.00195181 -0.00658621 0.00421909 0.00114117 0.000687802
internal_weight=198419 183981 179729 154516 151248 25213 14438 3416 131907 15610 19388 19341 116297 1414 13021 6610 10906 12778 6027 6751 958 1107 10410 2306 329 913 348 3268 3223 16592
internal_count=198419 183981 179729 154516 151248 25213 14438 3416 131907 15610 19388 19341 116297 1414 13021 6610 10906 12778 6027 6751 958 1107 10410 2306 329 913 348 3268 3223 16592
is_linear=0
shrinkage=0.06


Tree=43
num_leaves=31
num_cat=0
split_feature=0 23 14 11 1 0 23 23 21 0 18 3 0 20 11 25 21 11 3 20 23 23 0 23 20 24 21 0 4 21
split_gain=66.1301 24.3061 20.8696 20.379 8.58111 18.4067 8.17277 8.0841 7.82574 6.71614 6.40493 5.39477 5.70942 5.33923 5.18672 5.17264 5.00913 4.37409 4.36189 4.23929 4.14762 5.1553 3.84184 3.76675 3.75918 5.05125 5.30175 4.95656 10.3112 6.41736
threshold=46.076341629028327 14.729770660400392 1.0000000180025095e-35 0.56429800391197216 35.500000000000007 7.14186716079712 14.603480815887453 8.6239829063415545 0.40094302594661718 15.417643547058107 10.662106513977053 239.50000000000003 72.193359375000014 2.5000000000000004 0.20570998638868335 6.5000000000000009 0.42600551247596746 0.29716476798057562 77.500000000000014 2.5000000000000004 7.5184257030487069 3.2802079916000371 15.417643547058107 11.283502101898195 3.5000000000000004 14655.073730468752 0.35974368453025823 23.89594650268555 90.000000000000014 0.20257904380559924
decision_type=2 2 2 2 2 2 2 2 2 2 2 2 2 2 2 2 2 2 2 2 2 2 2 2 2 2 2 2 2 2
left_child=1 2 3 4 5 23 7 8 10 16 24 -2 14 -9 -13 -15 19 20 -12 -5 21 -10 -3 -1 27 26 -26 -6 -29 -30
right_child=11 22 -4 9 6 -7 -8 13 17 -11 18 12 -14 15 -16 -17 -18 -19 -20 -21 -22 -23 -24 -25 25 -27 -28 28 29 -31
leaf_value=-0.0011635002450516589 0.87023953886601169 0.091377820123600947 0.31397932310920285 0.056564736034734248 -0.010747510956397498 0.079431641489148469 -0.12275544747255222 0.044702042439156445 -0.00081146088963184385 0.22282131955489004 0.043377849808286822 -0.12750791968309555 0.89911160697328107 -0.08293763597064592 0.52468324307608094 -0.0015737939011457593 0.11985964950063818 0.052468260238750911 -0.13047849358435964 -0.011947879840892775 -0.070682124999498538 0.043377913393060248 0.34368772417675247 -0.042249107644752412 0.022130895018721272 -0.026130691856971613 -0.036717446438894075 0.093585227867012094 -0.18827721826043498 -0.074922820792967235
leaf_weight=12052 9439 4495 4144 4352 69358 6996 171 7458 33610 3282 167 710 1121 157 274 3283 2357 4606 584 3539 472 4735 2371 194 10795 4135 1198 683 556 1125
leaf_count=12052 9439 4495 4144 4352 69358 6996 171 7458 33610 3282 167 710 1121 157 274 3283 2357 4606 584 3539 472 4735 2371 194 10795 4135 1198 683 556 1125
internal_value=0.000662507 0.000390261 0.000256621 0.000157451 -2.90139e-05 0.00116059 -0.000188982 -0.000173297 -0.000302945 0.00239468 -0.000626336 0.00506965 0.00232304 0.00139732 -0.00101219 -0.000558139 0.00163817 0.000356908 -0.00614381 0.000913192 0.000149471 0.000218282 0.00389397 -0.000242038 -0.000579169 0.000248512 0.000872009 -0.000765288 -0.003467 -0.00599286
internal_weight=198419 186875 180009 175865 162335 19242 143093 142922 132024 13530 88601 11544 2105 10898 984 3440 10248 43423 751 7891 38817 38345 6866 12246 87850 16128 11993 71722 2364 1681
internal_count=198419 186875 180009 175865 162335 19242 143093 142922 132024 13530 88601 11544 2105 10898 984 3440 10248 43423 751 7891 38817 38345 6866 12246 87850 16128 11993 71722 2364 1681
is_linear=0
shrinkage=0.06


Tree=44
num_leaves=31
num_cat=0
split_feature=0 23 11 6 0 23 23 14 23 21 14 21 21 25 23 7 11 1 0 21 4 11 11 21 16 23 0 24 24 21
split_gain=63.5986 20.0255 16.3292 15.1416 17.649 9.95345 10.7977 8.89657 7.04017 6.96453 6.91843 6.37521 11.5202 7.6197 5.83898 5.7819 5.42702 5.40745 6.27441 5.36814 3.69289 3.61626 3.96399 3.59773 3.49068 3.3921 3.35712 3.28949 6.28811 3.08375
threshold=25.3781270980835 17.846974372863773 0.39678713679313665 11.050000190734865 57.770694732666023 2.629718661308289 2.0546913146972661 1.0000000180025095e-35 4.7370638847351083 0.1960960924625397 1.0000000180025095e-35 0.2010445445775986 0.1898603290319443 11.500000000000002 5.7255988121032724 1.0000000180025095e-35 0.24962412565946582 41.500000000000007 5.5109925270080575 0.42508035898208624 279.50000000000006 0.68116891384124767 0.67122200131416332 0.56017047166824352 18.500000000000004 5.6679339408874521 11.440140247344972 7232.7141113281259 6851.4042968750009 0.20761293917894366
decision_type=2 2 2 2 2 2 2 2 2 2 2 2 2 2 2 2 2 2 2 2 2 2 2 2 2 2 2 2 2 2
left_child=1 2 7 -2 5 6 10 9 19 -1 11 12 13 -5 17 -9 20 18 -11 21 -13 22 -4 24 29 -19 -24 28 -7 -16
right_child=3 -3 8 4 -6 27 -8 15 -10 14 -12 16 -14 -15 23 -17 -18 25 -20 -21 -22 -23 26 -25 -26 -27 -28 -29 -30 -31
leaf_value=-0.012122851033460186 0.37893406649941475 0.18366031152486373 0.0068011776694843528 -0.016098415138887441 0.74236443137876862 0.8052670510065828 -0.31696051983706014 -0.084987436750007736 0.14831115306234832 -0.00059640937927741156 0.56201211964847642 -0.020546608855961171 -0.32931333769079701 -0.25912345026998318 -0.058402717043956352 0.3331703695775019 0.24012575022652041 -0.0028528304489080711 0.052199724927707018 0.072978744868203937 -0.20061114768371835 0.053147625130293079 -0.076805033039281226 0.13072137575900347 0.079581711020186546 -0.10448098325173874 0.060289769025292046 0.33868736573365826 -0.2007370418884479 0.011580139898489338
leaf_weight=38441 10195 3803 9849 520 4606 110 146 184 4053 7393 564 1937 95 148 227 2306 699 81191 5704 5204 348 3885 722 1643 2055 161 275 1506 82 10367
leaf_count=38441 10195 3803 9849 520 4606 110 146 184 4053 7393 564 1937 95 148 227 2306 699 81191 5704 5204 348 3885 722 1643 2055 161 275 1506 82 10367
internal_value=0.000657971 0.000288838 0.000194518 0.00378393 0.00221411 0.000112104 -0.00137716 -3.84038e-05 0.00164782 -9.85716e-05 -0.000833681 -0.00176621 -0.00666055 -0.00388024 0.000146826 0.00351807 -0.000514745 -2.42033e-05 0.00110728 0.00118435 -0.00192998 0.000599145 3.65114e-05 0.00127708 0.000933987 -0.000206362 -0.00356871 0.0040212 -0.003375 0.000494997
internal_weight=198419 177463 173660 20956 10761 6155 4457 149672 23988 147182 4311 3747 763 668 108741 2490 2984 94449 13097 19935 2285 14731 10846 14292 12649 81352 997 1698 192 10594
internal_count=198419 177463 173660 20956 10761 6155 4457 149672 23988 147182 4311 3747 763 668 108741 2490 2984 94449 13097 19935 2285 14731 10846 14292 12649 81352 997 1698 192 10594
is_linear=0
shrinkage=0.06


Tree=45
num_leaves=31
num_cat=0
split_feature=0 23 11 14 4 0 21 23 0 7 11 21 25 21 25 3 20 0 0 4 21 25 11 24 23 20 24 21 16 21
split_gain=63.4562 20.9339 17.5416 11.566 11.2999 12.1761 7.138 6.80325 6.33646 5.39982 5.24833 6.33618 5.08822 4.91891 4.46455 4.45491 4.40382 3.89073 3.87301 6.81251 3.86811 10.1969 3.7287 3.60821 3.50732 3.52067 4.79783 5.88689 3.2435 3.78993
threshold=32.498483657836921 17.846974372863773 0.56429800391197216 1.0000000180025095e-35 155.50000000000003 61.939558029174812 0.39240394532680517 14.302666187286379 15.417643547058107 1.0000000180025095e-35 0.24962412565946582 0.29124811291694647 10.500000000000002 0.42600551247596746 6.5000000000000009 15.500000000000002 2.5000000000000004 5.4036052227020273 10.88622045516968 104.50000000000001 0.14984684437513354 2.5000000000000004 0.53741040825843822 8982.4550781250018 7.5326080322265634 3.5000000000000004 14655.073730468752 0.35974368453025823 18.500000000000004 0.20761293917894366
decision_type=2 2 2 2 2 2 2 2 2 2 2 2 2 2 2 2 2 2 2 2 2 2 2 2 2 2 2 2 2 2
left_child=1 2 3 6 -2 10 15 18 13 -5 11 12 14 16 -6 17 23 -1 22 -20 21 -7 -8 -4 25 -17 27 -27 29 -26
right_child=4 -3 8 9 5 20 7 -9 -10 -11 -12 -13 -14 -15 -16 24 -18 -19 19 -21 -22 -23 -24 -25 28 26 -28 -29 -30 -31
leaf_value=0.0016150381727977009 0.51917833001069724 0.17854522711876533 0.15244943722486501 -0.080977242726937002 -0.18078589993976857 -0.39198281405833774 0.0036331812306575461 0.21074585951872554 0.20309024145598092 0.34430350293685719 0.232641716160462 0.017261334723452731 -0.22082323895731962 0.11042130834087642 0.13526141608105433 -0.010542840592826024 -0.01203812917223554 0.084445727881659813 0.073152285008972542 0.003154693689211788 0.77105149774383064 0.81157589859050905 -0.14830866734642728 0.022961746973278324 -0.014349809929587606 0.02226514349626758 -0.023577057909539838 -0.037392783761902491 0.061134825284198814 0.023725811561907138
leaf_weight=1548 10727 4096 1533 260 384 122 39838 1171 2981 2875 648 1367 191 2399 294 75309 3539 1281 4993 6888 2510 369 202 2956 5254 11442 4598 1216 2213 5215
leaf_count=1548 10727 4096 1533 260 384 122 39838 1171 2981 2875 648 1367 191 2399 294 75309 3539 1281 4993 6888 2510 369 202 2956 5254 11442 4598 1216 2213 5215
internal_value=0.000647993 0.000323651 0.000225906 5.5617e-05 0.00419769 0.00208496 -1.45932e-05 0.000555112 0.00231265 0.00366507 -0.000699029 -0.00207692 -0.00608285 0.00161523 -0.00364602 -0.000294459 0.00090284 0.00205514 0.000453112 0.00140443 0.00476041 -0.000109979 0.000170829 0.00215059 -0.000357616 -0.000485821 0.000287205 0.000890188 0.000578142 0.000136976
internal_weight=198419 181807 177711 164303 16612 5885 161168 53092 13408 3135 2884 2236 869 10427 678 108076 8028 2829 51921 11881 3001 491 40040 4489 105247 92565 17256 12658 12682 10469
internal_count=198419 181807 177711 164303 16612 5885 161168 53092 13408 3135 2884 2236 869 10427 678 108076 8028 2829 51921 11881 3001 491 40040 4489 105247 92565 17256 12658 12682 10469
is_linear=0
shrinkage=0.06


Tree=46
num_leaves=31
num_cat=0
split_feature=0 23 11 14 21 0 4 0 1 0 11 3 0 18 3 24 25 16 21 21 21 23 0 23 23 1 24 24 23 20
split_gain=63.0301 22.1085 17.5849 16.1682 8.31873 7.05386 7.56885 6.73393 6.35177 5.71117 5.63541 5.06106 8.80832 5.23496 7.39345 4.86645 6.86426 9.50309 3.91178 3.85679 3.7874 3.52782 4.73421 3.65493 5.68819 3.51929 3.47564 3.2941 3.27003 3.23525
threshold=46.076341629028327 17.846974372863773 0.56429800391197216 1.0000000180025095e-35 0.39240394532680517 10.88622045516968 104.50000000000001 15.688108921051027 224.00000000000003 72.193359375000014 0.20570998638868335 25.500000000000004 5.7245409488677987 20.082914352416996 101.50000000000001 13843.171875000002 11.500000000000002 14.500000000000002 0.14984684437513354 0.083033982664346709 0.36421258747577673 8.6239829063415545 18.96811676025391 14.603480815887453 14.959635734558107 350.00000000000006 16008.479003906252 17932.731445312504 10.744339942932131 3.5000000000000004
decision_type=2 2 2 2 2 2 2 2 2 2 2 2 2 2 2 2 2 2 2 2 2 2 2 2 2 2 2 2 2 2
left_child=1 2 3 4 11 -6 -7 15 -2 10 18 12 28 21 -15 20 26 -18 -10 -5 -4 29 23 -23 -25 -20 -17 -28 -1 -13
right_child=8 -3 7 19 5 6 -8 -9 9 -11 -12 13 -14 14 -16 16 17 -19 25 -21 -22 22 -24 24 -26 -27 27 -29 -30 -31
leaf_value=-0.003322753637448181 0.83175015966068333 0.17491159641861886 0.033673889931997311 -0.03399006919720577 0.0035021253759549603 0.086547606786106845 0.012528463389296644 0.20128991719091663 -0.29766122492959107 0.83755235275422435 0.46483620050829721 -0.010334890221685137 0.061296853171110159 0.066235221517455103 -0.1606711001276398 -0.026271927144561068 -0.14401601873189912 0.05126026677755223 0.047239449242661685 0.3237430666187171 0.11435176115267892 0.0138629496817263 0.19423821424852206 -0.10988681543958211 -0.021090460638806173 -0.24303503576480592 0.1091268642859789 -0.031583500068199481 -0.092313793875198336 0.0039811213808571754
leaf_weight=3711 8698 4340 4040 471 40466 5997 8123 3378 140 1494 367 75505 2978 163 266 1704 240 187 682 3366 2883 8057 877 182 1165 163 1423 94 111 17148
leaf_count=3711 8698 4340 4040 471 40466 5997 8123 3378 140 1494 367 75505 2978 163 266 1704 240 187 682 3366 2883 8057 877 182 1165 163 1423 94 111 17148
internal_value=0.000637107 0.000371318 0.000270688 0.00010129 1.16179e-05 0.000617301 0.00177195 0.00231802 0.00493971 0.00247927 -0.000346154 -0.0002885 0.00129706 -0.00039281 -0.00700699 0.00157279 -0.000200658 -0.00734895 -0.00271066 0.00395152 0.00250729 -0.000365244 0.000689233 0.000296044 -0.00259688 -0.0011716 0.000746973 0.00283586 -0.000609105 -0.000482251
internal_weight=198419 186875 182535 168586 164749 54586 14120 13949 11544 2846 1352 110163 6800 103363 429 10571 3648 427 985 3837 6923 102934 10281 9404 1347 845 3221 1517 3822 92653
internal_count=198419 186875 182535 168586 164749 54586 14120 13949 11544 2846 1352 110163 6800 103363 429 10571 3648 427 985 3837 6923 102934 10281 9404 1347 845 3221 1517 3822 92653
is_linear=0
shrinkage=0.06


Tree=47
num_leaves=31
num_cat=0
split_feature=0 23 14 11 23 1 0 1 23 21 0 11 21 0 18 3 0 20 25 24 21 21 1 20 24 24 24 16 11 21
split_gain=60.9653 20.4751 16.7946 16.1225 8.4881 7.21171 15.5956 6.35781 5.9258 5.86434 5.37535 5.34879 5.24729 5.24059 5.19201 4.7284 4.60437 4.39775 4.4404 4.34485 3.96325 3.72396 3.63113 3.30035 4.05472 3.40903 5.59087 10.2106 3.26196 3.45606
threshold=46.076341629028327 14.729770660400392 1.0000000180025095e-35 0.56429800391197216 14.603480815887453 35.500000000000007 7.14186716079712 224.00000000000003 8.6239829063415545 0.42600551247596746 72.193359375000014 0.20570998638868335 0.54729878902435314 17.298931121826175 12.61370372772217 68.500000000000014 11.824396133422853 2.5000000000000004 6.5000000000000009 6650.7163085937509 0.14984684437513354 0.083033982664346709 76.000000000000014 2.5000000000000004 8982.4550781250018 16236.231445312502 14495.880371093752 14.500000000000002 0.29007530212402349 0.74832612276077282
decision_type=2 2 2 2 2 2 2 2 2 2 2 2 2 2 2 2 2 2 2 2 2 2 2 2 2 2 2 2 2 2
left_child=1 2 3 4 5 6 -1 -2 12 13 11 20 14 23 -7 -16 22 -10 -19 -17 -9 -4 -3 24 -5 26 -25 -28 29 -14
right_child=7 16 21 9 -6 8 -8 10 17 -11 -12 -13 28 -15 15 19 -18 18 -20 -21 -22 -23 -24 25 -26 -27 27 -29 -30 -31
leaf_value=-0.0026118832338482881 0.78184515008104238 -0.032741686463548296 -0.031950665045373444 0.13679734498065554 -0.10187820811309675 -0.005818066931193867 0.068935248601139434 -0.27980155143381558 0.038803611804728237 0.11949109465590159 0.78729921158897098 0.43694602847779934 0.00093614147928518525 0.19956131425388288 0.09988755271655278 -0.14680591258229181 0.22590111821159248 -0.074428003174898102 -0.0016101762860878425 -0.099465578905209989 -0.035524088196866803 0.31871066433752254 0.099812324896557544 -0.0041267860639936866 0.015632071512367562 0.09656401998747173 -0.12582408995360467 0.069553270838502476 0.095634907851180034 0.058730469607957143
leaf_weight=12234 8698 659 471 1588 194 113731 6985 140 7458 3656 1494 367 13542 1612 168 82 3541 157 3283 580 845 3673 2666 2419 2969 752 272 262 1870 2051
leaf_count=12234 8698 659 471 1588 194 113731 6985 140 7458 3656 1494 367 13542 1612 168 82 3541 157 3283 580 845 3673 2666 2419 2969 752 272 262 1870 2051
internal_value=0.000625011 0.000363612 0.000240955 0.000151992 -1.386e-05 1.14737e-06 0.00109236 0.00485655 -0.00014559 0.00214191 0.00239494 -0.000346154 -0.000256589 0.00138181 -0.000404273 -0.00513253 0.00357938 0.00119912 -0.000575581 -0.0074139 -0.00264975 0.00401641 0.00197594 0.000771242 0.00185253 -0.000558704 -0.00147714 -0.00703371 0.000712249 0.000428269
internal_weight=198419 186875 180009 175865 162335 162141 19219 11544 142922 13530 2846 1352 132024 9874 114561 830 6866 10898 3440 662 985 4144 3325 8262 4557 3705 2953 534 17463 15593
internal_count=198419 186875 180009 175865 162335 162141 19219 11544 142922 13530 2846 1352 132024 9874 114561 830 6866 10898 3440 662 985 4144 3325 8262 4557 3705 2953 534 17463 15593
is_linear=0
shrinkage=0.06


Tree=48
num_leaves=31
num_cat=0
split_feature=0 23 4 0 11 23 23 23 14 7 14 3 0 21 25 23 21 23 11 18 0 24 24 21 21 24 21 16 16 21
split_gain=57.7095 17.1698 14.9062 16.1942 14.9061 8.91219 10.3559 8.23757 6.79511 5.80686 5.44637 4.94931 8.16236 4.58137 7.61114 4.46206 4.24072 4.15174 4.03616 3.83494 3.78522 3.70499 4.00332 5.68645 5.46151 4.30739 4.82894 7.91804 3.31716 3.28441
threshold=28.558251380920414 17.846974372863773 110.50000000000001 61.939558029174812 1.0000000180025095e-35 2.68842625617981 2.0546913146972661 3.9838436841964726 1.0000000180025095e-35 1.0000000180025095e-35 1.0000000180025095e-35 26.500000000000004 5.6700773239135751 0.24617874622344973 10.500000000000002 4.4657945632934579 0.1898603290319443 5.7255988121032724 0.68116891384124767 -0.75276437401771534 46.076341629028327 7676.5393066406259 10940.824707031252 0.32325446605682379 0.2291279807686806 10617.858398437502 0.22453764826059344 11.500000000000002 19.500000000000004 0.31370750069618231
decision_type=2 2 2 2 2 2 2 2 2 2 2 2 2 2 2 2 2 2 2 2 2 2 2 2 2 2 2 2 2 2
left_child=1 4 -2 5 8 6 10 18 11 -10 13 12 15 14 20 -1 -13 -18 -6 -8 -4 -19 25 24 -24 26 27 -23 -15 -26
right_child=2 -3 3 -5 7 -7 19 -9 9 -11 -12 16 -14 28 -16 -17 17 21 -20 -21 -22 22 23 -25 29 -27 -28 -29 -30 -31
leaf_value=0.0035456320135769681 0.43159899305834498 0.14820408801850721 -0.13251776352860409 0.73594937264497995 0.010321237622907438 0.3036184793110025 -0.1562441670885652 0.089522550371739493 -0.093322141555241725 0.26842740430323653 0.48065455132528168 -0.012665751490888071 0.058423973734996519 0.0072756018706371037 -0.18278065892784215 -0.050624660016609133 -0.0028922564305761036 0.09661537906455106 0.058931274279429582 -0.37666054846951502 0.10119681395236019 -0.089179880772347869 0.090931850063446285 0.070114080458005976 -0.014169865799891249 -0.06721504027396312 0.0066772150871904253 0.09685754738278031 -0.17739377717150534 -0.0951542121776318
leaf_weight=4588 8983 3948 404 4286 25734 1535 82 6609 202 2326 467 32492 3830 2214 258 635 81541 1655 4948 91 298 81 778 3571 2451 498 3370 86 166 292
leaf_count=4588 8983 3948 404 4286 25734 1535 82 6609 202 2326 467 32492 3830 2214 258 635 81541 1655 4948 91 298 81 778 3571 2451 498 3370 86 166 292
internal_value=0.000609287 0.000278398 0.00377364 0.00215549 0.000190464 5.43993e-06 -0.00149246 0.00125516 -9.64187e-05 0.00298576 -0.000840031 -0.000153767 0.00120159 -0.00168862 -0.0051875 -0.000341183 -0.000250522 -4.68812e-05 0.000841275 -0.0158497 -0.00194872 0.000958536 0.000564573 0.00142301 -0.000287986 -0.000944238 -0.000208651 -0.0101677 -0.000277311 -0.00154648
internal_weight=198419 179635 18784 9801 175687 5515 3980 37291 138396 2528 3807 135868 9053 3340 960 5223 126815 94323 30682 173 702 12782 11127 7092 3521 4035 3537 167 2380 2743
internal_count=198419 179635 18784 9801 175687 5515 3980 37291 138396 2528 3807 135868 9053 3340 960 5223 126815 94323 30682 173 702 12782 11127 7092 3521 4035 3537 167 2380 2743
is_linear=0
shrinkage=0.06


Tree=49
num_leaves=31
num_cat=0
split_feature=0 23 11 4 0 14 7 21 0 11 24 24 23 21 21 3 0 23 14 23 20 23 21 10 16 0 21 21 25 16
split_gain=56.5725 17.4215 14.0698 12.4135 11.4572 9.60782 6.33098 5.94009 5.90677 5.75645 4.82238 4.94512 4.61083 4.53615 4.42685 4.3174 5.19168 4.27835 4.11221 4.80432 4.35021 6.60241 4.0947 4.0145 3.53935 3.33887 3.25542 3.92579 3.76151 8.669
threshold=35.662218093872077 17.846974372863773 0.56429800391197216 155.50000000000003 61.939558029174812 1.0000000180025095e-35 1.0000000180025095e-35 0.54729878902435314 13.411662101745607 0.24962412565946582 13843.171875000002 16008.479003906252 4.7370638847351083 0.29124811291694647 0.043905356898903854 14.000000000000002 1.592656195163727 1.1273880600929262 1.0000000180025095e-35 9.706268787384035 3.5000000000000004 1.7987306118011477 0.083033982664346709 1.5000000000000002 20.500000000000004 16.177365303039554 0.50943857431411754 0.48932217061519628 10.500000000000002 12.500000000000002
decision_type=2 2 2 2 2 2 2 2 2 2 2 2 2 2 2 2 2 2 2 2 2 2 2 2 2 2 2 2 2 2
left_child=1 2 5 -2 9 7 25 15 10 13 -4 -12 -9 18 -6 16 -1 -17 19 20 21 -5 -8 -19 26 -7 27 -25 -29 -30
right_child=3 -3 8 4 14 6 22 12 -10 -11 11 -13 -14 -15 -16 17 -18 23 -20 -21 -22 -23 -24 24 -26 -27 -28 28 29 -31
leaf_value=-0.02588818595131967 0.53795374059080492 0.14533701063218374 0.052190750007870101 -0.149785164746809 -0.48102678021920375 -0.1596320563377864 -0.045594084711239921 0.0095718889751804214 0.14459726118500565 0.2135387746025256 -0.048718615528735437 0.060785111532211729 0.088102550791569936 -0.018547711675466785 0.55135157364807852 -0.006404275606603854 0.048201993473968821 0.090424389372201472 0.39676659737507008 0.24398491851133092 0.015731763072681884 -0.34323034006249042 0.36729981549433488 0.00046924580200660129 0.041727496136688157 -0.028367544738214949 0.074122719245544005 -0.0030612476454050649 -0.13985284404034937 0.035343401904169416
leaf_weight=571 9752 4220 6191 339 81 80 363 17191 4122 547 1983 1253 2903 1123 2920 98986 2421 1813 92 103 97 107 2677 32505 2998 199 1553 624 348 257
leaf_count=571 9752 4220 6191 339 81 80 363 17191 4122 547 1983 1253 2903 1123 2920 98986 2421 1813 92 103 97 107 2677 32505 2998 199 1553 624 348 257
internal_value=0.000589934 0.00029853 0.000208716 0.00411226 0.00180699 5.65236e-05 0.00325218 -8.87935e-06 0.00206761 -0.00127575 0.00123921 -0.000637824 0.000956704 -0.0028662 0.00428057 -0.000145443 0.00210963 -0.000193955 -0.00652032 -0.00821053 -0.0104641 -0.0129686 0.00404605 0.000328894 0.00019825 -0.00539785 3.00963e-05 -9.35552e-05 -0.00342229 -0.00679339
internal_weight=198419 183258 179038 15161 5409 165489 3319 162170 13549 2408 9427 3236 20094 1861 3001 142076 2992 139084 738 646 543 446 3040 40098 38285 279 35287 33734 1229 605
internal_count=198419 183258 179038 15161 5409 165489 3319 162170 13549 2408 9427 3236 20094 1861 3001 142076 2992 139084 738 646 543 446 3040 40098 38285 279 35287 33734 1229 605
is_linear=0
shrinkage=0.06


Tree=50
num_leaves=31
num_cat=0
split_feature=0 0 3 23 11 21 0 3 0 21 11 16 25 0 24 26 16 3 23 14 14 18 21 21 21 23 3 0 11 11
split_gain=56.0188 17.5277 24.0553 13.7128 10.9822 7.62981 6.09946 5.49671 5.37373 6.10106 7.70053 5.12102 5.02048 9.82213 5.15161 5.52742 4.63181 4.42818 3.9359 3.85249 3.67048 3.46415 3.35338 3.35109 7.8682 3.29582 2.91234 4.98724 4.97427 6.84394
threshold=51.080162048339851 10.88622045516968 81.500000000000014 14.812517642974855 0.51942425966262828 0.36421258747577673 21.312211990356449 181.50000000000003 75.529083251953139 0.14984684437513354 0.4164611697196961 21.500000000000004 11.500000000000002 21.312211990356449 15889.216796875002 22.270977973937992 7.5000000000000009 32.000000000000007 1.5828604102134707 1.0000000180025095e-35 1.0000000180025095e-35 20.082914352416996 0.17814790457487109 0.16896060109138492 0.15502387285232547 22.582334518432621 202.00000000000003 5.8890068531036386 0.2943719774484635 0.2663626372814179
decision_type=2 2 2 2 2 2 2 2 2 2 2 2 2 2 2 2 2 2 2 2 2 2 2 2 2 2 2 2 2 2
left_child=1 11 6 4 5 12 17 -2 9 10 -9 16 19 -14 15 22 -1 -3 -19 21 -7 -4 -15 24 -6 26 27 -18 29 -28
right_child=7 2 3 -5 23 20 -8 8 -10 -11 -12 -13 13 14 -16 -17 25 18 -20 -21 -22 -23 -24 -25 -26 -27 28 -29 -30 -31
leaf_value=0.011258100569295397 1.0182003795176222 0.10404143963367368 -0.021369004360097092 0.27799053035132204 0.088742817380875944 0.0077004997953321885 0.18467509650763306 -0.34800784646052835 0.8425762265065051 0.093386997489458445 0.81751975548745692 0.023089839075194046 -0.021884223702591053 -0.22797429758899301 0.070094544157090308 -0.32263651965874102 -0.012125259672415744 0.012305488878009323 0.07380092144465869 0.25458661733103843 0.38389397361089805 -0.12295748919971337 -0.072774020230638323 0.13907001747224484 -0.17543516025864325 0.12019212609109634 -8.1239804063373608e-05 0.0036893780608079486 0.052132704963344025 -0.11732424221412381
leaf_weight=20012 6806 2744 11406 2427 784 10010 5740 165 1719 1313 90 10477 878 92 96 124 52278 4891 3433 991 824 213 245 3690 167 521 24691 26625 4676 291
leaf_count=20012 6806 2744 11406 2427 784 10010 5740 165 1719 1313 90 10477 878 92 96 124 52278 4891 3433 991 824 213 245 3690 167 521 24691 26625 4676 291
internal_value=0.000575117 0.000341727 0.0013211 0.0003544 -2.0323e-06 -0.000501869 0.0031585 0.00492995 0.00291512 0.000375 -0.00811765 -3.86676e-07 -0.00142471 -0.00478746 -0.0110197 -0.0136529 -0.000103924 0.00233538 0.00164632 -0.00104203 0.000694481 -0.00134831 -0.00966766 0.00267744 -0.000498422 -0.000257861 -0.000280708 -0.000471237 0.000226179 -0.000109999
internal_weight=198419 188326 48755 31947 29520 24879 16808 10093 3287 1568 255 139571 14045 1435 557 461 129094 11068 8324 12610 10834 11619 337 4641 951 109082 108561 78903 29658 24982
internal_count=198419 188326 48755 31947 29520 24879 16808 10093 3287 1568 255 139571 14045 1435 557 461 129094 11068 8324 12610 10834 11619 337 4641 951 109082 108561 78903 29658 24982
is_linear=0
shrinkage=0.06


Tree=51
num_leaves=31
num_cat=0
split_feature=0 0 3 23 14 11 21 21 0 23 25 24 16 0 3 0 24 21 26 16 24 24 26 24 27 18 24 11 3 23
split_gain=55.512 16.6684 22.5615 14.5777 9.62009 9.92968 6.83645 5.67201 5.6125 8.08633 8.27315 5.67118 4.41502 4.34654 4.33931 6.37563 4.58094 6.74942 4.30405 4.1072 4.06756 4.65483 5.35488 4.61773 4.0117 3.28461 3.38537 3.02415 2.99097 3.40523
threshold=51.080162048339851 10.88622045516968 63.500000000000007 13.091711521148683 1.0000000180025095e-35 0.58946129679679882 0.35429145395755773 0.033042430877685554 23.120385169982914 2.629718661308289 11.500000000000002 7534.7277832031259 21.500000000000004 21.312211990356449 181.50000000000003 75.529083251953139 9689.8066406250018 0.15157151222229007 7.0633132457733163 7.5000000000000009 14918.029296875002 9248.4008789062518 22.825154304504398 9570.1909179687518 17.769328117370609 -1.0000000180025095e-35 12033.684082031252 1.0000000180025095e-35 291.00000000000006 6.2427423000335702
decision_type=2 2 2 2 2 2 2 2 2 2 2 2 2 2 2 2 2 2 2 2 2 2 2 2 2 2 2 2 2 2
left_child=1 12 13 4 5 6 8 -2 -4 10 20 -11 19 -3 -9 16 17 -16 -12 -1 21 22 -10 -23 25 -25 -27 -14 -21 -30
right_child=7 2 3 -5 -6 -7 -8 14 9 11 18 -13 27 -15 15 -17 -18 -19 -20 28 -22 23 -24 24 -26 26 -28 -29 29 -31
leaf_value=0.010582614535137671 -0.47749812838455763 0.056117182391169439 -0.013671648114160407 0.18702248275898212 0.2922170539027914 0.10527613715745432 0.011877714655554482 0.96192027969414573 0.04093501285227729 -0.19878626891675247 0.0064938284072493307 0.1244423898056157 0.01198713045925176 0.19826532121282908 -0.35753427877731225 0.85002645897628515 0.15332394083045872 -0.011778586606208317 -0.23670440553780503 -0.0049780939131876352 0.011414251328269422 -0.29197245179732273 -0.12869513561058857 0.02329730443091187 -0.15905068710708817 0.010958975398509685 -0.20575281952559285 0.079025282267681352 0.005795073572870969 0.089674454489535163
leaf_weight=20012 89 7835 11342 3880 2504 3941 11804 6749 495 102 82 731 8441 4003 111 1692 1041 411 392 100125 607 103 221 234 241 91 147 2036 7597 1360
leaf_count=20012 89 7835 11342 3880 2504 3941 11804 6749 495 102 82 731 8441 4003 111 1692 1041 411 392 100125 607 103 221 234 241 91 147 2036 7597 1360
internal_value=0.000565138 0.000332806 0.00128787 0.000556979 0.000148379 -0.000144827 -0.000561372 0.00490023 -0.00142088 -0.0035415 -0.00518255 0.00160624 -8.16565e-07 0.00356716 0.00503439 0.00323502 0.000472169 -0.00411494 -0.0123544 -9.69524e-05 -0.00359327 -0.00524021 -0.0017095 -0.00833823 -0.00662272 -0.00340678 -0.00836975 0.00118374 -0.00024191 0.00080853
internal_weight=198419 188326 48755 36917 33037 30533 26592 10093 14788 3446 2613 833 139571 11838 10004 3255 1563 522 474 129094 2139 1532 716 816 713 472 238 10477 109082 8957
internal_count=198419 188326 48755 36917 33037 30533 26592 10093 14788 3446 2613 833 139571 11838 10004 3255 1563 522 474 129094 2139 1532 716 816 713 472 238 10477 109082 8957
is_linear=0
shrinkage=0.06


Tree=52
num_leaves=31
num_cat=0
split_feature=0 23 11 1 0 23 14 7 1 0 11 21 25 25 0 1 17 24 21 25 21 21 20 25 21 11 23 0 1 21
split_gain=54.9835 15.1324 12.4421 11.6568 11.8677 8.02472 6.07071 6.17487 5.64359 8.67792 5.6263 5.13615 4.52071 4.6074 3.72427 7.87895 4.19434 4.30496 3.66516 3.63777 8.97723 3.63672 5.47236 3.69368 3.62202 4.01714 3.50454 3.43483 5.0887 3.34516
threshold=35.662218093872077 17.846974372863773 1.0000000180025095e-35 146.50000000000003 61.939558029174812 4.7370638847351083 1.0000000180025095e-35 1.0000000180025095e-35 41.500000000000007 5.5109925270080575 0.25478133559226995 0.29124811291694647 10.500000000000002 6.5000000000000009 5.8365070819854745 54.000000000000007 5.5000000000000009 15289.705566406252 0.10818686708807947 1.5000000000000002 0.15157151222229007 0.069169893860816969 1.0000000180025095e-35 2.5000000000000004 0.41394232213497167 0.62564304471015941 10.744339942932131 11.563252449035646 72.500000000000014 0.74832612276077282
decision_type=2 2 2 2 2 2 2 2 2 2 2 2 2 2 2 2 2 2 2 2 2 2 2 2 2 2 2 2 2 2
left_child=1 2 6 -2 10 24 8 -8 9 26 11 12 13 21 15 -7 -17 -18 -9 20 -6 -5 -23 -24 -4 -26 -1 28 -3 -10
right_child=3 27 5 4 19 14 7 18 29 -11 -12 -13 -14 -15 -16 16 17 -19 -20 -21 -22 22 23 -25 25 -27 -28 -29 -30 -31
leaf_value=-0.0018135016943994901 0.51837198173013188 -0.097050317316450252 0.0061621482170096152 0.24416420199512787 -0.48862864217044111 -0.13337828294015258 -0.10390142145947738 -0.049561118087359475 -0.0050005839594463768 0.042674719541347751 0.20746752008150229 0.0077667940614157844 -0.2284203128379666 0.065163952765784766 0.11458447730113004 0.11261617925004214 0.15339479081038021 -0.095939995997159286 0.2971597764932018 0.63587103899432051 0.26694140013616602 0.014848800707792509 -0.15332929331648937 -0.2852821054437788 0.021089200147008071 0.090900163593201452 -0.073178786863193915 0.21452610154308635 0.11331555146792113 0.049623740267586605
leaf_weight=10625 8610 324 22226 88 103 122 246 363 116919 8319 660 1377 199 303 4975 1056 121 192 2277 3131 370 104 123 93 7109 2357 241 2340 1556 1890
leaf_count=10625 8610 324 22226 88 103 122 246 363 116919 8319 660 1377 199 303 4975 1056 121 192 2277 3131 370 104 123 93 7109 2357 241 2340 1556 1890
internal_value=0.000560602 0.00027332 0.000189614 0.00403311 0.00212578 0.00115069 -7.06982e-05 0.00265281 -0.000127657 0.000827209 -0.000698337 -0.00210669 -0.0056044 -0.00336709 0.00307702 0.00044668 0.00174872 -0.00435144 0.0035 0.00443507 -0.000469344 -0.00752941 -0.0105 -0.0159444 0.000757668 0.00174055 -0.000289343 0.00382464 0.00191489 -0.000281847
internal_weight=198419 183258 179038 15161 6551 38158 140880 2886 137994 19185 2947 2287 910 711 6466 1491 1369 313 2640 3604 473 408 320 216 31692 9466 10866 4220 1880 118809
internal_count=198419 183258 179038 15161 6551 38158 140880 2886 137994 19185 2947 2287 910 711 6466 1491 1369 313 2640 3604 473 408 320 216 31692 9466 10866 4220 1880 118809
is_linear=0
shrinkage=0.06


Tree=53
num_leaves=31
num_cat=0
split_feature=0 23 11 14 0 21 23 6 0 11 21 21 0 4 1 0 1 24 24 21 11 24 21 3 0 23 7 0 0 1
split_gain=54.81 14.9865 12.6886 9.79108 7.56104 7.23204 8.13747 6.85607 6.84917 5.82192 4.59099 4.99695 4.07144 4.30652 3.66103 4.20978 5.17339 3.63376 4.4963 5.68551 3.63222 3.94209 4.13341 3.59318 4.37191 3.56289 3.44916 3.89252 3.43409 4.46322
threshold=48.56915473937989 17.846974372863773 0.51548659801483165 1.0000000180025095e-35 16.177365303039554 0.34654097259044653 14.302666187286379 16.550000190734867 75.529083251953139 0.20570998638868335 0.14984684437513354 0.11913262307643892 22.482932090759281 97.500000000000014 200.00000000000003 4.9634361267089853 41.500000000000007 8678.9863281250018 6993.6384277343759 0.52246257662773143 0.29007530212402349 8784.4453125000018 0.48932217061519628 24.000000000000004 7.3336279392242441 0.087454974651336684 1.0000000180025095e-35 17.885603904724125 11.563252449035646 72.500000000000014
decision_type=2 2 2 2 2 2 2 2 2 2 2 2 2 2 2 2 2 2 2 2 2 2 2 2 2 2 2 2 2 2
left_child=1 2 3 5 14 23 12 -2 9 10 11 -9 20 -14 15 16 -4 18 -15 -20 -7 22 -22 24 -1 -12 27 -5 29 -3
right_child=7 28 4 26 -6 6 -8 8 -10 -11 25 -13 13 17 -16 -17 -18 -19 19 -21 21 -23 -24 -25 -26 -27 -28 -29 -30 -31
leaf_value=-0.00051256262430874407 0.75517829551582938 -0.091227298277463259 -0.090271546447467835 -0.14688605294412041 0.1561039434995054 0.0015331444215345921 0.19031003782693476 -0.053807727302611019 0.74553064795515289 0.62337468702732934 -0.065694252083319887 -0.4349463772690102 0.14486826879628781 0.047863941709886053 0.073840273324920769 0.026300023164097987 -0.011958534255414346 0.042513681701693347 0.045645408909711686 -0.41198147002353136 -0.030138288405380503 0.056965719945264143 0.1235548175334428 -0.0068520837380571355 0.066631765782846311 0.23104612818061671 0.26005522255890123 0.023057869706391034 0.2091130661386322 0.10651661837984587
leaf_weight=3578 7024 324 349 91 3851 56201 1428 100 1853 526 811 104 1648 207 4782 6587 1817 1924 80 122 1283 4439 426 89027 1761 399 3346 293 2482 1556
leaf_count=3578 7024 324 349 91 3851 56201 1428 100 1853 526 811 104 1648 207 4782 6587 1817 1924 80 122 1283 4439 426 89027 1761 399 3346 293 2482 1556
internal_value=0.000549111 0.000309656 0.000226916 6.52624e-05 0.00176901 -4.66287e-06 0.000468255 0.00470204 0.00264645 0.000154639 -0.00185007 -0.0101765 0.000371778 0.0022321 0.00110159 0.000372215 -0.00192244 0.000573511 -0.00456235 -0.0109307 0.000252995 0.00163761 -0.000811 -0.000344234 0.00116763 -0.000446281 0.00310456 -0.00228125 0.00378542 0.00185106
internal_weight=198419 187602 183240 165854 17386 162124 67758 10817 3793 1940 1414 204 66330 3981 13535 8753 2166 2333 409 202 62349 6148 1709 94366 5339 1210 3730 384 4362 1880
internal_count=198419 187602 183240 165854 17386 162124 67758 10817 3793 1940 1414 204 66330 3981 13535 8753 2166 2333 409 202 62349 6148 1709 94366 5339 1210 3730 384 4362 1880
is_linear=0
shrinkage=0.06


Tree=54
num_leaves=31
num_cat=0
split_feature=0 11 23 14 23 21 1 0 21 0 21 0 21 0 0 1 4 0 24 1 19 10 0 4 23 25 25 23 23 17
split_gain=53.8833 14.9061 13.9813 8.20587 6.85168 7.93201 6.55108 7.02948 5.54525 5.30104 5.08469 4.68839 4.12647 3.97329 3.93069 7.47803 3.52244 5.67272 5.65437 3.2806 3.27016 3.21079 3.11904 13.9014 5.00696 3.44566 4.8595 4.51589 11.2154 4.41763
threshold=53.801986694335945 1.0000000180025095e-35 4.7370638847351083 1.0000000180025095e-35 8.7969288825988787 0.24617874622344973 41.500000000000007 9.4515752792358416 0.24158938974142077 17.045269966125492 0.033042430877685554 12.30664110183716 0.74832612276077282 23.120385169982914 5.8365070819854745 118.50000000000001 183.50000000000003 75.529083251953139 6703.2258300781259 211.00000000000003 78.062583923339858 1.5000000000000002 17.885603904724125 97.500000000000014 7.6945157051086435 11.500000000000002 5.5000000000000009 0.24628029763698581 4.1234867572784433 2.5000000000000004
decision_type=2 2 2 2 2 2 2 2 2 2 2 2 2 2 2 2 2 2 2 2 8 2 2 2 2 2 2 2 2 2
left_child=1 3 9 4 6 8 7 -1 13 21 -2 19 22 -6 15 -4 -12 18 -18 -7 -10 -3 -8 -24 25 26 -25 29 -29 -27
right_child=10 2 14 -5 5 11 12 -9 20 -11 16 -13 -14 -15 -16 -17 17 -19 -20 -21 -22 -23 23 24 -26 27 -28 28 -30 -31
leaf_value=0.0036402332060884381 -0.48002587266099411 0.10364248167362514 -0.067276351700296361 0.16207826558804997 -0.0095842029159188772 0.0023446572464456946 -0.0046955342405905426 0.075057865702788329 -0.0092931279993112587 0.08947360761089472 0.96544571255366762 0.11124597200135103 0.05220403894156328 0.35331397542474646 0.13604583133262663 0.11634361085554029 -0.1587958634613168 0.68248192006251129 0.063639385832122725 0.096235046959098083 -0.14020147358095134 0.0047462001805850381 0.051420834602357003 -0.07804382501405778 -0.26128319276191242 0.062011556018967448 -0.0030697869172501484 -0.31021156484253898 0.14906513772669222 -0.14481958967192479
leaf_weight=14122 84 1367 507 3523 5443 4183 99876 3817 86 5236 6580 3856 2028 357 6505 1157 113 1515 1073 2297 84 26032 2598 2634 80 190 2252 92 80 652
leaf_count=14122 84 1367 507 3523 5443 4183 99876 3817 86 5236 6580 3856 2028 357 6505 1157 113 1515 1073 2297 84 26032 2598 2634 80 190 2252 92 80 652
internal_value=0.00053883 0.000318766 0.00133428 3.92582e-05 -3.0388e-05 0.00112817 -0.000177494 0.000886003 -0.000613065 0.000778612 0.00498131 0.0021339 -0.000350174 -0.0003 0.00355417 0.000951923 0.00511432 0.00328989 0.000182125 0.00114815 -0.0112941 0.000444323 -0.000400317 -0.00149825 -0.0030903 -0.00288814 -0.00222759 -0.00607101 -0.0149302 -0.00426128
internal_weight=198419 189054 40804 148250 144727 16306 128421 17939 5970 32635 9365 10336 110482 5800 8169 1664 9281 2701 1186 6480 170 27399 108454 8578 5980 5900 4886 1014 172 842
internal_count=198419 189054 40804 148250 144727 16306 128421 17939 5970 32635 9365 10336 110482 5800 8169 1664 9281 2701 1186 6480 170 27399 108454 8578 5980 5900 4886 1014 172 842
is_linear=0
shrinkage=0.06


Tree=55
num_leaves=31
num_cat=0
split_feature=0 23 11 14 0 21 1 0 21 21 23 21 23 11 11 17 11 11 0 26 4 0 24 0 1 17 21 10 21 21
split_gain=52.2004 14.8027 11.6852 9.62533 5.81971 5.86109 5.59617 13.5165 4.55194 4.4624 4.43753 5.50615 4.80898 4.05592 4.34994 3.92918 3.65322 3.45087 5.15953 3.39174 3.27234 5.76057 5.25254 3.20876 3.72272 3.14032 3.98184 2.98309 3.05132 3.94775
threshold=53.801986694335945 17.846974372863773 0.59399461746215831 1.0000000180025095e-35 17.298931121826175 0.39492434263229376 35.500000000000007 8.9830675125122088 0.033042430877685554 0.083033982664346709 1.1273880600929262 0.50943857431411754 1.3322262763977053 0.70235082507133495 0.67122200131416332 2.5000000000000004 0.39132411777973181 0.28311835229396826 2.5959763526916508 9.107208728790285 181.50000000000003 75.529083251953139 6703.2258300781259 11.563252449035646 72.500000000000014 1.0000000180025095e-35 0.42809192836284643 1.5000000000000002 0.48932217061519628 0.29124811291694647
decision_type=2 2 2 2 2 2 2 2 2 2 2 2 2 2 2 2 2 2 2 2 2 2 2 2 2 2 2 2 2 2
left_child=1 2 3 6 5 13 7 17 -2 19 25 12 -12 14 15 -4 27 -1 -19 -5 -10 22 -22 24 -3 26 -8 -14 29 -29
right_child=8 23 4 9 -6 -7 10 -9 20 -11 11 -13 16 -15 -16 -17 -18 18 -20 -21 21 -23 -24 -25 -26 -27 -28 28 -30 -31
leaf_value=0.0034269435256114415 -0.45122432030133436 -0.085894339815602211 -0.052680328390353116 -0.25002425215615298 0.17075122006434418 0.080141690160391368 -0.00058129146666179943 0.078668618675424226 0.91622505043865698 0.22001617694967465 0.045455406670766328 0.050879891441889417 0.084242322592642291 0.040635768814926178 -0.060275507671549863 0.093259361673848989 0.048297064332219954 -0.1154298338439816 -0.010599743814068243 0.034070566971061311 -0.13623341585560048 0.65165387485735438 0.062771498748788623 0.19621156725770195 0.10109383120634755 -0.0068732724541513491 0.037043377586818464 -0.013649935032886267 -0.042984882015375127 0.010601742130578908
leaf_weight=12954 84 324 248 114 2647 2990 11296 5795 6491 3532 1474 5724 1455 3665 1457 1001 2642 241 984 395 118 1561 1111 2570 1556 91745 3710 16557 1192 12786
leaf_count=12954 84 324 248 114 2647 2990 11296 5795 6491 3532 1474 5724 1455 3665 1457 1001 2642 241 984 395 118 1561 1111 2570 1556 91745 3710 16557 1192 12786
internal_value=0.000531875 0.000315275 0.000232845 0.000106932 0.00204264 0.00134024 3.75547e-05 0.000980475 0.00490443 0.00300074 -8.92036e-05 0.000434617 0.000160528 0.000311725 -0.00145011 0.00114812 1.76717e-05 -1.73494e-05 -0.00306122 -0.00225147 0.00503028 0.00331183 0.000239219 0.00373483 0.00185106 -0.000294461 0.000510196 -0.000159425 -0.000285901 -0.000165014
internal_weight=198419 189054 184604 172596 12008 9361 168555 19974 9365 4041 148581 41830 36106 6371 2706 1249 34632 14179 1225 509 9281 2790 1229 4450 1880 106751 15006 31990 30535 29343
internal_count=198419 189054 184604 172596 12008 9361 168555 19974 9365 4041 148581 41830 36106 6371 2706 1249 34632 14179 1225 509 9281 2790 1229 4450 1880 106751 15006 31990 30535 29343
is_linear=0
shrinkage=0.06


Tree=56
num_leaves=31
num_cat=0
split_feature=0 23 11 14 4 21 0 0 1 0 0 7 0 11 25 11 16 11 21 23 23 23 17 23 19 21 0 1 20 25
split_gain=49.2341 13.6136 10.8869 9.01494 6.24061 5.59624 5.48751 5.03875 4.94676 13.5055 4.48807 4.36627 5.65517 4.24106 4.16554 3.85227 3.68713 3.54107 4.44935 3.81688 3.42774 4.24357 5.62119 3.15646 3.26363 3.14583 6.45472 8.8743 3.73271 6.54717
threshold=51.080162048339851 14.812517642974855 0.59399461746215831 1.0000000180025095e-35 265.50000000000006 0.39492434263229376 15.417643547058107 17.298931121826175 41.500000000000007 8.9045305252075213 86.781265258789077 1.0000000180025095e-35 21.800677299499515 0.20570998638868335 2.5000000000000004 0.28311835229396826 17.500000000000004 0.2133271470665932 0.34812484681606298 21.794277191162113 8.6239829063415545 14.603480815887453 3.5000000000000004 21.212114334106449 78.062583923339858 0.29124811291694647 32.498483657836921 92.500000000000014 1.0000000180025095e-35 11.500000000000002
decision_type=2 2 2 2 2 2 2 2 2 2 2 2 2 2 2 2 2 2 2 2 2 2 2 2 8 2 2 2 2 2
left_child=1 2 3 8 -2 7 17 -4 9 15 13 12 -5 14 -6 -1 -16 18 19 23 25 -22 -23 -3 -25 26 -10 -28 29 -29
right_child=4 6 5 11 10 -7 -8 -9 20 -11 -12 -13 -14 -15 16 -17 -18 -19 -20 -21 21 22 -24 24 -26 -27 27 28 -30 -31
leaf_value=0.0025232393084039318 0.5676812228278687 -0.034276274088014223 0.0048040540975458172 -0.1460964486852013 -0.33290943812257018 0.095013812091138586 0.22173120295486706 0.13979140338543433 -0.007303334904979317 0.068721823296597276 0.83845218576103153 0.23494208715813064 0.056425526658777585 0.63813460776484021 0.078441102233892696 -0.031741365113903221 -0.40210398922131924 0.26208739164191402 0.085713000689832328 0.094027179723573745 0.019703580422146753 -0.10387620753283032 0.066201790722768883 -0.0096737153726009703 -0.12918808043823093 0.0012046376923399403 0.10664938765831244 0.10761806658984263 -0.2355713927685586 -0.24346838018072051
leaf_weight=14983 9080 1121 6283 147 136 4110 2444 1425 59530 6644 321 3572 281 170 286 1477 100 763 1743 544 10864 155 168 86 84 70706 324 212 563 97
leaf_count=14983 9080 1121 6283 147 136 4110 2444 1425 59530 6644 321 3572 281 170 286 1477 100 763 1743 544 10864 155 168 86 84 70706 324 212 563 97
internal_value=0.000520384 0.000301584 0.000202963 8.03547e-05 0.00460299 0.00196378 0.00294031 0.00101038 1.24185e-05 0.00082687 0.000136229 0.002895 -0.00283178 -0.00258381 -0.00526437 -9.4775e-05 -0.0020829 0.00165999 0.000868642 -0.00119346 -0.000119521 0.00088871 -0.00588854 -0.00296979 -0.0105882 -0.000205338 -0.000522083 -0.00488629 -0.0080367 -0.00273786
internal_weight=198419 188326 181541 169723 10093 11818 6785 7708 165723 23104 1013 4000 428 692 522 16460 386 4341 3578 1835 142619 11187 323 1291 170 131432 60726 1196 872 309
internal_count=198419 188326 181541 169723 10093 11818 6785 7708 165723 23104 1013 4000 428 692 522 16460 386 4341 3578 1835 142619 11187 323 1291 170 131432 60726 1196 872 309
is_linear=0
shrinkage=0.06


Tree=57
num_leaves=31
num_cat=0
split_feature=0 4 0 11 23 23 23 17 14 21 24 21 23 23 21 11 25 23 21 14 7 0 21 21 11 23 21 21 11 3
split_gain=47.5583 17.5699 16.5045 10.7612 11.2345 10.5089 8.29745 6.31262 4.95064 4.8572 4.39678 6.10875 4.14729 6.42599 4.9126 4.13064 4.83385 3.99496 3.60294 4.00838 5.26928 3.46164 3.86242 4.01786 3.67107 3.43121 3.39922 3.37826 3.3499 3.26237
threshold=28.558251380920414 98.500000000000014 65.666522979736342 1.0000000180025095e-35 9.608006954193117 2.68842625617981 1.7259050011634829 1.0000000180025095e-35 1.0000000180025095e-35 0.41394232213497167 14972.821777343752 0.53120040893554699 14.812517642974855 14.603480815887453 0.34812484681606298 0.24962412565946582 11.500000000000002 2.9929676055908208 0.086868789047002806 1.0000000180025095e-35 1.0000000180025095e-35 17.298931121826175 0.37068100273609167 0.31963206827640539 0.53896865248680126 21.794277191162113 0.04125477001070977 0.033042430877685554 0.70235082507133495 14.000000000000002
decision_type=2 2 2 2 2 2 2 2 2 2 2 2 2 2 2 2 2 2 2 2 2 2 2 2 2 2 2 2 2 2
left_child=3 -2 5 12 9 6 8 -8 10 21 11 15 13 18 25 -3 -17 -11 27 29 -21 22 23 28 -24 -14 -4 -1 -5 -20
right_child=1 2 26 4 -6 -7 7 -9 -10 17 -12 -13 14 -15 -16 16 -18 -19 19 20 -22 -23 24 -25 -26 -27 -28 -29 -30 -31
leaf_value=0.029420461052007844 0.35688939469922298 -0.11919586746337255 -0.33003237130356811 -0.0075272547503058822 0.13398667979728052 0.24656962281456185 -0.023108066229577829 -0.29068613133704746 0.37700043834003294 0.022063177326930718 0.084091510386134785 0.066399779290590752 -0.037182951781056232 -0.090922912930977845 0.09875931513455033 0.12983059560669727 -0.26749475530596722 0.10897083933220354 0.028869328720069774 -0.093935971704495955 0.21424330329746666 0.070871083037695168 -0.052357038603567142 0.044882583026242019 0.020369741989635152 0.0917869860841838 0.59770573312573017 -0.023754344998922663 0.051349167844554726 -0.0013171753748699572
leaf_weight=1404 8036 1787 96 14158 3358 1821 120 153 568 8250 739 696 1453 194 2517 450 103 2738 2594 167 1974 2583 804 3055 605 722 4215 9221 2914 120924
leaf_count=1404 8036 1787 96 14158 3358 1821 120 153 568 8250 739 696 1453 194 2517 450 103 2738 2594 167 1974 2583 804 3055 605 722 4215 9221 2914 120924
internal_value=0.000504962 0.00337756 0.00179084 0.000204582 0.00109424 -0.000133292 -0.00165598 -0.0118022 -0.00101819 0.00077711 -0.00180397 -0.00281423 -3.78265e-05 -9.81255e-05 0.00171611 -0.00428205 0.000249548 0.00182272 -8.2592e-05 7.11472e-06 0.00258104 0.000300759 5.18204e-05 0.000264421 -0.0029851 -0.000372414 0.00466388 -0.00114353 -9.41891e-05 -3.75004e-05
internal_weight=198419 18784 10748 179635 38465 6437 4616 273 4343 35107 3775 3036 141170 136478 4692 2340 553 10988 136284 125659 2141 24119 21536 20127 1409 2175 4311 10625 17072 123518
internal_count=198419 18784 10748 179635 38465 6437 4616 273 4343 35107 3775 3036 141170 136478 4692 2340 553 10988 136284 125659 2141 24119 21536 20127 1409 2175 4311 10625 17072 123518
is_linear=0
shrinkage=0.06


Tree=58
num_leaves=31
num_cat=0
split_feature=0 1 23 0 11 11 14 7 21 23 23 0 21 0 24 24 16 25 20 21 3 0 3 23 23 11 0 16 24 0
split_gain=47.2601 12.7585 12.2551 11.7979 8.35206 7.0283 4.94737 5.03986 4.9239 4.88214 6.40325 4.83194 4.80626 4.63729 4.4388 13.1607 5.2596 4.28998 4.20611 3.96794 3.73323 10.8676 3.7329 3.63088 4.57427 3.56557 4.11048 3.49801 3.73882 4.16386
threshold=39.752513885498054 144.50000000000003 14.812517642974855 72.193359375000014 0.59399461746215831 0.24962412565946582 1.0000000180025095e-35 1.0000000180025095e-35 0.53120040893554699 2.68842625617981 1.7987306118011477 15.417643547058107 0.39492434263229376 17.298931121826175 9689.8066406250018 8347.2670898437518 8.5000000000000018 9.5000000000000018 2.5000000000000004 0.083033982664346709 29.000000000000004 6.6266789436340341 15.500000000000002 1.1273880600929262 1.3322262763977053 0.2943719774484635 1.9264443516731264 10.500000000000002 10484.014160156252 48.56915473937989
decision_type=2 2 2 2 2 2 2 2 2 2 2 2 2 2 2 2 2 2 2 2 2 2 2 2 2 2 2 2 2 2
left_child=2 -2 4 5 6 8 20 -8 9 10 14 22 13 -6 15 16 -3 -18 -11 -9 21 25 -4 -22 -25 -1 -27 -16 -29 -30
right_child=1 3 11 -5 12 -7 7 19 -10 18 -12 -13 -14 -15 27 -17 17 -19 -20 -21 23 -23 -24 24 -26 26 -28 28 29 -31
leaf_value=-0.0011117169107285399 0.50695494151355802 -0.22920830857609667 -0.094955812470346707 0.59971035827939001 0.0030145397306621572 0.30806040399951462 -0.084362957559845145 -0.080504989202841729 0.17033926151085019 0.27310635740573547 -0.31200871621218629 0.19362433818036962 0.083317195305729924 0.12297399409967386 0.085652011103210607 -0.29829654686912715 0.070340709596137252 -0.14013978648140799 -0.15708697216533313 0.23726401595898669 -0.0043503066542500699 0.056335707584594379 0.047680768593150118 0.049495963182285857 0.0044901484625467416 -0.13597109635077059 -0.024056150676497367 0.14810780484732755 -0.0045260988787288675 -0.18794993239429011
leaf_weight=6523 7519 107 116 2776 6283 791 318 373 419 444 123 2255 3995 1181 414 81 266 106 110 2858 110251 4709 4225 1710 39405 96 407 103 207 248
leaf_count=6523 7519 107 116 2776 6283 791 318 373 419 444 123 2255 3995 1181 414 81 266 106 110 2858 110251 4709 4225 1710 39405 96 407 103 207 248
internal_value=0.000501636 0.00389996 0.000249317 0.00188378 0.000155265 -0.000475577 4.7525e-05 0.00226374 -0.00196804 -0.00309914 -0.00473112 0.00278896 0.00172214 0.000823151 -0.00367363 -0.00792857 -0.00414614 -0.000774193 0.00177617 0.00297307 -6.9873e-07 0.00103025 0.00161852 -8.06255e-05 0.000400584 -0.00046456 -0.00533201 -0.00122222 -0.00432258 -0.00665934
internal_weight=198419 13714 184705 6195 178109 3419 166650 3549 2628 2209 1655 6596 11459 7464 1532 560 479 372 554 3231 163101 11735 4341 151366 41115 7026 503 972 558 455
internal_count=198419 13714 184705 6195 178109 3419 166650 3549 2628 2209 1655 6596 11459 7464 1532 560 479 372 554 3231 163101 11735 4341 151366 41115 7026 503 972 558 455
is_linear=0
shrinkage=0.06


Tree=59
num_leaves=31
num_cat=0
split_feature=0 0 3 23 21 23 4 25 25 17 16 24 17 23 11 0 21 11 21 23 11 24 24 24 24 20 17 21 23 21
split_gain=46.4317 13.0554 19.7813 14.0061 6.12472 5.90371 4.82967 7.16527 4.33865 5.70625 4.03444 4.01042 3.96998 3.78656 3.96697 3.74661 3.51588 3.19881 3.18134 3.51228 4.9653 3.11887 9.41767 8.65744 6.28532 3.11896 3.10374 4.56864 3.8571 4.08095
threshold=61.939558029174812 16.177365303039554 74.000000000000014 2.68842625617981 0.3831049799919129 22.582334518432621 218.50000000000003 1.5000000000000002 11.500000000000002 5.5000000000000009 21.500000000000004 6851.4042968750009 2.5000000000000004 14.729770660400392 0.59842154383659374 34.128473281860359 0.083033982664346709 0.44084839522838598 0.29124811291694647 2.3127331733703618 1.0000000180025095e-35 8678.9863281250018 6993.6384277343759 7111.3327636718759 8214.5830078125018 2.5000000000000004 1.0000000180025095e-35 0.43721179664134985 13.07795572280884 0.42720107734203344
decision_type=2 2 2 2 2 2 2 2 2 2 2 2 2 2 2 2 2 2 2 2 2 2 2 2 2 2 2 2 2 2
left_child=1 5 15 4 8 10 -2 12 -4 -10 18 -9 -8 14 16 -3 -5 21 -1 -20 26 22 -6 -24 25 -25 27 -21 29 -28
right_child=6 2 3 13 17 -7 7 11 9 -11 -12 -13 -14 -15 -16 -17 -18 -19 19 20 -22 -23 23 24 -26 -27 28 -29 -30 -31
leaf_value=-0.0053264307535143786 0.99724703240736068 0.067061678042537695 -0.027666933773880235 -0.098488741593828755 0.10951331625972548 0.11293930966512548 0.014550484389065256 -0.17554497410093509 -0.08475689998692329 -0.19871090604757471 0.021194156569113901 0.30719130266706129 -0.45007265586962575 0.36731906289909177 0.21476323461907285 0.36026639965011098 0.039323841244129618 0.1751900929919685 0.00040853023557075615 -0.054908895441764735 0.076698800260116509 0.022017362207691113 -0.2389511798150496 0.13453629031539452 -0.42684330631465489 -0.21425347512945142 0.020820921138490132 0.038333631066253496 0.094628847928538554 -0.01368546377396032
leaf_weight=72326 6243 5942 6421 96 481 1134 104 123 836 136 11894 1326 122 1558 819 2652 3475 953 59754 1720 3598 3755 100 190 91 89 5423 716 2096 4246
leaf_count=72326 6243 5942 6421 96 481 1134 104 123 836 136 11894 1326 122 1558 819 2652 3475 953 59754 1720 3598 3755 100 190 91 89 5423 716 2096 4246
internal_value=0.000490145 0.000303022 0.00150989 0.000429474 -0.000670242 9.85964e-05 0.00499217 0.00213134 -0.00180739 -0.00554321 6.83553e-05 0.00368116 -0.00780531 0.00284264 0.00194077 0.00389853 0.00107701 0.000815339 -1.60527e-05 0.0002509 0.00099073 0.000173396 -0.0028959 -0.00893617 -0.0047027 -0.000236559 0.000486304 -0.00146305 0.000889928 0.000384114
internal_weight=198419 190501 27594 19000 13052 162907 7918 1675 7393 972 161773 1449 226 5948 4390 8594 3571 5659 149879 77553 17799 4706 951 470 370 279 14201 2436 11765 9669
internal_count=198419 190501 27594 19000 13052 162907 7918 1675 7393 972 161773 1449 226 5948 4390 8594 3571 5659 149879 77553 17799 4706 951 470 370 279 14201 2436 11765 9669
is_linear=0
shrinkage=0.06


Tree=60
num_leaves=31
num_cat=0
split_feature=0 6 0 23 0 23 21 23 25 24 24 16 11 3 11 0 23 3 11 23 23 21 23 24 21 5 25 25 2 0
split_gain=45.588 14.8518 12.3033 9.47437 10.5036 7.0498 5.31408 4.50915 6.40265 4.61966 15.4839 4.69846 4.24355 4.17568 5.94148 5.78091 4.27637 4.17164 5.88047 5.20084 3.6447 3.60842 3.61471 3.58638 4.26429 3.02976 3.01625 2.92634 3.5428 2.87989
threshold=34.128473281860359 12.700000286102297 72.193359375000014 1.1273880600929262 16.177365303039554 2.68842625617981 0.48083676397800451 1.7259050011634829 2.5000000000000004 9689.8066406250018 9248.4008789062518 18.500000000000004 0.68116891384124767 181.50000000000003 0.29007530212402349 6.2991905212402353 13.007656097412111 36.000000000000007 0.29007530212402349 10.744339942932131 4.7883341312408456 0.10105558112263681 0.6919572949409486 13389.255859375002 0.057964274659752853 1.5000000000000002 4.5000000000000009 1.5000000000000002 8.5000000000000018 2.8567444086074834
decision_type=2 2 2 2 2 2 2 2 2 2 2 2 2 2 2 2 2 2 2 2 2 2 2 2 2 2 2 2 2 2
left_child=3 -2 5 12 13 6 7 9 -9 10 -3 -11 21 15 16 17 -15 18 19 -5 -20 22 23 -1 -25 -17 -16 28 -4 -21
right_child=1 2 27 4 -6 -7 -8 8 -10 11 -12 -13 -14 14 26 25 -18 -19 20 29 -22 -23 -24 24 -26 -27 -28 -29 -30 -31
leaf_value=-0.0019408175206401242 0.37538186494953785 -0.057797633946328621 0.28127509591784722 -0.014531608958562016 0.078881903784470686 0.25532694529594796 0.072174958323727861 0.0042081212986918269 -0.29917322067003821 0.017394280794243017 -0.28528779944902005 -0.25480136850550106 0.043141284040370501 0.0040182046816601676 -0.029391489623894089 0.033139096113325259 0.1046366936263395 -0.0049971735861903442 -0.045956836031824849 -0.12208722684142602 -0.16412391468134971 -0.00051724151903383912 -0.06540390027080846 0.0017383520635075598 -0.05557395048250395 0.0061558106602538666 0.13973292929272824 0.63320979377990338 -0.38621910014605215 -0.042157829674354191
leaf_weight=7265 8643 687 254 1611 7929 1168 937 82 118 1183 111 139 4226 11301 332 5397 2385 12389 92 83 80 111338 346 1465 2642 10647 2818 2481 83 187
leaf_count=7265 8643 687 254 1611 7929 1168 937 82 118 1183 111 139 4226 11301 332 5397 2385 12389 92 83 80 111338 346 1465 2642 10647 2818 2481 83 187
internal_value=0.000481073 0.00356389 0.00155985 0.000212773 0.000868871 -0.000413559 -0.00184771 -0.00338793 -0.012 -0.00257547 -0.00618045 -0.000399395 -7.20288e-05 0.00053024 0.00128867 0.000111396 0.000747918 -0.000759451 -0.00326449 -0.00229346 -0.0138837 -0.00013623 -0.00113774 -0.000953922 -0.00237107 0.000895288 0.0036381 0.00465862 -0.000587537 -0.01
internal_weight=198419 15886 7243 182533 55251 4425 3257 2320 200 2120 798 1322 127282 47322 16836 30486 13686 14442 2053 1881 172 123056 11718 11372 4107 16044 3150 2818 337 270
internal_count=198419 15886 7243 182533 55251 4425 3257 2320 200 2120 798 1322 127282 47322 16836 30486 13686 14442 2053 1881 172 123056 11718 11372 4107 16044 3150 2818 337 270
is_linear=0
shrinkage=0.06


Tree=61
num_leaves=31
num_cat=0
split_feature=0 1 0 23 0 11 1 16 11 20 21 0 3 21 25 3 0 14 21 16 21 17 21 26 11 21 2 17 21 0
split_gain=45.8097 11.9789 10.3124 9.78459 8.80637 7.94028 7.13489 4.9253 4.90823 5.44854 5.07834 4.71619 5.63949 3.94875 3.87951 3.8096 6.35756 3.91356 3.80183 5.45164 4.0209 6.55093 3.60469 3.92613 3.06935 5.17184 2.97375 3.46287 2.96403 2.68717
threshold=41.712530136108406 137.50000000000003 72.193359375000014 7.7909934520721444 15.417643547058107 0.20570998638868335 211.00000000000003 22.500000000000004 0.43672485649585729 2.5000000000000004 0.43069899082183843 1.6419573426246645 25.500000000000004 0.051596859470009811 11.500000000000002 29.000000000000004 6.5752253532409677 1.0000000180025095e-35 0.21874103695154193 10.500000000000002 0.14578184485435489 4.5000000000000009 0.10818686708807947 14.417377948760988 0.2133271470665932 0.17096395045518878 3.5000000000000004 2.5000000000000004 0.057964274659752853 8.5737476348876971
decision_type=2 2 2 2 2 2 2 2 2 2 2 2 2 2 2 2 2 2 2 2 2 2 2 2 2 2 2 2 2 2
left_child=3 -2 5 8 6 7 11 18 15 28 14 12 -5 -4 29 16 -1 -17 19 20 -3 -22 23 -19 25 26 -6 -28 -10 -11
right_child=1 2 13 4 24 -7 -8 -9 9 10 -12 -13 -14 -15 -16 17 -18 22 -20 -21 21 -23 -24 -25 -26 -27 27 -29 -30 -31
leaf_value=-0.0016817496988911817 0.49664855935827301 -0.0945796120101009 -0.37963757939127929 -0.12083770716380242 0.057446060237764912 0.34051812218377497 0.065279051360360468 -0.30361653563190644 -0.083432223249991513 -0.024622299804628014 0.04516173031170382 0.0052081357676934253 -0.024757764639898719 0.56367496917544213 -0.087277381391512698 -0.0033696321822205963 0.04886920990592987 -0.26351384055648286 0.0002616500433641443 0.027523072683385202 -0.2606591509751533 -0.12727890307258044 0.15012287572990476 0.039726836363943446 0.22231998652149121 0.11108685370880472 0.0046185146410830701 -0.14313624508604519 0.038225978696579246 0.022096917155961869
leaf_weight=6374 6728 156 85 85 261 841 6296 100 183 2804 2262 11127 997 2839 624 128687 3837 137 1738 324 84 95 2547 264 1945 2648 128 147 11527 2549
leaf_count=6374 6728 156 85 85 261 841 6296 100 183 2804 2262 11127 997 2839 624 128687 3837 137 1738 324 84 95 2547 264 1945 2648 128 147 11527 2549
internal_value=0.000467768 0.00391224 0.00202363 0.00022647 0.00136684 -0.000255242 0.000757093 -0.00195354 5.98908e-05 0.0009411 -0.000241048 -8.89505e-05 -0.00387061 0.00462517 -0.00115744 -6.40411e-05 0.00105239 -0.000150644 -0.00140926 -0.00528983 -0.0106567 -0.0167933 0.00201085 -0.00327681 0.00356678 0.0024196 -0.00295522 -0.00730909 0.00177284 -0.000635531
internal_weight=198419 12990 6262 185429 23634 3338 18505 2497 161795 19949 8239 12209 1082 2924 5977 141846 10211 131635 2397 659 335 179 2948 401 5129 3184 536 275 11710 5353
internal_count=198419 12990 6262 185429 23634 3338 18505 2497 161795 19949 8239 12209 1082 2924 5977 141846 10211 131635 2397 659 335 179 2948 401 5129 3184 536 275 11710 5353
is_linear=0
shrinkage=0.06


Tree=62
num_leaves=31
num_cat=0
split_feature=0 23 14 11 23 0 4 25 24 11 1 0 21 21 1 0 23 6 21 2 23 17 25 0 23 21 19 7 0 11
split_gain=44.2187 10.9369 9.81123 7.08952 6.81256 5.71596 5.60546 6.33492 6.62552 5.46835 5.0336 8.28789 4.90113 4.72249 3.94831 3.61604 3.42077 3.30144 3.78727 3.2213 3.17634 3.06206 4.16702 4.04974 3.02362 2.98612 2.98303 2.91613 5.29817 2.84373
threshold=61.939558029174812 14.812517642974855 1.0000000180025095e-35 1.0000000180025095e-35 14.603480815887453 17.298931121826175 199.50000000000003 1.5000000000000002 6851.4042968750009 0.2133271470665932 41.500000000000007 14.796993255615236 0.19260819256305697 0.34812484681606298 200.00000000000003 9.9253177642822283 4.7370638847351083 8.0500001907348651 0.15790324658155444 4.5000000000000009 21.794277191162113 3.5000000000000004 10.500000000000002 31.149155616760257 21.212114334106449 0.74832612276077282 78.062583923339858 1.0000000180025095e-35 34.128473281860359 0.27093729376792913
decision_type=2 2 2 2 2 2 2 2 2 2 2 2 2 2 2 2 2 2 2 2 2 2 2 2 2 2 8 2 2 2
left_child=1 2 3 4 10 14 -2 12 -9 13 11 -1 -8 20 15 29 19 -17 -19 -16 24 -7 -23 -24 -3 -12 -26 28 -4 -5
right_child=6 9 27 5 -6 21 7 8 -10 -11 25 -13 -14 -15 16 17 -18 18 -20 -21 -22 22 23 -25 26 -27 -28 -29 -30 -31
leaf_value=0.0052289426918695611 0.93849910746590515 -0.022635964899904427 -0.099278028792231687 0.026291728575609671 -0.084241117059425302 0.12207166881700922 -0.45762935941784161 -0.19174907381373588 0.27418085576164103 0.28668409120074007 -0.00422168162236225 0.10030248619452749 -0.020311471152986513 0.095195413425715456 0.077498052611065349 0.047490895263440434 0.14188848860021741 -0.070742075542648511 0.021309287029144409 0.0063198716556154 0.088279814774937834 0.061032636635896191 -0.01901586191650324 -0.18607865004773677 -0.0085172561046934596 0.048398340941999719 -0.12882547944663336 0.21932147259779003 0.2355248294574101 -0.013440000583264861
leaf_weight=17157 5916 1371 289 2077 194 3610 83 146 1586 1839 118628 2433 187 2801 1605 3631 1695 598 2861 7595 784 2492 284 90 86 2077 84 3997 218 12005
leaf_count=17157 5916 1371 289 2077 194 3610 83 146 1586 1839 118628 2433 187 2801 1605 3631 1695 598 2861 7595 784 2492 284 90 86 2077 84 3997 218 12005
internal_value=0.000454765 0.000272156 0.000183594 0.000114013 -8.37501e-05 0.00083486 0.00484819 0.0021039 0.00343649 0.00260589 -6.82132e-05 0.00082389 -0.00644444 0.00159891 0.000506502 2.89063e-05 0.0014346 0.00113399 -0.000192541 0.000978261 -0.0004 0.00246078 0.000996511 -0.00490909 -0.00198183 -0.000212998 -0.00952941 0.00294938 -0.00133728 -0.000527482
internal_weight=198419 190501 183536 179032 140489 38543 7918 2002 1732 6965 140295 19590 270 5126 32067 21172 10895 7090 3459 9200 2325 6476 2866 374 1541 120705 170 4504 507 14082
internal_count=198419 190501 183536 179032 140489 38543 7918 2002 1732 6965 140295 19590 270 5126 32067 21172 10895 7090 3459 9200 2325 6476 2866 374 1541 120705 170 4504 507 14082
is_linear=0
shrinkage=0.06


Tree=63
num_leaves=31
num_cat=0
split_feature=0 6 0 23 0 11 21 17 17 1 24 10 7 11 0 23 11 21 0 18 25 23 0 23 21 23 15 24 24 3
split_gain=42.9 13.1379 10.4035 8.94969 10.5502 7.68544 6.30807 8.82373 9.01761 5.06827 3.85521 4.11776 3.91263 4.53964 4.51392 3.69177 3.58501 3.55012 3.69096 4.07791 4.57054 3.472 3.11141 2.93681 2.93168 2.64264 6.41551 2.9149 2.83067 2.72886
threshold=41.712530136108406 12.700000286102297 78.621612548828139 1.1273880600929262 16.177365303039554 0.20570998638868335 0.17327156662940982 2.5000000000000004 4.5000000000000009 353.50000000000006 17749.068359375004 1.5000000000000002 2.5000000000000004 1.0000000180025095e-35 2.3591941595077519 2.629718661308289 0.68116891384124767 0.54243248701095592 65.666522979736342 0.12186991050839426 6.5000000000000009 11.313849925994875 0.62080836296081554 18.059432983398441 0.55524525046348583 1.0181506872177126 1.0000000180025095e-35 9401.8671875000018 9378.7553710937518 68.500000000000014
decision_type=2 2 2 2 2 2 2 2 2 2 2 2 2 2 2 2 2 2 2 2 2 2 2 2 2 2 2 2 2 2
left_child=3 -2 5 16 10 6 7 -3 -9 15 11 -5 14 23 21 17 24 18 19 -8 -21 -13 -23 -14 25 27 -27 28 -1 -29
right_child=1 2 -4 4 -6 -7 9 8 -10 -11 -12 12 13 -15 -16 -17 -18 -19 -20 20 -22 22 -24 -25 -26 26 -28 29 -30 -31
leaf_value=0.0025545107781711506 0.45314594190252994 -0.032418543576244116 0.76547347776744812 0.080782214327926927 0.07555280709831376 0.36519516009839259 -0.048650034111916984 -0.39384401319059092 -0.11961864795573572 -0.28073178471325633 0.11797676796300119 -0.015526486121349502 0.0041956761395876476 0.080513342378616584 0.0032411644696123572 0.21473252743508497 0.038565844136318535 0.1949471620589123 0.071118220807485005 -0.23804246935429615 -0.08697324377286203 -0.066179980477393818 -0.024785043770896777 0.22720794886624474 0.010725783590701508 -0.016822374147876136 -0.087586953092145314 0.0027597371687176327 0.090226142370215492 -0.011320047837122293
leaf_weight=34322 6956 258 2118 2033 8926 974 639 92 122 212 1074 4481 10526 3226 24756 565 4367 358 443 123 130 178 315 733 16525 1091 183 18904 715 53074
leaf_count=34322 6956 258 2118 2033 8926 974 639 92 122 212 1074 4481 10526 3226 24756 565 4367 358 443 123 130 178 315 733 16525 1091 183 18904 715 53074
internal_value=0.000449624 0.00378291 0.00173417 0.000216115 0.000847817 -9.8059e-05 -0.00162746 -0.00798305 -0.0169907 -0.000412955 0.000490935 0.000408407 0.000287007 0.00109562 -0.000106962 0.000419841 -5.89403e-05 -0.000981689 -0.00240449 -0.0046278 -0.0110751 -0.00175633 -0.0065355 0.000527045 -0.000118063 -0.000231658 -0.00294819 -0.000199318 0.000249508 -0.000417794
internal_weight=198419 12990 6034 185429 56248 3916 2942 472 214 2470 47322 46248 44215 14485 29730 2258 129181 1693 1335 892 253 4974 493 11259 124814 108289 1274 107015 35037 71978
internal_count=198419 12990 6034 185429 56248 3916 2942 472 214 2470 47322 46248 44215 14485 29730 2258 129181 1693 1335 892 253 4974 493 11259 124814 108289 1274 107015 35037 71978
is_linear=0
shrinkage=0.06


Tree=64
num_leaves=31
num_cat=0
split_feature=0 23 14 11 23 4 11 25 0 1 0 21 10 7 21 23 23 17 1 18 0 23 19 3 23 21 23 0 4 21
split_gain=43.1387 10.0196 9.40103 6.19025 5.74212 5.66342 5.39644 4.99094 4.96987 4.62679 7.59934 3.8984 3.5449 3.57851 3.33286 3.02012 2.98246 3.44778 3.5401 3.25562 2.8896 2.83739 3.25061 2.76208 2.71682 2.81415 2.62198 2.49044 3.7087 2.759
threshold=61.939558029174812 14.812517642974855 1.0000000180025095e-35 0.20570998638868335 14.603480815887453 253.50000000000003 0.2133271470665932 1.5000000000000002 17.298931121826175 41.500000000000007 15.417643547058107 0.34812484681606298 1.5000000000000002 2.5000000000000004 0.083033982664346709 21.794277191162113 5.315803289413453 3.5000000000000004 353.50000000000006 12.61370372772217 5.5109925270080575 21.212114334106449 78.062583923339858 126.50000000000001 4.7370638847351083 0.1960960924625397 14.302666187286379 9.9253177642822283 90.000000000000014 0.15790324658155444
decision_type=2 2 2 2 2 2 2 2 2 2 2 2 2 2 2 2 2 2 2 2 2 2 8 2 2 2 2 2 2 2
left_child=1 2 3 4 9 -2 11 -7 12 10 20 15 -5 27 -4 21 17 18 -10 -19 -1 -3 -23 -13 -15 -26 -11 -14 -29 -30
right_child=5 6 14 8 -6 7 -8 -9 16 26 -12 23 13 24 -16 -17 -18 19 -20 -21 -22 22 -24 -25 25 -27 -28 28 29 -31
leaf_value=-0.0034049406711108001 0.72303983854371523 -0.021472276874086885 -0.052249525749481267 0.093068741144136005 -0.081314806075285212 -0.36573811579197368 0.26746956871239008 0.075578987642153497 0.11203636464408902 -0.0036197957922081353 0.10164347902815193 0.024379196672836691 -0.0098681900692092674 0.012955787255208601 0.17888106768657944 0.082788556020264803 0.14775040460482131 0.013658157061023789 -0.098705493582680423 -0.09368460664890825 0.022632714762376927 -0.0075931553467319243 -0.13191096132250466 0.22917223764590156 -0.017868877860366374 0.19921975558252339 0.24358387620394256 0.036696430529579473 -0.072534170044314214 0.0038664686210369242
leaf_weight=10837 6951 1371 518 1544 194 132 1839 835 2717 120786 2325 1381 13585 8269 3986 784 1376 2180 97 101 6481 86 84 1420 374 1136 245 3580 546 2659
leaf_count=10837 6951 1371 518 1544 194 132 1839 835 2717 120786 2325 1381 13585 8269 3986 784 1376 2180 97 101 6481 86 84 1420 374 1136 245 3580 546 2659
internal_value=0.000440553 0.000260188 0.000175421 0.000107311 -7.63265e-05 0.00478 0.0024939 0.000477767 0.000785138 -6.21008e-05 0.000792038 0.00149356 0.000475752 0.000332151 0.00288277 -0.00032258 0.00230042 0.00163101 0.00303625 -0.000102586 0.000359626 -0.00186502 -0.00917647 0.00300107 0.00127559 0.00361589 -0.000200725 -0.000120766 0.000817981 -0.000664586
internal_weight=198419 190501 183536 179032 140868 7918 6965 967 38164 140674 19643 5126 31693 30149 4504 2325 6471 5095 2814 2281 17318 1541 170 2801 9779 1510 121031 20370 6785 3205
internal_count=198419 190501 183536 179032 140868 7918 6965 967 38164 140674 19643 5126 31693 30149 4504 2325 6471 5095 2814 2281 17318 1541 170 2801 9779 1510 121031 20370 6785 3205
is_linear=0
shrinkage=0.06


Tree=65
num_leaves=31
num_cat=0
split_feature=0 23 14 4 25 11 24 21 11 1 0 0 23 0 3 21 21 7 0 23 4 21 23 18 20 27 0 16 21 21
split_gain=40.8729 9.79743 8.23679 6.58504 6.04578 5.92317 5.31884 5.31394 5.12121 4.5404 8.71145 4.07224 3.63716 3.57735 4.08847 3.51318 4.10713 3.41461 4.95291 3.1915 2.93872 2.9277 4.10743 2.6901 4.30314 5.74378 2.65298 2.64614 2.56052 2.35996
threshold=61.939558029174812 14.812517642974855 1.0000000180025095e-35 199.50000000000003 1.5000000000000002 0.39678713679313665 6851.4042968750009 0.19260819256305697 0.2133271470665932 41.500000000000007 6.2991905212402353 27.322209358215336 9.608006954193117 22.482932090759281 126.50000000000001 0.39492434263229376 0.37068100273609167 1.0000000180025095e-35 34.128473281860359 11.313849925994875 183.50000000000003 0.34812484681606298 21.794277191162113 9.0773310661315936 2.5000000000000004 14.016833305358888 14.13877058029175 11.500000000000002 0.083033982664346709 0.19260819256305697
decision_type=2 2 2 2 2 2 2 2 2 2 2 2 2 2 2 2 2 2 2 2 2 2 2 2 2 2 2 2 2 2
left_child=1 2 5 -2 7 9 -6 -5 13 10 19 -12 15 14 -3 16 -7 18 27 -1 26 22 -16 29 -25 -26 -17 -4 -19 -11
right_child=3 8 17 4 6 12 -8 -9 -10 23 11 -13 -14 -15 21 20 -18 28 -20 -21 -22 -23 -24 24 25 -27 -28 -29 -30 -31
leaf_value=-0.0015468941951348846 0.81502730942444734 -0.013525356825303115 -0.0068948445700166786 -0.41216082860172804 -0.19452092216458772 0.0075470244543608556 0.21097018571582352 -0.0029186607893267745 0.25142139458964674 -0.0092922977830709463 0.027249423967210563 0.22655394824335387 0.10108327963748841 0.25299065993087594 -0.047178965115860491 0.0034081837293459165 -0.045830254526369324 -0.045847342434897888 0.19038516281473014 -0.061381049847468949 0.10899371673751311 0.20350794423134005 0.25708389474533083 -0.0065741521324675497 -0.028224223711040611 -0.16924718311025186 0.083853326600976191 -0.15895676370293602 0.22840553616305323 0.00022366356733418997
leaf_weight=12437 5916 2115 132 83 146 15868 1586 187 1839 32916 7638 1188 1429 677 726 3584 513 460 218 189 2326 1259 349 942 277 215 1708 157 3537 97802
leaf_count=12437 5916 2115 132 83 146 15868 1586 187 1839 32916 7638 1188 1429 677 726 3584 513 460 218 189 2326 1259 349 942 277 215 1708 157 3537 97802
internal_value=0.000434807 0.000259243 0.000175421 0.00465875 0.00168432 0.000111667 0.00298614 -0.00666667 0.00246805 -2.8749e-05 0.000780906 0.00222706 0.000959887 0.00149356 0.000875253 0.000784783 0.000289726 0.00270959 -0.00192899 -0.000230001 0.0018493 0.00260668 0.000306977 -0.000160179 -0.00274477 -0.00729268 0.00106803 -0.00707958 0.00329797 -0.000131826
internal_weight=198419 190501 183536 7918 2002 179032 1732 270 6965 153604 21452 8826 25428 5126 4449 23999 16381 4504 507 12626 7618 2334 1075 132152 1434 492 5292 289 3997 130718
internal_count=198419 190501 183536 7918 2002 179032 1732 270 6965 153604 21452 8826 25428 5126 4449 23999 16381 4504 507 12626 7618 2334 1075 132152 1434 492 5292 289 3997 130718
is_linear=0
shrinkage=0.06


Tree=66
num_leaves=31
num_cat=0
split_feature=0 23 0 4 0 21 21 11 3 0 17 11 16 11 3 25 16 17 25 7 19 24 16 1 0 23 0 0 21 17
split_gain=39.3767 9.30818 12.0232 5.90308 5.10378 5.59735 5.09945 5.16037 4.80653 5.30335 3.80468 3.88135 6.51447 3.5029 3.36922 3.25207 2.97288 2.8774 2.87324 2.79605 4.44521 3.04722 2.77403 2.65386 6.11135 3.86269 4.02245 3.56139 3.43897 3.55013
threshold=65.666522979736342 6.8165552616119394 20.731276512146 239.50000000000003 86.781265258789077 0.21874103695154193 0.41141399741172796 0.62564304471015941 219.50000000000003 8.1695337295532244 1.0000000180025095e-35 0.51548659801483165 10.500000000000002 0.2943719774484635 14.000000000000002 5.5000000000000009 18.500000000000004 4.5000000000000009 9.5000000000000018 1.0000000180025095e-35 105.8828811645508 6372.1987304687509 17.500000000000004 132.00000000000003 26.249145507812504 3.2802079916000371 48.56915473937989 2.5959763526916508 0.52405381202697765 3.5000000000000004
decision_type=2 2 2 2 2 2 2 2 2 2 2 2 2 2 2 2 2 2 2 2 8 2 2 2 2 2 2 2 2 2
left_child=1 6 8 -2 5 15 14 10 9 16 11 22 -13 -10 -1 -5 19 18 -11 20 -3 -21 -8 24 27 26 -25 -12 29 -28
right_child=3 2 -4 4 -6 -7 7 -9 13 17 23 12 -14 -15 -16 -17 -18 -19 -20 21 -22 -23 -24 25 -26 -27 28 -29 -30 -31
leaf_value=0.027840110072025189 0.76376845487427936 -0.030074333550245642 0.20778593006063853 -0.38506132620357347 0.69739210683459429 0.038871963029099933 0.044980412749596715 0.064453411663767848 0.034783352944393921 -0.0044013869400410357 -0.015002290356104859 -0.1481691269055562 0.087265839325118694 0.28311295404310305 -0.0034201176071242253 -0.023297855483573927 0.037975361910482432 0.060863530538155824 0.069309314074611286 -0.076254080518013689 -0.11767176686043675 -0.0075266042652691323 -0.0045965291204189129 -0.0072715409682109679 0.14874351069537597 0.047750670064249427 -0.087500136000429288 0.012814439727840701 0.02822370663171115 -0.26886342165514754
leaf_weight=2318 6041 867 3746 86 488 468 5279 2978 5015 4606 4090 83 195 1237 107959 111 1236 3150 1727 161 145 6485 1431 19315 1726 2483 116 14632 131 114
leaf_count=2318 6041 867 3746 86 488 468 5279 2978 5015 4606 4090 83 195 1237 107959 111 1236 3150 1727 161 145 6485 1431 19315 1726 2483 116 14632 131 114
internal_value=0.000424526 0.000260583 0.00126344 0.00478232 0.000848222 -0.00257143 8.58461e-05 0.000572119 0.000781762 0.000292866 0.000426454 0.0017241 -0.00522302 0.00221881 -0.000145978 -0.0110558 -0.000759613 0.00127997 0.000542871 -0.00120031 -0.00413834 -0.000752934 0.00201192 0.000213627 0.000706573 -0.000241256 -0.000522667 0.000391625 -0.00679778 -0.0112174
internal_weight=198419 191225 28375 7194 1153 665 162850 52573 24629 18377 49595 6988 278 6252 110277 197 8894 9483 6333 7658 1012 6646 6710 42607 20448 22159 19676 18722 361 230
internal_count=198419 191225 28375 7194 1153 665 162850 52573 24629 18377 49595 6988 278 6252 110277 197 8894 9483 6333 7658 1012 6646 6710 42607 20448 22159 19676 18722 361 230
is_linear=0
shrinkage=0.06


Tree=67
num_leaves=31
num_cat=0
split_feature=0 3 0 23 11 16 25 21 11 11 20 25 3 0 21 3 27 25 4 0 11 16 24 16 23 27 11 0 16 3
split_gain=38.627 14.6766 10.2686 7.4043 7.19194 5.74144 5.04997 9.08136 4.97752 5.04635 4.98137 4.94791 4.02539 4.47007 3.30682 3.02105 2.90613 2.77896 3.18259 4.6307 2.77435 5.07818 3.41156 3.96987 3.24096 2.64169 2.60355 2.55196 2.55032 2.53385
threshold=41.712530136108406 142.00000000000003 78.621612548828139 14.812517642974855 0.20570998638868335 22.500000000000004 2.5000000000000004 0.13181316107511523 0.51078239083290111 0.49360147118568426 2.5000000000000004 11.500000000000002 126.50000000000001 13.095165252685549 0.54729878902435314 17.500000000000004 8.418699264526369 5.5000000000000009 132.00000000000003 6.8170454502105722 0.78702321648597728 14.500000000000002 10257.641113281252 8.5000000000000018 3.2892084121704106 13.453821182250978 0.29007530212402349 17.298931121826175 21.500000000000004 14.000000000000002
decision_type=2 2 2 2 2 2 2 2 2 2 2 2 2 2 2 2 2 2 2 2 2 2 2 2 2 2 2 2 2 2
left_child=3 -2 4 8 5 6 7 -3 9 14 17 -8 13 15 29 -5 -13 -10 19 -19 22 -22 23 -12 28 -9 -16 -24 -25 -1
right_child=1 2 -4 12 -6 -7 11 25 10 -11 20 16 -14 -15 26 -17 -18 18 -20 -21 21 -23 27 24 -26 -27 -28 -29 -30 -31
leaf_value=0.021431083228248642 0.40213476549561467 -0.30607760920537325 0.63805639390699209 -0.083022843830886178 0.33720723468930341 -0.3140425253600187 0.026510783871815696 -0.10334448736853998 0.015319569840365624 -0.045482994021425922 0.041050731313385269 0.011657294613667404 0.15122297933796952 0.058745288727117956 0.0089804397309619644 -0.011381639431451341 -0.25016626549704485 -0.047582429200115434 0.13238269787304893 0.053375435125714056 -0.17259313722990696 0.061529132053899545 0.011605881176016748 -0.07777113570667471 0.00055306509084688605 0.034980217889227019 0.080569397921031835 0.15902594936125922 0.052816262632448999 -0.0017723221421001749
leaf_weight=2943 7246 96 2021 148 932 100 1860 291 3968 1003 666 89 3401 1644 18312 1420 162 879 3263 2547 156 123 3210 1116 823 193 2037 621 146 137003
leaf_count=2943 7246 96 2021 148 932 100 1860 291 3968 1003 666 89 3401 1644 18312 1420 162 879 3263 2547 156 123 3210 1116 823 193 2037 621 146 137003
internal_value=0.000412128 0.00357506 0.00130989 0.000190553 -0.000559226 -0.00208312 -0.00155853 -0.00651724 0.000117641 1.33172e-05 0.00107821 -0.000196115 0.00216211 0.000638855 3.98642e-05 -0.00165306 -0.00810359 0.00189003 0.00263627 0.00135902 -0.000182772 -0.00604301 6.56338e-05 -0.00154635 -0.00283453 -0.00317355 0.000754534 0.00122318 -0.00474485 -6.40531e-05
internal_weight=198419 12990 5744 185429 3723 2791 2691 580 178816 161298 17518 2111 6613 3212 160295 1568 251 10657 6689 3426 6861 279 6582 2751 2085 484 20349 3831 1262 139946
internal_count=198419 12990 5744 185429 3723 2791 2691 580 178816 161298 17518 2111 6613 3212 160295 1568 251 10657 6689 3426 6861 279 6582 2751 2085 484 20349 3831 1262 139946
is_linear=0
shrinkage=0.06


Tree=68
num_leaves=31
num_cat=0
split_feature=0 23 14 3 0 21 25 11 23 24 3 0 21 23 0 21 3 0 19 7 0 11 17 2 11 11 17 10 16 23
split_gain=38.804 8.34454 7.70739 7.23772 6.36079 9.54908 12.4793 5.52136 5.31884 4.30393 3.52307 8.36189 3.38526 4.1989 3.93041 3.6153 3.19833 3.17983 3.01739 2.82206 4.08077 2.73005 3.71725 4.7978 2.63897 3.64365 4.42773 3.24209 3.34279 7.28131
threshold=61.939558029174812 22.75537204742432 1.0000000180025095e-35 175.00000000000003 86.781265258789077 0.15157151222229007 5.5000000000000009 0.21158529072999957 9.608006954193117 6851.4042968750009 32.000000000000007 9.4515752792358416 0.31963206827640539 1.0241547226905825 23.89594650268555 0.32746671140193945 68.500000000000014 0.92909860610961925 21.422952651977543 1.0000000180025095e-35 34.128473281860359 0.30060535669326788 3.5000000000000004 7.5000000000000009 0.70235082507133495 0.27093729376792913 1.5000000000000002 1.5000000000000002 14.500000000000002 2.8841202259063725
decision_type=2 2 2 2 2 2 2 2 2 2 2 2 2 2 2 2 2 2 8 2 2 2 2 2 2 2 2 2 2 2
left_child=1 2 7 -2 5 6 -5 10 12 -7 11 17 18 14 15 -14 -10 -1 -9 20 -4 22 23 -17 25 26 -20 -27 -29 -30
right_child=3 -3 19 4 -6 9 -8 8 16 -11 -12 -13 13 -15 -16 21 -18 -19 24 -21 -22 -23 -24 -25 -26 27 -28 28 29 -31
leaf_value=-0.0259110590245102 0.83554900483777272 0.13576186111808353 -0.099246273772175569 -0.34661846320675471 0.7580897817510367 -0.18083716593477905 0.073614946890607116 -0.086865371729119539 -0.0021791063412300179 0.10248460676704102 -0.0021270023166966088 0.075746009942624259 0.11530122405481968 0.069560444490879295 0.1803315171135931 -0.034226979268049053 0.14683802780658273 0.00726924519857326 -0.090196518532615746 0.18255633599334478 0.17163184140008766 0.0065510616156479184 0.043018560445928063 -0.089903334921761419 0.044865020431180479 0.10649190017058281 0.043235253118780646 0.0020454169331737306 -0.01560685883898796 -0.07496546186199092
leaf_weight=1986 5111 1668 289 134 1084 93 133 132 742 1363 133465 3050 584 4257 1151 808 2136 6955 166 3997 218 8618 636 145 3467 709 2036 6739 5395 1152
leaf_count=1986 5111 1668 289 134 1084 93 133 132 742 1363 133465 3050 584 4257 1151 808 2136 6955 166 3997 218 8618 636 145 3467 709 2036 6739 5395 1152
internal_value=0.000399125 0.000228062 0.00019074 0.00451478 0.00206698 -0.000198491 -0.0106292 0.000130821 0.000766033 0.00171429 -3.89394e-05 0.00094621 0.000567579 0.00121082 0.000634065 0.000278566 0.00324809 2.08033e-05 4.12207e-05 0.00264298 -0.00157396 1.58717e-05 -0.00226935 -0.00464008 0.000101912 -0.00021967 0.00204905 -0.000576634 -0.000787596 -0.00175317
internal_weight=198419 190501 188833 7918 2807 1723 267 184329 38873 1456 145456 11991 35995 16199 11942 10791 2878 8941 19796 4504 507 10207 1589 953 19664 16197 2202 13995 13286 6547
internal_count=198419 190501 188833 7918 2807 1723 267 184329 38873 1456 145456 11991 35995 16199 11942 10791 2878 8941 19796 4504 507 10207 1589 953 19664 16197 2202 13995 13286 6547
is_linear=0
shrinkage=0.06


Tree=69
num_leaves=31
num_cat=0
split_feature=0 23 0 1 11 1 0 17 21 0 21 14 21 3 0 0 23 16 16 26 0 23 17 25 24 0 21 24 24 11
split_gain=37.8094 8.03221 10.5537 6.15847 5.52804 7.68223 5.27541 5.24902 5.12293 5.00504 8.11321 4.06799 4.71743 3.53786 4.23706 3.42061 3.31508 3.31364 3.18549 2.94162 4.84367 2.82904 2.69977 3.19017 5.03509 5.90212 5.92604 4.86938 4.85551 4.80591
threshold=65.666522979736342 4.7370638847351083 24.521744728088382 226.50000000000003 1.0000000180025095e-35 118.50000000000001 4.0413975715637216 1.0000000180025095e-35 0.43721179664134985 86.781265258789077 0.15157151222229007 1.0000000180025095e-35 0.18244930356740954 15.500000000000002 5.452667474746705 32.498483657836921 4.6291649341583261 6.5000000000000009 18.500000000000004 14.417377948760988 10.519749164581301 6.3437967300415048 1.0000000180025095e-35 11.500000000000002 12232.376953125002 21.800677299499515 0.30940997600555425 9540.3764648437518 8496.8959960937518 0.67763173580169689
decision_type=2 2 2 2 2 2 2 2 2 2 2 2 2 2 2 2 2 2 2 2 2 2 2 2 2 2 2 2 2 2
left_child=1 11 4 -2 7 6 -6 8 17 10 -5 13 15 14 -1 19 22 -3 -9 20 -13 -19 -15 29 25 -25 -27 28 -28 -24
right_child=3 2 -4 9 5 -7 -8 18 -10 -11 -12 12 -14 16 -16 -17 -18 21 -20 -21 -22 -23 23 24 -26 26 27 -29 -30 -31
leaf_value=-0.00096391960851898557 0.78538540299167425 0.091298745959404071 0.22786439840400366 -0.31505152603230979 -0.085150793320360088 0.13246204153502283 0.01169913989049093 0.004446870623949958 0.054163777596646645 0.59205147644375755 0.024506753902930629 0.024185643016717912 0.15180888153944688 0.0084502110919766112 0.057437242632127399 0.44472093785765326 -0.092437937519132041 -0.08509211894393455 0.043042989853966998 -0.040854290079630512 -0.37964384975060517 -0.041220313607986565 -0.0019090700478243143 0.0090199025208100737 -0.038836434286777903 -0.21757212948911958 -0.027503795735450112 0.17941337856602352 -0.35725875221565673 0.053918461857970647
leaf_weight=2000 5380 267 3473 155 372 4278 2463 19068 712 771 888 92 3022 21018 1948 149 621 441 3594 335 119 2334 107976 7093 5026 372 372 346 124 3610
leaf_count=2000 5380 267 3473 155 372 4278 2463 19068 712 771 888 92 3022 21018 1948 149 621 441 3594 335 119 2334 107976 7093 5026 372 372 346 124 3610
internal_value=0.00038703 0.000226383 0.00102027 0.00465721 0.000694146 0.00217883 -0.000243386 0.000294367 -0.0017837 0.00163396 -0.00107574 3.59093e-05 0.00199677 -1.25175e-05 0.00175988 -0.00246043 -6.02626e-05 -0.00285602 0.000638602 -0.00465934 -0.0102085 -0.00347027 -4.16479e-05 -0.000147503 -0.00102468 -0.000117732 -0.00398353 -0.00119715 -0.00500806 -4.26933e-05
internal_weight=198419 191225 37002 7194 33529 7113 2835 26416 3754 1814 1043 154223 3717 150506 3948 695 146558 3042 22662 546 211 2775 145937 124919 13333 8307 1214 842 496 111586
internal_count=198419 191225 37002 7194 33529 7113 2835 26416 3754 1814 1043 154223 3717 150506 3948 695 146558 3042 22662 546 211 2775 145937 124919 13333 8307 1214 842 496 111586
is_linear=0
shrinkage=0.06


Tree=70
num_leaves=31
num_cat=0
split_feature=0 23 14 1 11 0 0 21 25 10 7 1 0 23 21 11 23 0 7 21 23 17 1 21 18 0 4 0 26 16
split_gain=36.8196 7.98107 7.05266 5.59268 5.09384 5.36122 4.98882 7.53367 5.68548 3.46485 3.5241 3.229 8.07266 3.1885 3.34882 3.65876 3.28884 3.02103 5.77467 2.98188 2.71288 3.93542 4.11001 3.44053 3.4966 2.63424 2.29927 2.81053 2.26967 2.24246
threshold=65.666522979736342 22.75537204742432 1.0000000180025095e-35 220.50000000000003 0.20570998638868335 17.298931121826175 86.781265258789077 0.21333827078342441 5.5000000000000009 1.5000000000000002 2.5000000000000004 41.500000000000007 27.322209358215336 3.5130198001861577 0.1960960924625397 0.33587960898876196 3.398565530776978 39.752513885498054 1.0000000180025095e-35 0.083033982664346709 3.2032675743103032 3.5000000000000004 353.50000000000006 0.16614678502082827 9.0773310661315936 5.5109925270080575 55.000000000000007 15.417643547058107 14.417377948760988 14.500000000000002
decision_type=2 2 2 2 2 2 2 2 2 2 2 2 2 2 2 2 2 2 2 2 2 2 2 2 2 2 2 2 2 2
left_child=1 2 4 -2 11 9 7 8 -5 -6 -11 12 25 16 15 -15 -12 18 29 28 21 22 -7 -23 -25 -1 27 -3 -20 -4
right_child=3 26 17 6 5 20 -8 -9 -10 10 13 -13 -14 14 -16 -17 -18 -19 19 -21 -22 23 -24 24 -26 -27 -28 -29 -30 -31
leaf_value=-0.0032452948658080868 0.77046696262885417 -0.037686653891652266 -0.0024448553374324649 -0.30413553977301772 0.08173893301639916 0.11074901277295202 0.57119699773672628 0.089629617425525124 -0.030294656747499552 -0.0032342340314808335 0.013448714992994512 -0.0024645630083006856 0.21448924081244156 -0.072747077191091164 0.16427476222263787 0.046523145500758166 -0.11285910573963623 0.39490464794400243 -0.2470933170637305 0.17004440636160489 0.12055538175005213 -0.10772849895738024 -0.10813965157713348 0.031693419795077921 -0.13731233655596231 0.018455004239909329 0.22069174641606537 0.093274857470326406 0.045985494532275947 -0.11655099137168554
leaf_weight=10910 5236 145 169 136 1565 2539 840 795 187 20685 7972 125231 1255 103 1430 410 84 776 134 3117 2344 233 87 1794 102 8185 1358 187 239 171
leaf_count=10910 5236 145 169 136 1565 2539 840 795 187 20685 7972 125231 1255 103 1430 410 84 776 134 3117 2344 233 87 1794 102 8185 1358 187 239 171
internal_value=0.000384913 0.000226383 0.00018978 0.00459883 0.000132018 0.000737725 0.00186313 -0.000762075 -0.00848916 0.000409129 0.000268674 -3.16935e-05 0.000669288 0.00119352 0.00337519 -0.000783625 0.000667329 0.0025089 0.00181723 0.00254441 0.00223046 0.00140694 0.00296116 -0.000510098 0.000335443 0.000362922 0.00433136 -0.000144578 -0.00252547 -0.00564706
internal_weight=198419 191225 189535 7194 184929 39348 1958 1118 323 32249 30684 145581 20350 9999 1943 513 8056 4606 3830 3490 7099 4755 2626 2129 1896 19095 1690 332 373 340
internal_count=198419 191225 189535 7194 184929 39348 1958 1118 323 32249 30684 145581 20350 9999 1943 513 8056 4606 3830 3490 7099 4755 2626 2129 1896 19095 1690 332 373 340
is_linear=0
shrinkage=0.06


Tree=71
num_leaves=31
num_cat=0
split_feature=0 23 3 14 0 21 25 24 0 3 24 11 20 25 25 1 0 21 0 16 23 21 0 11 7 4 11 21 23 11
split_gain=36.1799 7.23759 7.1054 6.46721 5.62195 6.44604 5.36461 6.3058 4.5129 5.2837 4.37315 4.11233 4.23289 3.59539 3.60441 3.31633 7.05364 3.26851 3.14921 3.10241 2.99788 3.57111 3.28986 3.40899 3.19043 4.90199 2.78007 2.77974 4.12575 2.76406
threshold=61.939558029174812 14.812517642974855 169.00000000000003 1.0000000180025095e-35 86.781265258789077 0.21333827078342441 5.5000000000000009 11952.073242187502 15.417643547058107 66.500000000000014 6851.4042968750009 0.43672485649585729 2.5000000000000004 11.500000000000002 9.5000000000000018 41.500000000000007 20.731276512146 0.16896060109138492 5.5109925270080575 11.500000000000002 1.3482347726821902 0.44827167689800268 39.752513885498054 0.38462381064891821 2.5000000000000004 168.00000000000003 0.2133271470665932 0.34812484681606298 21.794277191162113 0.49360147118568426
decision_type=2 2 2 2 2 2 2 2 2 2 2 2 2 2 2 2 2 2 2 2 2 2 2 2 2 2 2 2 2 2
left_child=1 3 -2 11 5 6 7 -4 9 -3 -7 15 17 14 29 16 18 -13 -1 -8 21 22 23 24 25 -5 27 28 -11 -14
right_child=2 8 4 20 -6 10 19 -9 -10 26 -12 12 13 -15 -16 -17 -18 -19 -20 -21 -22 -23 -24 -25 -26 -27 -28 -29 -30 -31
leaf_value=-0.0043996098860601546 0.73567352352282589 -0.037502218218035357 -0.32327736547007779 -0.050208111804652351 0.64280948639514535 -0.23622176334955827 0.11658942054779102 -0.11352921973005553 0.14108706242892743 -0.052287342857604335 0.13969676611067497 -0.00064143930035622605 0.04545717388565252 -0.044430493506190709 0.10277388119835343 -0.0021982200342886352 0.14648675387268953 0.046934851237606608 0.018161066482091228 -0.11999287291093629 0.25779298270863243 0.23927154910626836 0.30795654915072868 0.41022395275371376 0.088706513231547185 -0.42412282555190145 0.34426520567204871 0.10748275058673577 0.13533249663212985 -0.014303900712629897
leaf_weight=11515 5039 923 103 891 1119 85 166 116 2624 979 1161 3332 1443 1250 1446 134455 1716 9860 8595 129 1225 1200 296 300 484 108 629 1376 434 5420
leaf_count=11515 5039 923 103 891 1119 85 166 116 2624 979 1161 3332 1443 1250 1446 134455 1716 9860 8595 129 1225 1200 296 300 484 108 629 1376 434 5420
internal_value=0.000381587 0.000216409 0.00435565 0.000144364 0.00197777 -0.000136363 -0.00578988 -0.0129041 0.00211486 0.000927436 0.00219583 8.78728e-05 0.000841546 -0.000119887 0.000331448 -2.1845e-05 0.000664162 0.00153821 0.00034908 -0.000508474 0.00238988 0.00144373 -6.06058e-05 -0.00103309 -0.00221308 -0.00415015 0.00201521 0.00120258 -0.000666666 -0.000242168
internal_weight=198419 190501 7918 183536 2879 1760 514 219 6965 4341 1246 179032 22751 9559 8309 156281 21826 13192 20110 295 4504 3279 2079 1783 1483 999 3418 2789 1413 6863
internal_count=198419 190501 7918 183536 2879 1760 514 219 6965 4341 1246 179032 22751 9559 8309 156281 21826 13192 20110 295 4504 3279 2079 1783 1483 999 3418 2789 1413 6863
is_linear=0
shrinkage=0.06


Tree=72
num_leaves=31
num_cat=0
split_feature=0 0 4 23 14 23 4 23 18 11 11 20 11 16 26 23 0 11 21 4 18 26 25 4 0 5 21 21 23 17
split_gain=34.7244 7.49519 18.0794 9.80721 5.60182 6.37415 5.5406 4.78883 4.15594 3.51942 4.60711 4.10584 3.60657 3.49119 4.37876 3.78929 3.37486 3.77665 3.45275 3.3066 3.19421 3.85577 2.91056 4.10367 4.14159 2.68551 2.60935 2.57548 2.98368 2.3625
threshold=65.666522979736342 28.558251380920414 98.500000000000014 8.489507198333742 1.0000000180025095e-35 7.4653646945953378 229.50000000000003 22.75537204742432 -7.8754701614379874 0.51078239083290111 0.48254731297492987 2.5000000000000004 0.43672485649585729 22.500000000000004 14.569777965545656 3.398565530776978 91.426315307617202 0.24385127425193789 0.21333827078342441 55.000000000000007 2.2289659976959233 22.688641548156742 5.5000000000000009 110.50000000000001 3.2056130170822148 10.500000000000002 0.29124811291694647 0.54729878902435314 8.7969288825988787 1.5000000000000002
decision_type=2 2 2 2 2 2 2 2 2 2 2 2 2 2 2 2 2 2 2 2 2 2 2 2 2 2 2 2 2 2
left_child=1 7 -3 4 5 8 -2 9 -4 10 12 22 27 15 -15 20 17 18 -8 -9 25 -22 -11 24 -24 26 -10 -1 -29 -12
right_child=6 2 3 -5 -6 -7 16 19 13 11 29 -13 -14 14 -16 -17 -18 -19 -20 -21 21 -23 23 -25 -26 -27 -28 28 -30 -31
leaf_value=-0.0017610051715613558 0.59606792237498718 0.17448555028047 -0.24141405503061647 0.35281376499513084 0.26949248111280377 -0.24836018078819208 -0.25477073370254677 -0.015753498988182232 -0.09420541643599134 0.0075254527960817398 0.074347569018483106 -0.0054252474276133529 0.036440135046308691 -0.016228501119867064 -0.29663193321765324 0.22296803489463152 0.60424091721143669 0.84384425656584827 -0.0098337341198150817 0.17665645483941617 -0.030092736544010092 -0.14849481496604447 -0.094186887694011054 0.1215897318217154 0.026477319801041392 0.025372470803783742 -0.010422750853075896 0.0081894186064002915 0.098703847935660186 -0.049093514898416332
leaf_weight=136795 5854 5153 117 897 707 83 210 251 886 3874 215 6547 3493 90 84 452 437 220 473 1141 471 276 316 3787 2638 941 1433 18455 936 1187
leaf_count=136795 5854 5153 117 897 707 83 210 251 886 3874 215 6547 3493 90 84 452 437 220 473 1141 471 276 316 3787 2638 941 1433 18455 936 1187
internal_value=0.00037312 0.000219166 0.00169802 -0.000422246 -0.00136462 -0.00209435 0.00446539 0.000123751 -0.00180632 9.63743e-05 9.34956e-06 0.00091318 3.94168e-05 -0.00152428 -0.00986207 -0.00119892 0.000985075 -0.00110963 -0.00331186 0.00362931 -0.00178637 -0.0053253 0.00164202 0.00239519 0.000719025 -0.00097546 -0.00207244 -3.2267e-06 0.000643907 -0.00341512
internal_weight=198419 191225 11590 6437 5540 4833 7194 179635 4750 178243 161081 17162 159679 4633 174 4459 1340 903 683 1392 4007 747 10615 6741 2954 3260 2319 156186 19391 1402
internal_count=198419 191225 11590 6437 5540 4833 7194 179635 4750 178243 161081 17162 159679 4633 174 4459 1340 903 683 1392 4007 747 10615 6741 2954 3260 2319 156186 19391 1402
is_linear=0
shrinkage=0.06


Tree=73
num_leaves=31
num_cat=0
split_feature=0 4 0 11 23 16 19 17 21 23 14 7 21 21 23 0 4 23 26 0 16 1 21 16 16 0 1 17 20 24
split_gain=33.795 13.633 8.94787 7.98212 6.13066 5.642 5.25493 4.51124 6.52213 5.35038 4.30174 5.20322 3.90904 3.6471 5.99153 5.60193 4.91618 4.34699 3.60895 3.06381 2.74334 2.68626 2.59176 2.88095 2.59159 2.58188 2.49699 2.4792 3.02462 2.87601
threshold=48.56915473937989 134.50000000000003 78.621612548828139 0.20570998638868335 22.75537204742432 17.500000000000004 104.5601272583008 2.5000000000000004 0.18379971385002139 0.52593147754669201 1.0000000180025095e-35 1.0000000180025095e-35 0.35429145395755773 0.1960960924625397 5.7255988121032724 12.764007568359377 205.00000000000003 16.804028511047367 15.496681213378908 15.91614866256714 18.500000000000004 47.500000000000007 0.20761293917894366 11.500000000000002 14.500000000000002 29.780868530273441 62.000000000000007 1.0000000180025095e-35 1.0000000180025095e-35 13045.874023437502
decision_type=2 2 2 2 2 2 8 2 2 2 2 2 2 2 2 2 2 2 2 2 2 2 2 2 2 2 2 2 2 2
left_child=4 -2 3 5 10 7 -7 -3 -9 12 13 19 -10 -1 27 16 17 20 -14 -12 22 -21 23 -16 -24 -17 -6 -15 29 -29
right_child=1 2 -4 -5 26 6 -8 8 9 -11 11 -13 18 14 15 25 -18 -19 -20 21 -22 -23 24 -25 -26 -27 -28 28 -30 -31
leaf_value=-0.0056842506510044336 0.46704633760906289 0.095865741447747344 0.46400635629768811 0.35672443884423327 -0.0054731860159820877 -0.082452804869723437 -0.30849194222777671 -0.26007323961015133 0.0021031544549914745 0.12057657210701399 -0.13351294193988217 0.14058413300765354 -0.22056469342462051 0.012680975193980889 -0.054818326135001802 0.060534428656763867 0.048448046455968334 -0.06423483301174035 -0.077270391604022229 0.074625079099356104 0.048698773555075694 -0.096521052846824079 0.012247256218622703 0.0058980171853534567 -0.017475304085129321 0.26042572649155876 0.18541375504942945 0.022061955586668756 -0.0033723859573398249 -0.0046985625300569323
leaf_weight=46988 5824 692 2068 757 282 330 160 81 250 309 81 3797 186 15340 84 5313 3950 983 160 194 1436 153 4493 84 2953 907 1308 13872 74684 10700
leaf_count=46988 5824 692 2068 757 282 330 160 81 250 309 81 3797 186 15340 84 5313 3950 983 160 194 1436 153 4493 84 2953 907 1308 13872 74684 10700
internal_value=0.000364955 0.00362596 0.00132546 -0.000810256 0.000176928 -0.00266236 -0.00832653 -0.00100834 -0.0036146 -0.0021547 0.000145217 0.00203787 -0.00547651 0.000101229 0.000259898 0.00121259 0.000546235 -0.000159673 -0.00960694 -0.00423364 0.000251934 -0.00178098 -0.000201733 -0.00757143 -3.54551e-05 0.00271061 0.00388679 9.19406e-05 -1.7772e-05 0.000559662
internal_weight=198419 10817 4993 2925 187602 2168 490 1678 986 905 186012 4225 596 181787 134799 20203 13983 10033 346 428 9050 347 7614 168 7446 6220 1590 114596 99256 24572
internal_count=198419 10817 4993 2925 187602 2168 490 1678 986 905 186012 4225 596 181787 134799 20203 13983 10033 346 428 9050 347 7614 168 7446 6220 1590 114596 99256 24572
is_linear=0
shrinkage=0.06


Tree=74
num_leaves=31
num_cat=0
split_feature=0 4 23 0 21 11 25 17 11 0 24 17 1 23 25 21 21 14 0 11 4 0 11 23 17 4 0 21 3 7
split_gain=32.8491 10.2323 6.60531 6.48203 6.55111 5.76661 8.60135 9.21092 5.12459 6.18644 3.72675 5.98282 3.71156 4.65172 3.44057 3.40077 3.6224 3.57221 2.86512 3.21659 2.95749 6.01043 3.79019 2.84346 4.18168 3.25746 4.86928 3.09053 2.6288 2.61575
threshold=57.770694732666023 155.50000000000003 24.933436393737797 86.781265258789077 0.21333827078342441 0.23976726084947589 5.5000000000000009 1.5000000000000002 0.21158529072999957 17.298931121826175 7534.7277832031259 2.5000000000000004 184.50000000000003 4.7370638847351083 7.5000000000000009 0.37399552762508398 0.38119827210903173 1.0000000180025095e-35 9.9253177642822283 0.27093729376792913 42.000000000000007 1.9264443516731264 0.28625878691673284 13.007656097412111 2.5000000000000004 108.50000000000001 4.596412420272828 0.43721179664134985 32.000000000000007 1.0000000180025095e-35
decision_type=2 2 2 2 2 2 2 2 2 2 2 2 2 2 2 2 2 2 2 2 2 2 2 2 2 2 2 2 2 2
left_child=2 -2 8 4 5 6 7 -3 15 12 11 -6 18 -14 -8 -1 -17 23 19 -10 21 -21 -22 25 27 26 -18 -25 -28 -19
right_child=1 3 -4 -5 10 -7 14 -9 9 -11 -12 -13 13 -15 -16 16 17 29 -20 20 22 -23 -24 24 -26 -27 28 -29 -30 -31
leaf_value=-0.003643123884629642 0.60324123892603143 -0.16496930920914077 0.24313524639051876 0.56543232171659463 0.32907119223196535 0.51730079139888629 0.15396668249893641 -0.3282156763577973 0.028344578587231387 0.069056710031930729 0.12659929032564643 -0.19854474335587033 0.011541622553069527 0.11554238443776345 -0.09724805341313833 0.057859007887203572 -0.0062394984440845127 -0.04789996215268065 0.015388129428707832 -0.11013618406463982 -0.098347725444910036 -0.020052854996130246 -0.0050895876915107606 -0.073780086995659105 0.10879287838693513 -0.0060966193752636328 0.053126449290481763 0.026663705264608626 0.01760798972134334 0.18871323353760563
leaf_weight=94074 5374 96 1002 1162 90 160 116 94 1734 7246 1253 124 9884 2154 173 1356 8388 195 7032 247 224 2033 9157 539 1757 27275 2350 1100 10525 1505
leaf_count=94074 5374 96 1002 1162 90 160 116 94 1734 7246 1253 124 9884 2154 173 1356 8388 195 7032 247 224 2033 9157 539 1757 27275 2350 1100 10525 1505
internal_value=0.000348021 0.00396575 0.000183278 0.00131824 -0.000666666 -0.00573709 -0.00903131 -0.0189474 0.000157489 0.000763164 0.00154192 -0.0057757 0.000409364 0.00124506 -0.00251211 -3.86389e-06 0.000370977 0.000293545 -8.3125e-05 -0.000597984 -0.000956521 -0.00289474 -0.000485449 0.000204953 0.00188339 8.75193e-05 0.000644218 -0.000296522 0.00137709 0.003
internal_weight=198419 8642 189777 3268 2106 639 479 190 188775 39711 1467 214 32465 12038 289 149064 54990 53634 20427 13395 11661 2280 9381 51934 3396 48538 21263 1639 12875 1700
internal_count=198419 8642 189777 3268 2106 639 479 190 188775 39711 1467 214 32465 12038 289 149064 54990 53634 20427 13395 11661 2280 9381 51934 3396 48538 21263 1639 12875 1700
is_linear=0
shrinkage=0.06


Tree=75
num_leaves=31
num_cat=0
split_feature=0 3 16 23 0 3 23 21 16 21 27 19 0 25 21 24 11 20 4 21 16 24 11 16 24 10 11 11 11 16
split_gain=32.5541 9.50134 6.34556 6.31224 4.78901 13.2268 7.34561 6.64764 4.90476 5.56973 6.51244 5.66528 4.56874 5.86979 8.35303 6.39037 3.54508 4.02877 3.49642 3.24019 3.04524 3.03973 3.03701 3.27625 3.14041 3.01767 2.93809 4.12755 2.92436 2.7918
threshold=57.770694732666023 143.50000000000003 22.500000000000004 24.933436393737797 28.558251380920414 63.500000000000007 8.489507198333742 0.22698328644037249 10.500000000000002 0.14208472520112994 11.415173053741457 78.345775604248061 86.781265258789077 1.5000000000000002 0.13181316107511523 6851.4042968750009 0.43672485649585729 2.5000000000000004 132.00000000000003 0.04125477001070977 11.500000000000002 14736.229980468752 0.62687611579895031 16.500000000000004 17119.833007812504 1.5000000000000002 0.49360147118568426 0.50397455692291271 0.56387564539909374 7.5000000000000009
decision_type=2 2 2 2 2 2 2 2 2 2 2 8 2 2 2 2 2 2 2 2 2 2 2 2 2 2 2 2 2 2
left_child=3 -2 12 4 16 -6 7 8 9 -7 -11 -12 13 14 -3 20 -1 18 -18 -20 -15 -21 23 -9 28 -17 -19 -28 -25 -27
right_child=1 2 -4 -5 5 6 -8 22 -10 10 11 -13 -14 15 -16 25 17 26 19 21 -22 -23 -24 24 -26 29 27 -29 -30 -31
leaf_value=-0.00034624386989185087 0.6237855551563829 -0.29685308135117155 -0.26797157152258905 0.22854713160708762 0.18238641991339549 -0.041836601359485526 0.27115804558296402 0.027523422652669903 -0.028616384081374263 -0.099180875670023066 -0.26318989226349065 -0.23236268736014881 0.59071755449076979 -0.29199778460116421 -0.013773475346206807 -0.19698685536590188 0.0078998619722963244 0.037326622426302344 -0.10366509869082255 0.095643546217623027 -0.055963427419466992 0.014099443974601639 0.29828132163416959 -0.016939331955378428 -0.20645414820369268 -0.041583702924730626 -0.071533534427015891 -0.0091886291921010783 -0.14029670998393934 0.18002314031547342
leaf_weight=156664 4785 109 80 1002 2658 304 878 2788 1013 155 111 92 1344 84 249 83 6727 1733 88 4451 82 2009 419 1303 101 227 174 7026 81 1599
leaf_count=156664 4785 109 80 1002 2658 304 878 2788 1013 155 111 92 1344 84 249 83 6727 1733 88 4451 82 2009 419 1303 101 227 174 7026 81 1599
internal_value=0.00033653 0.00393798 0.00172206 0.000172529 0.000147318 0.00143169 0.00010352 -0.000605937 -0.00385075 -0.00786707 -0.0129385 -0.0200099 0.00207625 0.000525278 -0.00656983 0.0017494 7.62111e-05 0.000785663 0.00144859 0.00243555 -0.00954217 0.00259133 0.00055243 7.4421e-05 -0.00220202 0.00273127 -0.000199485 -0.000733333 -0.00145665 0.00323987
internal_weight=198419 8642 3857 189777 188775 9903 7245 6367 1675 662 358 203 3777 2433 358 2075 178872 22208 13275 6548 166 6460 4692 4273 1485 1909 8933 7200 1384 1826
internal_count=198419 8642 3857 189777 188775 9903 7245 6367 1675 662 358 203 3777 2433 358 2075 178872 22208 13275 6548 166 6460 4692 4273 1485 1909 8933 7200 1384 1826
is_linear=0
shrinkage=0.06


Tree=76
num_leaves=31
num_cat=0
split_feature=0 4 0 23 11 21 17 25 16 0 1 23 21 14 16 0 26 11 23 11 27 11 27 26 11 16 25 24 25 16
split_gain=31.151 9.84029 5.93439 5.71241 5.30327 5.71165 10.858 6.59513 4.76147 4.75087 12.659 5.9702 5.47269 4.20758 4.59108 5.53429 5.93726 3.15866 4.13055 3.47496 3.19578 3.10403 3.02943 2.77689 2.71473 2.84739 3.1948 2.91526 5.12292 2.81191
threshold=57.770694732666023 135.50000000000003 78.621612548828139 24.933436393737797 0.20570998638868335 0.15157151222229007 1.5000000000000002 11.500000000000002 17.500000000000004 28.558251380920414 91.500000000000014 8.489507198333742 0.22698328644037249 1.0000000180025095e-35 10.500000000000002 37.445917129516609 10.870935916900637 0.51078239083290111 9.608006954193117 0.48254731297492987 3.2802683115005498 0.69759953022003185 11.519917011260988 25.399127006530765 0.62687611579895031 16.500000000000004 3.5000000000000004 8784.4453125000018 1.5000000000000002 18.500000000000004
decision_type=2 2 2 2 2 2 2 2 2 2 2 2 2 2 2 2 2 2 2 2 2 2 2 2 2 2 2 2 2 2
left_child=3 -2 4 9 5 6 -3 8 -7 17 -11 12 13 14 15 22 -17 19 20 -1 21 23 -12 -19 25 -14 27 -27 -29 -28
right_child=1 2 -4 -5 -6 7 -8 -9 -10 10 11 -13 24 -15 -16 16 -18 18 -20 -21 -22 -23 -24 -25 -26 26 29 28 -30 -31
leaf_value=0.0001556884823495594 0.59811310787755834 0.012178179127140934 0.3893020765999175 0.21483430371066242 0.38643678443684548 0.071585523649674812 -0.28137914694940458 -0.21201638165884981 -0.1266233784267963 0.14009433333559948 0.080352363806301327 0.28555182903296961 0.019173246122580194 0.22023508854535667 -0.042340156994592947 -0.17151498482545618 -0.24534999633131008 -0.058010142499892448 0.14243612176889539 -0.036840534113961002 0.014477294201651662 0.055561628614307253 -0.14573581684725528 -0.1440129080246457 0.28038444196748685 2.3255619247046775e-05 0.024474797198596805 -0.0054918326532788385 -0.25157088083302453 -0.1312876637922486
leaf_weight=160157 4691 130 2031 1002 524 797 98 108 263 3933 92 670 2331 265 665 93 144 547 1408 1402 14925 345 146 88 339 142 578 107 138 260
leaf_count=160157 4691 130 2031 1002 524 797 98 108 263 3933 92 670 2331 265 665 93 144 547 1408 1402 14925 345 146 88 339 142 578 107 138 260
internal_value=0.000324737 0.00384772 0.00164161 0.000164309 -0.00075 -0.00268195 -0.0113684 -0.000986301 0.00045283 0.000140326 0.00141957 -0.000321608 -0.000996226 -0.00420641 -0.00578947 -0.0102947 -0.0167848 6.95024e-05 0.000839716 -1.30353e-05 0.000563974 -0.0027551 -0.00383193 -0.00524409 0.000161746 -0.000327334 -0.00266939 -0.00717829 -0.0111429 -0.000587112
internal_weight=198419 8642 3951 189777 1920 1396 228 1168 1060 188775 9903 5970 5300 1405 1140 475 237 178872 17313 161559 15905 980 238 635 3895 3556 1225 387 245 838
internal_count=198419 8642 3951 189777 1920 1396 228 1168 1060 188775 9903 5970 5300 1405 1140 475 237 178872 17313 161559 15905 980 238 635 3895 3556 1225 387 245 838
is_linear=0
shrinkage=0.06


Tree=77
num_leaves=31
num_cat=0
split_feature=0 4 0 11 21 23 14 23 24 17 18 21 17 20 11 17 1 21 24 4 0 25 23 10 6 23 3 16 11 21
split_gain=30.6745 17.1019 9.18091 8.09734 4.94277 4.79006 4.74515 4.32542 4.0912 7.63735 6.3 4.54811 4.0483 5.07982 3.73654 3.71493 4.62083 3.65697 3.53974 3.30374 5.88251 4.05098 2.97267 3.05887 2.82606 2.82242 2.81813 2.65804 2.86462 2.48535
threshold=37.445917129516609 98.500000000000014 78.621612548828139 0.20570998638868335 0.21874103695154193 1.1273880600929262 1.0000000180025095e-35 2.629718661308289 11234.955566406252 2.5000000000000004 -0.085586275905370698 0.14578184485435489 3.5000000000000004 2.5000000000000004 0.52704873681068432 1.5000000000000002 353.50000000000006 0.50943857431411754 17749.068359375004 151.00000000000003 13.952573776245119 5.5000000000000009 1.3322262763977053 1.5000000000000002 22.94999980926514 26.186221122741703 17.500000000000004 21.500000000000004 0.50485298037529003 0.48932217061519628
decision_type=2 2 2 2 2 2 2 2 2 2 2 2 2 2 2 2 2 2 2 2 2 2 2 2 2 2 2 2 2 2
left_child=5 -2 3 4 8 -1 14 15 9 11 -11 -3 13 -10 17 -6 -17 18 22 20 26 -21 -7 -24 -4 27 -16 28 29 -25
right_child=1 2 24 -5 7 6 -8 -9 12 10 -12 -13 -14 -15 19 16 -18 -19 -20 21 -22 -23 23 25 -26 -27 -28 -29 -30 -31
leaf_value=-0.0013909616169681745 0.32196840796864024 0.10875354109713591 0.6352538077633354 0.23626288925999095 0.072306195052204356 0.035621906867934393 0.21601416266875367 0.18277716060042967 -0.18946486708775923 -0.26715796001845538 -0.18367865654482918 -0.20269483731966201 0.049524015362437251 -0.019801207460485633 -0.083395953612447643 -0.041398572721559057 -0.33976723446921225 0.03464148635319645 0.087718862378787399 -0.069839503849331214 0.078713870108653008 0.14221812214432933 0.06550535818985842 -0.0037397767603176545 0.10359055616270438 0.13390317736983012 -0.013920378989033401 0.029973447130887156 -0.049583139375793325 -0.041603859439018953
leaf_weight=128226 6116 224 1810 1390 654 1321 1067 683 94 140 140 91 384 149 154 1625 123 6616 1066 140 1630 2477 1718 33083 815 628 1943 2535 113 1264
leaf_count=128226 6116 224 1810 1390 654 1321 1067 683 94 140 140 91 384 149 154 1625 123 6616 1066 140 1630 2477 1718 33083 815 628 1943 2535 113 1264
internal_value=0.000319899 0.00298296 0.00121269 -0.000140073 -0.00142512 0.000110914 0.000575195 -0.000145867 -0.00465466 -0.00821849 -0.0154286 -0.00180952 -0.00127273 -0.00733333 0.000497879 -0.00134388 -0.00278719 0.00031822 0.00011043 0.00186696 0.000719614 0.00350096 2.09534e-05 -7.30533e-05 0.00414857 -0.000186109 -0.00138197 -0.000253818 -0.000391758 -0.000360381
internal_weight=198419 14438 8322 5697 4307 183981 55755 3085 1222 595 280 315 627 243 54688 2402 1748 48344 41728 6344 3727 2617 40662 39341 2625 37623 2097 36995 34460 34347
internal_count=198419 14438 8322 5697 4307 183981 55755 3085 1222 595 280 315 627 243 54688 2402 1748 48344 41728 6344 3727 2617 40662 39341 2625 37623 2097 36995 34460 34347
is_linear=0
shrinkage=0.06


Tree=78
num_leaves=31
num_cat=0
split_feature=0 3 0 11 21 23 0 23 11 4 25 0 24 14 25 17 21 25 26 21 20 14 10 23 16 11 24 1 21 11
split_gain=29.6712 16.4952 7.79676 7.03095 6.75247 4.62798 5.39032 3.98273 3.4572 4.66763 4.00091 3.52127 3.50833 3.35322 3.97623 7.01559 6.90275 4.42596 3.43967 3.3374 3.33691 3.19866 2.90558 2.87252 2.54973 2.50971 2.49159 2.6106 2.34314 3.40366
threshold=39.752513885498054 115.50000000000001 86.781265258789077 0.20570998638868335 0.21874103695154193 1.1273880600929262 24.521744728088382 2.629718661308289 0.39132411777973181 151.00000000000003 4.5000000000000009 13.952573776245119 17749.068359375004 1.0000000180025095e-35 5.5000000000000009 2.5000000000000004 0.13438916951417926 7.5000000000000009 10.870935916900637 0.53120040893554699 3.5000000000000004 1.0000000180025095e-35 1.5000000000000002 1.3322262763977053 9.5000000000000018 0.70235082507133495 6054.3205566406259 292.50000000000006 0.50943857431411754 0.27093729376792913
decision_type=2 2 2 2 2 2 2 2 2 2 2 2 2 2 2 2 2 2 2 2 2 2 2 2 2 2 2 2 2 2
left_child=5 -2 3 4 13 25 8 19 12 11 20 -10 21 14 15 16 -3 -16 -19 26 -11 22 -7 -24 -20 -1 -6 -28 29 -25
right_child=1 2 -4 -5 7 6 -8 -9 9 10 -12 -13 -14 -15 17 -17 -18 18 24 -21 -22 -23 23 28 -26 -27 27 -29 -30 -31
leaf_value=-0.0020661258598008363 0.30074157719518457 0.23436211777905447 0.57336926442369562 0.25782500443787348 -0.22055157892395855 0.053166340323561968 0.090166851379386875 0.20014901051737966 -0.010502098700035366 0.045230139627308291 0.12138498932411168 0.055073415899610803 0.088246653224537897 0.44741466413080672 0.10655278943733948 -0.24914174174853437 -0.20179627444512444 0.031969939893272917 -0.20137703195513076 0.11444475886931187 -0.086595580882538117 0.18838164220776094 0.035216117704272486 -0.0021001417768634709 -0.096368936876061184 0.033426265798018495 -0.011568210845451395 -0.19696714077966171 0.021401311475907948 -0.041849411340860662
leaf_weight=125230 6671 124 1590 1342 90 1940 2805 669 3070 266 3087 1635 1108 100 218 151 142 157 96 542 122 663 1384 33274 210 3484 1390 222 5068 1569
leaf_count=125230 6671 124 1590 1342 90 1940 2805 669 3070 266 3087 1635 1108 100 218 151 142 157 96 542 122 663 1384 33274 210 3484 1390 222 5068 1569
internal_value=0.000314758 0.00300744 0.000982252 -9.57269e-05 -0.00132668 0.000114832 0.000570199 0.00023275 0.000435002 0.00156968 0.00323741 0.000337939 0.00022877 -0.00511853 -0.0060765 -0.0106906 -0.00482707 -0.0032511 -0.00657019 -0.000978609 -0.00250515 0.000144608 8.11844e-05 -2.54266e-05 -0.0102745 -8.32541e-05 -0.00228437 -0.00174194 -0.000118614 -0.000293947
internal_weight=198419 13714 7043 5453 4111 184705 55991 2913 53186 8180 3475 4705 45006 1198 1098 417 266 681 463 2244 388 43898 43235 41295 306 128714 1702 1612 39911 34843
internal_count=198419 13714 7043 5453 4111 184705 55991 2913 53186 8180 3475 4705 45006 1198 1098 417 266 681 463 2244 388 43898 43235 41295 306 128714 1702 1612 39911 34843
is_linear=0
shrinkage=0.06


Tree=79
num_leaves=31
num_cat=0
split_feature=0 4 16 23 21 25 0 3 23 21 21 24 0 17 20 24 21 20 1 16 16 23 25 24 16 11 21 21 21 16
split_gain=29.7164 10.3544 6.19121 5.15011 4.43274 4.92768 4.12824 11.6861 6.72155 5.42277 7.22108 6.05608 3.33514 3.0896 4.774 4.20867 5.55343 6.07688 3.37553 2.70149 2.404 3.16829 2.53792 3.03472 3.0558 2.38555 2.47235 2.34773 4.8331 5.38082
threshold=57.770694732666023 134.50000000000003 22.500000000000004 24.933436393737797 0.04125477001070977 11.500000000000002 28.558251380920414 61.500000000000007 8.489507198333742 0.30741475522518164 0.30095402896404272 11234.955566406252 75.529083251953139 4.5000000000000009 1.5000000000000002 7563.8542480468759 0.19260819256305697 1.0000000180025095e-35 129.50000000000003 21.500000000000004 1.5000000000000002 2.8542082309722905 1.5000000000000002 9570.1909179687518 15.500000000000002 0.70235082507133495 0.19260819256305697 0.2291279807686806 0.23079120367765429 14.500000000000002
decision_type=2 2 2 2 2 2 2 2 2 2 2 2 2 2 2 2 2 2 2 2 2 2 2 2 2 2 2 2 2 2
left_child=3 -2 4 6 -3 20 19 -8 9 10 11 13 -7 15 -15 -9 -17 -18 -16 25 21 -6 23 -22 -25 26 -1 -28 29 -29
right_child=1 2 -4 -5 5 12 7 8 -10 -11 -12 -13 -14 14 18 16 17 -19 -20 -21 22 -23 -24 24 -26 -27 27 28 -30 -31
leaf_value=-0.0066913109328926293 0.53660770486840959 -0.18908134347941083 -0.21209181201069327 0.19369625428745396 -0.1360536105220066 -0.24798330169968927 0.14959835877215938 0.015545438558386379 0.2298058144181459 0.021581692363047571 -0.19761727287270633 0.023921411310300511 -0.006696908415191799 -0.024674719110345526 -0.31241989733116871 0.015128431849860631 -0.064590973495351603 -0.23958242428499338 -0.19564708300323908 0.016201155306136247 0.16718947143204946 0.71022169566014215 0.22814985149290623 -0.22265125223401727 0.019459768569355891 0.031420689866823878 0.01679742136724538 0.02376783298835447 0.00056140545861127023 -0.069300706357567299
leaf_weight=41324 4620 96 80 1002 261 100 2481 481 898 3575 133 1509 159 175 83 170 107 135 156 12528 192 129 2755 113 137 4794 12324 356 107144 402
leaf_count=41324 4620 96 80 1002 261 100 2481 481 898 3575 133 1509 159 175 83 170 107 135 156 12528 192 129 2755 113 137 4794 12324 356 107144 402
internal_value=0.000309618 0.00375052 0.00152461 0.000152927 0.00185997 0.00217785 0.000130155 0.00132263 0.000130962 -0.000538933 -0.00244354 -0.0017983 -0.00581467 -0.00478806 -0.00907246 -0.00280179 -0.00725243 -0.0130909 -0.0145858 6.41355e-05 0.00275495 -0.00169231 0.00329747 -0.000923077 -0.00528 1.44503e-07 -3.8997e-05 9.86145e-05 9.0084e-06 -0.00476517
internal_weight=198419 8642 4022 189777 3942 3846 188775 9903 7422 6524 2949 2816 259 1307 414 893 412 242 239 178872 3587 390 3197 442 250 166344 161550 120226 107902 758
internal_count=198419 8642 4022 189777 3942 3846 188775 9903 7422 6524 2949 2816 259 1307 414 893 412 242 239 178872 3587 390 3197 442 250 166344 161550 120226 107902 758
is_linear=0
shrinkage=0.06


Tree=80
num_leaves=31
num_cat=0
split_feature=0 3 0 11 21 23 0 23 1 11 4 25 14 24 0 0 24 21 20 11 17 20 21 25 21 25 21 25 16 2
split_gain=29.569 15.6245 7.0389 7.40191 5.9789 4.38743 5.75416 3.42165 3.30588 3.27973 4.45439 3.87277 3.16271 3.14631 2.98353 2.87494 2.79702 2.69913 3.54737 2.88478 2.65588 3.59012 3.60793 6.89885 4.97964 4.10871 4.018 2.63633 3.39329 3.88931
threshold=41.712530136108406 115.50000000000001 91.426315307617202 0.20570998638868335 0.21874103695154193 1.1273880600929262 27.322209358215336 2.629718661308289 353.50000000000006 0.39132411777973181 135.50000000000003 4.5000000000000009 1.0000000180025095e-35 15644.583496093752 11.824396133422853 12.30664110183716 17749.068359375004 0.50943857431411754 1.0000000180025095e-35 0.27093729376792913 1.0000000180025095e-35 3.5000000000000004 0.11913262307643892 5.5000000000000009 0.15157151222229007 7.5000000000000009 0.033042430877685554 6.5000000000000009 10.500000000000002 3.5000000000000004
decision_type=2 2 2 2 2 2 2 2 2 2 2 2 2 2 2 2 2 2 2 2 2 2 2 2 2 2 2 2 2 2
left_child=5 -2 3 4 20 -1 9 8 -6 12 15 13 16 14 -12 -11 17 19 -19 -7 -3 22 26 24 -24 -25 -22 -21 -29 -30
right_child=1 2 -4 -5 7 6 -8 -9 -10 10 11 -13 -14 -15 -16 -17 -18 18 -20 27 21 -23 23 25 -26 -27 -28 28 29 -31
leaf_value=-0.0013712739148469813 0.2960510876448007 0.027939764041602356 0.67018137186245874 0.27773711074382268 -0.0011724617540132894 0.00022647302687825861 0.11124011198362499 0.17994186282732227 -0.18704329347332377 -0.014466135488450884 -0.024939894376897084 0.10759990058041452 0.1769407102526013 0.19376868823513468 -0.17830922551558839 0.043251807628180469 0.075619687190757651 0.088374965181172563 0.0091324188508269365 0.020764283102706681 -0.20475701682260283 0.12448116026879343 -0.32825220508161074 0.38427057456735175 -0.14064041627978949 -0.11775178663148848 0.027548281785426808 -0.0026357405085297527 -0.031685841385845084 -0.094702509389321718
leaf_weight=129181 6283 209 1188 1380 2147 36451 2310 624 188 2332 236 3599 720 130 81 2018 1123 1135 4448 316 86 107 86 86 101 262 243 572 403 374
leaf_count=129181 6283 209 1188 1380 2147 36451 2310 624 188 2332 236 3599 720 130 81 2018 1123 1135 4448 316 86 107 86 86 101 262 243 572 403 374
internal_value=0.000299639 0.00306697 0.00105293 0.000151115 -0.00111766 0.000105777 0.000548073 0.000322406 -0.000732334 0.000422485 0.00151215 0.00294513 0.000221598 -0.00232215 -0.00554574 0.000179311 0.000158226 8.22447e-05 0.00131435 -9.82262e-05 -0.00472881 -0.00604943 -0.00733333 -0.0103738 -0.0196684 -0.00537931 -0.00238906 -0.00254054 -0.00369607 -0.00627799
internal_weight=198419 12990 6707 5519 4139 185429 56248 2959 2335 53938 8396 4046 45542 447 317 4350 44822 43699 5583 38116 1180 971 864 535 187 348 329 1665 1349 777
internal_count=198419 12990 6707 5519 4139 185429 56248 2959 2335 53938 8396 4046 45542 447 317 4350 44822 43699 5583 38116 1180 971 864 535 187 348 329 1665 1349 777
is_linear=0
shrinkage=0.06


Tree=81
num_leaves=31
num_cat=0
split_feature=0 6 0 21 23 0 4 0 11 25 17 14 7 23 1 11 21 23 11 21 0 16 24 3 0 0 23 0 0 7
split_gain=29.8473 9.86715 4.86617 5.25744 4.73491 7.16569 7.3321 4.97834 4.31891 4.93503 6.54795 3.72316 4.70715 3.07144 2.98873 2.87271 2.74767 3.35537 3.07044 2.7257 2.72983 2.70985 3.13681 2.68981 4.33198 2.68691 2.6504 3.1139 2.57937 2.63546
threshold=57.770694732666023 11.299999713897707 91.426315307617202 0.21333827078342441 9.608006954193117 27.322209358215336 173.00000000000003 1.2789404988288882 0.23976726084947589 5.5000000000000009 1.5000000000000002 1.0000000180025095e-35 1.0000000180025095e-35 17.846974372863773 353.50000000000006 0.31268873810768133 0.44827167689800268 1.3482347726821902 0.38462381064891821 0.43721179664134985 8.8093581199646014 16.500000000000004 9606.5390625000018 14.000000000000002 1.6419573426246645 21.800677299499515 10.881455898284914 8.1695337295532244 39.752513885498054 2.5000000000000004
decision_type=2 2 2 2 2 2 2 2 2 2 2 2 2 2 2 2 2 2 2 2 2 2 2 2 2 2 2 2 2 2
left_child=4 -2 3 8 11 6 7 21 9 10 -3 23 25 15 -5 19 17 18 28 20 -8 22 -6 24 -1 -13 -9 -28 29 -14
right_child=1 2 -4 14 5 -7 13 26 -10 -11 -12 12 16 -15 -16 -17 -18 -19 -20 -21 -22 -23 -24 -25 -26 -27 27 -29 -30 -31
leaf_value=-0.027488720401864637 0.51856321442246833 -0.10195986929937804 0.61786653503035527 0.11682085423363472 -0.075623490614728589 0.21148449495723776 0.031718292466937248 0.03279561820977428 0.39818950896473793 -0.030064571569473848 -0.27951171366596317 -0.11184259466146806 -0.12303288627293095 0.24808601765138003 -0.084007819445817949 0.3005406088542612 0.29431753877668543 0.29466263119252606 0.6584315166081981 0.11927156320577567 -0.034849756335275352 0.030459879877465124 -0.035232779292775962 -0.00055645104893432861 0.033282950489273655 -0.016389594553181949 -0.030963431532034451 0.0082304416075776772 0.32023203599080058 0.070803311035979935
leaf_weight=629 4200 167 1157 2102 105 1477 1920 2034 245 429 135 149 858 1448 207 661 1209 744 313 717 1196 116 268 163882 2880 327 2652 5529 179 484
leaf_count=629 4200 167 1157 2102 105 1477 1920 2034 245 429 135 149 858 1448 207 661 1209 744 313 717 1196 116 268 163882 2880 327 2652 5529 179 484
internal_value=0.000295103 0.00374358 0.00177217 0.000593608 0.000138068 0.00106042 0.000705034 -0.000233184 -0.00309836 -0.00540903 -0.0112848 4.06867e-05 0.0017917 0.00239515 0.00215418 0.00162083 0.00249855 0.00139178 1.30864e-05 0.000990869 0.000223364 -0.00614724 -0.00863807 -3.9068e-06 0.00163978 -0.00383193 4.99268e-05 -0.000431976 -0.00110059 -0.00200298
internal_weight=198419 8642 4442 3285 189777 18123 16646 10704 976 731 302 171654 4263 5942 2309 4494 3787 2578 1834 3833 3116 489 373 167391 3509 476 10215 8181 1521 1342
internal_count=198419 8642 4442 3285 189777 18123 16646 10704 976 731 302 171654 4263 5942 2309 4494 3787 2578 1834 3833 3116 489 373 167391 3509 476 10215 8181 1521 1342
is_linear=0
shrinkage=0.06


Tree=82
num_leaves=31
num_cat=0
split_feature=0 1 0 3 23 21 21 24 11 0 25 11 16 1 11 23 4 21 24 16 23 24 21 11 16 23 24 21 24 21
split_gain=29.252 6.97775 5.23841 12.4572 8.84356 5.21953 5.57545 5.20092 3.62304 3.61476 3.19625 3.03868 4.61909 5.37216 2.97172 4.42545 7.202 2.87431 2.53018 5.68794 3.9269 2.37971 2.36159 3.66483 2.83057 4.4468 2.31942 3.43452 2.97286 9.81297
threshold=65.666522979736342 224.00000000000003 28.558251380920414 61.500000000000007 8.489507198333742 0.30741475522518164 0.30095402896404272 11234.955566406252 0.21494740992784503 91.426315307617202 7.5000000000000009 0.24726432561874392 12.500000000000002 129.50000000000003 0.21158529072999957 9.608006954193117 67.000000000000014 0.21333827078342441 7676.5393066406259 11.500000000000002 0.11806936934590341 11952.073242187502 0.293117105960846 0.31717492640018469 17.500000000000004 2.7925844192504887 9472.9199218750018 0.73566424846649181 10257.641113281252 0.71195900440216076
decision_type=2 2 2 2 2 2 2 2 2 2 2 2 2 2 2 2 2 2 2 2 2 2 2 2 2 2 2 2 2 2
left_child=2 -2 14 -4 5 6 7 10 9 17 18 12 13 -12 26 -16 -17 -3 -5 20 -20 -9 23 24 -23 -26 -1 28 29 -28
right_child=1 8 3 4 -6 -7 -8 21 -10 -11 11 -13 -14 -15 15 16 -18 -19 19 -21 -22 22 -24 -25 25 -27 27 -29 -30 -31
leaf_value=0.0047163549489500868 0.45020573153586368 -0.14556615150339289 0.15000860389209605 0.011034507764351968 0.23155928923480518 0.019300947791987027 -0.187326472543732 0.28979348611434086 0.71804914052766355 0.31582950889412559 -0.3182471362499934 -0.23665311339460768 0.11403718975700777 -0.061779250609867477 0.0052102001975144717 -0.018002964572068215 0.13955971597075956 -0.0085999838363022742 -0.208826262932365 0.026080135634638537 -0.036045257696264529 -0.045257800763029321 0.22947450561129426 0.16850002468135733 -0.26509681090937054 0.05313515246992296 -0.016424238179465905 0.042669942615631104 -0.0027487990241173862 -0.19929968502420495
leaf_weight=46166 5346 296 2911 497 1257 3992 133 275 409 476 92 120 143 177 34481 785 2573 667 139 260 91 602 251 401 158 91 6829 2244 86459 98
leaf_count=46166 5346 296 2911 497 1257 3992 133 275 409 476 92 120 143 177 34481 785 2573 667 139 260 91 602 251 401 158 91 6829 2244 86459 98
internal_value=0.000292381 0.00404837 0.000151079 0.0013874 0.000248185 -0.000540016 -0.00225656 -0.0017707 0.00087013 -0.000546212 -0.00434891 -0.00809774 -0.00565049 -0.0102825 7.13115e-05 0.000543725 0.00262299 -0.00266044 -0.00232827 -0.00538775 -0.0122609 0.000431946 -0.000506986 -0.00157188 -0.00380023 -0.00918072 -5.47545e-05 -0.000223361 -0.000279099 -0.0014751
internal_weight=198419 7194 191225 11590 8679 7422 3430 3297 1848 1439 1519 532 412 269 179635 37839 3358 963 987 490 230 1778 1503 1252 851 249 141796 95630 93386 6927
internal_count=198419 7194 191225 11590 8679 7422 3430 3297 1848 1439 1519 532 412 269 179635 37839 3358 963 987 490 230 1778 1503 1252 851 249 141796 95630 93386 6927
is_linear=0
shrinkage=0.06


Tree=83
num_leaves=31
num_cat=0
split_feature=0 4 0 4 23 21 18 16 24 19 20 17 11 24 7 23 14 24 0 2 11 11 25 5 0 21 0 3 24 16
split_gain=27.8458 6.58723 5.69851 13.6269 7.2647 3.55304 3.28137 3.03735 3.02762 2.85118 2.74703 5.87529 2.66936 2.64156 2.63602 7.25886 5.77005 3.31014 3.27022 4.39928 4.97805 2.79638 3.69615 2.74531 2.50046 2.55726 2.45633 2.43887 2.38824 6.76849
threshold=69.17972564697267 259.50000000000006 28.558251380920414 87.500000000000014 4.9729187488555917 0.53120040893554699 -7.1270434856414786 17.500000000000004 10430.766601562502 93.503540039062514 2.5000000000000004 4.5000000000000009 0.21494740992784503 16492.236328125004 2.5000000000000004 13.349164962768556 1.0000000180025095e-35 9939.3471679687518 1.3482807874679568 1.5000000000000002 0.27093729376792913 0.56429800391197216 11.500000000000002 1.5000000000000002 91.426315307617202 0.21333827078342441 37.445917129516609 143.50000000000003 10257.641113281252 14.500000000000002
decision_type=2 2 2 2 2 2 2 2 2 8 2 2 2 2 2 2 2 2 2 2 2 2 2 2 2 2 2 2 2 2
left_child=2 27 14 -4 5 6 8 -8 -5 -9 -6 -12 24 -7 18 16 17 -16 19 20 -1 28 -23 -20 25 -3 -11 -2 29 -19
right_child=1 12 3 4 10 13 7 9 -10 26 11 -13 -14 -15 15 -17 -18 21 23 -21 -22 22 -24 -25 -26 -27 -28 -29 -30 -31
leaf_value=-0.025558638472180744 0.77479374584470373 -0.2610662936625805 0.11806032083723618 -0.24174360291545888 0.28114886663733096 0.079707530607359203 -0.013318872113737347 -0.055472165026918922 -0.1531119625083322 -0.024931075914297208 0.12710642861061361 -0.17451388344518717 0.96380710886790621 -0.1107216611454737 0.013335406813521846 0.12555668792975477 0.38007256518361271 0.062211100980409981 0.0068285045655941054 -0.0032099806242473954 -0.10871440393952897 0.076205196998899119 -0.11691000919351421 -0.0027835433343739624 0.13722799304750591 -0.042092826290188241 -0.22401660088753184 0.17518717125066743 -0.0037390258200399955 -0.091939439840887358
leaf_weight=4920 3516 121 4873 92 1187 1076 3444 744 90 89 307 92 143 89 18291 2689 1223 377 33791 14528 260 2025 179 71386 210 231 227 2253 29381 585
leaf_count=4920 3516 121 4873 92 1187 1076 3444 744 90 89 307 92 143 89 18291 2689 1223 377 33791 14528 260 2025 179 71386 210 231 227 2253 29381 585
internal_value=0.000285427 0.0041557 0.000154888 0.00140374 -0.000212182 -0.00118851 -0.00192574 -0.00160657 -0.00982418 -0.00441509 0.00338966 -0.000917293 -0.00131915 0.00177682 6.93074e-05 0.000416439 0.000259427 0.000161454 -8.2876e-05 -0.000792165 -0.00229344 -0.000201493 0.00186207 5.00302e-05 -0.00318149 -0.00627273 -0.00918987 0.00482475 -0.000351382 -0.00329314
internal_weight=198419 6474 191945 12310 7437 5851 4686 4504 182 1060 1586 399 705 1165 179635 54750 52061 50838 124885 19708 5180 32547 2204 105177 562 352 316 5769 30343 962
internal_count=198419 6474 191945 12310 7437 5851 4686 4504 182 1060 1586 399 705 1165 179635 54750 52061 50838 124885 19708 5180 32547 2204 105177 562 352 316 5769 30343 962
is_linear=0
shrinkage=0.06


Tree=84
num_leaves=31
num_cat=0
split_feature=0 6 0 11 21 23 25 17 14 7 25 21 21 11 23 27 23 11 16 25 19 11 11 0 20 21 19 21 6 18
split_gain=26.9138 10.4324 5.48125 5.40088 5.12577 4.50238 4.45696 5.46027 3.74122 5.01399 3.55687 2.8635 2.52984 2.63919 4.26375 2.66071 2.57178 2.50923 2.4975 2.96467 2.82862 2.42705 2.4045 2.38308 2.35769 2.68239 2.48548 2.35326 3.87692 2.27902
threshold=57.770694732666023 11.299999713897707 86.781265258789077 0.20570998638868335 0.21333827078342441 24.933436393737797 5.5000000000000009 1.5000000000000002 1.0000000180025095e-35 1.0000000180025095e-35 11.500000000000002 0.57018676400184642 0.54729878902435314 0.51078239083290111 9.608006954193117 3.2802683115005498 8.7969288825988787 0.48254731297492987 17.500000000000004 2.5000000000000004 48.908920288085945 0.47382839024066931 0.69759953022003185 21.800677299499515 2.5000000000000004 0.16470228880643847 83.06577301025392 0.2516866028308869 10.299999713897707 10.662106513977053
decision_type=2 2 2 2 2 2 2 2 2 2 2 2 2 2 2 2 2 2 2 2 10 2 2 2 2 2 8 2 2 2
left_child=5 -2 3 4 6 8 7 -3 12 23 18 -4 13 17 15 22 -14 21 19 -6 -20 29 -15 -10 25 -17 -26 28 -19 -1
right_child=1 2 11 -5 10 -7 -8 -9 9 -11 -12 -13 16 14 -16 24 -18 27 20 -21 -22 -23 -24 -25 26 -27 -28 -29 -30 -31
leaf_value=-0.00095519481228216116 0.45320731170602541 -0.13460352353178479 0.5004592407849362 0.32370270516096594 -0.041924733421867429 0.17905880565015903 -0.035174414300057313 -0.2498273419124947 -0.10525753285182497 0.11521707260243212 -0.15551256812068043 -0.15953209421578918 0.0088031968464951302 -0.073601566958869852 0.1358185684609374 -0.011023555617806012 0.083983236250093726 0.00084395473254455372 -0.1995558759959713 0.21164647301207723 0.051387171941434315 0.13013897888544312 0.030198968206416446 -0.020274648398513825 -0.024318234839451343 0.036912415469131335 0.023424372175811344 -0.0066584432934992145 -0.11181958531148638 -0.039541534399874109
leaf_weight=142171 4200 138 1417 784 258 1002 397 120 158 3943 132 131 21101 593 1557 2059 1057 218 113 769 183 378 370 334 3416 6887 2085 809 298 1341
leaf_count=142171 4200 138 1417 784 258 1002 397 120 158 3943 132 131 21101 593 1557 2059 1057 218 113 769 183 378 370 334 3416 6887 2085 809 298 1341
internal_value=0.000281495 0.00355612 0.00152904 -1.24393e-05 -0.00159242 0.000132377 -0.006 -0.0121395 0.000111085 0.00183315 0.000391753 0.00441085 6.96541e-05 -1.25042e-05 0.000695586 0.000393251 0.000670999 -9.52379e-05 0.0013288 0.00272834 -0.00352703 -7.13042e-05 -0.00266044 -0.00387805 0.000596802 0.00119785 -0.000380658 -0.00269434 -0.00586046 -8.39509e-05
internal_weight=198419 8642 4442 2894 2110 189777 655 258 188775 4435 1455 1548 184340 162182 16967 15410 22158 145215 1323 1027 296 143890 963 492 14447 8946 5501 1325 516 143512
internal_count=198419 8642 4442 2894 2110 189777 655 258 188775 4435 1455 1548 184340 162182 16967 15410 22158 145215 1323 1027 296 143890 963 492 14447 8946 5501 1325 516 143512
is_linear=0
shrinkage=0.06


Tree=85
num_leaves=31
num_cat=0
split_feature=0 4 0 4 23 11 24 23 18 17 24 20 5 16 21 23 5 25 17 24 17 19 20 17 16 0 23 3 26 26
split_gain=26.0957 7.1889 5.57943 11.9127 6.79451 3.23037 3.09203 3.7048 3.89052 3.2724 5.49674 3.80001 4.94297 3.40542 2.96039 2.96001 3.28809 3.7487 2.94129 2.89772 2.62689 3.56827 2.51219 5.44032 2.43955 2.42514 2.38896 2.75951 2.35621 3.54682
threshold=69.17972564697267 227.50000000000003 28.558251380920414 87.500000000000014 4.9729187488555917 0.21494740992784503 10318.560058593752 1.7259050011634829 -7.1270434856414786 1.5000000000000002 8347.2670898437518 1.5000000000000002 6.5000000000000009 11.500000000000002 0.52006244659423839 1.3482347726821902 10.500000000000002 2.5000000000000004 2.5000000000000004 16492.236328125004 5.5000000000000009 69.193405151367202 2.5000000000000004 4.5000000000000009 21.500000000000004 21.312211990356449 24.933436393737797 46.000000000000007 25.653615951538089 27.188018798828129
decision_type=2 2 2 2 2 2 2 2 2 2 2 2 2 2 2 2 2 2 2 2 2 10 2 2 2 2 2 2 2 2
left_child=2 -2 24 -4 6 15 7 8 -5 -10 -11 13 -13 -12 20 16 18 -18 -3 -16 28 -22 -6 -24 26 -26 -1 -28 -8 -30
right_child=1 5 3 4 22 -7 14 -9 9 10 11 12 -14 -15 19 -17 17 -19 -20 -21 21 -23 23 -25 25 -27 27 -29 29 -31
leaf_value=-0.00020976562037552127 0.46124908548071986 -0.014969961776698425 0.10910842580019385 -0.22727142423549551 0.26438162014935679 0.88121116488790996 0.010773427669978665 -0.20250533670208357 0.035693474996344211 -0.006676000388858943 -0.17654266486939935 -0.10925271305527798 -0.36787170624230442 0.034047915416670342 0.22245441646975614 0.13804644411328224 -0.18222173868185737 0.14070406408011876 -0.28939619537144062 -0.10460655328753499 -0.1603815888614292 0.0059975808658636175 0.12035861491423268 -0.16398573874973912 0.016946037787080127 -0.076180457136384425 -0.069395913202603382 0.21436021361912008 -0.21727057830869206 -0.040977670707674614
leaf_weight=166344 5232 133 4873 91 1187 266 2126 106 559 895 103 123 97 197 659 313 124 295 111 89 118 131 307 92 12372 222 95 602 116 441
leaf_count=166344 5232 133 4873 91 1187 266 2126 106 559 895 103 123 97 197 659 313 124 295 111 89 118 131 307 92 12372 222 95 602 116 441
internal_value=0.000270005 0.00401668 0.000143635 0.00137937 -0.000131504 -8.69563e-05 -0.00107571 -0.00287149 -0.00230993 -0.00175076 -0.00328622 -0.00819231 -0.0141818 -0.0038 -1.63041e-05 -0.00168443 -0.00395475 -0.00073031 -0.0094918 0.00335294 -0.000875852 -0.00677108 0.00335183 -0.000766917 5.89531e-05 0.000864221 -1.75982e-06 0.00350359 -0.000328736 -0.00380251
internal_weight=198419 6474 191945 12310 7437 1242 5851 2171 2065 1974 1415 520 220 300 3680 976 663 419 244 748 2932 249 1586 399 179635 12594 167041 697 2683 557
internal_count=198419 6474 191945 12310 7437 1242 5851 2171 2065 1974 1415 520 220 300 3680 976 663 419 244 748 2932 249 1586 399 179635 12594 167041 697 2683 557
is_linear=0
shrinkage=0.06


Tree=86
num_leaves=31
num_cat=0
split_feature=0 6 0 3 23 14 24 24 24 21 5 11 0 21 0 26 18 21 20 7 23 14 24 11 0 24 0 2 2 11
split_gain=25.3034 7.10461 5.33288 11.6607 5.94345 4.44543 4.76043 4.46039 5.72062 5.54951 4.49899 3.94267 4.30777 4.12392 3.77168 3.39499 2.76111 3.78026 3.65449 2.37845 6.89588 5.37024 3.58843 2.70808 2.67292 2.99302 2.60231 3.32983 2.61942 3.17926
threshold=69.17972564697267 16.550000190734867 29.780868530273441 76.500000000000014 8.489507198333742 1.0000000180025095e-35 10318.560058593752 7189.9912109375009 7495.5214843750009 0.15157151222229007 6.5000000000000009 0.21494740992784503 91.426315307617202 0.21333827078342441 46.076341629028327 15.969103813171388 2.7234070301055913 0.19782134145498279 1.5000000000000002 2.5000000000000004 17.846974372863773 1.0000000180025095e-35 9939.3471679687518 0.37052993476390844 5.7859416007995614 10116.251953125002 3.2056130170822148 1.5000000000000002 1.5000000000000002 0.67763173580169689
decision_type=2 2 2 2 2 2 2 2 2 2 2 2 2 2 2 2 2 2 2 2 2 2 2 2 2 2 2 2 2 2
left_child=2 -2 19 -4 5 6 7 9 15 10 -5 12 13 -3 16 -9 17 -10 -19 26 21 22 -21 24 -24 -26 28 -28 29 -1
right_child=1 11 3 4 -6 -7 -8 8 14 -11 -12 -13 -14 -15 -16 -17 -18 18 -20 20 -22 -23 23 -25 25 -27 27 -29 -30 -31
leaf_value=-0.017903178973068933 0.58216541019583568 -0.12562911441327557 0.12439134650738254 -0.21109225663325082 0.1915178298052263 0.20644218275919327 0.0010164776483961402 -0.24276164922856003 -0.096505303500579787 0.024912355211881589 -0.023684580281657437 0.80353796873950178 0.31346975271328631 0.0072173318220841156 -0.0083900146018625003 -0.095049603271239055 0.012199198435245622 -0.16174993004231344 -0.34495705567335055 0.013721024188858682 0.22688254602471583 0.35787568951096266 0.0030453907546933775 0.022480999186519305 -0.094506239825989977 -0.013923140833444389 0.010942886392627645 -0.0020972486290391883 -0.0030037757500992785 -0.15119606118160717
leaf_weight=9564 4132 371 3957 91 1115 810 3634 80 121 849 89 526 653 792 436 81 104 130 89 18934 1299 1232 15282 4596 163 13428 22220 66029 27512 100
leaf_count=9564 4132 371 3957 91 1115 810 3634 80 121 849 89 526 653 792 436 81 104 130 89 18934 1299 1232 15282 4596 163 13428 22220 66029 27512 100
internal_value=0.000262445 0.00395181 0.000138009 0.00138581 1.49432e-05 -0.000677924 -0.00126858 -0.00356522 -0.00633429 -0.000763848 -0.0103333 0.0013117 -1.32156e-05 -0.00220292 -0.00443182 -0.0167329 -0.00832432 -0.0109412 -0.0156438 5.78515e-05 0.000387083 0.000282465 0.000190409 -0.000183035 -0.000398365 -0.00101052 -8.63462e-05 9.10381e-05 -0.000507424 -0.0013572
internal_weight=198419 6474 191945 11586 7629 6514 5704 2070 1041 1029 180 2342 1816 1163 880 161 444 340 219 180359 54934 53635 52403 33469 28873 13591 125425 88249 37176 9664
internal_count=198419 6474 191945 11586 7629 6514 5704 2070 1041 1029 180 2342 1816 1163 880 161 444 340 219 180359 54934 53635 52403 33469 28873 13591 125425 88249 37176 9664
is_linear=0
shrinkage=0.06


Tree=87
num_leaves=31
num_cat=0
split_feature=0 6 0 4 23 24 21 11 0 16 21 17 25 24 20 11 16 23 25 27 19 17 11 23 1 10 24 24 0 11
split_gain=24.7278 6.80489 5.71141 12.6732 6.16463 3.57759 4.75214 3.34266 3.50127 3.14598 5.57065 3.15424 3.10438 4.87122 10.5512 3.00524 4.01848 2.6862 2.62134 3.24804 2.82505 2.36623 2.32406 3.58872 5.85146 2.46087 2.28585 2.35223 4.04739 2.69964
threshold=72.193359375000014 18.349999427795414 29.780868530273441 87.500000000000014 8.489507198333742 10318.560058593752 0.20761293917894366 0.21494740992784503 91.426315307617202 11.500000000000002 0.14578184485435489 2.5000000000000004 9.5000000000000018 6993.6384277343759 1.5000000000000002 0.25119876861572271 10.500000000000002 12.58334255218506 6.5000000000000009 4.2528636455535898 46.759160995483406 1.0000000180025095e-35 0.21158529072999957 15.119426727294924 41.500000000000007 1.5000000000000002 16086.083007812502 15721.367675781252 12.943249225616457 0.32602486014366155
decision_type=2 2 2 2 2 2 2 2 2 2 2 2 2 2 2 2 2 2 2 2 10 2 2 2 2 2 2 2 2 2
left_child=2 -2 22 -4 5 6 9 8 17 10 11 -5 -8 -14 -15 16 -7 21 19 -18 -20 -3 -1 25 -25 -24 27 -27 29 -29
right_child=1 7 3 4 -6 15 12 -9 -10 -11 -12 -13 13 14 -16 -17 18 -19 20 -21 -22 -23 23 24 -26 26 -28 28 -30 -31
leaf_value=-0.00083934436299233151 0.59260758236885125 0.30524721944854449 0.11391924686349979 0.039992239964126576 0.1811025392817214 0.036890275096453359 0.021280093500582683 0.85042368102747579 0.2581110867975363 -0.035252938338607293 -0.17673974685555602 -0.29026214364044434 0.017556839747363051 0.0012734071411492742 -0.34471985255020671 0.17115097184589489 -0.20693020457448516 0.57131110661761098 -0.10101448077117103 -0.084228319020718589 0.041320955541773591 -0.1266488697009352 0.063515277202028958 -0.055352888881739525 0.21273719181664055 0.0031560909873434577 0.029015376608310529 -0.08853382552194429 0.14537168468961709 -0.020590326497641021
leaf_weight=142278 4036 90 4872 149 1086 1273 1192 391 543 286 187 120 257 127 96 851 95 103 372 685 658 591 1743 146 1292 29300 4272 367 325 636
leaf_count=142278 4036 90 4872 149 1086 1273 1192 391 543 286 187 120 257 127 96 851 95 103 372 685 658 591 1743 146 1292 29300 4272 367 325 636
internal_value=0.000257607 0.00413347 0.000141853 0.00139249 -0.000166263 -0.000880907 -0.00269925 0.000970897 -0.000465712 -0.00669542 -0.00978947 -0.00426022 -0.000925837 -0.005 -0.0114888 0.000234876 -0.000636393 -0.00303061 -0.00245304 -0.00507692 -0.000466019 -0.00439648 5.65208e-05 0.000472834 0.00341307 0.000357449 0.000247565 6.62141e-05 -0.00240361 -0.00428913
internal_weight=198419 5754 192665 12306 7434 6348 2414 1718 1327 742 456 269 1672 480 223 3934 3083 784 1810 780 1030 681 180359 38081 1438 36643 34900 30628 1328 1003
internal_count=198419 5754 192665 12306 7434 6348 2414 1718 1327 742 456 269 1672 480 223 3934 3083 784 1810 780 1030 681 180359 38081 1438 36643 34900 30628 1328 1003
is_linear=0
shrinkage=0.06


Tree=88
num_leaves=31
num_cat=0
split_feature=0 4 0 1 11 25 21 24 17 19 11 0 21 24 16 16 24 23 4 26 6 11 23 23 14 10 24 23 21 24
split_gain=24.6874 6.52796 5.14611 12.7575 5.32287 4.42251 3.71361 5.26872 3.97526 4.90868 3.21851 3.4782 3.69709 3.34786 3.50722 3.03912 3.35468 3.01471 3.0197 2.76975 2.89684 2.46884 2.4177 3.19667 3.09228 2.54648 3.23667 2.6722 2.38407 3.77562
threshold=72.193359375000014 153.00000000000003 35.662218093872077 103.00000000000001 0.25478133559226995 11.500000000000002 0.21333827078342441 9689.8066406250018 1.5000000000000002 51.913869857788093 0.21494740992784503 91.426315307617202 0.21333827078342441 10484.014160156252 15.500000000000002 17.500000000000004 14516.597656250002 24.933436393737797 57.000000000000007 23.49708461761475 17.849999427795414 0.70235082507133495 1.1273880600929262 1.3322262763977053 1.0000000180025095e-35 1.5000000000000002 17749.068359375004 2.629718661308289 0.29124811291694647 11188.384277343752
decision_type=2 2 2 2 2 2 2 2 2 10 2 2 2 2 2 2 2 2 2 2 2 2 2 2 2 2 2 2 2 2
left_child=2 -2 17 -4 5 6 7 8 -5 -10 11 12 13 -3 -15 -8 -17 21 -19 20 -7 22 -1 -24 25 27 28 -25 -27 -30
right_child=1 10 3 4 -6 19 15 -9 9 -11 -12 -13 -14 14 -16 16 -18 18 -20 -21 -22 -23 23 24 -26 26 -28 -29 29 -31
leaf_value=-0.0020878861422827777 0.66882616387362659 0.005108757251247026 0.14303475984259414 -0.040404461847334878 0.12721909432841066 -0.16689282185456239 0.025629762097534078 0.022531352250583357 -0.046141507022018073 -0.25460671888752223 0.73569287067274047 0.30554706001483567 0.0160984295771733 -0.094957710240841167 -0.20986988240768967 -0.03247617283332721 -0.18625082285358024 -0.048743493290602971 0.22353982033518105 -0.19004713846941254 0.028971312176114889 0.030929062097497354 0.038181428160434558 -0.040988205755628046 0.1630211144229079 -0.0064863123502848742 0.094597742426784953 0.072944516775797788 -0.0046683764050903234 0.019685743528199341
leaf_weight=124344 3451 146 4093 211 1230 173 2102 494 108 145 526 705 739 81 106 460 145 158 698 83 163 5333 1841 398 843 22214 987 1858 11992 12592
leaf_count=124344 3451 146 4093 211 1230 173 2102 494 108 145 526 705 739 81 106 460 145 158 698 83 163 5333 1841 398 843 22214 987 1858 11992 12592
internal_value=0.000250349 0.00412304 0.00013469 0.00150335 -0.00043583 -0.00147796 -0.000810368 -0.00402088 -0.00861207 -0.0136838 0.00164915 0.000428813 -0.00172388 -0.00697297 -0.0122888 0.000325822 -0.00342149 6.4434e-05 0.00361682 -0.00731742 -0.00489286 4.77629e-05 9.45416e-06 0.000349929 0.000261065 0.000200356 0.000107356 0.00217021 3.56428e-05 0.000442727
internal_weight=198419 5754 192665 9407 5314 4084 3665 958 464 253 2303 1777 1072 333 187 2707 605 183258 856 419 336 182402 177069 52725 50884 50041 47785 2256 46798 24584
internal_count=198419 5754 192665 9407 5314 4084 3665 958 464 253 2303 1777 1072 333 187 2707 605 183258 856 419 336 182402 177069 52725 50884 50041 47785 2256 46798 24584
is_linear=0
shrinkage=0.06


Tree=89
num_leaves=31
num_cat=0
split_feature=0 4 0 1 11 21 24 21 21 25 16 23 4 24 16 21 16 17 1 0 24 26 27 11 21 23 14 10 23 16
split_gain=22.9875 6.58261 4.86125 11.01 4.95856 3.95172 3.23662 3.46784 3.10845 3.01726 3.07974 2.78841 2.90773 2.74842 2.70036 4.74275 2.68254 3.97597 3.662 2.67642 2.5601 2.34067 2.33769 2.3108 2.26201 1.92776 3.00358 2.56368 2.67244 2.67189
threshold=72.193359375000014 153.00000000000003 35.662218093872077 91.500000000000014 0.25478133559226995 0.22698328644037249 9689.8066406250018 0.21138186007738116 0.07383566722273828 11.500000000000002 17.500000000000004 24.933436393737797 57.000000000000007 14516.597656250002 7.5000000000000009 0.57018676400184642 10.500000000000002 1.5000000000000002 178.00000000000003 82.491657257080092 7077.2265625000009 21.400458335876468 6.8616130352020273 0.70235082507133495 0.54729878902435314 1.1273880600929262 1.0000000180025095e-35 1.5000000000000002 1.7987306118011477 21.500000000000004
decision_type=2 2 2 2 2 2 2 2 2 2 2 2 2 2 2 2 2 2 2 2 2 2 2 2 2 2 2 2 2 2
left_child=2 -2 11 -4 5 6 16 -8 -3 10 -7 23 -13 22 15 -10 17 -5 -19 20 -16 -18 -12 24 25 -1 27 -27 -29 -30
right_child=1 8 3 4 -6 9 7 -9 14 -11 13 12 -14 -15 19 -17 21 18 -20 -21 -22 -23 -24 -25 -26 26 -28 28 29 -31
leaf_value=-0.0034074919376185881 0.62869659404120914 -0.15159208388358938 0.14000837311380082 -0.035248462680061245 0.13586898834868363 0.029949452193902128 0.025903811437937435 -0.13954943644650517 0.026716473495376467 -0.099820913953385493 -0.17543099737669221 -0.04581888369316682 0.21012743111507021 -0.17320255791627634 -0.26004076734887049 -0.24967808269798891 0.042643632724248093 -0.27594111381110065 -0.10098184177553333 0.37951305144081987 0.044716637764972381 -0.08486994914299964 0.02621255233298532 0.029073318371647509 0.010053329108236551 0.053306730449931956 0.15323984755753348 0.019106851330158159 -0.0026880771076299914 0.037789275880156563
leaf_weight=107650 3451 128 3717 154 1314 2205 599 89 286 268 88 158 698 152 84 81 149 92 125 1093 631 81 374 5333 21419 2088 843 5337 37064 2668
leaf_count=107650 3451 128 3717 154 1314 2205 599 89 286 268 88 158 698 152 84 81 149 92 125 1093 631 81 374 5333 21419 2088 843 5337 37064 2668
internal_value=0.000240068 0.00397706 0.000128462 0.0014587 -0.000200351 -0.00117093 -0.00396121 -0.00115116 0.00149284 -5.83068e-06 0.000572544 6.01777e-05 0.00347664 -0.00318567 0.00202759 -0.00266485 -0.00717804 -0.0103342 -0.0155668 0.00298009 0.000125874 -0.00208696 -0.000883117 4.41445e-05 7.08221e-06 -7.24701e-05 0.00024375 0.000180292 8.50698e-05 -8.42643e-05
internal_weight=198419 5754 192665 9407 5690 4376 1289 688 2303 3087 2819 183258 856 614 2175 367 601 371 217 1808 715 230 462 182402 177069 155650 48000 47157 45069 39732
internal_count=198419 5754 192665 9407 5690 4376 1289 688 2303 3087 2819 183258 856 614 2175 367 601 371 217 1808 715 230 462 182402 177069 155650 48000 47157 45069 39732
is_linear=0
shrinkage=0.06


Tree=90
num_leaves=31
num_cat=0
split_feature=0 4 0 1 11 2 23 11 0 21 24 16 21 16 24 4 17 16 6 23 24 21 24 21 23 0 20 24 16 21
split_gain=22.7539 5.93649 4.91714 10.2848 4.01983 3.08001 3.02472 2.94953 2.79236 3.26448 3.22164 3.0447 2.70215 2.77287 3.57263 2.43837 2.38392 2.36417 2.21621 4.19702 3.08491 2.68011 2.72425 2.89139 2.20417 2.89875 4.6031 2.81658 2.7243 2.11591
threshold=72.193359375000014 153.00000000000003 35.662218093872077 92.500000000000014 0.25478133559226995 6.5000000000000009 24.933436393737797 0.21494740992784503 91.426315307617202 0.21333827078342441 10484.014160156252 15.500000000000002 0.2291279807686806 10.500000000000002 7850.5581054687509 57.000000000000007 4.5000000000000009 2.5000000000000004 23.650000572204593 13.221322059631349 9939.3471679687518 0.14386009424924853 17413.000000000004 0.12656717747449878 0.26935572922229772 48.56915473937989 3.5000000000000004 12607.379882812502 18.500000000000004 0.15157151222229007
decision_type=2 2 2 2 2 2 2 2 2 2 2 2 2 2 2 2 2 2 2 2 2 2 2 2 2 2 2 2 2 2
left_child=2 -2 6 -4 5 12 18 8 9 10 -3 -12 13 14 -5 -8 -16 -10 21 20 -20 22 -1 -24 25 28 27 -27 -14 -23
right_child=1 7 3 4 -6 -7 15 -9 17 -11 11 -13 24 -15 16 -17 -18 -19 19 -21 -22 29 23 -25 -26 26 -28 -29 -30 -31
leaf_value=-0.0071313436320854509 0.59097479839873657 0.013430840767161898 0.13071678302292589 -0.24516061812643677 0.12652276766097006 0.026261307069234626 -0.043069750671576819 0.67882439204130784 -0.068302426451358256 0.017797245650105441 -0.088494513051935356 -0.19648746056860167 0.043624707427999204 -0.052061571485754833 -0.16689757043795056 0.19751978524816596 0.10186893928917878 0.38664135933593824 0.018326384139964142 0.13917439218088606 -0.0015909056800978707 0.030612009986369336 -0.02732495190476775 -0.062700346127034165 0.051665439676213482 0.00088844490394389213 -0.18157689898985679 -0.16183405729726938 -0.24544519439166862 0.00022291986443805979
leaf_weight=23394 3451 146 3806 142 1296 1357 158 526 135 739 81 106 533 566 121 698 83 570 10896 1439 19168 2739 712 151 652 448 148 161 94 123903
leaf_count=23394 3451 146 3806 142 1296 1357 158 526 135 739 81 106 533 566 121 698 83 570 10896 1439 19168 2739 712 151 652 448 148 161 94 123903
internal_value=0.000238254 0.0039562 0.000127216 0.00146508 -0.000170327 -0.00105226 5.85406e-05 0.00159705 0.000428813 -0.0015 -0.00643243 -0.0116471 -0.00214111 -0.00485526 -0.0090867 0.00361682 -0.004 0.0033617 4.18419e-05 0.000499572 0.000348058 -5.37178e-05 -0.000631488 -0.00394206 -0.000925344 -0.00228035 -0.00477939 -0.00247291 0.000736842 5.69482e-05
internal_weight=198419 5754 192665 9407 5601 4305 183258 2303 1777 1072 333 187 2948 912 346 856 204 705 182402 31503 30064 150899 24257 863 2036 1384 757 609 627 126642
internal_count=198419 5754 192665 9407 5601 4305 183258 2303 1777 1072 333 187 2948 912 346 856 204 705 182402 31503 30064 150899 24257 863 2036 1384 757 609 627 126642
is_linear=0
shrinkage=0.06


Tree=91
num_leaves=31
num_cat=0
split_feature=0 0 3 11 6 25 16 0 23 16 24 17 24 21 19 4 21 21 26 19 6 23 14 24 21 24 21 24 21 24
split_gain=22.1017 6.12843 12.3674 4.84557 4.51714 3.56904 3.20546 3.20396 3.02528 2.91315 4.99968 2.87996 2.75065 7.82907 4.07515 2.43837 2.21303 2.50925 2.18902 2.2469 2.0564 4.13216 2.80169 2.74151 2.39629 2.78154 2.89139 2.25715 2.04888 2.4788
threshold=78.621612548828139 35.662218093872077 101.50000000000001 0.20570998638868335 18.19999980926514 11.500000000000002 17.500000000000004 65.666522979736342 24.933436393737797 7.5000000000000009 7676.5393066406259 1.5000000000000002 9689.8066406250018 0.21973633021116259 64.214946746826186 57.000000000000007 0.57018676400184642 0.07383566722273828 4.7221591472625741 69.996173858642592 23.650000572204593 13.221322059631349 1.0000000180025095e-35 9939.3471679687518 0.14386009424924853 17413.000000000004 0.12656717747449878 8496.8959960937518 0.32746671140193945 7612.0803222656259
decision_type=2 2 2 2 2 2 2 2 2 2 2 2 2 2 10 2 2 2 2 10 2 2 2 2 2 2 2 2 2 2
left_child=1 8 -3 5 -2 6 9 -8 20 10 -4 -11 13 14 -13 -10 17 -6 -7 -20 24 22 23 27 25 -1 -27 -22 29 -5
right_child=4 2 3 28 16 18 7 -9 15 11 -12 12 -14 -15 -16 -17 -18 -19 19 -21 21 -23 -24 -25 -26 26 -28 -29 -30 -31
leaf_value=-0.0067034630141603341 0.74717062813691737 0.13627199228380044 -0.2046752658437368 -0.13769319927913992 -0.16005863529336034 0.006897546929212601 -0.045908756619646635 -0.14687811633164449 -0.040485565631282215 0.11196798142179232 -0.012696784082334857 -0.13446848390339555 0.019030645934593911 0.019058550422437419 -0.23044604982601966 0.18566859813327596 -0.17425461603472342 0.20451338430755478 -0.24216141619242346 -0.05521951127151653 0.0060979392898970267 0.13082392865003289 0.4319531072287745 -0.0029990469871927061 0.00079102458346616675 -0.025685454790481684 -0.058938325359412104 0.042139293508405423 0.25265637145312636 0.084597490434176165
leaf_weight=23394 2984 4729 80 124 83 112 736 231 158 899 296 91 1357 367 81 698 117 1128 182 180 7262 1439 741 18770 126642 712 151 3291 645 739
leaf_count=23394 2984 4729 80 124 83 112 736 231 158 899 296 91 1357 367 81 698 117 1128 182 180 7262 1439 741 18770 126642 712 151 3291 645 739
internal_value=0.000234625 0.000140242 0.00152586 -0.000254902 0.0044833 -0.00122029 -0.000655389 -0.00367942 5.82132e-05 0.000266793 -0.00469149 0.000933811 -0.000392405 -0.00401855 -0.0145814 0.00361682 0.00157229 0.00233361 -0.0061519 -0.00841989 4.15129e-05 0.00048243 0.000332092 0.000240017 -5.05369e-05 -0.000596858 -0.00394206 0.00101374 0.00269761 0.000785632
internal_weight=198419 194107 10849 6120 4312 4612 4138 967 183258 3171 376 2795 1896 539 172 856 1328 1211 474 362 182402 31503 30064 29323 150899 24257 863 10553 1508 863
internal_count=198419 194107 10849 6120 4312 4612 4138 967 183258 3171 376 2795 1896 539 172 856 1328 1211 474 362 182402 31503 30064 29323 150899 24257 863 10553 1508 863
is_linear=0
shrinkage=0.06


Tree=92
num_leaves=31
num_cat=0
split_feature=0 6 0 23 11 21 23 16 1 21 11 25 14 7 21 24 17 20 21 23 24 16 21 0 21 23 23 3 23 4
split_gain=21.9125 10.8855 5.534 4.37441 4.49062 4.49757 4.19538 3.94993 3.06997 2.86259 3.66165 2.95618 3.46878 3.03716 2.48324 2.48304 2.36175 2.55749 2.4924 2.29741 2.54789 3.38805 3.24201 4.0733 2.46967 2.23898 3.20323 2.91903 2.62439 2.18013
threshold=57.770694732666023 10.84999990463257 82.491657257080092 11.868320941925051 0.20570998638868335 0.52006244659423839 24.933436393737797 17.500000000000004 353.50000000000006 0.37659685313701635 0.67763173580169689 3.5000000000000004 1.0000000180025095e-35 1.0000000180025095e-35 0.37068100273609167 7111.3327636718759 1.5000000000000002 1.0000000180025095e-35 0.74832612276077282 9.380099296569826 7393.0002441406259 12.500000000000002 0.37399552762508398 9.8272161483764666 0.37399552762508398 22.062063217163089 14.302666187286379 126.50000000000001 14.096325397491457 104.50000000000001
decision_type=2 2 2 2 2 2 2 2 2 2 2 2 2 2 2 2 2 2 2 2 2 2 2 2 2 2 2 2 2 2
left_child=6 -2 3 4 5 7 9 15 -4 14 11 16 25 -14 -1 -3 17 -11 29 20 -16 22 -22 -24 -23 26 28 -28 -13 -18
right_child=1 2 8 -5 -6 -7 -8 -9 -10 10 -12 12 13 -15 19 -17 18 -19 -20 -21 21 24 23 -25 -26 -27 27 -29 -30 -31
leaf_value=-0.0010243804784096859 0.36991011290160042 -0.25669961648308282 0.35516696110729989 0.38477756980268457 0.16504396851189695 0.054606332467483074 0.12776970413512689 -0.13994676046136362 -0.11612744172389579 -0.038314083455391827 0.071217940648253236 0.0061906711221744156 -0.050148645109199697 0.33067639336311194 0.0088355502403744766 -0.024139845851235155 -5.5417371498730488e-05 0.030442076688586523 0.047839617045769528 0.15708638224461513 0.036518802458136816 -0.13579167516084759 -0.1456172255291088 0.10395381011962594 -0.036465539437347864 -0.063519105319449168 0.014703131311196103 0.15550049337375368 -0.078848165494218816 -0.030142868587137526
leaf_weight=119103 3955 132 1815 321 601 393 1002 359 205 577 2365 44429 134 1043 355 861 5195 3598 649 177 352 328 84 85 191 356 1113 1156 183 7302
leaf_count=119103 3955 132 1815 321 601 393 1002 359 205 577 2365 44429 134 1043 355 861 5195 3598 649 177 352 328 84 85 191 356 1113 1156 183 7302
internal_value=0.00022646 0.00318121 0.00122509 -0.000569179 -0.00146803 -0.0030086 9.19081e-05 -0.00465089 0.00359406 7.1355e-05 0.000382379 0.000298928 0.000539596 0.00375701 -0.000104164 -0.00270091 -0.000373766 0.000869461 -0.000768599 -0.00247328 -0.00329032 -0.00478846 -0.00137044 -0.00820118 -0.00821965 0.000459428 0.000495425 0.00269458 0.000383574 -0.000956869
internal_weight=198419 8642 4687 2667 2346 1745 189777 1352 2020 188775 68100 65735 48414 1177 120675 993 17321 4175 13146 1572 1395 1040 521 169 519 47237 46881 2269 44612 12497
internal_count=198419 8642 4687 2667 2346 1745 189777 1352 2020 188775 68100 65735 48414 1177 120675 993 17321 4175 13146 1572 1395 1040 521 169 519 47237 46881 2269 44612 12497
is_linear=0
shrinkage=0.06


Tree=93
num_leaves=31
num_cat=0
split_feature=0 3 23 11 4 0 17 21 21 27 21 0 3 23 23 23 7 0 25 16 24 24 16 17 16 21 23 16 14 7
split_gain=21.3255 7.11495 4.03985 3.94017 3.89536 3.52912 4.02287 3.99261 4.12833 4.14817 3.00562 4.11464 3.00288 3.31776 2.8865 2.83058 3.72427 2.81981 2.7921 2.63816 2.3958 4.35959 3.34 2.77259 2.37424 2.19795 2.18198 2.88509 2.11977 2.56994
threshold=69.17972564697267 142.00000000000003 22.75537204742432 0.21494740992784503 92.500000000000014 91.426315307617202 2.5000000000000004 0.23251585662364962 0.39492434263229376 13.754970550537111 0.37659685313701635 21.800677299499515 34.000000000000007 5.032947540283204 22.062063217163089 3.1263412237167363 2.5000000000000004 18.96811676025391 8.5000000000000018 15.500000000000002 11188.384277343752 10617.858398437502 9.5000000000000018 5.5000000000000009 2.5000000000000004 0.37068100273609167 6.2878470420837411 8.5000000000000018 1.0000000180025095e-35 1.5000000000000002
decision_type=2 2 2 2 2 2 2 2 2 2 2 2 2 2 2 2 2 2 2 2 2 2 2 2 2 2 2 2 2 2
left_child=2 -2 10 5 17 6 -3 18 -9 -10 25 14 -13 -14 15 28 20 -4 19 -8 21 -17 23 -23 -7 -1 27 -22 -12 -30
right_child=1 3 4 -5 -6 24 7 8 9 -11 11 12 13 -15 -16 16 -18 -19 -20 -21 26 22 -24 -25 -26 -27 -28 -29 29 -31
leaf_value=-0.00099876905707507757 0.50162565123508662 0.058204695835160025 -0.034076340839713108 0.55790891088095262 0.1793939943967654 -0.082094528289463384 -0.17488090612771845 0.11034904467241764 -0.30767731056122766 0.09905215755686346 -0.00020404859168454491 0.15770579459695297 0.014348818686799077 0.15530207598682128 -0.24725788837240328 0.0062662302515661666 0.05683173215532962 0.085833096743922838 -0.059298894708092145 -0.20102915852650347 0.10421019057592361 -0.059940419453830183 -0.017827988373075178 -0.14305116215841221 0.3546129282724223 -0.026481174244848884 0.054779695941848706 -0.021503111300996122 -0.01517702931426702 0.40516588407807913
leaf_weight=119882 3464 678 368 685 1072 135 94 356 105 83 47164 715 5788 1148 161 3442 4028 254 96 101 426 224 665 107 677 1579 2446 1459 333 684
leaf_count=119882 3464 678 368 685 1072 135 94 356 105 83 47164 715 5788 1148 161 3442 4028 254 96 101 426 224 665 107 677 1579 2446 1459 333 684
internal_value=0.000221925 0.0036089 0.000107687 0.00147508 0.00302479 0.000296774 -0.00141573 -0.00420359 -0.00116912 -0.0083617 8.17133e-05 0.000398605 0.00171036 0.00132872 0.00023445 0.000255633 0.00104884 -0.000752411 -0.00987629 -0.014 0.000355115 -0.000624605 -0.00412048 -0.00904532 0.00348768 -9.77595e-05 0.00135904 -0.000175066 4.49557e-05 0.00275516
internal_weight=198419 6474 191945 3010 1694 2325 1513 835 544 188 190251 68790 7651 6936 61139 60978 12797 622 291 195 8769 4438 996 331 812 121461 4331 1885 48181 1017
internal_count=198419 6474 191945 3010 1694 2325 1513 835 544 188 190251 68790 7651 6936 61139 60978 12797 622 291 195 8769 4438 996 331 812 121461 4331 1885 48181 1017
is_linear=0
shrinkage=0.06


Tree=94
num_leaves=31
num_cat=0
split_feature=0 6 0 4 23 21 16 26 24 21 25 16 17 16 17 11 23 23 16 11 4 23 16 24 0 25 21 21 16 23
split_gain=21.1736 6.14849 4.24203 11.0182 7.34353 4.19144 3.77866 3.42956 3.23367 3.28641 2.95049 4.35228 4.61355 3.27403 2.83887 2.48529 2.53671 4.63224 5.33907 2.41351 2.17218 3.18138 2.1614 3.00859 3.77254 2.27959 2.58745 3.30854 2.86974 2.23045
threshold=75.529083251953139 18.349999427795414 29.780868530273441 57.000000000000007 11.374407768249513 0.48083676397800451 22.500000000000004 15.496681213378908 11234.955566406252 0.22698328644037249 10.500000000000002 11.500000000000002 1.5000000000000002 9.5000000000000018 3.5000000000000004 0.21494740992784503 1.3482347726821902 0.087454974651336684 8.5000000000000018 0.62687611579895031 289.50000000000006 12.102154254913332 17.500000000000004 12088.039550781252 65.666522979736342 6.5000000000000009 0.27524790167808538 0.30741475522518164 9.5000000000000018 0.52593147754669201
decision_type=2 2 2 2 2 2 2 2 2 2 2 2 2 2 2 2 2 2 2 2 2 2 2 2 2 2 2 2 2 2
left_child=2 -2 20 -4 5 6 8 -8 9 10 11 12 -5 -14 -12 16 17 18 -3 22 -1 -22 25 -24 -25 26 -10 28 -28 -29
right_child=1 15 3 4 -6 -7 7 -9 19 -11 14 -13 13 -15 -16 -17 -18 -19 -20 -21 21 -23 23 24 -26 -27 27 29 -30 -31
leaf_value=-0.00031129718930276832 0.52867762548231434 -0.17183364216279409 0.1241976523354457 -0.0061521145572618896 0.26292998109401106 0.054835271626008479 -0.038550644631805082 -0.20438439496552727 0.089267443141187008 -0.010187754214819499 -0.027322916132776463 0.038107726307642732 -0.094543070294216353 -0.1976980211084689 -0.19226688318551602 0.67620475194289142 0.1447061706834078 -0.22733852520880352 0.1055742517981849 0.27900730049132139 0.010101398285758581 0.14779701648279855 0.079737731833886313 -0.075526945304766765 -0.19217227944665358 0.050771744448403829 -0.045195547564703481 -0.094039169691434832 -0.21171174212946636 0.09216308473459478
leaf_weight=166109 3512 159 3024 283 994 2488 84 90 410 1542 84 356 211 116 156 332 402 104 523 387 13333 917 188 467 83 1315 84 354 93 219
leaf_count=166109 3512 159 3024 283 994 2488 84 90 410 1542 84 356 211 116 156 332 402 104 523 387 13333 917 188 467 83 1315 84 354 93 219
internal_value=0.000214062 0.00405644 0.000114082 0.00115966 0.00020032 -0.000339622 -0.00113891 -0.00986207 -0.000899811 -0.00244978 -0.00479602 -0.00331677 -0.00639344 -0.0112477 -0.01075 0.000868421 -0.000414141 -0.00239695 -0.00059824 0.000283334 3.85567e-05 0.000749474 -0.000255835 -0.00310569 -0.00534545 0.00059394 -0.00134483 -0.00344 -0.0106102 -0.00122513
internal_weight=198419 5032 193387 13028 10004 9010 6522 174 6348 2748 1206 966 610 327 240 1520 1188 786 682 3600 180359 14250 3213 738 550 2475 1160 750 177 573
internal_count=198419 5032 193387 13028 10004 9010 6522 174 6348 2748 1206 966 610 327 240 1520 1188 786 682 3600 180359 14250 3213 738 550 2475 1160 750 177 573
is_linear=0
shrinkage=0.06


Tree=95
num_leaves=31
num_cat=0
split_feature=0 0 3 11 6 2 14 23 3 23 21 16 19 16 11 4 19 16 21 7 14 23 17 0 20 24 0 23 2 3
split_gain=20.632 5.28981 11.3317 4.79478 4.43627 4.02667 3.09584 2.77959 2.70679 2.49813 2.36621 3.32804 2.36289 2.22673 2.18147 2.16383 1.96861 2.99581 2.53515 1.83466 4.50656 4.38975 2.60526 2.49921 3.78451 2.42718 2.07164 4.42185 3.37609 3.13227
threshold=78.621612548828139 37.445917129516609 97.500000000000014 0.20570998638868335 18.649999618530277 6.5000000000000009 1.0000000180025095e-35 27.01892185211182 339.50000000000006 12.026573657989504 0.14984684437513354 10.500000000000002 52.580661773681648 17.500000000000004 0.21494740992784503 57.000000000000007 82.358123779296889 8.5000000000000018 0.21874103695154193 2.5000000000000004 1.0000000180025095e-35 13.007656097412111 4.5000000000000009 5.7859416007995614 1.0000000180025095e-35 13982.787597656252 1.3482807874679568 11.313849925994875 1.5000000000000002 32.000000000000007
decision_type=2 2 2 2 2 2 2 2 2 2 2 2 10 2 2 2 8 2 2 2 2 2 2 2 2 2 2 2 2 2
left_child=1 7 -3 5 -2 6 9 19 -7 10 11 -4 -12 -13 16 -9 -6 -18 -19 26 21 23 -23 25 -25 -21 27 28 -1 -28
right_child=4 2 3 -5 14 8 -8 15 -10 -11 12 13 -14 -15 -16 -17 17 18 -20 20 -22 22 -24 24 -26 -27 29 -29 -30 -31
leaf_value=-0.026361265323590548 0.61441083625118942 0.12845948399616361 -0.22526172202520942 0.12465281573156636 0.18810713384285546 0.038096746519830658 0.19068541789291485 -0.039396935903633544 -0.28976636035854075 0.17987569094474368 -0.091059274820419686 0.066249268370201231 -0.031750439363734576 -0.16500433329494649 0.64286229810918227 0.23161411355149022 -0.20690195957777843 -0.094508877777435996 0.16021547387520985 0.013016587987266535 0.35833786352661862 0.030502831202343452 0.19228082656938381 0.01876120404582866 -0.011943252543696584 -0.0092268190601727841 0.011872317814426291 -0.057373460196245007 -0.00073983857342399192 -0.0016789234232196951
leaf_weight=5104 3058 4282 121 1438 415 1385 281 114 115 179 691 90 1411 133 278 520 150 112 299 18728 1339 1805 1046 6046 19048 7518 12536 333 14253 95591
leaf_count=5104 3058 4282 121 1438 415 1385 281 114 115 179 691 90 1411 133 278 520 150 112 299 18728 1339 1805 1046 6046 19048 7518 12536 333 14253 95591
internal_value=0.000211341 0.00012015 0.00145526 -0.000262833 0.00431633 -0.00124467 -0.00254783 4.66681e-05 0.00128 -0.00318857 -0.00368929 -0.00830233 -0.00293435 -0.00395516 0.001311 0.00401262 -2.45899e-05 -0.00234225 0.00030657 3.29541e-05 0.000320908 0.000235943 0.00252753 0.000108687 -0.000319439 0.000518022 -9.21471e-05 -0.000658202 -0.000540269 1.09318e-05
internal_weight=198419 194107 10126 5844 4312 4406 2906 183981 1500 2625 2446 344 2102 223 1254 634 976 561 411 183347 55530 54191 2851 51340 25094 26246 127817 19690 19357 108127
internal_count=198419 194107 10126 5844 4312 4406 2906 183981 1500 2625 2446 344 2102 223 1254 634 976 561 411 183347 55530 54191 2851 51340 25094 26246 127817 19690 19357 108127
is_linear=0
shrinkage=0.06


Tree=96
num_leaves=31
num_cat=0
split_feature=0 0 3 23 6 21 16 11 21 0 21 17 24 21 24 21 0 21 24 21 21 16 26 20 11 23 1 21 25 25
split_gain=19.9595 4.48697 10.2547 7.93882 4.07484 3.5068 2.92174 2.1598 2.72868 2.23827 2.18142 5.14215 2.08891 2.6026 2.86335 3.46243 3.99529 2.53616 2.32656 2.59714 2.06571 2.12468 2.73016 2.55598 1.99461 3.40106 5.28347 2.13816 3.14498 3.10214
threshold=78.621612548828139 29.780868530273441 55.500000000000007 4.9729187488555917 18.19999980926514 0.48083676397800451 22.500000000000004 0.21494740992784503 0.56469395756721508 96.72674942016603 0.21874103695154193 3.5000000000000004 11153.663085937502 0.22698328644037249 9248.4008789062518 0.16470228880643847 57.770694732666023 0.13438916951417926 2154.069702148438 0.43918706476688391 0.16196545958518985 17.500000000000004 18.889115333557132 1.5000000000000002 0.21158529072999957 15.119426727294924 108.50000000000001 0.16614678502082827 2.5000000000000004 3.5000000000000004
decision_type=2 2 2 2 2 2 2 2 2 2 2 2 2 2 2 2 2 2 2 2 2 2 2 2 2 2 2 2 2 2
left_child=1 24 -3 5 -2 6 12 8 9 10 11 -6 13 14 -4 16 -16 -14 -15 -20 -19 -22 -23 -24 -1 27 -27 28 -26 -30
right_child=4 2 3 -5 7 -7 -8 -9 -10 -11 -12 -13 17 18 15 -17 -18 20 19 -21 21 22 23 -25 25 26 -28 -29 29 -31
leaf_value=-0.00093722859319502806 0.59271307697448927 0.11964122797628819 -0.048236981571299971 0.12437400322906796 0.057475378283088893 0.041400435661358544 -0.16536830481873974 0.61982316227599177 -0.20916349088878972 0.38143364328563167 0.076680294018091913 -0.20772036298078134 0.17612331556102406 -0.15758607175708958 0.014751027403209594 -0.18516154336259899 -0.21339150318630468 -0.17734772199245091 0.01604794648707834 -0.15501201055866445 0.006717777666828453 -0.0034762972005022352 -0.19020090270934173 -0.048753250091196715 -0.061298161135594866 -0.021585460341619945 0.35062841607577816 0.0089030303959856966 0.071784950495505484 -0.0076785722151554454
leaf_weight=142278 2984 3021 690 2314 122 2381 150 296 86 346 398 80 416 246 149 121 89 98 1238 87 2195 332 105 116 1000 483 955 29081 777 5785
leaf_count=142278 2984 3021 690 2314 122 2381 150 296 86 346 398 80 416 246 149 121 89 98 1238 87 2195 332 105 116 1000 483 955 29081 777 5785
internal_value=0.000209224 0.000119532 0.00116439 0.00029477 0.00424675 -0.000561274 -0.0013309 0.00148193 0.000186047 0.00111628 -0.0011 -0.00617822 -0.00112003 -0.00238168 -0.0046959 -0.00904178 -0.00484034 -0.000106683 -0.00083641 0.000158491 -0.00074631 -0.000441048 -0.00376492 -0.00893213 3.98873e-05 0.000425567 0.0032879 0.000313239 -0.000585559 -0.000107894
internal_weight=198419 194107 13748 10727 4312 8413 6032 1328 1032 946 600 202 5882 2620 1049 359 238 3262 1571 1325 2846 2748 553 221 180359 38081 1438 36643 7562 6562
internal_count=198419 194107 13748 10727 4312 8413 6032 1328 1032 946 600 202 5882 2620 1049 359 238 3262 1571 1325 2846 2748 553 221 180359 38081 1438 36643 7562 6562
is_linear=0
shrinkage=0.06


Tree=97
num_leaves=31
num_cat=0
split_feature=0 4 0 3 14 11 2 23 21 16 19 0 21 16 24 24 11 0 19 3 11 15 25 11 6 25 0 4 6 20
split_gain=19.158 5.24408 4.10365 8.77581 4.32653 4.2399 3.36479 2.83618 2.82779 3.35554 2.96726 2.78158 2.66484 2.38768 3.8854 2.17637 2.1133 2.06386 4.70965 1.85313 1.8376 2.14119 2.80089 2.85387 2.13576 2.42867 1.89412 1.7797 1.7776 2.1739
threshold=75.529083251953139 129.00000000000003 39.752513885498054 76.500000000000014 1.0000000180025095e-35 0.20570998638868335 6.5000000000000009 27.01892185211182 0.21874103695154193 9.5000000000000018 81.358364105224624 65.666522979736342 0.07383566722273828 2.5000000000000004 12583.756347656252 9509.2387695312518 0.60341420769691478 82.491657257080092 48.908920288085945 339.50000000000006 0.70235082507133495 1.0000000180025095e-35 11.500000000000002 0.78702321648597728 10.449999809265138 7.5000000000000009 2.950268149375916 57.000000000000007 10.84999990463257 3.5000000000000004
decision_type=2 2 2 2 2 2 2 2 2 2 8 2 2 2 2 2 2 2 8 2 2 2 2 2 2 2 2 2 2 2
left_child=2 -2 7 -4 5 6 8 20 9 10 -5 -11 -3 14 -14 16 -7 18 -15 -8 -1 22 24 -24 26 -26 -22 -9 -10 -30
right_child=1 12 3 4 -6 15 19 27 28 11 -12 -13 13 17 -16 -17 -18 -19 -20 -21 21 -23 23 -25 25 -27 -28 -29 29 -31
leaf_value=0.00011954395266934012 0.64717088892625907 -0.13734200125313323 0.13109106610444876 -0.19760045421782962 0.37105528206266108 0.17566507187401997 0.034766841864083881 -0.035616424146167988 0.025909325608308054 -0.011695939163702575 -0.068022931418620244 -0.1315830983301618 -0.12823601803503748 -0.22590130087631216 0.32852662837563956 0.16648443143386657 -0.1460577666945391 0.28990769184171195 0.049957013263290793 -0.26766745867833469 -0.080145134682750419 0.16936829730185662 -0.01299541511915207 -0.12475516157856921 0.03469177776387574 0.18229176969022481 0.0097125458456729045 0.22526936017640423 -0.032263165909968305 -0.13887485088964693
leaf_weight=178605 2564 145 2906 91 496 107 1102 117 657 393 108 167 173 92 169 1048 138 1390 499 93 133 473 693 105 1622 778 1639 540 1132 244
leaf_count=178605 2564 145 2906 91 496 107 1102 117 657 393 108 167 173 92 169 1048 138 1390 499 93 133 473 693 105 1622 778 1639 540 1132 244
internal_value=0.000210736 0.00386566 0.000115634 0.00139046 3.73963e-05 -0.000465909 -0.00143416 5.57107e-05 -0.0025745 -0.0056996 -0.012392 -0.00332143 0.00189141 0.00238399 -0.00224561 0.00251972 -0.00257143 0.00318324 0.000213198 0.00123013 4.16633e-05 0.00112769 0.000760564 -0.00249624 0.00138351 0.00255 -0.000196388 0.00399087 -0.00140777 -0.00263372
internal_weight=198419 5032 193387 8682 5776 5280 3987 184705 2792 759 199 560 2468 2323 342 1293 245 1981 591 1195 184048 5443 4970 798 4172 2400 1772 657 2033 1376
internal_count=198419 5032 193387 8682 5776 5280 3987 184705 2792 759 199 560 2468 2323 342 1293 245 1981 591 1195 184048 5443 4970 798 4172 2400 1772 657 2033 1376
is_linear=0
shrinkage=0.06


Tree=98
num_leaves=31
num_cat=0
split_feature=0 6 23 0 1 2 11 23 1 14 11 21 21 17 0 10 24 25 24 0 21 0 1 24 24 19 11 11 25 11
split_gain=19.3762 10.8591 4.38489 4.88344 3.51344 3.49269 2.93923 5.23901 3.81761 3.3733 2.54865 2.16542 2.10749 4.61712 6.1675 2.95551 5.44656 2.48685 2.47705 2.09226 1.99801 2.32672 4.23084 3.67505 5.23622 2.98771 3.28405 2.98267 2.72882 2.61879
threshold=57.770694732666023 10.84999990463257 11.69450902938843 82.491657257080092 353.50000000000006 6.5000000000000009 0.21158529072999957 15.119426727294924 109.50000000000001 1.0000000180025095e-35 0.62840861082077037 0.54243248701095592 0.64188274741172802 5.5000000000000009 10.13441848754883 1.5000000000000002 14079.063476562502 2.5000000000000004 11513.559570312502 27.322209358215336 0.16614678502082827 9.9253177642822283 129.50000000000003 16086.083007812502 14377.534179687502 102.3894386291504 0.2663626372814179 0.27093729376792913 6.5000000000000009 0.2943719774484635
decision_type=2 2 2 2 2 2 2 2 2 2 2 2 2 2 2 2 2 2 2 2 2 2 2 2 2 8 2 2 2 2
left_child=6 -2 3 5 -5 10 12 9 19 20 11 -3 -1 15 17 16 18 -15 -14 -9 -8 22 27 24 -24 26 -26 -22 -29 -28
right_child=1 2 -4 4 -6 -7 7 8 -10 -11 -12 -13 13 14 -16 -17 -18 -19 -20 -21 21 -23 23 -25 25 -27 29 28 -30 -31
leaf_value=-0.0014999465467709159 0.31292434799650615 -0.09675974402638314 0.40141734224713516 0.21263322209343141 -0.12457741767290563 0.026702530147290068 -0.0078126579031146236 -0.023957482665919735 0.35965830965481366 0.30626418960823787 0.457916741748157 0.025771684975258686 -0.045785076029177897 -0.069293509905371156 -0.16199947126527231 0.03133559465339221 0.11607512098304089 0.019550963251520101 -0.16910395681987953 0.14817763792899186 0.035541440304731213 0.027523151817995264 0.027249464815192671 0.1159487611324754 0.067948157071834187 0.015719319301480062 -0.10571503790773541 -0.0030490375871192739 -0.038135107004357786 -0.065255745424507489
leaf_weight=141305 3955 1082 563 1595 183 912 7523 468 1105 873 99 253 89 165 157 6827 113 646 98 227 929 13345 6543 1016 154 717 147 3275 2998 1057
leaf_count=141305 3955 1082 563 1595 183 912 7523 468 1105 873 99 253 89 165 157 6827 113 646 98 227 929 13345 6543 1016 154 717 147 3275 2998 1057
internal_value=0.000208317 0.00298681 0.00103307 0.000354995 0.00272666 -0.00144245 8.1791e-05 0.000535998 0.0037 0.000388366 -0.0032887 -0.00397753 -4.09636e-05 0.000900556 -0.0029876 0.00142865 -0.0044 -0.000880394 -0.0106845 0.000215828 0.000302992 0.000521057 5.20316e-05 0.000874403 0.000472035 -0.00215422 -0.00380854 -0.00104804 -0.00151793 -0.00486379
internal_weight=198419 8642 4687 4124 1778 2346 189777 40377 1800 38577 1434 1335 149400 8095 968 7127 300 811 187 695 37704 30181 16836 9634 8618 2075 1358 7202 6273 1204
internal_count=198419 8642 4687 4124 1778 2346 189777 40377 1800 38577 1434 1335 149400 8095 968 7127 300 811 187 695 37704 30181 16836 9634 8618 2075 1358 7202 6273 1204
is_linear=0
shrinkage=0.06


Tree=99
num_leaves=31
num_cat=0
split_feature=0 6 11 0 21 23 23 21 17 24 11 16 21 23 21 0 25 15 25 6 26 1 14 3 0 20 25 24 17 24
split_gain=18.6871 8.48103 4.9531 3.62784 4.37675 3.10922 2.65728 2.4717 4.96627 3.22864 2.43581 2.3998 4.74678 2.5585 2.33814 2.49629 2.33481 2.29951 2.29128 2.4983 2.24706 2.07732 2.01051 1.96345 1.90043 1.84803 5.32872 2.93051 2.35539 2.25124
threshold=65.666522979736342 10.84999990463257 0.20570998638868335 91.426315307617202 0.21333827078342441 24.933436393737797 6.2878470420837411 0.35429145395755773 2.5000000000000004 14706.914062500002 0.70235082507133495 15.500000000000002 0.18616661429405215 1.953548312187195 0.54729878902435314 39.752513885498054 6.5000000000000009 1.0000000180025095e-35 11.500000000000002 25.349999427795414 13.109637737274172 357.00000000000006 1.0000000180025095e-35 79.000000000000014 21.800677299499515 1.0000000180025095e-35 3.5000000000000004 17350.135742187504 4.5000000000000009 6851.4042968750009
decision_type=2 2 2 2 2 2 2 2 2 2 2 2 2 2 2 2 2 2 2 2 2 2 2 2 2 2 2 2 2 2
left_child=5 -2 3 4 11 10 7 -6 -9 16 14 13 20 -3 -1 22 -10 18 -12 -20 -13 -5 25 24 -7 26 28 29 -16 -27
right_child=1 2 -4 21 6 23 -8 8 9 -11 17 12 -14 -15 15 -17 -18 -19 19 -21 -22 -23 -24 -25 -26 27 -28 -29 -30 -31
leaf_value=-0.00081878041094746125 0.37948226710712207 -0.17447438676100432 0.36681040175235879 0.30710226096538407 0.077537589876910784 -0.061934255989715505 0.28963234048777858 0.02824061793905611 -0.18499433095616416 0.0072616042387304482 0.036946087403480002 -0.16458391388384352 -0.14835309781771133 0.063514639980827611 -0.0068026586533070001 0.12325155966239552 -0.26191293185619946 0.17769939696310427 -0.011190513514901603 -0.17539279203715133 0.079415744026490487 -0.095381239039361951 0.18563663274077608 0.22101246402023292 0.15469445591813705 0.026528808337551637 0.057125217106131811 0.10317443936493656 -0.065125134733914736 -0.0055847136759825363
leaf_weight=161717 3230 137 950 857 474 162 262 400 135 96 4349 120 83 155 1432 1012 101 541 786 105 114 80 437 721 145 1923 3289 731 206 13669
leaf_count=161717 3230 137 950 857 474 162 262 400 135 96 4349 120 83 155 1432 1012 101 541 786 105 114 80 437 721 145 1923 3289 731 206 13669
internal_value=0.000195617 0.00319766 0.00133804 0.000147313 -0.00125084 8.26777e-05 0.000523161 -0.000666666 -0.00285246 -0.00827711 6.48908e-05 -0.00552709 -0.00914196 -0.00160274 2.68742e-05 0.000597119 -0.0120508 0.00127763 0.00089313 -0.00187879 -0.00476923 0.00324653 0.000461198 0.00337354 -0.000644951 0.000378353 0.00139679 7.09431e-05 -0.00139927 -0.00010313
internal_weight=198419 7194 3964 3014 2077 191225 1468 1206 732 332 190197 609 317 292 184416 22699 236 5781 5240 891 234 937 21687 1028 307 21250 4927 16323 1638 15592
internal_count=198419 7194 3964 3014 2077 191225 1468 1206 732 332 190197 609 317 292 184416 22699 236 5781 5240 891 234 937 21687 1028 307 21250 4927 16323 1638 15592
is_linear=0
shrinkage=0.06


Tree=100
num_leaves=31
num_cat=0
split_feature=0 4 11 0 23 17 19 21 23 21 11 25 14 7 24 23 25 24 17 24 23 16 16 17 0 24 24 10 21 21
split_gain=18.4292 7.60947 4.57013 3.42665 3.37969 2.77874 3.28955 2.85741 2.68978 2.19667 3.42264 2.69516 3.53387 3.49755 2.38249 5.71865 2.91036 5.60394 5.66877 2.77139 2.83962 2.54057 2.50321 2.43711 2.3551 2.34217 5.14337 4.27203 3.63096 2.7292
threshold=65.666522979736342 108.50000000000001 0.20570998638868335 91.426315307617202 12.58334255218506 2.5000000000000004 37.645580291748054 0.14578184485435489 24.933436393737797 0.37659685313701635 0.75387340784072887 3.5000000000000004 1.0000000180025095e-35 1.0000000180025095e-35 11188.384277343752 6.020177125930787 10.500000000000002 13935.747558593752 5.5000000000000009 10617.858398437502 4.6513192653656015 3.5000000000000004 14.500000000000002 5.5000000000000009 37.445917129516609 14377.534179687502 14706.914062500002 1.5000000000000002 0.43069899082183843 0.62503737211227428
decision_type=2 2 2 2 2 2 8 2 2 2 2 2 2 2 2 2 2 2 2 2 2 2 2 2 2 2 2 2 2 2
left_child=8 -2 3 4 5 -3 -7 -8 9 -1 11 -11 14 -14 19 16 25 18 24 23 -21 -22 -20 -13 -18 27 -27 29 -29 -16
right_child=1 2 -4 -5 -6 6 7 -9 -10 10 -12 12 13 -15 15 -17 17 -19 22 20 21 -23 -24 -25 -26 26 -28 28 -30 -31
leaf_value=-0.0015614785145692095 0.36074475043330995 0.010668560766662177 0.34643291633309653 0.25237639108947113 0.27139053983702804 -0.27358956662341272 -0.18857837278692288 -0.040076916145482401 0.10124860172003958 -0.0055222336908505951 0.1962830858524407 0.00011661670761527598 -0.056582109186256807 0.29952798474957426 -0.033271015685486308 0.068985526072129044 -0.039161826398759675 -4.4156577975388919e-05 -0.15490211449548472 -0.0056158279769991971 -0.15146902618270636 -0.035889444270108754 -0.093296864387506187 0.041932420770173069 0.23255052291090608 -0.069864768464309279 0.0087936170327741411 -0.012056883028588494 0.048456757034852645 -0.11282296962308144
leaf_weight=121525 3188 770 954 951 234 81 163 853 1028 17445 500 16393 146 1126 283 4340 248 3418 138 2750 89 1188 178 2826 131 727 8658 1548 6458 82
leaf_count=121525 3188 770 954 951 234 81 163 853 1028 17445 500 16393 146 1126 283 4340 248 3418 138 2750 89 1188 178 2826 131 727 8658 1548 6458 82
internal_value=0.000191383 0.00317264 0.00143185 0.000298821 -0.00105378 -0.00190573 -0.00384503 -0.00291732 7.92263e-05 6.26826e-05 0.000333935 0.000297659 0.000518895 0.00364151 0.000438581 0.000830784 0.00043596 -0.00100219 -0.00591367 -3.6133e-06 -0.00143481 -0.0037729 -0.0118481 0.00029627 -0.000965699 0.000769092 0.000118274 0.00149875 0.00178816 -0.00484931
internal_weight=198419 7194 4006 3052 2101 1867 1097 1016 191225 190197 68672 68172 50727 1272 49455 26209 21869 4113 695 23246 4027 1277 316 19219 379 17756 9385 8371 8006 365
internal_count=198419 7194 4006 3052 2101 1867 1097 1016 191225 190197 68672 68172 50727 1272 49455 26209 21869 4113 695 23246 4027 1277 316 19219 379 17756 9385 8371 8006 365
is_linear=0
shrinkage=0.06


Tree=101
num_leaves=31
num_cat=0
split_feature=0 1 0 3 14 2 11 3 24 23 0 23 0 16 25 4 23 11 3 0 24 17 20 17 24 0 21 21 6 18
split_gain=17.7592 5.19698 3.67775 7.76713 3.33622 2.91585 2.74001 2.21115 2.10685 1.94054 2.81084 2.38547 5.77538 3.62858 3.2421 2.38545 2.598 2.44175 2.08679 2.21533 2.21338 3.24142 2.92255 2.86925 5.94231 5.30083 3.52317 4.35771 3.72632 3.12852
threshold=75.529083251953139 166.50000000000003 41.712530136108406 97.500000000000014 1.0000000180025095e-35 6.5000000000000009 0.20570998638868335 339.50000000000006 7612.0803222656259 1.1273880600929262 27.322209358215336 1.0181506872177126 16.453348159790043 9.5000000000000018 11.500000000000002 265.50000000000006 9.4952249526977557 0.56429800391197216 14.000000000000002 4.7148320674896249 9472.9199218750018 1.5000000000000002 1.0000000180025095e-35 4.5000000000000009 10430.766601562502 22.482932090759281 0.4670067578554154 0.4626720398664475 22.94999980926514 4.254754066467286
decision_type=2 2 2 2 2 2 2 2 2 2 2 2 2 2 2 2 2 2 2 2 2 2 2 2 2 2 2 2 2 2
left_child=2 -2 9 -4 5 6 -5 -7 -8 11 15 18 13 14 -13 -11 17 -17 19 -1 21 -20 -23 26 25 -25 27 29 -29 -22
right_child=1 -3 3 4 -6 7 8 -9 -10 10 -12 12 -14 -15 -16 16 -18 -19 20 -21 23 22 -24 24 -26 -27 -28 28 -30 -31
leaf_value=-0.0019082667862600057 0.47549036867800759 0.040462420501282653 0.10739155811534605 -0.052222648164207429 0.38461131126021908 0.040138205061466731 -0.12946291540945132 -0.22398304316080259 0.11097800242883582 0.0015016388360417413 0.069931557676943132 -0.021494756231876043 -0.13124169167923141 0.014154774088013604 -0.08805965629750985 0.00020475367764369898 0.096066867446947188 0.16105538295357144 0.01643455363556743 0.035914264996525613 -0.0026168218284865737 0.017655857609032311 -0.0059927783129772759 -0.027897719190700783 -0.0090384567338913403 -0.33083523132125336 0.012243975815328345 -0.060159407301619727 -0.089231080969585777 -0.046052603914898092
leaf_weight=1263 3042 1990 3348 2070 374 1352 107 122 585 47915 2310 297 94 753 130 3658 1911 454 12062 1411 41530 6103 23128 462 24060 82 15083 474 113 2136
leaf_count=1263 3042 1990 3348 2070 374 1352 107 122 585 47915 2310 297 94 753 130 3658 1911 454 12062 1411 41530 6103 23128 462 24060 82 15083 474 113 2136
internal_value=0.000191685 0.00371065 0.000100121 0.00136316 -0.000234273 -0.000713881 -0.00186387 0.00144098 0.00140462 4.59154e-05 0.000340066 -8.21636e-05 -0.00266562 -0.00152542 -0.00594379 0.00025229 0.00137772 0.00052821 -5.64314e-05 0.00160209 -9.18446e-05 0.000267794 -7.36887e-05 -0.000268763 -0.000813526 -0.00701471 -4.28743e-05 -0.000312792 -0.00544804 -0.000243759
internal_weight=198419 5032 193387 7958 4610 4236 2762 1474 692 185429 56248 129181 1274 1180 427 53938 6023 4112 127907 2674 125233 41293 29231 83940 24604 544 59336 44253 587 43666
internal_count=198419 5032 193387 7958 4610 4236 2762 1474 692 185429 56248 129181 1274 1180 427 53938 6023 4112 127907 2674 125233 41293 29231 83940 24604 544 59336 44253 587 43666
is_linear=0
shrinkage=0.06


Tree=102
num_leaves=31
num_cat=0
split_feature=0 3 0 3 23 14 11 2 11 21 0 3 7 23 14 11 0 21 21 20 23 21 25 25 20 21 24 24 0 21
split_gain=16.8739 4.26866 4.2068 8.4513 3.58736 3.08813 2.57938 2.70624 2.22941 2.30157 2.43767 2.14354 1.91737 5.71766 4.12384 2.50806 2.46505 2.43249 2.42991 2.09008 1.96375 2.45634 2.29395 2.58731 2.35021 5.39927 2.30653 3.31892 2.19548 2.14479
threshold=78.621612548828139 178.50000000000003 41.712530136108406 97.500000000000014 11.868320941925051 1.0000000180025095e-35 0.62687611579895031 6.5000000000000009 0.21494740992784503 0.56469395756721508 96.72674942016603 339.50000000000006 2.5000000000000004 17.846974372863773 1.0000000180025095e-35 0.5633012354373933 5.7859416007995614 0.28280414640903478 0.74504846334457409 1.0000000180025095e-35 13.349164962768556 0.16896060109138492 6.5000000000000009 5.5000000000000009 2.5000000000000004 0.63282191753387462 15313.875976562502 14079.063476562502 9.3691916465759295 0.32746671140193945
decision_type=2 2 2 2 2 2 2 2 2 2 2 2 2 2 2 2 2 2 2 2 2 2 2 2 2 2 2 2 2 2
left_child=2 -2 12 -4 5 6 7 -5 9 10 -3 -9 -1 14 15 16 -14 -17 19 -18 22 -22 23 -21 25 26 27 -24 -27 -29
right_child=1 8 3 4 -6 -7 -8 11 -10 -11 -12 -13 13 -15 -16 17 18 -19 -20 20 21 -23 24 -25 -26 28 -28 29 -30 -31
leaf_value=-0.0012210866052216136 0.50947135930939635 -0.043110821494908122 0.11105604364951602 -0.048923577527400418 0.28136166086272069 0.33013130020452203 0.16849005335177983 0.02067135678641846 0.52020715702465092 -0.21777028375301996 0.32597014120685847 -0.22347055390410178 0.0068758551405151544 0.19816396026000543 0.30872457744209836 0.00063913963012123551 0.010245012755781527 0.088727670686671783 0.1231749544869513 -0.011627314899129602 -0.11865623701607111 0.11389422680820142 -0.02906210439920601 0.042856529456321214 -0.0085215264373368054 -0.08027299486602156 0.0098720486837121074 -0.035510619044115503 -0.23320243897660273 -0.098115439645159563
leaf_weight=129383 2793 686 3630 2552 479 313 289 1303 337 98 398 112 25281 1340 1323 1976 5467 2186 475 7036 93 653 3110 1477 3994 83 991 219 133 209
leaf_count=129383 2793 686 3630 2552 479 313 289 1303 337 98 398 112 25281 1340 1323 1976 5467 2186 475 7036 93 653 3110 1477 3994 83 991 219 133 209
internal_value=0.000186545 0.00389889 0.000104077 0.00139525 -0.000192551 -0.00071044 -0.00113346 -0.00153214 0.00133904 0.000111675 0.000907749 0.000572438 4.36504e-05 0.000336795 0.000241948 0.000159939 4.03489e-05 0.00157424 -0.00039599 -0.000481994 -0.000794088 0.00221984 -0.000924414 -0.000223423 -0.00160728 -0.00251001 -0.00206801 -0.00278462 -0.0117778 -0.00773832
internal_weight=198419 4312 194107 8678 5048 4569 4256 3967 1519 1182 1084 1415 185429 56046 54706 53383 49221 4162 23940 23465 17998 746 17252 8513 8739 4745 4529 3538 216 428
internal_count=198419 4312 194107 8678 5048 4569 4256 3967 1519 1182 1084 1415 185429 56046 54706 53383 49221 4162 23940 23465 17998 746 17252 8513 8739 4745 4529 3538 216 428
is_linear=0
shrinkage=0.06


Tree=103
num_leaves=31
num_cat=0
split_feature=0 4 0 3 23 16 24 18 1 26 24 19 25 0 24 24 4 25 3 6 23 11 11 21 0 17 16 26 21 0
split_gain=16.5373 4.78266 3.5784 8.46268 6.73891 2.59317 3.9072 3.1002 2.17063 2.76601 2.02357 2.50359 2.37395 4.3386 2.15409 2.00158 1.93796 1.90445 1.86098 1.77792 4.33346 2.56329 2.87222 1.9324 2.16806 2.59514 4.77606 3.64144 2.33931 2.76883
threshold=78.621612548828139 259.50000000000006 29.780868530273441 49.000000000000007 5.032947540283204 17.500000000000004 16492.236328125004 -7.1270434856414786 263.00000000000006 12.509502887725832 9689.8066406250018 30.865610122680668 7.5000000000000009 53.801986694335945 9248.4008789062518 2039.013854980469 115.50000000000001 11.500000000000002 142.00000000000003 23.650000572204593 13.349164962768556 0.67696332931518566 0.66876187920570385 0.086868789047002806 10.403629302978517 2.5000000000000004 12.500000000000002 8.8422932624816912 0.066865954548120513 16.177365303039554
decision_type=2 2 2 2 2 2 2 2 2 2 2 10 2 2 2 2 2 2 2 2 2 2 2 2 2 2 2 2 2 2
left_child=2 16 19 -4 5 7 8 -5 -7 -10 11 -9 14 15 -13 -14 -2 18 -17 23 21 22 -21 24 -1 -26 27 -27 -29 -30
right_child=1 -3 3 4 -6 6 -8 10 9 -11 -12 12 13 -15 -16 17 -18 -19 -20 20 -22 -23 -24 -25 25 26 -28 28 29 -31
leaf_value=-0.0076353833308461239 0.65844321905097414 -0.045966616146846752 0.11337892357345687 -0.12154194023632714 0.10331660194830485 -0.024210020216726882 -0.19537916379330583 0.064325047198713819 -2.0620855122373273e-06 -0.27228817866659694 0.021154415996008182 0.0096291426752342108 0.031772160715270392 -0.27764336429040443 -0.12667671282802756 -0.12145910869031047 0.15872358856734248 -0.18342073998087402 0.1516859119251352 0.0031415426520590086 0.12166280158033697 0.09613257741108644 -0.053116576325132357 4.1604779639123663e-05 0.010846243321819901 -0.12368808655249719 -0.0097275475011887498 -0.15103229350528824 -0.066849609528599668 0.15962012391034852
leaf_weight=8928 2055 489 2494 187 2453 1843 122 441 80 90 4349 983 95 93 142 80 1768 211 85 28363 1554 1320 91 137926 729 184 772 230 140 122
leaf_count=8928 2055 489 2494 187 2453 1843 122 441 80 90 4349 983 95 93 142 80 1768 211 85 28363 1554 1320 91 137926 729 184 772 230 140 122
internal_value=0.000182009 0.00385714 0.000100368 0.00103346 0.000332682 -0.000442449 -0.00226229 0.000140414 -0.0016304 -0.00811765 0.000360241 -0.00115493 -0.00220604 -0.00538298 -0.000613333 -0.00304459 0.0045718 -0.00501064 -0.000181818 2.92419e-05 0.000440118 0.000278901 0.000158994 -5.71288e-05 -0.00081855 -0.00251631 -0.00398619 -0.00766864 -0.00497561 -0.00109924
internal_weight=198419 4312 194107 13748 11254 8801 2135 6666 2013 170 6479 2130 1689 564 1125 471 3823 376 165 180359 31328 29774 28454 149031 11105 2177 1448 676 492 262
internal_count=198419 4312 194107 13748 11254 8801 2135 6666 2013 170 6479 2130 1689 564 1125 471 3823 376 165 180359 31328 29774 28454 149031 11105 2177 1448 676 492 262
is_linear=0
shrinkage=0.06


Tree=104
num_leaves=31
num_cat=0
split_feature=0 6 23 0 1 2 11 23 4 0 1 11 18 11 21 19 19 17 24 2 24 21 25 0 2 11 4 3 0 23
split_gain=16.086 9.25874 3.87406 3.54353 3.41524 2.78527 2.49917 4.25766 4.41526 2.84833 2.35769 2.34619 2.10117 2.0908 2.07989 2.84123 2.12028 2.07041 2.38919 2.0406 2.01874 3.00144 2.59176 4.67219 1.88074 1.86627 1.85629 1.81726 4.74503 2.61442
threshold=57.770694732666023 10.84999990463257 11.69450902938843 82.491657257080092 353.50000000000006 6.5000000000000009 0.21158529072999957 15.119426727294924 104.50000000000001 17.298931121826175 287.50000000000006 0.62840861082077037 -6.8274409770965567 0.73091167211532604 0.19782134145498279 38.344703674316413 68.194728851318374 3.5000000000000004 12847.137695312502 4.5000000000000009 8538.0209960937518 0.23251585662364962 5.5000000000000009 23.89594650268555 2.5000000000000004 0.30906003713607794 92.500000000000014 32.000000000000007 9.4515752792358416 13.439692974090578
decision_type=2 2 2 2 2 2 2 2 2 2 2 2 2 2 2 8 8 2 2 2 2 2 2 2 2 2 2 2 2 2
left_child=6 -2 3 5 12 11 27 9 -9 10 -8 14 -5 17 16 -16 -3 18 25 -18 -19 -22 23 24 -23 -11 -27 28 29 -1
right_child=1 2 -4 4 -6 -7 7 8 -10 13 -12 -13 -14 -15 15 -17 19 20 -20 -21 21 22 -24 -25 -26 26 -28 -29 -30 -31
leaf_value=0.0010016840986078507 0.25421964590044133 0.0045465051354866828 0.33534480130679689 -0.071168550241830442 -0.11410829433112671 0.02128214094559415 -0.0010808346512148983 -0.0043220907181838247 0.36893753560821446 0.13601771798807191 0.032290020149119261 0.40181593574019925 0.19455662563859688 0.10664345597240933 -0.12929625242965365 -0.028624509269578238 -0.21363836770616343 0.081929392276233901 0.12939191897801439 -0.11208506985476557 -0.11713081452255497 -0.10382650801338282 0.051067075518916559 0.038046616516385495 -0.20920615027521619 0.048752017509884213 -0.030387223323877433 -0.0019099851500942535 0.049625043904587871 -0.072822374203160622
leaf_weight=8805 3955 95 563 85 183 912 27745 726 1074 381 4081 99 1510 781 87 931 107 688 1398 115 345 98 1128 316 167 596 853 137092 3321 182
leaf_count=8805 3955 95 563 85 183 912 27745 726 1074 381 4081 99 1510 781 87 931 107 688 1398 115 345 98 1128 316 167 596 853 137092 3321 182
internal_value=0.000177473 0.0027091 0.000905057 0.000267701 0.00228796 -0.00126343 6.2189e-05 0.000481017 0.00333333 0.000347928 0.000110476 -0.00291213 0.00317868 0.00146734 -0.00357303 -0.00225147 -0.00781703 0.00108543 0.00211524 -0.011027 -0.000126914 -0.00106913 -3.86189e-05 -0.00329432 -0.00916981 0.000688525 -0.000293996 -5.10038e-05 0.000647384 -6.87658e-05
internal_weight=198419 8642 4687 4124 1778 2346 189777 40377 1800 38577 31826 1434 1595 6751 1335 1018 317 5970 3228 222 2742 2054 1709 581 265 1830 1449 149400 12308 8987
internal_count=198419 8642 4687 4124 1778 2346 189777 40377 1800 38577 31826 1434 1595 6751 1335 1018 317 5970 3228 222 2742 2054 1709 581 265 1830 1449 149400 12308 8987
is_linear=0
shrinkage=0.06


Tree=105
num_leaves=31
num_cat=0
split_feature=0 3 0 3 11 11 23 23 16 25 25 23 21 14 24 15 25 24 25 16 24 18 23 21 16 16 19 7 23 14
split_gain=14.9313 5.29468 3.18044 7.01629 5.46311 2.79604 2.70264 4.84913 3.9503 2.5798 2.21928 2.11416 2.125 2.33276 2.54211 2.17882 1.8128 2.54365 2.29709 4.7813 2.68889 2.29337 1.75457 1.93186 1.73615 1.72949 2.33896 1.65318 5.27606 3.16919
threshold=78.621612548828139 155.00000000000003 39.752513885498054 51.000000000000007 0.20570998638868335 0.21494740992784503 1.3482347726821902 0.39329834282398229 8.5000000000000018 11.500000000000002 2.5000000000000004 12.026573657989504 0.54243248701095592 1.0000000180025095e-35 16180.004882812502 1.0000000180025095e-35 5.5000000000000009 12033.684082031252 3.5000000000000004 10.500000000000002 14224.153808593752 2.9941308498382573 8.4703989028930682 0.19782134145498279 15.500000000000002 17.500000000000004 49.525386810302741 2.5000000000000004 17.846974372863773 1.0000000180025095e-35
decision_type=2 2 2 2 2 2 2 2 2 2 2 2 2 2 2 2 2 2 2 2 2 2 2 2 2 2 10 2 2 2
left_child=2 -2 27 -4 9 6 7 8 -3 11 24 12 13 14 15 16 17 -5 19 -19 -21 22 25 -24 -10 -18 -27 -1 29 -29
right_child=1 5 3 4 -6 -7 -8 -9 10 -11 -12 -13 -14 -15 -16 -17 21 18 -20 20 -22 -23 23 -25 -26 26 -28 28 -30 -31
leaf_value=-0.0012101883799174532 0.50999912040866124 -0.12690351745491624 0.14245087825259461 -0.023082823588710322 0.1250578212908019 0.47739563140285285 0.28924368689189872 -0.27806301197186367 0.045488850875685431 -0.085398393526539051 0.1064073711084669 0.18310098773309541 0.054544992479467869 0.17140824200655932 0.067218046217680669 -0.12842966359237917 0.06564025254658909 0.098319992863718828 -0.1655963175198194 -0.237518657238493 -0.030517707175325495 -0.11793404726000763 -0.0972071540104473 -0.014249972899004482 -0.128898280938336 -0.16650560350958291 0.057033127467372789 0.0020080897856667836 0.18001340589615086 0.28864299448554526
leaf_weight=128814 2504 149 1886 1038 1863 408 451 100 81 542 537 369 887 359 457 144 724 117 131 100 125 168 84 200 82 82 126 53235 1340 1316
leaf_count=128814 2504 149 1886 1038 1863 408 451 100 81 542 537 369 887 359 457 144 724 117 131 100 125 168 84 200 82 82 126 53235 1340 1316
internal_value=0.000170216 0.00366234 9.26398e-05 0.00116911 0.000348058 0.00118805 -8.57141e-05 -0.00190306 -0.000431095 -0.000580576 0.00145714 -0.000163177 -0.000503585 -0.00111284 -0.00158581 -0.00221323 -0.00185492 -0.00329186 -0.00693869 -0.00435088 -0.00946667 -0.000286127 0.000621711 -0.00350704 -0.00467485 0.00187983 -0.00294231 3.78444e-05 0.000310354 0.000218988
internal_weight=198419 4312 194107 9402 7516 1808 1400 949 849 5653 700 5111 4742 3855 3496 3039 2895 1511 473 342 225 1384 1216 284 163 932 208 184705 55891 54551
internal_count=198419 4312 194107 9402 7516 1808 1400 949 849 5653 700 5111 4742 3855 3496 3039 2895 1511 473 342 225 1384 1216 284 163 932 208 184705 55891 54551
is_linear=0
shrinkage=0.06


Tree=106
num_leaves=31
num_cat=0
split_feature=0 1 11 0 23 1 11 23 23 16 20 3 0 19 18 5 24 6 24 23 27 21 25 17 5 21 10 16 20 1
split_gain=14.7405 5.05195 2.98714 6.1165 3.39563 2.44529 2.3493 2.72693 4.07471 3.36712 2.92189 2.26998 5.64761 2.49482 2.19226 3.62682 2.64153 2.13657 2.17969 1.99292 1.90787 1.8894 2.90276 2.6223 2.61474 2.53896 2.12001 2.0262 3.37296 3.85368
threshold=78.621612548828139 132.00000000000003 1.0000000180025095e-35 37.445917129516609 20.268400192260746 87.000000000000014 0.21494740992784503 1.3482347726821902 0.39329834282398229 8.5000000000000018 1.5000000000000002 32.000000000000007 17.298931121826175 86.439170837402358 9.0773310661315936 5.5000000000000009 1287.2454223632815 12.250000000000002 7612.0803222656259 14.446452617645265 22.039564132690433 0.48932217061519628 2.5000000000000004 1.5000000000000002 3.5000000000000004 0.59352794289588939 1.5000000000000002 14.500000000000002 2.5000000000000004 132.00000000000003
decision_type=2 2 2 2 2 2 2 2 2 2 2 2 2 8 2 2 2 2 2 2 2 2 2 2 2 2 2 2 2 2
left_child=2 -2 11 4 21 -6 7 8 9 10 -3 12 13 -1 16 -16 -13 -5 -19 -15 -17 26 23 -23 -24 -26 -4 28 29 -25
right_child=1 6 3 17 5 -7 -8 -9 -10 -11 -12 14 -14 19 15 20 -18 18 -20 -21 -22 22 24 27 25 -27 -28 -29 -30 -31
leaf_value=0.0098577602579950786 0.5730168490287525 0.053976590890476753 0.061712665114865804 0.19111099780905438 -0.012612089646092705 0.29126111436742474 0.49716018048977223 0.29295927189108401 -0.26398299681334847 0.069333303614598912 -0.18170757113616401 0.047655565983971512 0.09456299553755837 -0.010365934754266707 -0.061056724042622378 0.031952923264972538 -0.001588468265006701 -0.10770420832094758 0.091135024628189287 -0.092108608919019327 -0.14197867145082929 0.10572276921860674 0.001401265349195971 -0.063613091648980769 0.13763798257771168 0.021575910819405832 -0.00034161618069589644 -0.00010331939550589266 0.01500897068484656 -0.18189968291409364
leaf_weight=7525 2047 95 1548 1416 292 774 525 573 125 854 93 973 1715 3220 1281 945 136073 148 968 80 87 160 2099 128 1817 1420 30739 410 171 118
leaf_count=7525 2047 95 1548 1416 292 774 525 573 125 854 93 973 1715 3220 1281 945 136073 148 968 80 87 160 2099 128 1817 1420 30739 410 171 118
internal_value=0.000164773 0.00363451 8.76941e-05 0.000534212 0.000351749 0.00369231 0.00168212 0.00062069 -0.0010437 0.000184261 -0.00708511 -3.63792e-05 0.000736842 0.000230023 -0.000105956 -0.00193774 -7.50403e-05 0.00339337 0.00143011 -0.00114545 0.000709303 0.000259518 0.00120797 -0.00178115 0.00176087 0.0028304 7.3776e-05 -0.00314147 -0.00608633 -0.0105854
internal_weight=198419 4312 194107 42208 39676 1066 2265 1740 1167 1042 188 151899 12540 10825 139359 2313 137046 2532 1116 3300 1032 38610 6323 987 5336 3237 32287 827 417 246
internal_count=198419 4312 194107 42208 39676 1066 2265 1740 1167 1042 188 151899 12540 10825 139359 2313 137046 2532 1116 3300 1032 38610 6323 987 5336 3237 32287 827 417 246
is_linear=0
shrinkage=0.06


Tree=107
num_leaves=31
num_cat=0
split_feature=0 3 23 0 1 11 17 21 23 16 0 16 25 24 20 20 21 24 23 4 11 0 16 23 23 23 3 16 0 24
split_gain=14.3592 8.75765 3.88152 3.38776 3.52802 2.7546 2.51452 2.04912 2.08025 2.0113 2.02394 2.13201 2.46945 4.63518 6.63482 8.96835 1.97881 2.26061 1.95808 4.55822 3.64417 2.97474 3.09025 2.86318 2.86593 2.81497 2.09693 2.58686 2.57458 1.91766
threshold=57.770694732666023 97.500000000000014 11.69450902938843 104.55176544189455 360.00000000000006 0.20570998638868335 2.5000000000000004 0.54729878902435314 13.10084390640259 17.500000000000004 13.095165252685549 3.5000000000000004 11.500000000000002 8538.0209960937518 1.5000000000000002 3.5000000000000004 0.64188274741172802 16180.004882812502 6.4740757942199716 181.50000000000003 0.31268873810768133 15.91614866256714 18.500000000000004 11.556233406066896 12.026573657989504 22.388113021850589 14.000000000000002 9.5000000000000018 2.2135419845581059 12375.156250000002
decision_type=2 2 2 2 2 2 2 2 2 2 2 2 2 2 2 2 2 2 2 2 2 2 2 2 2 2 2 2 2 2
left_child=7 -2 3 4 5 6 -3 18 9 10 -9 -12 -13 -14 -15 -16 17 -8 26 21 25 22 23 -20 -25 -21 27 28 -1 -26
right_child=1 2 -4 -5 -6 -7 16 8 -10 -11 11 12 13 14 15 -17 -18 -19 19 20 -22 -23 -24 24 29 -27 -28 -29 -30 -31
leaf_value=-0.0070290572313550055 0.25607419000814208 0.025325764517192206 0.30061361962346467 0.72851991143029049 -0.21297919791674683 0.15430613763124093 -0.070960883309774667 0.0057168533103794522 0.088000646630281218 -0.010139845513085253 -0.024303964954543168 0.080307662684110159 0.13269632987187313 0.15711351247959041 -0.32000559575371557 0.054451190170958973 0.23123754935426785 0.081048311931135458 -0.00099701815957458804 0.011481980224705176 0.19975992699859771 0.039159266294581795 0.033338173144028031 -0.047666044746227355 -0.0090015157963188163 0.20218299307814067 -0.002329030037507757 -0.0033049749296719484 0.051932875013107158 -0.040870665687351607
leaf_weight=374 3405 1366 631 360 140 949 1474 13111 933 4515 320 3347 276 128 118 82 103 214 6883 6449 1521 4205 2162 232 2868 493 137283 1464 1107 1906
leaf_count=374 3405 1366 631 360 140 949 1474 13111 933 4515 320 3347 276 128 118 82 103 214 6883 6449 1521 4205 2162 232 2868 493 137283 1464 1107 1906
internal_value=0.00016447 0.00255635 0.00101623 0.000411637 -6.21759e-05 0.000257185 -0.000594868 5.55496e-05 0.000588699 0.000470476 0.000763549 0.00189792 0.00227942 -0.00125166 -0.00607317 -0.0129 -0.0020737 -0.00256635 -1.73586e-05 0.000453385 0.0016044 -8.01926e-05 -0.000499181 -0.000878627 -0.00197044 0.00102161 -0.000107054 0.00147708 0.0032451 -0.00165396
internal_weight=198419 8642 5237 4606 4246 4106 3157 189777 22830 21897 17382 4271 3951 604 328 200 1791 1688 166947 26719 8463 18256 14051 11889 5006 6942 140228 2945 1481 4774
internal_count=198419 8642 5237 4606 4246 4106 3157 189777 22830 21897 17382 4271 3951 604 328 200 1791 1688 166947 26719 8463 18256 14051 11889 5006 6942 140228 2945 1481 4774
is_linear=0
shrinkage=0.06


Tree=108
num_leaves=31
num_cat=0
split_feature=0 4 0 3 11 23 21 23 2 21 6 23 26 23 24 14 15 21 18 20 16 26 27 4 16 24 23 20 27 21
split_gain=14.3865 5.44735 3.13461 7.23769 5.06588 2.89734 2.87049 2.32404 2.4143 3.43101 2.15645 2.19207 2.29527 2.18588 2.12125 2.26135 2.41333 1.78864 2.66441 2.40576 2.32013 3.46949 3.14953 3.44618 2.11558 2.15959 1.89788 2.34124 1.83132 1.73317
threshold=82.491657257080092 232.00000000000003 39.752513885498054 44.000000000000007 0.20570998638868335 12.026573657989504 0.53120040893554699 1.3482347726821902 7.5000000000000009 0.19260819256305697 12.250000000000002 2.2476330995559697 6.2160232067108163 1.1002950072288515 16180.004882812502 1.0000000180025095e-35 1.0000000180025095e-35 0.21874103695154193 2.4277362823486333 1.0000000180025095e-35 10.500000000000002 26.40623760223389 14.475553512573244 184.50000000000003 16.500000000000004 12332.306152343752 0.43482093513011938 2.5000000000000004 10.94658946990967 0.099024470895528807
decision_type=2 2 2 2 2 2 2 2 2 2 2 2 2 2 2 2 2 2 2 2 2 2 2 2 2 2 2 2 2 2
left_child=2 -2 -1 -4 5 6 14 8 -3 -10 -6 12 -12 -14 15 16 17 20 26 -20 21 22 23 -5 -22 29 27 -19 -21 -26
right_child=1 7 3 4 10 -7 -8 -9 9 -11 11 -13 13 -15 -16 -17 -18 18 19 28 24 -23 -24 -25 25 -27 -28 -29 -30 -31
leaf_value=0.00052274932683172063 0.40134248199057559 -0.20848716059688013 0.16387108012492585 -0.17173926137871084 0.17948875748498083 0.15481344521704107 0.047936851154241178 0.36045970984782494 -0.1255829280428597 0.1184652292027244 -0.16418283045402324 0.22957455308572894 0.08825449046053474 -0.11368053596137885 0.058694061977395393 0.13099990292724464 -0.14680070664712938 0.011677294450204049 0.015322797472232566 -0.24473680332818398 0.066456196257926065 -0.18168941364328964 0.0093596523949157021 -0.0016778303935116249 -0.098522985316555345 -0.12642929007944123 0.055524630139541377 -0.083152194355847642 -0.082798337971976957 0.030354716596729021
leaf_weight=184705 2899 153 1612 149 966 488 1031 192 87 259 92 412 520 102 514 396 164 974 91 83 272 93 223 95 110 222 611 613 98 193
leaf_count=184705 2899 153 1612 149 966 488 1031 192 87 259 92 412 520 102 514 396 164 974 91 83 272 93 223 95 110 222 611 613 98 193
internal_value=0.000163866 0.00392758 9.45139e-05 0.00112248 0.000424342 -0.000411215 -0.000776804 -0.000859623 -0.00301804 -0.000242774 0.00298853 0.00120426 -0.000806722 0.000501608 -0.00138217 -0.00180944 -0.00223854 -0.00193311 -0.00097166 -0.00657353 -0.00368312 -0.00664286 -0.00453533 -0.0092459 -0.00160351 -0.00382857 -0.000278435 -0.0013724 -0.0105746 -0.000534653
internal_weight=198419 3590 194829 10124 8512 6420 5932 691 499 346 2092 1126 714 622 4901 4387 3991 3827 2470 272 1357 560 467 244 797 525 2198 1587 181 303
internal_count=198419 3590 194829 10124 8512 6420 5932 691 499 346 2092 1126 714 622 4901 4387 3991 3827 2470 272 1357 560 467 244 797 525 2198 1587 181 303
is_linear=0
shrinkage=0.06


Tree=109
num_leaves=31
num_cat=0
split_feature=0 1 0 3 11 25 0 23 17 23 1 23 23 26 17 7 14 0 1 23 0 3 11 23 20 21 11 11 19 24
split_gain=14.2865 5.31563 2.66999 5.8892 4.41053 2.52167 2.24282 2.47449 2.94008 3.83272 2.58338 1.76752 2.18917 1.95401 1.73096 1.66206 4.96139 3.56495 3.13753 3.05787 2.98965 2.23306 2.09578 4.85392 2.29108 2.44727 2.44593 3.3507 2.34598 2.23276
threshold=78.621612548828139 132.00000000000003 39.752513885498054 44.000000000000007 0.20570998638868335 11.500000000000002 104.55176544189455 1.3482347726821902 2.5000000000000004 0.39329834282398229 292.50000000000006 2.2476330995559697 1.4673189520835879 5.1307387351989755 5.5000000000000009 1.0000000180025095e-35 1.0000000180025095e-35 8.6549654006958026 47.500000000000007 17.542471885681156 17.298931121826175 37.500000000000007 0.43672485649585729 9.608006954193117 2.5000000000000004 0.30225856602191931 0.49360147118568426 0.50397455692291271 84.579452514648452 16236.231445312502
decision_type=2 2 2 2 2 2 2 2 2 2 2 2 2 2 2 2 2 2 2 2 2 2 2 2 2 2 2 2 8 2
left_child=2 -2 15 -4 5 -5 7 8 -3 10 -10 12 13 -6 -9 16 17 19 20 -1 -18 -19 -17 24 25 -24 -26 -28 29 -29
right_child=1 6 3 4 11 -7 -8 14 9 -11 -12 -13 -14 -15 -16 22 18 21 -20 -21 -22 -23 23 -25 26 -27 27 28 -30 -31
leaf_value=-0.0096098115318051357 0.51180695479843485 0.086354811936335332 0.14746288865154492 0.00013631191627951891 -0.13236515005139599 -0.076982125884963809 0.62667691373463985 0.38509954834927523 0.0070256725863705365 -0.28462407291520408 -0.12341292275264773 0.23741586233714745 -0.10601534289383521 0.089607689046578037 -0.086865015682027105 0.00030074269016586793 -0.10524610284297149 0.027269900300461069 -0.17612412516149728 -0.11963847893330744 0.024186728613622855 -0.006643370677851583 0.0024358197152397646 0.13652479268870893 0.029792580794280151 0.044886778138988101 -0.069187363767929555 -0.032194971592430448 0.017520976843610862 0.068567418676226524
leaf_weight=14079 2047 621 1500 5374 121 564 349 487 488 97 115 787 116 940 108 142434 93 4296 109 81 142 2909 6081 1638 1596 4957 153 3416 2294 427
leaf_count=14079 2047 621 1500 5374 121 564 349 487 488 97 115 787 116 940 108 142434 93 4296 109 81 142 2909 6081 1638 1596 4957 153 3416 2294 427
internal_value=0.000162958 0.00357885 8.70759e-05 0.00107339 0.000419135 -0.000396093 0.00157616 0.000770355 -0.00067676 -0.00334286 -0.00156219 0.00288391 0.00141206 0.00226767 0.00398319 3.68698e-05 -0.000456308 -0.000341212 -0.00760465 -0.000894068 -0.00370213 0.000745316 0.000102555 0.000668807 0.000397591 0.000955608 -0.000383464 -0.000915739 -0.000697083 -0.00160343
internal_weight=198419 4312 194107 9402 7902 5938 2265 1916 1321 700 603 1964 1177 1061 595 184705 21709 21365 344 14160 235 7205 162996 20562 18924 11038 7886 6290 6137 3843
internal_count=198419 4312 194107 9402 7902 5938 2265 1916 1321 700 603 1964 1177 1061 595 184705 21709 21365 344 14160 235 7205 162996 20562 18924 11038 7886 6290 6137 3843
is_linear=0
shrinkage=0.06


Tree=110
num_leaves=31
num_cat=0
split_feature=0 3 0 1 23 11 23 11 0 24 24 14 19 19 19 21 24 4 16 11 11 26 16 3 19 3 11 0 21 23
split_gain=14.0285 4.89372 3.09982 6.53015 3.12919 2.53458 2.42116 2.53914 2.46423 2.20256 4.54093 2.06105 2.45386 2.95542 2.87427 2.75602 2.03948 2.13931 2.15287 1.80894 2.10726 2.00185 2.5462 1.7513 1.59072 1.5403 1.79791 1.72539 1.602 1.52847
threshold=82.491657257080092 178.50000000000003 41.712530136108406 92.500000000000014 11.868320941925051 0.62687611579895031 1.3482347726821902 0.21494740992784503 104.55176544189455 7031.1650390625009 11057.514648437502 1.0000000180025095e-35 48.102670669555671 29.413496017456058 34.979949951171882 0.17327156662940982 6054.3205566406259 196.50000000000003 10.500000000000002 0.57048034667968761 0.20570998638868335 25.543205261230472 17.500000000000004 271.00000000000006 43.322889328002937 32.000000000000007 0.20570998638868335 69.17972564697267 0.3982848078012467 1.1273880600929262
decision_type=2 2 2 2 2 2 2 2 2 2 2 2 8 10 10 2 2 2 2 2 2 2 2 2 10 2 2 2 2 2
left_child=2 -2 29 25 5 11 7 8 9 -3 -11 12 13 -5 -15 16 -14 18 -18 20 21 -17 -23 -12 -16 -4 27 28 -27 -1
right_child=1 6 3 4 -6 -7 -8 -9 -10 10 23 -13 15 14 24 19 17 -19 -20 -21 -22 22 -24 -25 -26 26 -28 -29 -30 -31
leaf_value=-0.0011483207112204471 0.48317324562277036 0.1459718635974819 0.18048618001021363 0.0048042269987478492 0.21010630817150447 0.14291085525942598 0.40168386669898537 0.43009939598509433 0.31387064302283041 -0.12624457580262574 0.098320024959407698 0.27190940923087903 0.13407093600317255 -0.22358957169150584 -0.02082091131953695 0.010348086322158482 -0.18285941013985152 -0.016627665303628289 -0.072941549496323602 -0.10111581796669432 0.14600803912236723 -0.015560031934908928 -0.15066320073989639 -0.18421299777568814 -0.14517263691797366 -0.022607988406516174 0.1839508664586848 0.16840363852913068 0.043033353499337325 0.0048389456592968644
leaf_weight=129181 2305 142 857 263 586 397 368 206 106 184 182 265 80 90 167 2138 157 205 157 143 403 424 148 97 140 856 731 576 617 56248
leaf_count=129181 2305 142 857 263 586 397 368 206 106 184 182 265 80 90 167 2138 157 205 157 143 403 424 148 97 140 856 731 576 617 56248
internal_value=0.000160842 0.00387744 9.23581e-05 0.00115532 -0.000100989 -0.000571373 0.000910506 -0.000739367 -0.00243882 -0.00391736 -0.00592225 -0.000953975 -0.00125581 -0.00463636 -0.00790428 -0.000677043 -0.00441736 -0.00579191 -0.00890446 1.10567e-05 0.000314167 -0.000287823 -0.00344056 -0.00109677 -0.00514006 0.003146 0.00246043 0.00154905 0.000460285 3.84732e-05
internal_weight=198419 3590 194829 9400 5763 5177 1285 917 711 605 463 4780 4515 660 397 3855 599 519 314 3256 3113 2710 572 279 307 3637 2780 2049 1473 185429
internal_count=198419 3590 194829 9400 5763 5177 1285 917 711 605 463 4780 4515 660 397 3855 599 519 314 3256 3113 2710 572 279 307 3637 2780 2049 1473 185429
is_linear=0
shrinkage=0.06


Tree=111
num_leaves=31
num_cat=0
split_feature=0 3 0 1 23 11 23 11 0 2 24 24 3 11 4 4 21 23 5 14 16 0 1 16 21 25 0 11 23 26
split_gain=13.9231 4.24548 3.18928 5.44391 2.81884 2.54383 2.20617 2.34513 2.72399 1.97987 1.94555 3.05546 1.73496 1.69892 1.81342 1.59013 1.48023 1.71175 1.76083 1.6952 1.54942 2.05316 1.97591 1.61822 2.82178 2.44023 2.01605 2.95614 2.49732 2.47777
threshold=82.491657257080092 178.50000000000003 41.712530136108406 103.00000000000001 17.144623756408695 0.62687611579895031 1.3482347726821902 0.24962412565946582 104.55176544189455 6.5000000000000009 7031.1650390625009 11057.514648437502 339.50000000000006 0.20570998638868335 42.000000000000007 253.50000000000003 0.54729878902435314 4.7370638847351083 7.5000000000000009 1.0000000180025095e-35 21.500000000000004 21.312211990356449 129.50000000000003 6.5000000000000009 0.30940997600555425 3.5000000000000004 11.921046733856203 0.23303439468145373 5.7255988121032724 6.0593731403350839
decision_type=2 2 2 2 2 2 2 2 2 2 2 2 2 2 2 2 2 2 2 2 2 2 2 2 2 2 2 2 2 2
left_child=2 -2 16 13 5 9 7 8 10 -5 -3 -12 -11 14 -4 -13 20 19 -19 -18 23 -22 -23 24 26 -26 28 29 -1 -28
right_child=1 6 3 4 -6 -7 -8 -9 -10 12 11 15 -14 -15 -16 -17 17 18 -20 -21 21 22 -24 -25 25 -27 27 -29 -30 -31
leaf_value=-0.0024212908050050648 0.45418285088540444 0.13721355178163305 0.13015705181543055 -0.030876906439792826 0.7468636893906071 0.15211898170613034 0.37758283469704607 0.57797939920578911 0.32924498319819434 0.028204747778285327 -0.11918765956101435 0.10745207320857093 -0.21143475036123818 0.18577830778442847 0.019949092757152523 -0.16269242304613235 0.0024084704508288255 0.013978231816966969 0.10436137796143713 0.15412280819033122 0.01396184840423785 0.063474218677568847 -0.10233039744122722 -0.0022376897735512258 -0.0071073917203249831 0.038256817226695314 -0.15311473560654787 0.019327439995331909 0.074555097219067196 -0.057224589969371284
leaf_weight=5312 2305 142 984 3143 264 432 368 165 130 1529 201 174 127 1014 1907 105 18411 2154 1165 440 10834 98 216 138873 1302 4235 162 638 837 752
leaf_count=5312 2305 142 984 3143 264 432 368 165 130 1529 201 174 127 1014 1907 105 18411 2154 1165 440 10834 98 216 138873 1302 4235 162 638 837 752
internal_value=0.00015812 0.00386072 8.98944e-05 0.00116809 -4.91354e-05 -0.000354425 0.00109728 -0.000477644 -0.00189894 -0.000751406 -0.00354984 -0.005375 0.000927536 0.00288092 0.00213974 -0.00131183 3.52374e-05 0.000495264 0.00175173 0.000274044 -2.72326e-05 0.000655544 -0.00412739 -7.72723e-05 0.00055658 0.00158967 -0.000186209 -0.00211856 0.000301513 -0.00430635
internal_weight=198419 3590 194829 9400 5495 5231 1285 917 752 4799 622 480 1656 3905 2891 279 185429 22170 3319 18851 163259 11148 314 152111 13238 5537 7701 1552 6149 914
internal_count=198419 3590 194829 9400 5495 5231 1285 917 752 4799 622 480 1656 3905 2891 279 185429 22170 3319 18851 163259 11148 314 152111 13238 5537 7701 1552 6149 914
is_linear=0
shrinkage=0.06


Tree=112
num_leaves=31
num_cat=0
split_feature=0 4 11 25 21 0 24 19 24 23 4 0 11 23 16 23 0 3 16 0 24 4 27 0 18 19 26 17 24 23
split_gain=13.6674 7.67604 3.69239 4.66296 2.21734 2.77962 2.13742 2.77768 2.82836 1.95594 3.86404 3.39999 3.30792 2.89746 2.74629 2.64898 2.61989 2.15448 2.37707 2.37442 2.07974 2.00962 1.97732 1.93712 1.91091 2.62217 2.75126 2.72836 1.9354 1.87545
threshold=69.17972564697267 108.50000000000001 0.21494740992784503 2.5000000000000004 0.54729878902435314 37.445917129516609 12583.756347656252 32.645650863647468 9472.9199218750018 6.4740757942199716 181.50000000000003 15.91614866256714 0.31268873810768133 22.388113021850589 18.500000000000004 11.556233406066896 1.2789404988288882 14.000000000000002 9.5000000000000018 1.7055113911628725 12375.156250000002 87.500000000000014 20.874805450439457 91.426315307617202 9.0773310661315936 47.393001556396491 10.475260257720949 3.5000000000000004 6791.8967285156259 6.1388392448425302
decision_type=2 2 2 2 2 2 2 10 2 2 2 2 2 2 2 2 2 2 2 2 2 2 2 2 2 10 2 2 2 2
left_child=4 -2 3 6 9 -6 7 -3 -9 17 11 14 13 -12 15 -11 21 18 19 -1 -18 -17 -22 -5 29 26 27 -26 -28 -19
right_child=1 2 -4 23 5 -7 -8 8 -10 10 12 -13 -14 -15 -16 16 20 24 -20 -21 22 -23 -24 -25 25 -27 28 -29 -30 -31
leaf_value=-0.010061436128481748 0.31575076849781125 -0.0082559793336626011 0.31356408498288246 -0.0020863112687428019 0.0076914263326353953 0.089893118366947411 0.024523269241465442 -0.066930204073796865 -0.24506538142458456 -0.001490614595614694 0.010662809738985412 0.038445683557482874 0.18485902217923414 0.18984652861928761 0.030229539509287712 -0.14753530064214718 -0.0071757028086994711 -0.0012333321950579131 -0.0027517619271088187 0.046272987936320259 -0.050591293598854635 -0.012740686178909494 0.013683680949377743 0.16912501411094183 -0.048966826828557394 0.006630614392495811 -0.089734094782634929 -0.22216625093912337 -0.029796786147101486 -0.025603627533257178
leaf_weight=301 2868 134 842 1419 21842 1354 133 123 140 6883 6514 4515 1547 493 2162 138 2836 134716 1479 1192 1560 141 331 815 222 1070 120 139 767 1623
leaf_count=301 2868 134 842 1419 21842 1354 133 123 140 6883 6514 4515 1547 493 2162 138 2836 134716 1479 1192 1560 141 331 815 222 1070 120 139 767 1623
internal_value=0.000156003 0.00286747 0.00102496 -3.4732e-05 6.455e-05 0.000614589 -0.00509434 -0.00729975 -0.0108821 -1.10576e-05 0.000455752 -3.03779e-05 0.00151087 0.000956472 -0.000490641 -0.000848347 -0.00189852 -0.000100445 0.00149798 0.00318687 -0.00156505 -0.00754839 -0.00310629 0.00116562 -0.000134706 -0.00184297 -0.00371154 -0.00812742 -0.00191432 -0.000105663
internal_weight=198419 6474 3606 2764 191945 23196 530 397 263 168749 27120 18566 8554 7007 14051 11889 5006 141629 2972 1493 4727 279 1891 2234 138657 2318 1248 361 887 136339
internal_count=198419 6474 3606 2764 191945 23196 530 397 263 168749 27120 18566 8554 7007 14051 11889 5006 141629 2972 1493 4727 279 1891 2234 138657 2318 1248 361 887 136339
is_linear=0
shrinkage=0.06


Tree=113
num_leaves=31
num_cat=0
split_feature=0 1 0 3 11 0 23 0 17 4 18 25 27 19 6 23 16 27 19 19 20 24 16 2 23 19 26 0 23 20
split_gain=13.2367 4.10734 2.78619 5.34197 3.37962 2.01255 1.92794 2.22194 2.90778 1.83632 2.02884 1.64378 1.61749 2.37266 1.59646 1.68148 1.58153 2.13207 2.32659 1.99618 1.92242 4.00928 2.67126 3.05791 1.59387 2.46635 3.48692 1.53339 1.52951 1.50583
threshold=82.491657257080092 166.50000000000003 41.712530136108406 63.500000000000007 0.20570998638868335 53.801986694335945 1.3482347726821902 104.55176544189455 2.5000000000000004 265.50000000000006 -2.0145196914672847 11.500000000000002 10.41577196121216 74.995918273925795 12.250000000000002 2.2476330995559697 16.500000000000004 6.9517681598663339 70.479930877685561 91.079254150390639 2.5000000000000004 9821.4609375000018 10.500000000000002 6.5000000000000009 6.2878470420837411 46.759160995483406 21.400458335876468 65.666522979736342 1.1002950072288515 2.5000000000000004
decision_type=2 2 2 2 2 2 2 2 2 2 2 2 2 8 2 2 2 2 8 8 2 2 2 2 2 10 2 2 2 2
left_child=2 -2 -1 5 11 -4 7 8 -3 10 -10 16 -13 -14 -6 28 20 18 -18 -20 -5 22 23 -22 25 26 -19 -27 -16 -29
right_child=1 6 3 4 14 -7 -8 -9 9 -11 -12 12 13 -15 15 -17 17 24 19 -21 21 -23 -24 -25 -26 27 -28 29 -30 -31
leaf_value=0.00042323398920726338 0.45303166577085047 0.077966023584503497 0.028131523720283901 0.032311379723320426 0.14303539053326342 0.18137226035385182 0.33364179710846104 0.33603876398087401 -0.10897927368335145 -0.17843068623546354 0.058312908252376179 0.0027986497482278124 -0.2316131263150904 -0.077286577761864331 0.018785311055919664 0.18990572230003797 -0.19119113707326812 -0.0046109395789135652 0.041058620817507739 -0.11514776334646183 -0.13493512016161224 0.024736340883340903 0.011481318716821528 -0.048160456666703128 0.10773913614200746 0.045924876458378693 -0.22928503194268385 -0.12306133733233861 -0.091129074292562992 0.023407182818580192
leaf_weight=185429 2156 431 964 2076 652 1456 401 178 121 123 180 200 80 164 562 401 115 123 157 115 152 793 154 110 258 450 101 127 109 81
leaf_count=185429 2156 431 964 2076 652 1456 401 178 121 123 180 200 80 164 562 401 115 123 157 115 152 793 154 110 258 450 101 127 109 81
internal_value=0.000150258 0.00376045 8.37352e-05 0.00109149 0.000249284 0.00352066 0.00127197 -9.87413e-05 -0.00136842 -0.00489623 -0.00237209 -0.000506849 -0.004 -0.00727869 0.00255452 0.0011306 -0.000184538 -0.00177996 -0.00562791 -0.00260294 0.000557078 -0.00134491 -0.00611538 -0.00980153 -0.000473684 -0.00168707 -0.007125 0.000164134 -0.000706408 -0.00409615
internal_weight=198419 3590 194829 9400 6980 2420 1434 1033 855 424 301 5256 444 244 1724 1072 4812 1527 387 272 3285 1209 416 262 1140 882 224 658 671 208
internal_count=198419 3590 194829 9400 6980 2420 1434 1033 855 424 301 5256 444 244 1724 1072 4812 1527 387 272 3285 1209 416 262 1140 882 224 658 671 208
is_linear=0
shrinkage=0.06


Tree=114
num_leaves=31
num_cat=0
split_feature=0 3 0 1 23 23 0 11 1 11 25 3 11 11 4 3 23 23 4 0 6 23 11 21 21 21 24 24 20 24
split_gain=12.7794 3.85422 2.76626 5.00395 2.84946 2.21433 2.42544 2.54138 2.52425 2.12195 2.041 1.93533 2.95157 1.85423 1.82012 1.76005 1.47425 1.43738 2.44398 1.31134 1.29627 3.21137 2.1945 2.2339 3.90691 1.74981 1.54794 2.31606 3.11306 1.61898
threshold=82.491657257080092 142.00000000000003 41.712530136108406 103.00000000000001 17.144623756408695 1.3482347726821902 104.55176544189455 0.24962412565946582 353.50000000000006 0.62687611579895031 2.5000000000000004 189.00000000000003 0.51942425966262828 0.20570998638868335 42.000000000000007 339.50000000000006 4.534365415573121 27.01892185211182 104.50000000000001 75.529083251953139 23.650000572204593 13.349164962768556 0.43672485649585729 0.28280414640903478 0.26759469509124761 0.23404077440500262 9939.3471679687518 11029.454589843752 3.5000000000000004 12934.763671875002
decision_type=2 2 2 2 2 2 2 2 2 2 2 2 2 2 2 2 2 2 2 2 2 2 2 2 2 2 2 2 2 2
left_child=2 -2 17 13 9 6 7 8 10 11 -3 -5 15 14 -4 -13 19 20 -19 -16 -1 22 26 24 25 -24 -22 28 -28 -29
right_child=1 5 3 4 -6 -7 -8 -9 -10 -11 -12 12 -14 -15 16 -17 -18 18 -20 -21 21 -23 23 -25 -26 -27 27 29 -30 -31
leaf_value=-0.00073621561004045849 0.50171103701402897 -0.096946769190749821 0.11811617192427075 -0.032068479993378786 0.68526393758715154 0.34365260742413234 0.33590379336552417 0.4012806564277418 -0.14393426366191336 0.13711957908779407 0.0087438017124252306 0.022853931554510196 -0.13069696768505801 0.16339804225414672 -0.011426034940554296 -0.21615348253685748 0.12270140019157412 -0.014284220716985327 0.31006876320627136 0.1926496672950341 0.0093420016075410322 0.093635929130080828 -0.0031489660365825746 0.085600431638649443 -0.14089923248466257 0.11941811328011848 -0.051508794027356808 0.015338050639118164 0.037223959115366363 -0.0089023555981579874
leaf_weight=152995 1892 160 984 2487 264 490 216 184 105 432 543 2075 118 1014 1272 119 436 254 407 199 9334 1458 1324 1971 150 371 1972 4601 574 10018
leaf_count=152995 1892 160 984 2487 264 490 216 184 105 432 543 2075 118 1014 1272 119 436 254 407 199 9334 1458 1324 1971 150 371 1972 4601 574 10018
internal_value=0.000146327 0.00369359 8.09635e-05 0.00108511 -8.18924e-05 0.00161837 0.000238411 -0.00101613 -0.00246535 -0.000388836 -0.00116927 -0.000751406 0.00049827 0.00272727 0.00195296 0.000995442 0.000871526 3.00602e-05 0.002823 -3.67095e-05 2.00686e-05 0.000368804 0.000236517 0.00158176 8.1301e-05 0.000902655 4.27943e-05 -0.000295368 -0.00196544 -4.51445e-06
internal_weight=198419 3590 194829 9400 5495 1698 1208 992 808 5231 703 4799 2312 3905 2891 2194 1907 185429 661 1471 184768 31773 30315 3816 1845 1695 26499 17165 2546 14619
internal_count=198419 3590 194829 9400 5495 1698 1208 992 808 5231 703 4799 2312 3905 2891 2194 1907 185429 661 1471 184768 31773 30315 3816 1845 1695 26499 17165 2546 14619
is_linear=0
shrinkage=0.06


Tree=115
num_leaves=31
num_cat=0
split_feature=0 1 0 25 16 23 4 11 23 0 11 0 11 21 21 0 24 25 6 19 5 21 0 14 27 11 19 24 20 25
split_gain=12.559 6.37021 2.64338 2.93844 3.41941 2.07163 4.11086 3.49619 1.9175 1.85428 1.74678 2.16547 1.77078 1.92287 2.42217 2.38493 3.46421 2.24305 2.31631 2.78191 2.07511 1.72055 1.92264 1.70833 1.60162 1.58335 1.61702 1.53442 1.89997 5.08916
threshold=75.529083251953139 125.50000000000001 96.72674942016603 1.5000000000000002 9.5000000000000018 22.75537204742432 104.50000000000001 0.31626549363136297 11.69450902938843 21.800677299499515 0.70235082507133495 17.298931121826175 0.71001616120338451 0.15790324658155444 0.26759469509124761 11.682975769042971 14655.073730468752 11.500000000000002 24.44999980926514 76.726886749267592 5.5000000000000009 0.54729878902435314 39.752513885498054 1.0000000180025095e-35 12.871875762939455 0.32278057932853704 34.979949951171882 17350.135742187504 1.0000000180025095e-35 3.5000000000000004
decision_type=2 2 2 2 2 2 2 2 2 2 2 2 2 2 2 2 2 2 2 8 2 2 2 2 2 2 8 2 2 2
left_child=5 -2 3 4 -3 10 7 9 25 -7 21 12 -12 15 -15 -14 20 -16 19 -19 -17 -1 23 27 -6 26 -5 28 29 -23
right_child=1 2 -4 8 24 6 -8 -9 -10 -11 11 -13 13 14 17 16 -18 18 -20 -21 -22 22 -24 -25 -26 -27 -28 -29 -30 -31
leaf_value=-0.00085275909110846715 0.36648747376735719 0.20449538936908304 0.2865179311617389 -0.1444949276903785 -0.14616818434017065 -0.044191552855548807 0.15287369932303388 0.099984326535220713 0.36946751878573519 0.062279565074705716 0.10398116603408103 0.091501241758635596 0.0046427417896083454 0.085125328253425767 0.015696428869079647 -0.080554108727627013 0.14754381673670935 -0.10101612035232603 -0.13586970308734672 0.021286868936820955 -0.17733929574898799 -0.019301620572391574 0.078565903555348662 0.15292056018006878 -0.11412321465359219 0.24836954770362624 -0.00067932710527549966 0.071609812380401469 -0.0017741271044499239 0.052358680849037532
leaf_weight=162789 2213 85 801 85 81 382 1016 198 272 128 538 1371 483 997 1596 124 101 226 81 199 125 1638 1346 437 90 271 1134 1078 15592 2942
leaf_count=162789 2213 85 801 85 81 382 1016 198 272 128 538 1371 483 997 1596 124 101 226 81 199 125 1638 1346 437 90 271 1134 1078 15592 2942
internal_value=0.000143303 0.00310254 0.00121107 5.35186e-05 -0.00595312 6.63025e-05 0.00213689 -0.00137288 0.00092622 -0.004 4.76777e-05 0.00106934 0.00042953 -1.22073e-05 0.000675702 -0.00257143 -0.00634286 -0.000479543 -0.00396047 -0.00218824 -0.0101446 1.55635e-05 0.000500934 0.000364366 -0.0108421 8.05371e-05 -0.000841673 0.000288 0.000170137 0.00124454
internal_weight=198419 5032 2819 2018 256 193387 1724 708 1762 510 191663 5841 4470 3932 3099 833 350 2102 506 425 249 185822 23033 21687 171 1490 1219 21250 20172 4580
internal_count=198419 5032 2819 2018 256 193387 1724 708 1762 510 191663 5841 4470 3932 3099 833 350 2102 506 425 249 185822 23033 21687 171 1490 1219 21250 20172 4580
is_linear=0
shrinkage=0.06


Tree=116
num_leaves=31
num_cat=0
split_feature=0 3 11 25 20 16 16 23 1 11 0 19 3 21 11 23 23 3 0 23 11 21 17 21 23 3 0 25 0 24
split_gain=11.9063 7.83881 3.31203 3.80947 2.37954 3.99701 3.28381 2.12967 3.6512 3.17147 2.03529 1.93825 1.78391 1.72919 3.12105 2.84869 2.5853 3.24833 2.65731 2.33638 2.3343 2.32704 2.28701 2.60752 2.55923 2.27041 2.9588 2.17779 2.9307 2.22933
threshold=69.17972564697267 97.500000000000014 0.21494740992784503 2.5000000000000004 2.5000000000000004 15.500000000000002 15.500000000000002 22.75537204742432 132.00000000000003 0.31626549363136297 91.426315307617202 64.463558197021499 241.50000000000003 0.37659685313701635 0.75387340784072887 22.062063217163089 3.1620360612869267 134.50000000000003 6.2991905212402353 14.812517642974855 0.26540583372116094 0.41277636587619787 2.5000000000000004 0.48841498792171484 14.096325397491457 32.000000000000007 8.0438809394836444 7.5000000000000009 12.188961982727053 12004.941894531252
decision_type=2 2 2 2 2 2 2 2 2 2 2 10 2 2 2 2 2 2 2 2 2 2 2 2 2 2 2 2 2 2
left_child=7 -2 3 4 5 -3 11 13 9 -9 -5 -6 -12 -1 15 16 25 18 21 20 22 -18 24 -24 27 26 -15 28 29 -19
right_child=1 2 -4 10 6 -7 -8 8 -10 -11 12 -13 -14 14 -16 -17 17 19 -20 -21 -22 -23 23 -25 -26 -27 -28 -29 -30 -31
leaf_value=-0.0014796830996166572 0.29291651308801331 0.21318933857246442 0.28908872650415107 -0.0016660428504502881 -0.15362311672365794 -0.14953843089880373 -0.015269289484548676 -0.02556587382466095 0.16591033350802323 0.11200964602091291 0.2799391937349997 -0.15877871750938682 -0.01191261371536881 0.00072964465871140952 0.16353244327320604 -0.27234264653166795 0.10660624638417469 -0.035192767448410552 0.015252858485521766 0.15055369422597253 0.11311718785669128 -0.028623706839770686 0.067479152406382581 0.0013556381057997821 -0.094569518107857256 -0.00051175386634793056 0.061343575845656147 0.026111319055752483 -0.11570128267561837 0.1114156662385983
leaf_weight=121461 2501 179 935 1564 82 86 139 581 898 215 608 96 284 2671 512 162 193 172 5223 952 1278 1744 1516 1517 89 49628 1765 1084 116 168
leaf_count=121461 2501 179 935 1564 82 86 139 581 898 215 608 96 284 2671 512 162 193 172 5223 952 1278 1744 1516 1517 89 49628 1765 1084 116 168
internal_value=0.000142093 0.00267285 0.00101636 5.52998e-05 -0.00430928 -0.000113207 -0.00781703 5.67352e-05 0.00217473 -0.000783919 0.00108958 -0.0132135 0.00337668 3.78765e-05 0.000278238 0.000243241 0.000262141 0.000987191 9.2179e-05 0.00191701 0.00147475 -0.00180589 0.000851995 0.00182592 -0.000961326 7.36907e-05 0.00137421 -0.00038961 -0.00386842 -0.00105882
internal_weight=198419 6474 3973 3038 582 265 317 191945 1694 796 2456 178 892 190251 68790 68278 68116 14052 7160 6892 5940 1937 4662 3033 1629 54064 4436 1540 456 340
internal_count=198419 6474 3973 3038 582 265 317 191945 1694 796 2456 178 892 190251 68790 68278 68116 14052 7160 6892 5940 1937 4662 3033 1629 54064 4436 1540 456 340
is_linear=0
shrinkage=0.06


Tree=117
num_leaves=31
num_cat=0
split_feature=0 3 0 23 17 1 25 25 20 21 23 11 14 23 1 3 0 21 25 25 0 21 6 25 11 26 24 0 6 0
split_gain=11.8022 6.43752 2.73373 2.58044 3.02032 2.67793 3.30237 2.32317 2.30553 2.3137 1.84212 1.58615 4.05281 2.69392 4.14805 2.04902 2.21139 1.95449 2.28983 4.18295 2.57939 4.10351 4.74154 2.50402 2.44063 2.22816 1.76776 1.76388 1.69372 2.9564
threshold=75.529083251953139 101.50000000000001 104.55176544189455 11.69450902938843 2.5000000000000004 353.50000000000006 1.5000000000000002 5.5000000000000009 1.5000000000000002 0.30225856602191931 28.859872817993168 1.0000000180025095e-35 1.0000000180025095e-35 15.119426727294924 108.50000000000001 14.000000000000002 1.4768902063369753 0.16614678502082827 2.5000000000000004 3.5000000000000004 8.9830675125122088 0.14208472520112994 18.44999980926514 8.5000000000000018 0.5467192828655244 8.9889464378356951 1287.2454223632815 37.445917129516609 9.0000000000000018 18.613037109375004
decision_type=2 2 2 2 2 2 2 2 2 2 2 2 2 2 2 2 2 2 2 2 2 2 2 2 2 2 2 2 2 2
left_child=10 -2 3 4 -3 6 -6 -8 -9 -10 11 15 13 17 27 16 -1 18 -13 -20 24 -22 23 25 -21 -23 -17 -15 29 -14
right_child=1 2 -4 -5 5 -7 7 8 9 -11 -12 12 28 14 -16 26 -18 -19 19 20 21 22 -24 -25 -26 -27 -28 -29 -30 -31
leaf_value=-0.012706134812415887 0.35922735040692699 0.055760908067643923 0.56238266416207772 0.44938287970250068 -0.13223728826057451 -0.16117426238756732 0.12694457715710042 -0.12883948476226623 0.22750782682479276 -0.10778082883597476 0.13032988550751287 -0.055471923999698358 -0.089619311798724982 -0.026039072932839816 0.25618522977106611 0.036762538877028232 0.025145123848747192 0.0064615737172837003 0.07239337412325747 0.017763525482540315 -0.01549005917539543 -0.076634976325581666 -0.17674746202284999 -0.15021094286771705 -0.022983641258859863 0.076058937260416848 -0.0013520104063248358 0.20581852194340738 0.82608902553041708 0.17634487608107682
leaf_weight=548 1960 1090 410 358 139 108 376 209 200 182 541 1018 129 459 867 1059 2620 31432 877 1729 2055 93 136 145 1511 202 146927 101 683 255
leaf_count=548 1960 1090 410 358 139 108 376 209 200 182 541 1018 129 459 867 1059 2620 31432 877 1729 2055 93 136 145 1511 202 146927 101 683 255
internal_value=0.000138465 0.00300715 0.00129297 0.000590534 -0.000145833 -0.00220428 -0.00132369 -8.06616e-05 -0.0024264 0.00034555 6.38204e-05 5.40122e-05 0.000381656 0.000285785 0.00284653 -3.636e-05 0.00147349 0.000192561 -0.000659799 -0.000259632 -0.000836995 -0.00223261 -0.00670833 -0.00368182 0.000296297 -0.000508474 -6.86819e-05 -0.00117857 0.00403187 0.00084375
internal_weight=198419 5032 3072 2662 2304 1214 1106 967 591 382 193387 192846 41692 40625 1427 151154 3168 39198 7766 6748 5871 2631 576 440 3240 295 147986 560 1067 384
internal_count=198419 5032 3072 2662 2304 1214 1106 967 591 382 193387 192846 41692 40625 1427 151154 3168 39198 7766 6748 5871 2631 576 440 3240 295 147986 560 1067 384
is_linear=0
shrinkage=0.06


Tree=118
num_leaves=31
num_cat=0
split_feature=0 3 0 3 23 11 23 16 25 11 17 17 21 21 20 0 24 25 21 19 20 18 19 20 25 17 16 0 7 14
split_gain=12.2397 4.10976 2.40181 5.08576 2.91305 1.9587 1.96361 1.9248 1.76596 2.38119 1.85232 4.37669 2.94509 2.58591 2.48682 2.22553 2.20191 2.22687 2.45867 2.17769 1.80265 1.77868 2.36343 2.83381 3.70562 2.33431 2.2833 1.59804 1.53008 4.73347
threshold=82.491657257080092 176.50000000000003 39.752513885498054 44.000000000000007 4.8467845916748056 0.26825551688671118 1.3482347726821902 8.5000000000000018 11.500000000000002 0.62840861082077037 4.5000000000000009 2.5000000000000004 0.41141399741172796 0.30225856602191931 3.5000000000000004 69.17972564697267 14462.160644531252 6.5000000000000009 0.48632842302322393 90.553459167480483 1.0000000180025095e-35 -3.4004887342452998 78.345775604248061 1.5000000000000002 7.5000000000000009 3.5000000000000004 17.500000000000004 48.56915473937989 1.0000000180025095e-35 1.0000000180025095e-35
decision_type=2 2 2 2 2 2 2 2 2 2 2 2 2 2 2 2 2 2 2 8 2 2 10 2 2 2 2 2 2 2
left_child=2 -2 28 -4 8 6 7 -3 9 10 11 13 -12 20 -15 21 17 18 -14 -17 -5 -13 23 24 -23 -24 -25 -22 29 -1
right_child=1 5 3 4 -6 -7 -8 -9 -10 -11 12 15 16 14 -16 19 -18 -19 -20 -21 27 22 25 26 -26 -27 -28 -29 -30 -31
leaf_value=-0.0041970107052966893 0.34600809265402427 -0.14836803691983588 0.11631633754351096 -0.088141950396693924 0.072575249185057616 0.61816643066465582 0.25041797090170498 -0.0050054502854080104 -0.044695825974251847 0.17684172178136889 0.10030992534080838 0.029090985322190226 -0.20730515201041536 0.09297947925484415 -0.071028272136485993 -0.16612281209234203 0.12278652913871414 -0.13620345601491277 0.027247956661768106 -0.068359914018823784 -0.11922321179449707 -0.0037206173120719506 -0.038764107522144368 0.040098100247316248 -0.12857932734564512 -0.1509176021209816 -0.080065541076517574 0.02838733513869713 0.0012894953958774203 -0.094683438491120195
leaf_weight=21365 2273 141 1612 197 1874 228 301 647 768 381 952 303 118 1222 237 136 177 92 223 107 290 126 108 297 97 97 90 620 162996 344
leaf_count=21365 2273 141 1612 197 1874 228 301 647 768 381 952 303 118 1222 237 136 177 92 223 107 290 126 108 297 97 97 90 620 162996 344
internal_value=0.000138465 0.00361003 7.44963e-05 0.000974319 0.000389098 0.000943053 -0.000115702 -0.00169036 -0.000200663 0.000153322 -0.000165057 -0.000860198 0.00158259 0.000598597 0.00225771 -0.00361058 -0.00167213 -0.0039769 -0.00174194 -0.00881481 -0.00158808 -0.00247943 -0.00393865 -0.00206557 -0.00745291 -0.00951219 0.00103876 -0.000461538 2.51755e-05 -0.000448017
internal_weight=198419 3590 194829 10124 8512 1317 1089 788 6638 5870 5489 3927 1562 2566 1459 1361 610 433 341 243 1107 1118 815 610 223 205 387 910 184705 21709
internal_count=198419 3590 194829 10124 8512 1317 1089 788 6638 5870 5489 3927 1562 2566 1459 1361 610 433 341 243 1107 1118 815 610 223 205 387 910 184705 21709
is_linear=0
shrinkage=0.06


Tree=119
num_leaves=31
num_cat=0
split_feature=0 6 0 3 23 11 11 24 1 14 25 20 0 21 19 4 19 19 1 24 24 0 16 25 24 24 10 16 25 16
split_gain=11.4369 4.18463 2.24145 4.94972 3.08395 2.4869 2.12517 2.21265 2.14673 1.93326 1.84186 1.89551 1.83345 1.74977 2.02488 1.84977 1.78597 2.31426 1.78373 1.68533 3.22884 2.15345 1.76708 2.89016 2.65184 2.51622 1.64929 1.48064 1.46208 1.40248
threshold=82.491657257080092 11.700000286102297 39.752513885498054 59.500000000000007 16.804028511047367 0.62687611579895031 0.26825551688671118 11817.410156250002 353.50000000000006 1.0000000180025095e-35 2.5000000000000004 2.5000000000000004 53.801986694335945 0.2291279807686806 48.908920288085945 184.50000000000003 29.413496017456058 34.979949951171882 193.00000000000003 7495.5214843750009 7303.7951660156259 72.193359375000014 10.500000000000002 4.5000000000000009 12033.684082031252 14377.534179687502 1.5000000000000002 9.5000000000000018 11.500000000000002 10.500000000000002
decision_type=2 2 2 2 2 2 2 2 2 2 2 2 2 2 8 2 10 10 2 2 2 2 2 2 2 2 2 2 2 2
left_child=2 -2 -1 12 5 9 7 8 10 13 11 -3 -4 15 16 18 -15 -18 29 20 21 -16 -21 24 -24 -26 -25 -12 -7 -5
right_child=1 6 3 4 -6 28 -8 -9 -10 -11 27 -13 -14 14 19 -17 17 -19 -20 22 -22 -23 23 26 25 -27 -28 -29 -30 -31
leaf_value=0.00040725042962427675 0.44435905087932098 0.0080247158315865201 0.026261154422610473 -0.10008234089053668 0.48397807438897328 0.19442194450141559 0.60395323694019398 0.10690027105572253 -0.096906563608620683 0.16060070384500205 -0.087413367738355632 -0.12764184559252975 0.16480293583345976 0.0089180867590497905 0.018748757315307587 0.0060537340509524383 -0.18195832866838382 -0.034361901430285634 -0.12816424268914378 0.071351593064208144 -0.12800032088665869 -0.096805180441158975 0.0042338770137422188 -0.10675025053533513 -0.22044253939306488 -0.053460782525347125 0.052572869827987811 0.10431220388451795 -0.033231611605679785 -0.026461727637410098
leaf_weight=184705 1729 109 1034 386 357 508 338 636 105 523 128 87 1309 299 546 645 83 385 105 1312 105 137 266 80 91 138 1054 458 100 661
leaf_count=184705 1729 109 1034 386 357 508 338 636 105 523 128 87 1309 299 546 645 83 385 105 1312 105 137 266 80 91 138 1054 458 100 661
internal_value=0.000137255 0.00349304 7.54202e-05 0.000944686 0.000216682 -4.52584e-05 0.00151854 0.000563362 -0.00137317 -0.000373239 -0.00029156 -0.00532653 0.00336236 -0.000664548 -3.20282e-05 -0.00224708 -0.00283963 -0.00515385 -0.0036875 0.000545455 -0.00191878 -0.000412884 0.00120571 -0.00011418 -0.00393939 -0.00867249 0.00155556 0.00139249 0.00363158 -0.00293983
internal_weight=198419 3590 194829 10124 7781 7424 1861 1523 887 6816 782 196 2343 6293 4496 1797 767 468 1152 3729 788 683 2941 1629 495 229 1134 586 608 1047
internal_count=198419 3590 194829 10124 7781 7424 1861 1523 887 6816 782 196 2343 6293 4496 1797 767 468 1152 3729 788 683 2941 1629 495 229 1134 586 608 1047
is_linear=0
shrinkage=0.06


Tree=120
num_leaves=31
num_cat=0
split_feature=0 3 23 0 4 23 21 26 25 19 26 16 21 16 21 25 14 7 17 21 27 21 16 11 21 17 24 6 16 21
split_gain=11.0321 3.40382 2.76125 2.72249 6.79774 3.39796 2.32137 2.2184 2.03091 2.73554 2.49715 2.13307 2.01785 2.00178 1.41104 2.39192 3.65742 3.59311 2.39283 2.11242 2.19534 2.03695 1.98186 3.29373 3.06966 3.67616 4.9116 4.392 3.70471 2.73543
threshold=86.781265258789077 161.00000000000003 1.3482347726821902 53.801986694335945 63.500000000000007 15.521236896514894 0.057964274659752853 11.986863613128664 7.5000000000000009 46.759160995483406 16.573691368103031 3.5000000000000004 0.17327156662940982 8.5000000000000018 0.37659685313701635 3.5000000000000004 1.0000000180025095e-35 1.0000000180025095e-35 1.5000000000000002 0.74832612276077282 13.453821182250978 0.38997814059257513 12.500000000000002 0.78702321648597728 0.36736646294593817 4.5000000000000009 8036.8220214843759 18.649999618530277 17.500000000000004 0.3575409352779389
decision_type=2 2 2 2 2 2 2 2 2 8 2 2 2 2 2 2 2 2 2 2 2 2 2 2 2 2 2 2 2 2
left_child=3 -2 13 14 -5 6 7 -6 11 10 -10 12 -8 -3 22 18 21 -18 -16 20 -20 -17 23 -1 29 -26 -27 28 -28 -24
right_child=1 2 -4 4 5 -7 8 -9 9 -11 -12 -13 -14 -15 15 16 17 -19 19 -21 -22 -23 24 -25 25 26 27 -29 -30 -31
leaf_value=0.002923557817629745 0.50873795701067015 -0.12774932928118476 0.2828839547164006 0.15009337080317853 -0.12963665885163431 0.5697233596801301 -0.17391771313878607 -0.0077806838785737659 -0.16720159887165156 -0.020890889323509906 -0.0065688638275354901 0.029325181814351429 -0.014779573187404102 0.015002497064686197 0.019907510267062892 0.038079265625015707 -0.067490489308201423 0.2892560287389449 -0.028265504593415706 0.042708031298111848 -0.001648972536013588 0.0046193266779172293 -0.0054193221078897612 -0.096264938307190587 -0.0054537806561628975 -0.014236902198720836 0.018513414923929366 -0.14458970995669626 -0.14440183261857642 0.034128307300327794
leaf_weight=57569 1700 143 347 1714 88 330 90 105 108 1241 87 2507 224 681 4318 1837 141 1191 6159 649 6209 47542 59904 244 913 301 81 80 86 1830
leaf_count=57569 1700 143 347 1714 88 330 90 105 108 1241 87 2507 224 681 4318 1837 141 1191 6159 649 6209 47542 59904 244 913 301 81 80 86 1830
internal_value=0.000134231 0.00382654 0.00133732 8.00215e-05 0.00128796 0.000125523 -0.000310112 -0.00674611 -1.83225e-05 -0.00185515 -0.00846154 0.000916696 -0.00374522 -0.000553398 3.85289e-05 0.00025712 0.000465106 0.00356757 -0.000351312 -0.000757317 -0.000932406 0.000381417 -8.43909e-05 0.000169478 -0.000316639 -0.00303491 -0.00691971 -0.0131903 -0.00765269 -0.000252308
internal_weight=198419 2871 1171 195548 6494 4780 4450 193 4257 1436 195 2821 314 824 189054 68046 50711 1332 17335 13017 12368 49379 121008 57813 63195 1461 548 247 167 61734
internal_count=198419 2871 1171 195548 6494 4780 4450 193 4257 1436 195 2821 314 824 189054 68046 50711 1332 17335 13017 12368 49379 121008 57813 63195 1461 548 247 167 61734
is_linear=0
shrinkage=0.06


Tree=121
num_leaves=31
num_cat=0
split_feature=0 3 0 21 11 4 17 24 27 1 21 23 23 19 6 0 21 3 14 20 10 25 19 23 23 20 23 10 4 0
split_gain=10.8087 7.89729 3.28559 5.00455 2.47752 1.9294 1.73351 2.31636 2.29465 2.63654 1.66169 2.15055 2.12334 1.80601 2.41595 1.72769 2.6284 2.50995 1.64085 1.89562 2.39214 2.40566 2.05559 2.404 2.99172 2.43129 1.63253 3.68359 3.71223 3.78268
threshold=69.17972564697267 97.500000000000014 91.426315307617202 0.057964274659752853 0.23976726084947589 253.50000000000003 2.5000000000000004 9821.4609375000018 12.519645690917971 193.00000000000003 0.54729878902435314 8.7969288825988787 7.6945157051086435 81.011795043945327 10.449999809265138 4.8192434310913095 0.57957762479782116 32.000000000000007 1.0000000180025095e-35 1.0000000180025095e-35 1.5000000000000002 3.5000000000000004 29.413496017456058 4.7370638847351083 1.8355448246002199 2.5000000000000004 6.4740757942199716 1.5000000000000002 205.00000000000003 15.91614866256714
decision_type=2 2 2 2 2 2 2 2 2 2 2 2 2 8 2 2 2 2 2 2 2 2 10 2 2 2 2 2 2 2
left_child=10 -2 3 -3 6 -4 -5 8 9 -8 26 12 15 14 -14 16 -12 -17 19 20 -19 -22 -21 24 -24 -26 -1 -28 29 -29
right_child=1 2 5 4 -6 -7 7 -9 -10 -11 11 -13 13 -15 -16 17 -18 18 -20 22 21 -23 23 -25 25 -27 27 28 -30 -31
leaf_value=-0.0014160222515667159 0.23827321926102671 -0.098936443755516079 0.2460678810285627 0.025597190829855863 0.1685721943179436 -0.011934170780438277 -0.18662445189917531 -0.01503578488598694 -0.0192075437225812 -0.10887776612894795 0.025424870096501118 0.067695129550173858 -0.011816311596229272 0.0038460137550893592 -0.17552297840539341 0.05922789242277296 -0.015201146326861722 -0.037526429106622537 0.13790222433697785 0.035814926289471652 -0.0073495695189215197 0.068101530439024546 -0.0047417929648463581 0.088330530368701199 -0.0716552497849655 -0.03625479139568371 0.097568207561437081 -0.0085387969114462461 0.030909208777642787 0.032709161504400661
leaf_weight=141629 2501 107 1060 858 619 289 91 715 139 95 1452 1297 100 122 122 1230 5166 92 484 2286 924 1857 6548 880 216 420 1233 14651 6674 4562
leaf_count=141629 2501 107 1060 858 619 289 91 715 139 95 1452 1297 100 122 122 1230 5166 92 484 2286 924 1857 6548 880 216 420 1233 14651 6674 4562
internal_value=0.000131812 0.0025431 0.000880443 -0.000356707 0.000183552 0.00328688 -0.000891464 -0.00253846 -0.00673846 -0.0110968 5.04834e-05 0.000526643 0.000386045 -0.0042907 -0.00751351 0.000460682 -0.000346328 0.000818237 0.000585249 0.000459654 0.00182318 0.00213808 8.11596e-05 -0.000369047 -0.000731626 -0.00466038 -1.49688e-05 0.000411505 0.000258895 -0.000164576
internal_weight=198419 6474 3973 2624 2517 1349 1898 1040 325 186 191945 23196 21899 344 222 21555 6618 14937 13707 13223 2873 2781 10350 8064 7184 636 168749 27120 25887 19213
internal_count=198419 6474 3973 2624 2517 1349 1898 1040 325 186 191945 23196 21899 344 222 21555 6618 14937 13707 13223 2873 2781 10350 8064 7184 636 168749 27120 25887 19213
is_linear=0
shrinkage=0.06


Tree=122
num_leaves=31
num_cat=0
split_feature=0 1 0 25 16 17 23 11 0 21 23 16 17 25 20 20 24 24 21 4 18 21 11 21 21 0 0 21 0 21
split_gain=10.272 6.7586 3.08308 2.68063 2.81067 2.32323 1.88523 1.64056 2.02864 1.53969 2.43569 1.73 2.95341 2.26076 3.82416 3.26292 3.62784 3.72393 4.87317 7.11668 4.3904 3.37554 2.85761 2.17108 2.54127 2.12704 4.42938 2.03102 1.91556 2.42381
threshold=75.529083251953139 103.00000000000001 96.72674942016603 1.5000000000000002 9.5000000000000018 3.5000000000000004 16.400203704833988 0.70235082507133495 17.298931121826175 0.54729878902435314 8.7969288825988787 17.500000000000004 1.0000000180025095e-35 6.5000000000000009 1.0000000180025095e-35 3.5000000000000004 8538.0209960937518 16492.236328125004 0.74832612276077282 110.50000000000001 -0.88366022706031788 0.62503737211227428 0.40412232279777532 0.6846919357776643 0.71621471643447887 8.5737476348876971 13.769601821899416 0.74504846334457409 7.4073803424835214 0.72861218452453624
decision_type=2 2 2 2 2 2 2 2 2 2 2 2 2 2 2 2 2 2 2 2 2 2 2 2 2 2 2 2 2 2
left_child=7 -2 3 4 -3 -6 -5 9 -9 -1 11 12 23 -14 22 16 -16 18 19 -18 21 -21 -15 -11 -25 -22 -27 -13 29 -17
right_child=1 2 -4 6 5 -7 -8 8 -10 10 -12 27 13 14 15 28 17 -19 -20 20 25 -23 -24 24 -26 26 -28 -29 -30 -31
leaf_value=-0.00054238574888663602 0.30379109013226469 0.21195414587495062 0.25042900209386942 0.0016911292644502661 -0.051758403005614829 -0.18625606070694356 0.81063048435297835 0.0084861735309402758 0.080948876049863894 0.071209380441008135 0.066847886901774858 -0.019612440221724738 0.017341778539446625 0.076796032480460824 0.0049822250203755943 0.010579053281116586 -0.030518102541524705 0.0090498073768905899 0.041867847333277725 -0.046811367833284018 -0.037628881103236679 -0.27181556158797571 -0.10099023058319094 -0.049516908707811051 0.036878116016898901 -0.1313216905188781 -0.015977854110916505 0.047324398184625388 0.072247684973902992 -0.061745767073948174
leaf_weight=164329 1859 90 891 1776 92 106 218 4470 1371 1590 1344 3841 8744 1011 1002 640 605 473 393 149 250 129 133 285 569 129 95 682 917 236
leaf_count=164329 1859 90 891 1776 92 106 218 4470 1371 1590 1344 3841 8744 1011 1002 640 605 473 393 149 250 129 133 285 569 129 95 682 917 236
internal_value=0.000128184 0.00280445 0.00112134 -4.73267e-05 -0.00545833 -0.00945455 0.000734203 5.8546e-05 0.00104879 2.77054e-05 0.000485076 0.000332739 0.000605188 0.000288206 -0.000592015 -0.0013057 -0.00244651 -0.00379757 -0.00507429 -0.00677819 -0.0106755 -0.0166619 0.00253846 0.00253846 9.83609e-05 -0.00716456 -0.0114107 -0.000712359 0.000746236 -0.00126027
internal_weight=198419 5032 3173 2282 288 198 1994 193387 5841 187546 23217 21873 17350 14906 6162 5018 3225 2223 1750 1357 752 278 1144 2444 854 474 224 4523 1793 876
internal_count=198419 5032 3173 2282 288 198 1994 193387 5841 187546 23217 21873 17350 14906 6162 5018 3225 2223 1750 1357 752 278 1144 2444 854 474 224 4523 1793 876
is_linear=0
shrinkage=0.06


Tree=123
num_leaves=31
num_cat=0
split_feature=0 1 23 0 11 21 3 3 2 21 25 19 26 23 23 14 17 7 24 21 17 23 24 23 0 10 23 11 17 0
split_gain=10.1158 7.56997 2.9174 2.8828 2.83663 2.39624 1.92147 1.65355 1.57297 1.52555 1.61206 1.93966 2.41995 1.46358 4.67112 3.41259 2.8196 2.5757 2.37363 4.57458 3.8097 2.72352 2.70453 5.1999 2.85115 2.73367 2.4551 2.30636 2.28044 3.0707
threshold=69.17972564697267 100.00000000000001 15.521236896514894 96.72674942016603 0.32278057932853704 0.64188274741172802 241.50000000000003 331.50000000000006 7.5000000000000009 0.56469395756721508 2.5000000000000004 70.238727569580092 15.496681213378908 0.52593147754669201 0.41839247941970831 1.0000000180025095e-35 1.5000000000000002 1.5000000000000002 11188.384277343752 0.35429145395755773 1.0000000180025095e-35 6.9908068180084237 10617.858398437502 22.75537204742432 7.0201427936553964 1.5000000000000002 1.7987306118011477 0.25628498196601873 5.5000000000000009 2.4069566726684575
decision_type=2 2 2 2 2 2 2 2 2 2 2 10 2 2 2 2 2 2 2 2 2 2 2 2 2 2 2 2 2 2
left_child=13 -2 3 4 5 7 -5 9 -8 10 11 -3 -13 14 -1 18 -16 -17 22 20 26 27 -15 24 28 -26 -20 -21 -24 -30
right_child=1 2 -4 6 -6 -7 8 -9 -10 -11 -12 12 -14 15 16 17 -18 -19 19 21 -22 -23 23 -25 25 -27 -28 -29 29 -31
leaf_value=-0.00061797783750890904 0.22476826376418851 -0.011166850448368744 0.79782241755006189 0.36347587945897303 0.17090126942972167 0.17002779494557871 -0.11696158768078309 -0.17955230133787276 0.065047989054777836 -0.096883635795432479 -0.0019935949058831567 -0.20699797206633169 -0.028949767224892013 0.00089074177712158064 0.10690238353217014 0.017008410870676557 -0.071303567226552581 0.55803767507121438 0.061924778726423345 0.005959471706322975 0.0049559731030222511 0.059756196414979992 0.010600682530987143 0.196934853386527 0.11958549444053826 -0.047740515868129794 -0.033576660464490329 0.059032966934295793 -0.096084257892923935 0.0051980875551997426
leaf_weight=126892 2366 287 368 552 554 164 85 81 162 91 1484 129 151 25061 115 599 537 772 194 6793 17921 4489 1163 350 111 1961 2584 1521 375 507
leaf_count=126892 2366 287 368 552 554 164 85 81 162 91 1484 129 151 25061 115 599 537 772 194 6793 17921 4489 1163 350 111 1961 2584 1521 375 507
internal_value=0.000126974 0.00245969 0.000902629 0.00040107 -0.000467188 -0.00136489 0.003597 -0.00188124 -0.000801619 -0.00156302 -0.00122574 -0.00394709 -0.0075 4.82953e-05 -6.94346e-05 0.000281455 -0.00513497 0.00324289 0.00021704 0.000562713 1.13051e-05 0.00145419 -0.000175156 -0.00153526 -0.00213213 -0.00370077 -0.00205616 0.000811162 -0.000542787 -0.00284354
internal_weight=198419 6474 4108 3740 2941 2387 799 2223 247 2142 2051 567 280 191945 127544 64401 652 1371 63030 33502 20699 12803 29528 4467 4117 2072 2778 8314 2045 882
internal_count=198419 6474 4108 3740 2941 2387 799 2223 247 2142 2051 567 280 191945 127544 64401 652 1371 63030 33502 20699 12803 29528 4467 4117 2072 2778 8314 2045 882
is_linear=0
shrinkage=0.06


Tree=124
num_leaves=31
num_cat=0
split_feature=0 3 23 0 3 25 23 0 16 11 21 20 21 6 21 21 10 27 27 23 4 0 19 1 0 1 7 14 0 3
split_gain=10.2099 3.31238 2.93656 2.39374 4.80482 3.31498 2.27818 2.12577 2.42973 1.78895 2.5243 1.71208 3.59735 1.7956 1.7082 2.47644 1.60749 1.29366 1.29516 1.26214 1.37736 1.98349 1.25908 1.21926 1.69576 1.16309 1.58829 4.54315 3.39738 3.20377
threshold=86.781265258789077 122.00000000000001 1.3482347726821902 57.770694732666023 49.000000000000007 11.500000000000002 15.521236896514894 104.55176544189455 2.5000000000000004 0.62840861082077037 0.21333827078342441 2.5000000000000004 0.27196498215198522 28.10000038146973 0.42260582745075231 0.2694262564182282 1.5000000000000002 8.0685091018676776 22.67888164520264 28.859872817993168 108.50000000000001 18.96811676025391 76.166107177734389 360.00000000000006 15.020546913146974 3.5000000000000004 1.0000000180025095e-35 1.0000000180025095e-35 9.4515752792358416 51.000000000000007
decision_type=2 2 2 2 2 2 2 2 2 2 2 2 2 2 2 2 2 2 2 2 2 2 8 2 2 2 2 2 2 2
left_child=3 -2 7 19 -5 6 9 8 -3 10 17 16 -13 -14 15 -10 -12 -6 -19 23 21 -21 -7 25 -25 -1 27 28 -27 -29
right_child=1 2 -4 4 5 22 -8 -9 14 -11 11 12 13 -15 -16 -17 -18 18 -20 20 -22 -23 -24 24 -26 26 -28 29 -30 -31
leaf_value=0.029822861749945306 0.57559358243031111 -0.14289326776250766 0.32305980676257429 0.16597441271871027 -0.083077731035372818 -0.15114605273818341 0.52273211736371117 0.24047338143470082 0.025556848820689315 0.25325477358990411 -0.1049249030614553 0.22368861069030066 -0.034615761310935654 -0.12305717801412798 0.14596048741361842 -0.065385429247204196 0.072219405338236495 -0.0032075432634930301 -0.19632858116262167 -0.031820237726955219 0.46680049146754271 0.22923852194690172 -0.036515654125316988 0.032045619831079356 -0.049135555973946234 -0.010333775225949252 0.00086830079241943109 -0.042012240431022925 0.012053763519373662 -0.17214756343506832
leaf_weight=990 1363 133 460 988 218 120 300 237 340 304 82 268 822 82 193 145 1500 738 96 114 303 102 253 3359 434 14276 163064 391 6649 95
leaf_count=990 1363 133 460 988 218 120 300 237 340 304 82 268 822 82 193 145 1500 738 96 114 303 102 253 3359 434 14276 163064 391 6649 95
internal_value=0.000128184 0.00368025 0.00174271 7.60327e-05 0.00127985 0.000492996 0.000952381 -1.14502e-05 -0.00147226 0.000583942 0.000230163 0.00118519 -0.000552901 -0.00236283 -1.76989e-05 -0.00191753 0.00247282 -0.00226996 -0.00119424 3.94254e-05 0.00299422 -0.000666666 -0.00493834 3.13225e-05 0.00109623 9.5438e-06 -1.46339e-06 -0.000487319 -0.000354122 -0.00622222
internal_weight=198419 2871 1508 195548 5771 4783 4410 1048 811 4110 3806 2754 1172 904 678 485 1582 1052 834 189777 519 216 373 189258 3793 185465 184475 21411 20925 486
internal_count=198419 2871 1508 195548 5771 4783 4410 1048 811 4110 3806 2754 1172 904 678 485 1582 1052 834 189777 519 216 373 189258 3793 185465 184475 21411 20925 486
is_linear=0
shrinkage=0.06


Tree=125
num_leaves=31
num_cat=0
split_feature=0 4 0 23 17 19 19 4 14 7 11 25 16 17 0 0 19 20 17 21 3 0 0 3 23 25 24 0 24 21
split_gain=10.1173 5.99379 2.38612 2.2485 2.16165 1.59439 2.81018 1.53678 1.53412 6.62866 2.81953 4.25974 5.25727 4.99187 4.4934 7.1305 2.64744 2.38571 2.1039 2.13358 2.52914 2.95017 3.2246 1.92303 1.43714 1.28427 3.22429 2.87373 2.64835 3.71922
threshold=75.529083251953139 106.00000000000001 96.72674942016603 16.400203704833988 2.5000000000000004 46.759160995483406 89.996345520019545 255.50000000000003 1.0000000180025095e-35 1.0000000180025095e-35 0.31268873810768133 9.5000000000000018 14.500000000000002 4.5000000000000009 9.8272161483764666 15.688108921051027 70.479930877685561 1.5000000000000002 3.5000000000000004 0.48083676397800451 84.500000000000014 10.213494300842287 27.322209358215336 51.000000000000007 28.859872817993168 11.500000000000002 10761.519042968752 35.662218093872077 15313.875976562502 0.097057621926069274
decision_type=2 2 2 2 2 8 8 2 2 2 2 2 2 2 2 2 10 2 2 2 2 2 2 2 2 2 2 2 2 2
left_child=8 -2 3 4 -3 -6 -7 -4 24 16 11 18 13 -13 -14 -16 23 -17 -11 20 -20 -22 -23 -10 25 -1 27 -27 -28 -30
right_child=1 2 7 -5 5 6 -8 -9 9 10 -12 12 14 -15 15 17 -18 -19 19 -21 21 22 -24 -25 -26 26 28 -29 29 -31
leaf_value=0.00090036625631247839 0.24521503522530652 0.03157837794237655 0.32332960922696991 0.71320512080348986 -0.15877567921893981 0.019124929187035202 -0.08845266926601128 -0.012916322291649985 -0.077241524398524553 0.20437087659736058 0.47691234447177194 0.27062819711967157 0.10736547414374616 -0.24421491826189862 -0.42137192807846391 -0.19535964922786592 0.0036523926730131643 -0.0024958735925163511 0.13322282561926377 0.13991700938939117 0.29609603537312362 -0.21255753696313132 0.0022499328648201158 -0.16609952797998398 0.1198972269075434 0.0078689246417819898 -0.035411809474698241 -0.069755076421081599 -0.096102078901215998 0.0035280647263693987
leaf_weight=172032 2120 912 637 199 103 427 446 188 266 1006 949 362 122 86 92 102 203 151 205 613 132 234 206 84 541 8410 3733 549 187 3122
leaf_count=172032 2120 912 637 199 103 427 446 188 266 1006 949 362 122 86 92 102 203 151 205 613 132 234 206 84 541 8410 3733 549 187 3122
internal_value=0.000124555 0.0027806 0.00101374 -6.61234e-05 -0.000705508 -0.00266803 -0.00183505 0.00374545 5.54435e-05 0.00111324 0.00191549 0.0010891 -0.00239344 0.00225 -0.00684797 -0.0103478 -0.00506691 -0.00514624 0.00241903 0.000906475 -0.00118147 -0.00323077 -0.00559091 -0.00822857 2.84453e-05 1.95606e-05 -0.000494594 0.00026052 -0.00145527 -0.000219401
internal_weight=198419 5032 2912 2087 1888 976 873 825 193387 4813 4260 3311 915 448 467 345 553 253 2396 1390 777 572 440 350 188574 188033 16001 8959 7042 3309
internal_count=198419 5032 2912 2087 1888 976 873 825 193387 4813 4260 3311 915 448 467 345 553 253 2396 1390 777 572 440 350 188574 188033 16001 8959 7042 3309
is_linear=0
shrinkage=0.06


Tree=126
num_leaves=31
num_cat=0
split_feature=0 0 3 23 4 25 11 21 23 5 0 14 21 19 20 20 16 24 21 0 18 16 23 16 0 26 24 11 18 20
split_gain=10.0939 2.97424 4.99758 3.55995 2.75117 2.58062 3.0263 2.53838 1.87205 1.75303 1.61743 1.54358 1.65767 2.1592 2.15892 1.80141 2.70347 2.84455 2.03114 1.91102 2.69337 1.68734 1.80018 1.49733 2.29543 1.75501 1.43817 1.69697 1.56374 1.83524
threshold=91.426315307617202 39.752513885498054 59.500000000000007 16.804028511047367 215.50000000000003 11.500000000000002 0.64848610758781444 0.42260582745075231 1.3482347726821902 8.5000000000000018 61.939558029174812 1.0000000180025095e-35 0.21333827078342441 18.494400978088382 3.5000000000000004 2.5000000000000004 7.5000000000000009 15592.574218750002 0.2694262564182282 46.076341629028327 2.7955592870712285 10.500000000000002 3.5907120704650883 12.500000000000002 72.193359375000014 14.153631687164308 7031.1650390625009 0.21373439580202105 -6.1962974071502677 1.5000000000000002
decision_type=2 2 2 2 2 2 2 2 2 2 2 2 2 8 2 2 2 2 2 2 2 2 2 2 2 2 2 2 2 2
left_child=1 -1 10 5 -2 6 11 23 9 -6 -3 12 14 -14 -4 21 17 -17 -18 -20 -21 -15 26 24 -7 -25 -23 28 -28 -30
right_child=4 2 3 -5 8 7 -8 -9 -10 -11 -12 -13 13 15 -16 16 18 -19 19 20 -22 22 -24 25 -26 -27 27 -29 29 -31
leaf_value=0.00027222935331009892 0.44640827627008139 0.032903533815059866 -0.04701497773455425 0.41272137319737268 -0.13444172425943862 -0.089188066451507564 0.25111719328811211 0.052955202275609715 0.21284450842918176 0.0035967817972147355 0.15855019141484827 0.16763335251254621 -0.10666264953275187 0.073424401420686597 0.091666578005412003 -0.14474876573404047 0.23234061140376824 -0.030376459154663887 0.081246462912740069 -0.032838086689928762 -0.13795861496136247 0.09530715449356289 0.11764037940009414 0.049561191452188333 -0.18533375911135572 -0.096760614926174868 0.086101811901776487 0.068221022867053616 -0.088301280036456223 0.005821765536100346
leaf_weight=184705 1638 1370 1403 422 90 207 393 227 165 257 1263 513 89 1238 262 81 281 101 217 1059 85 295 432 165 89 142 97 198 577 358
leaf_count=184705 1638 1370 1403 422 90 207 393 227 165 257 1263 513 89 1238 262 81 281 101 217 1059 85 295 432 165 89 142 97 198 577 358
internal_value=0.00012516 8.03695e-05 0.00101384 0.000336581 0.00421395 6.98087e-05 0.000413335 -0.00310843 0.000375 -0.0021268 0.00331105 0.000136701 -0.000103647 0.000432263 -0.00174775 0.000596533 -0.000907894 -0.00784615 -0.000138855 -0.00109772 -0.00207692 0.0014554 0.000358713 -0.00514428 -0.00818919 -0.00220847 -0.000609836 -0.00151219 -0.00248837 -0.00324064
internal_weight=198419 196269 11564 8931 2150 8509 7679 830 512 347 2633 7286 6773 5108 1665 5019 1824 182 1642 1361 1144 3195 1957 603 296 307 1525 1230 1032 935
internal_count=198419 196269 11564 8931 2150 8509 7679 830 512 347 2633 7286 6773 5108 1665 5019 1824 182 1642 1361 1144 3195 1957 603 296 307 1525 1230 1032 935
is_linear=0
shrinkage=0.06


Tree=127
num_leaves=31
num_cat=0
split_feature=0 1 0 23 4 14 7 21 23 11 1 0 0 16 25 17 19 25 27 7 23 5 17 19 19 26 19 16 23 1
split_gain=10.5813 5.58332 2.28249 1.8109 1.80648 1.57687 5.32968 2.48574 3.84543 3.12362 3.23545 3.87134 4.92185 4.10841 5.3236 2.55066 2.11211 1.89395 3.01664 1.60703 1.53879 1.97177 1.42568 1.54597 1.59735 1.30089 1.28229 1.59395 1.24029 1.42439
threshold=75.529083251953139 103.00000000000001 91.426315307617202 16.400203704833988 253.50000000000003 1.0000000180025095e-35 1.0000000180025095e-35 0.44827167689800268 1.3482347726821902 0.38462381064891821 87.000000000000014 8.1695337295532244 25.3781270980835 9.5000000000000018 4.5000000000000009 3.5000000000000004 75.154262542724624 5.5000000000000009 12.690362930297853 2.5000000000000004 1.3482347726821902 12.500000000000002 2.5000000000000004 46.759160995483406 86.439170837402358 1.7988638281822207 82.000957489013686 10.500000000000002 28.859872817993168 132.00000000000003
decision_type=2 2 2 2 2 2 2 2 2 2 2 2 2 2 2 2 10 2 2 2 2 2 2 8 8 2 10 2 2 2
left_child=5 -2 3 22 26 28 16 8 9 10 -8 -12 13 19 -15 -16 17 -7 -19 -13 21 -6 -3 -24 -25 -10 -4 -28 -1 -30
right_child=1 2 4 -5 20 6 7 -9 25 -11 11 12 -14 14 15 -17 -18 18 -20 -21 -22 -23 23 24 -26 -27 27 -29 29 -31
leaf_value=0.00021173702633483628 0.23743683050015779 0.022035845117979558 0.26487622322140814 0.67742765090530632 -0.11309372216407675 -0.13771647528342357 0.085067329954492302 0.17913840861543029 -0.04069922591832266 0.42842039082846811 0.10895358817490491 -0.17651670171497799 0.0067105114686012825 -0.068135099370031274 -0.4527352788767367 -0.24545605606334883 0.00730643876863499 0.025990632189589847 -0.12378702925328851 0.099450123642555635 0.16073901870416324 0.017406919039693318 -0.18000494529901059 0.019410507863677592 -0.086859591539160425 0.2909460816877476 -0.074892332971345163 0.14429875242275944 -0.0051162610558086151 0.4662271449140743
leaf_weight=188033 1859 773 809 160 85 159 355 1323 82 329 254 103 365 160 89 123 144 120 130 93 92 112 102 359 408 984 121 152 254 287
leaf_count=188033 1859 773 809 160 85 159 355 1323 82 329 254 103 365 160 89 123 144 120 130 93 92 112 102 359 408 984 121 152 254 287
internal_value=0.00012395 0.00284022 0.00131043 -9.32295e-05 0.00315536 5.32716e-05 0.0011257 0.00184507 0.000872319 -0.000766435 -0.00189883 -0.00340185 -0.00518971 -0.0086831 -0.0123871 -0.0186226 -0.00441591 -0.00661614 -0.00336 -0.00165306 -0.00105882 -0.00405076 -0.000686967 -0.00235443 -0.00143155 0.00374859 0.00428096 0.000725275 2.58999e-05 0.00289464
internal_weight=198419 5032 3173 1802 1371 193387 4813 4260 2937 1871 1542 1187 933 568 372 212 553 409 250 196 289 197 1642 869 767 1066 1082 273 188574 541
internal_count=198419 5032 3173 1802 1371 193387 4813 4260 2937 1871 1542 1187 933 568 372 212 553 409 250 196 289 197 1642 869 767 1066 1082 273 188574 541
is_linear=0
shrinkage=0.06


Tree=128
num_leaves=31
num_cat=0
split_feature=0 1 0 23 14 7 1 0 7 5 0 23 21 19 19 11 21 26 3 0 11 6 18 25 19 18 19 23 1 0
split_gain=10.3045 5.19132 2.17808 2.13948 1.84097 5.08847 6.23314 3.23415 2.99361 2.9663 2.55602 1.87385 3.70402 3.17177 3.97508 1.73958 1.67334 1.39463 1.36735 1.31264 1.31866 1.53446 1.29307 1.24507 1.73253 1.55302 1.24434 1.2414 1.42439 2.63349
threshold=75.529083251953139 103.00000000000001 96.72674942016603 16.400203704833988 1.0000000180025095e-35 1.5000000000000002 103.00000000000001 27.322209358215336 1.0000000180025095e-35 5.5000000000000009 17.885603904724125 1.3482347726821902 0.44827167689800268 76.438472747802749 85.35141754150392 0.32278057932853704 0.64188274741172802 8.709571838378908 241.50000000000003 8.1695337295532244 0.38462381064891821 16.94999980926514 -2.8402260541915889 1.5000000000000002 81.856372833251967 2.8683999776840214 70.479930877685561 28.859872817993168 132.00000000000003 18.96811676025391
decision_type=2 2 2 2 2 2 2 2 2 2 2 2 2 10 10 2 2 2 2 2 2 2 2 2 10 2 10 2 2 2
left_child=4 -2 3 15 27 6 8 9 26 -8 17 12 13 19 -15 16 23 -10 -4 -7 21 -21 -16 24 -3 -25 -6 -1 29 -29
right_child=1 2 18 -5 5 11 7 -9 10 -11 -12 -13 -14 14 22 -17 -18 -19 -20 20 -22 -23 -24 25 -26 -27 -28 28 -30 -31
leaf_value=0.00019903280475474752 0.2231906206701483 -0.037702209458465599 0.32027894960707814 0.60400435353851079 -0.083409327572047595 0.30243493799494436 -0.33586114524655863 -0.048429671815895525 -0.10153375360667106 -0.14029256364421716 0.16787901501768906 0.50013923255935222 0.40653312409195069 -0.36377024752228848 -0.16570423557747035 0.18691393400128134 0.22141812919514309 0.013287233109249081 0.0041583280673487639 0.15093358294263107 1.0154275103907062 -0.11354719012503778 0.30100421685434958 -0.0051923094718461359 -0.1727992579608546 -0.12748745354249527 0.0061706286665907401 -0.036876985084569755 0.43825351621922976 0.22651369848819733
leaf_weight=188033 1859 159 616 218 333 250 98 207 93 118 837 776 718 102 82 363 113 283 275 169 113 342 91 1263 80 86 201 123 287 131
leaf_count=188033 1859 159 616 218 333 250 98 207 93 118 837 776 718 102 82 363 113 283 275 169 113 342 91 1263 80 86 201 123 287 131
internal_value=0.00012395 0.00280445 0.00132934 0.000347064 5.42024e-05 0.00121297 -0.000940092 -0.00747518 0.000642244 -0.0126111 0.00229019 0.0029807 0.00195072 -0.00016188 -0.00578182 -0.00025 -0.00105467 -0.00181915 0.00384512 0.00160641 0.000134616 -0.00116243 -0.000242774 -0.00155667 -0.00554812 -0.000849518 -0.00310112 2.46272e-05 0.00289464 -0.000377953
internal_weight=198419 5032 3173 2282 193387 4813 2170 423 1747 216 1213 2643 1867 1149 275 2064 1701 376 891 874 624 511 173 1588 239 1349 534 188574 541 254
internal_count=198419 5032 3173 2282 193387 4813 2170 423 1747 216 1213 2643 1867 1149 275 2064 1701 376 891 874 624 511 173 1588 239 1349 534 188574 541 254
is_linear=0
shrinkage=0.06


Tree=129
num_leaves=31
num_cat=0
split_feature=0 3 23 11 14 7 1 0 7 5 0 11 21 23 0 0 19 0 19 26 16 17 21 21 19 23 4 0 3 0
split_gain=10.4183 3.44318 2.00474 2.32127 1.99776 4.63955 5.65938 2.79886 2.70314 2.67315 2.53486 1.8376 2.61553 2.43172 3.23592 3.776 5.07733 1.77014 1.49831 1.39463 1.37123 2.58121 2.01059 3.15051 1.34433 1.33134 1.32282 2.53666 1.24401 3.80597
threshold=82.491657257080092 115.50000000000001 1.3482347726821902 0.32278057932853704 1.0000000180025095e-35 1.5000000000000002 103.00000000000001 27.322209358215336 1.0000000180025095e-35 5.5000000000000009 17.885603904724125 0.31268873810768133 0.44827167689800268 1.3482347726821902 9.0571827888488787 17.58416843414307 70.678337097167983 104.55176544189455 51.913869857788093 8.709571838378908 8.5000000000000018 1.5000000000000002 0.3982848078012467 0.2694262564182282 60.295818328857429 28.859872817993168 129.00000000000003 18.96811676025391 14.000000000000002 4.8192434310913095
decision_type=2 2 2 2 2 2 2 2 2 2 2 2 2 2 2 2 10 2 8 2 2 2 2 2 10 2 2 2 2 2
left_child=4 -2 3 17 25 6 8 9 24 -8 19 12 13 14 -7 16 -16 20 -17 -10 21 -3 23 -22 -6 28 27 -27 29 -1
right_child=1 2 -4 -5 5 11 7 -9 10 -11 -12 -13 -14 -15 15 18 -18 -19 -20 -21 22 -23 -24 -25 -26 26 -28 -29 -30 -31
leaf_value=-0.010768988931462761 0.33911152370775144 0.0033536218227085907 0.22219485379016105 0.49327228458958644 -0.087281608581689263 0.24314812572066977 -0.31570947653176518 -0.04245240726553727 -0.095441728390270847 -0.13187500982556419 0.16099784522444902 0.88480333150151669 0.36786432297683874 0.37867675284978203 -0.059012141630032516 -0.23039200190260642 -0.39887853709567139 0.19053899279715078 0.07419555325755528 0.012489999122694124 -0.0015570184132949491 -0.19224495684229559 0.099108967171370715 -0.063850487989900145 -0.00074419524081458183 -0.035557334860097121 0.4422820290167096 0.21410630374988868 2.8027171161339426e-05 0.035532554832344201
leaf_weight=1651 1623 81 588 240 236 236 98 209 93 118 851 594 725 380 156 101 84 195 369 283 417 83 220 143 310 130 268 143 185484 2310
leaf_count=1651 1623 81 588 240 236 236 98 209 93 118 851 594 725 380 156 101 84 195 369 283 417 83 220 143 310 130 268 143 185484 2310
internal_value=0.000123043 0.00332591 0.00163803 0.000387237 6.40256e-05 0.0012674 -0.00076979 -0.00698823 0.000720812 -0.0117778 0.00228362 0.0029603 0.00210922 0.000524887 -0.00110359 -0.00312676 -0.00925 -0.000742757 2.23517e-10 -0.00181915 -0.0018178 -0.00680488 -0.000769231 -0.00267857 -0.00279121 3.335e-05 0.00300555 6.59343e-05 2.48623e-05 0.001077
internal_weight=198419 3590 1967 1379 194829 4843 2198 425 1773 216 1227 2645 2051 1326 946 710 240 1139 470 376 944 164 780 560 546 189986 541 273 189445 3961
internal_count=198419 3590 1967 1379 194829 4843 2198 425 1773 216 1227 2645 2051 1326 946 710 240 1139 470 376 944 164 780 560 546 189986 541 273 189445 3961
is_linear=0
shrinkage=0.06


Tree=130
num_leaves=31
num_cat=0
split_feature=0 1 23 0 14 7 1 0 5 7 0 11 25 16 0 23 11 3 21 26 23 17 4 0 21 25 25 17 24 0
split_gain=9.71785 4.74688 2.18167 1.85465 1.81428 4.40101 5.44142 2.58561 2.87976 2.52899 2.43444 1.8521 2.10105 2.43102 4.37307 3.28019 1.66004 1.64772 1.62351 1.39463 1.34262 1.32738 1.32282 2.53666 1.24623 1.22449 1.21518 1.14907 1.64169 1.20099
threshold=75.529083251953139 103.00000000000001 16.400203704833988 96.72674942016603 1.0000000180025095e-35 1.5000000000000002 103.00000000000001 27.322209358215336 5.5000000000000009 1.0000000180025095e-35 17.885603904724125 0.31268873810768133 9.5000000000000018 14.500000000000002 9.9253177642822283 1.3482347726821902 0.32278057932853704 241.50000000000003 0.64188274741172802 8.709571838378908 28.859872817993168 3.5000000000000004 129.00000000000003 18.96811676025391 0.81262066960334789 5.5000000000000009 5.5000000000000009 3.5000000000000004 13389.255859375002 13.769601821899416
decision_type=2 2 2 2 2 2 2 2 2 2 2 2 2 2 2 2 2 2 2 2 2 2 2 2 2 2 2 2 2 2
left_child=4 -2 3 16 20 6 9 8 -8 -6 19 12 27 21 -15 -16 18 -5 -3 -11 24 -14 23 -22 -1 -19 -9 -7 29 -29
right_child=1 2 -4 17 5 11 7 26 -10 10 -12 -13 13 14 15 -17 -18 25 -20 -21 22 -23 -24 -25 -26 -27 -28 28 -30 -31
leaf_value=5.6754032833719144e-06 0.2038105562478596 -0.026547738939902692 0.61317067917002421 0.25631625587457846 -0.034376297158051287 0.38323855470479368 -0.29676690793985927 -0.12627228691560055 -0.12396250923603039 -0.089715224686854653 0.14814640340316065 0.83091109368560845 0.42925630064817916 0.25363262277110754 -0.34851093509828607 -0.02392109784360634 0.17331062243504328 0.12458269913100817 0.20218650341315197 0.011740599175332463 -0.033423894768491266 -0.062786979497791495 0.41574510727570707 0.20125992552489533 0.0447356100335526 -0.060458278087432746 0.074180898153244718 0.33894501018857237 -0.17929145665173743 0.029031782843624471
leaf_weight=187138 1859 1588 321 541 534 624 98 83 118 93 837 593 179 100 114 85 363 102 113 283 130 86 268 143 895 145 124 284 99 479
leaf_count=187138 1859 1588 321 541 534 624 98 83 118 93 837 593 179 100 114 85 363 102 113 283 130 86 268 143 895 145 124 284 99 479
internal_value=0.000117902 0.00272099 0.00131043 0.000782609 5.01691e-05 0.0012005 -0.000801843 -0.0069078 -0.0115 0.000676589 0.00219126 0.0028445 0.00199024 -0.00112766 -0.00483612 -0.0099799 -0.00016279 0.00325888 -0.000948853 -0.00181915 2.0809e-05 0.0030566 0.00300555 6.59343e-05 1.22215e-05 -0.000801619 -0.00211594 0.00317362 0.00175406 0.00269725
internal_weight=198419 5032 3173 2852 193387 4813 2170 423 216 1747 1213 2643 2050 564 299 199 2064 788 1701 376 188574 265 541 273 188033 247 207 1486 862 763
internal_count=198419 5032 3173 2852 193387 4813 2170 423 216 1747 1213 2643 2050 564 299 199 2064 788 1701 376 188574 265 541 273 188033 247 207 1486 862 763
is_linear=0
shrinkage=0.06


Tree=131
num_leaves=31
num_cat=0
split_feature=0 3 11 23 0 3 23 0 4 23 11 19 4 5 19 24 24 26 16 11 24 25 24 20 0 24 23 23 5 21
split_gain=9.40982 3.38381 2.10703 1.99094 1.85633 3.97153 3.07244 1.74424 1.3308 2.59275 1.60435 1.27244 1.42962 2.18486 1.28419 1.21064 1.30181 1.19184 1.51339 2.06513 1.65265 2.9129 3.09013 4.38594 3.44384 3.48319 3.31911 2.99537 2.44386 2.23385
threshold=82.491657257080092 115.50000000000001 0.26825551688671118 1.3482347726821902 39.752513885498054 44.000000000000007 4.8467845916748056 86.781265258789077 289.50000000000006 13.349164962768556 0.67696332931518566 82.000957489013686 253.50000000000003 13.500000000000002 86.663963317871108 9939.3471679687518 8496.8959960937518 8.8422932624816912 11.500000000000002 0.69073551893234264 7751.2326660156259 6.5000000000000009 6851.4042968750009 2.5000000000000004 11.211744308471681 7393.0002441406259 1.4496549367904665 11.100895881652834 5.5000000000000009 0.30225856602191931
decision_type=2 2 2 2 2 2 2 2 2 2 2 10 2 2 10 2 2 2 2 2 2 2 2 2 2 2 2 2 2 2
left_child=4 -2 3 11 8 -6 -7 -5 17 10 15 12 -3 -14 -13 16 -10 -1 19 20 21 -19 23 26 29 -26 -23 -28 -27 -24
right_child=1 2 -4 7 5 6 -8 -9 9 -11 -12 14 13 -15 -16 -17 -18 18 -20 -21 -22 22 24 -25 25 28 27 -29 -30 -31
leaf_value=-0.0042415485515959377 0.30766184116997203 0.033881340349296185 0.48817168512082493 -0.052205371486243136 0.088128454977959056 -0.004096148244327481 0.064097733366851928 0.21551995548731165 0.0044469921729928035 0.1548400026211123 0.12109308116501508 -0.15350344357211332 -0.10656139689971174 0.023464172459869918 -0.029984528504275059 -0.0026363444583312181 0.037640683857035 0.0085823554479021822 -0.0019259366322937487 0.054811130335097227 0.0056682966973650543 -0.0059145251997076249 0.007810322543060709 0.040320870011674267 -0.041041521481040365 -0.085434864984714878 -0.10903058927429103 -0.013971775015677281 -0.17417556404505444 -0.050460704248219614
leaf_weight=46607 1623 571 356 84 1612 6638 1874 388 3284 719 617 105 112 131 220 8386 1432 4944 66535 2061 45036 994 776 1332 398 117 254 182 96 935
leaf_count=46607 1623 571 356 84 1612 6638 1874 388 3284 719 617 105 112 131 220 8386 1432 4944 66535 2061 45036 994 776 1332 398 117 254 182 96 935
internal_value=0.000114878 0.00315877 0.00148551 0.000562384 5.87902e-05 0.000849862 0.000332707 0.00383898 1.54302e-05 0.0005685 0.000384431 -0.000795434 0.000471745 -0.00338272 -0.00396923 0.000243627 0.00101272 -3.1468e-05 6.59876e-05 0.000292517 0.000222723 -0.000473873 -0.0014823 -0.000125995 -0.00309561 -0.00696236 -0.00243357 -0.00679816 -0.0131549 -0.00171479
internal_weight=198419 3590 1967 1611 194829 10124 8512 472 184705 14438 13719 1139 814 243 325 13102 4716 170267 123660 57125 55064 10028 5084 2762 2322 611 1430 436 213 1711
internal_count=198419 3590 1967 1611 194829 10124 8512 472 184705 14438 13719 1139 814 243 325 13102 4716 170267 123660 57125 55064 10028 5084 2762 2322 611 1430 436 213 1711
is_linear=0
shrinkage=0.06


Tree=132
num_leaves=31
num_cat=0
split_feature=0 6 0 3 23 11 18 3 6 21 25 26 26 24 17 26 25 27 6 7 21 21 0 25 21 24 25 16 24 16
split_gain=9.33283 2.55236 2.22362 4.52167 3.73502 2.28182 1.81745 1.67813 2.11949 1.60713 1.75263 1.5307 2.56636 1.77437 1.92365 1.58735 1.56083 1.69981 1.42346 1.65492 1.34086 1.22597 2.96812 4.41829 1.84654 6.66515 2.48486 1.51949 1.30291 1.83084
threshold=91.426315307617202 18.050000190734867 39.752513885498054 44.000000000000007 11.69450902938843 0.3195976614952088 -2.5985788106918331 339.50000000000006 18.44999980926514 0.2291279807686806 11.500000000000002 11.986863613128664 9.8883337974548358 9689.8066406250018 1.5000000000000002 28.586763381958011 5.5000000000000009 11.96977758407593 10.84999990463257 1.5000000000000002 0.42260582745075231 0.72861218452453624 7.078780174255372 11.500000000000002 0.70534417033195507 11780.922363281252 5.5000000000000009 9.5000000000000018 17764.509765625004 14.500000000000002
decision_type=2 2 2 2 2 2 2 2 2 2 2 2 2 2 2 2 2 2 2 2 2 2 2 2 2 2 2 2 2 2
left_child=2 -2 21 -4 5 7 -3 8 9 11 18 12 16 15 -15 -13 17 -5 -11 -20 -12 24 23 -23 28 -26 27 -27 -1 -30
right_child=1 6 3 4 -6 -7 -8 -9 -10 10 20 13 -14 14 -16 -17 -18 -19 19 -21 -22 22 -24 -25 25 26 -28 -29 29 -31
leaf_value=-6.894680464125273e-05 0.44756191479147278 -0.083211686932006548 0.095629454188710744 -0.15120431828864189 0.18258168142600464 0.061954050509570681 0.035496001312372322 -0.18426410161635426 0.019811763086626178 0.017672823464056676 -0.099936438211215242 -0.02618839087773072 -0.13380950686877477 -0.088257176813703916 0.057902084185274288 -0.17117587888305627 0.0047230888952401948 -0.0066437600599800828 -0.071038407370196732 -0.0035396668952532542 -0.0068376839139349527 0.0014848471345322309 0.062330592409282369 -0.12295158253406956 -0.18863688938647555 0.00019345450338448283 0.0057667624490288618 -0.053445004359034418 0.051493503596061266 -0.0013993817920109754
leaf_weight=176370 1439 118 1804 92 986 1657 593 138 2091 1646 175 335 125 154 442 81 247 96 320 1038 137 1972 2188 154 98 112 969 215 1218 1409
leaf_count=176370 1439 118 1804 92 986 1657 593 138 2091 1646 175 335 125 154 442 81 247 96 320 1038 137 1972 2188 154 98 112 969 215 1218 1409
internal_value=0.000114878 0.00404651 7.18098e-05 0.000878935 0.000368853 -2.4618e-05 0.00110549 -0.000491499 -0.000361943 -0.00104583 -0.000296743 -0.00262595 -0.00514286 -0.0012332 0.000865772 -0.00424038 -0.00296552 -0.00708511 0.000147803 -0.00129013 -0.00457692 2.12774e-05 0.00102086 -0.000575729 -2.6274e-06 -0.00217791 -0.00103704 -0.00555963 1.43133e-05 0.00134069
internal_weight=198419 2150 196269 11564 9760 8774 711 7117 6979 4888 3316 1572 560 1012 596 416 435 188 3004 1358 312 184705 4314 2126 180391 1394 1296 327 178997 2627
internal_count=198419 2150 196269 11564 9760 8774 711 7117 6979 4888 3316 1572 560 1012 596 416 435 188 3004 1358 312 184705 4314 2126 180391 1394 1296 327 178997 2627
is_linear=0
shrinkage=0.06


Tree=133
num_leaves=31
num_cat=0
split_feature=0 4 0 3 23 11 23 14 7 21 24 19 24 24 25 16 11 16 21 23 27 0 19 20 16 23 17 7 0 23
split_gain=8.82156 2.49211 2.1173 3.75349 3.52394 2.14937 1.84254 1.53333 2.49428 1.59094 2.02808 1.93249 1.44278 1.51668 2.11806 2.04687 2.09691 2.00701 1.90416 1.43329 1.47972 1.37342 1.35619 1.33988 1.33405 1.30377 1.64017 1.28335 2.4514 3.99802
threshold=91.426315307617202 149.00000000000003 39.752513885498054 44.000000000000007 16.804028511047367 0.62687611579895031 1.4496549367904665 1.0000000180025095e-35 1.0000000180025095e-35 0.21874103695154193 2039.013854980469 18.494400978088382 6432.6215820312509 7495.5214843750009 7.5000000000000009 10.500000000000002 0.20570998638868335 4.5000000000000009 0.30095402896404272 6.9908068180084237 23.292454719543461 65.666522979736342 81.358364105224624 3.5000000000000004 1.0000000180025095e-35 2.0546913146972661 1.5000000000000002 1.0000000180025095e-35 1.9264443516731264 3.7121205329895024
decision_type=2 2 2 2 2 2 2 2 2 2 2 8 2 2 2 2 2 2 2 2 2 2 8 2 2 2 2 2 2 2
left_child=2 -2 27 21 5 7 -3 9 -9 23 22 -12 -13 14 -14 17 19 18 -15 20 -17 -4 -11 24 -5 -19 -27 28 29 -1
right_child=1 6 3 4 -6 -7 -8 8 -10 10 11 12 13 15 -16 16 -18 25 -20 -21 -22 -23 -24 -25 -26 26 -28 -29 -30 -31
leaf_value=-0.011616267047344636 0.53285530333894715 -0.0014431388789217718 0.031741851581260964 -0.14335861649956799 0.29820675916380535 0.1272162511607757 0.38746916240821472 -0.092626583901251003 0.21717355692808996 -0.15123204337162161 -0.097899019284302335 0.11969361770421645 -0.0050975569092475206 -0.0864505505588085 -0.11074262983358586 -0.042602040853894921 0.055584503550077095 0.11849147430079483 0.0065406759627681041 0.11620143657891073 0.10515045198918387 0.16774408366727464 0.021381111437773451 0.026693798880359915 -0.034221361055487828 -0.098545655609243929 0.10651358515959178 0.001062735197792219 -0.00099193562907770594 -0.093982964711810335
leaf_weight=3855 1227 637 1062 83 466 753 286 92 532 145 93 379 537 87 135 1616 606 1044 411 226 93 742 88 382 1643 128 221 162996 17474 380
leaf_count=3855 1227 637 1062 83 466 753 286 92 532 145 93 379 537 87 135 1616 606 1044 411 226 93 742 88 382 1643 128 221 162996 17474 380
internal_value=0.000112459 0.00393488 7.0587e-05 0.000858181 0.000393443 0.000138154 0.00157963 -0.000132771 0.00273077 -0.000358469 0.000153899 0.000383071 0.000528543 0.000263323 -0.00239286 0.000666065 -0.000446281 0.00216076 -0.00110843 -0.00141085 -0.00200468 0.00337251 -0.00533047 -0.0017704 -0.00248204 0.0033295 0.000154728 2.12774e-05 -0.000412087 -0.0017072
internal_weight=198419 2150 196269 11564 9760 9294 923 8541 624 7917 5809 5576 5483 5104 672 4432 2541 1891 498 1935 1709 1804 233 2108 1726 1393 349 184705 21709 4235
internal_count=198419 2150 196269 11564 9760 9294 923 8541 624 7917 5809 5576 5483 5104 672 4432 2541 1891 498 1935 1709 1804 233 2108 1726 1393 349 184705 21709 4235
is_linear=0
shrinkage=0.06


Tree=134
num_leaves=31
num_cat=0
split_feature=0 6 11 23 14 7 4 0 0 18 11 25 16 0 23 19 17 0 23 1 0 23 23 11 21 25 3 0 10 21
split_gain=8.41193 3.1461 2.34918 2.19251 1.84741 3.94465 5.12354 4.48801 3.55797 2.27626 1.93961 1.98663 2.43102 4.33445 2.95837 1.42993 1.32738 1.29562 1.23315 4.35745 3.49937 2.86161 2.31623 2.2604 2.1135 1.98873 2.15733 1.97874 1.88123 1.85729
threshold=82.491657257080092 10.84999990463257 0.26825551688671118 4.8467845916748056 1.0000000180025095e-35 1.5000000000000002 113.00000000000001 34.128473281860359 12.457590103149416 2.32820737361908 0.31268873810768133 9.5000000000000018 14.500000000000002 9.8272161483764666 1.3482347726821902 40.02409744262696 3.5000000000000004 104.55176544189455 9.608006954193117 211.00000000000003 27.322209358215336 17.846974372863773 10.744339942932131 0.41736809909343725 0.43721179664134985 9.5000000000000018 17.500000000000004 5.023224115371705 1.5000000000000002 0.4718859344720841
decision_type=2 2 2 2 2 2 2 2 2 2 2 2 2 2 2 10 2 2 2 2 2 2 2 2 2 2 2 2 2 2
left_child=4 -2 3 17 18 6 8 -8 15 -10 11 -7 16 -14 -15 -6 -13 -3 -1 20 22 23 -20 24 28 26 27 -24 -21 -28
right_child=1 2 -4 -5 5 10 7 -9 9 -11 -12 12 13 14 -16 -17 -18 -19 19 21 -22 -23 25 -25 -26 -27 29 -29 -30 -31
leaf_value=-0.00023004506903276094 0.2852675728249956 -0.02382904079315688 0.44962778726774666 0.37816195273022107 -0.12576464876727209 0.20400529854378327 -0.33435071280754736 -0.0085920643913863625 0.088704503532035461 -0.015016835506902118 0.78191639488463804 0.40310119750385748 0.39626904223833859 -0.30590028627242449 -0.022429903078641393 0.0016574522770265809 -0.060459063296129649 0.17684576208025937 0.022610096385653353 0.218269645003659 0.063483412485454568 0.15331413065668642 -0.10108912688585167 0.29583499854864498 0.088732782993288434 0.0095541734250910171 -0.02091998443803457 -0.032554736007089982 -0.0062539965840138151 0.033994249256520441
leaf_weight=171360 1570 1058 379 367 218 1487 91 94 835 849 594 179 92 122 85 111 86 216 2043 229 1634 1411 80 440 734 2449 5458 288 2948 912
leaf_count=171360 1570 1058 379 367 218 1487 91 94 835 849 594 179 92 122 85 111 86 216 2043 229 1634 1411 80 440 734 2449 5458 288 2948 912
internal_value=0.000113669 0.00299164 0.00142574 0.000442413 6.0638e-05 0.00121784 -0.0006606 -0.0102162 0.000217586 0.00133254 0.00277883 0.00190444 -0.00112766 -0.00483612 -0.00965217 -0.00548936 0.0030566 -0.000734694 3.11394e-05 0.000494792 -0.000119403 0.00186602 -0.000496883 0.00110457 0.000645871 -0.000903233 -0.00143544 -0.00590217 -2.45512e-05 -0.00117739
internal_weight=198419 3590 2020 1641 194829 4843 2198 185 2013 1684 2645 2051 564 299 207 329 265 1274 189986 18626 12864 5762 11230 4351 3911 9187 6738 368 3177 6370
internal_count=198419 3590 2020 1641 194829 4843 2198 185 2013 1684 2645 2051 564 299 207 329 265 1274 189986 18626 12864 5762 11230 4351 3911 9187 6738 368 3177 6370
is_linear=0
shrinkage=0.06


Tree=135
num_leaves=31
num_cat=0
split_feature=0 3 0 3 23 23 11 0 2 3 1 23 11 21 0 25 21 24 25 16 24 16 21 24 24 16 24 14 24 23
split_gain=8.31249 2.42742 1.99919 3.68384 3.66746 1.91308 1.70217 1.55026 1.39342 2.29356 1.54093 1.50306 1.29567 1.21881 2.96812 4.41829 1.5705 5.76781 2.12921 1.89638 1.34482 1.67915 2.20643 1.50058 3.04099 5.96852 8.5206 3.72786 3.185 3.45833
threshold=91.426315307617202 122.00000000000001 39.752513885498054 59.500000000000007 16.804028511047367 4.8467845916748056 0.73034450411796581 65.666522979736342 6.5000000000000009 339.50000000000006 108.50000000000001 13.512108802795412 0.57048034667968761 0.72861218452453624 7.078780174255372 11.500000000000002 0.70534417033195507 11780.922363281252 4.5000000000000009 18.500000000000004 17764.509765625004 14.500000000000002 0.16758376359939578 9401.8671875000018 10257.641113281252 14.500000000000002 9939.3471679687518 1.0000000180025095e-35 9821.4609375000018 8.023776054382326
decision_type=2 2 2 2 2 2 2 2 2 2 2 2 2 2 2 2 2 2 2 2 2 2 2 2 2 2 2 2 2 2
left_child=2 -2 13 7 6 -3 8 -4 10 12 -5 -12 -10 16 15 -15 20 -18 -19 -20 23 -22 -23 -1 25 28 27 -27 -25 -30
right_child=1 5 3 4 -6 -7 -8 -9 9 -11 11 -13 -14 14 -16 -17 17 18 19 -21 21 22 -24 24 -26 26 -28 -29 29 -31
leaf_value=0.0037593067079536016 0.60368780056589155 0.0064884287763578409 0.026051901463032167 0.0072182096593174996 0.29397271276802911 0.45127843362949421 0.19192009846934016 0.12910838797421351 0.044646575278746728 -0.16127534765871823 -0.017492939585856508 -0.068213661635578682 -0.049969249302578851 0.0014567467613092772 0.058540795456999861 -0.11562444898975095 -0.17736863743101261 -0.053377612564202995 0.013074770300755295 -0.047089923886389252 0.04794299373121496 -0.038131846213067325 0.011409930028674728 -0.015104058926918216 -0.00032118197372280077 -0.0087318161672395658 -0.077382392036980135 -0.15151270762031466 0.05157541986857276 -0.057073108775965303
leaf_weight=57169 1022 827 1553 2221 422 301 362 1080 1824 172 3687 120 123 1972 2188 154 98 180 905 211 1218 168 1241 3153 108441 3603 1719 175 1941 169
leaf_count=57169 1022 827 1553 2221 422 301 362 1080 1824 172 3687 120 123 1972 2188 154 98 180 905 211 1218 168 1241 3153 108441 3603 1719 175 1941 169
internal_value=0.000112762 0.00382326 7.21155e-05 0.000837427 0.000255963 0.00190426 -1.48076e-05 0.00280972 -0.000193691 0.00112978 -0.000658925 -0.00139165 0.00171649 2.4201e-05 0.00102086 -0.000575729 3.66095e-07 -0.00200574 -0.000944444 3.22583e-05 1.59893e-05 0.00136353 -4.68415e-05 -4.0821e-06 -0.000125284 -0.00108736 -0.00247007 -0.000876654 0.000356831 0.00216114
internal_weight=198419 2150 196269 11564 8931 1128 8509 2633 8147 2119 6028 3807 1947 184705 4314 2126 180391 1394 1296 1116 178997 2627 1409 176370 119201 10760 5497 3778 5263 2110
internal_count=198419 2150 196269 11564 8931 1128 8509 2633 8147 2119 6028 3807 1947 184705 4314 2126 180391 1394 1296 1116 178997 2627 1409 176370 119201 10760 5497 3778 5263 2110
is_linear=0
shrinkage=0.06


Tree=136
num_leaves=31
num_cat=0
split_feature=0 3 14 7 1 0 5 23 7 0 11 21 17 19 0 3 7 23 4 0 0 17 0 24 3 0 11 0 23 23
split_gain=7.97077 2.3508 2.011 3.35606 4.43129 2.39916 2.35624 1.96309 1.88479 2.01364 1.77253 2.03338 2.33632 2.92814 1.42167 1.50504 1.53447 1.37605 5.79672 4.75317 2.72901 2.44301 2.22847 1.87487 1.85137 5.5251 2.2405 4.26623 3.36535 1.76312
threshold=91.426315307617202 122.00000000000001 1.0000000180025095e-35 1.5000000000000002 103.00000000000001 27.322209358215336 5.5000000000000009 4.8467845916748056 1.0000000180025095e-35 17.885603904724125 0.31268873810768133 0.44827167689800268 1.5000000000000002 77.919895172119155 8.1695337295532244 176.50000000000003 2.5000000000000004 12.495970249176027 155.50000000000003 26.249145507812504 0.80364179611206066 5.5000000000000009 17.885603904724125 12375.156250000002 29.000000000000004 10.13441848754883 0.29007530212402349 1.9264443516731264 2.8542082309722905 21.212114334106449
decision_type=2 2 2 2 2 2 2 2 2 2 2 2 2 10 2 2 2 2 2 2 2 2 2 2 2 2 2 2 2 2
left_child=2 -2 17 4 8 6 -6 -3 -4 -10 11 12 -5 14 -14 -16 -17 24 19 20 -19 22 -20 -22 25 26 -1 -28 -29 -25
right_child=1 7 3 10 5 -7 -8 -9 9 -11 -12 -13 13 -15 15 16 -18 18 21 -21 23 -23 -24 29 -26 -27 27 28 -30 -31
leaf_value=0.0035493925825455398 0.56746653253193802 0.00609912304977596 -0.032876866024446463 0.25892535683155887 -0.26268509083175251 -0.03759669460173138 -0.11355508925848601 0.42420172761172442 -0.026860578516967097 0.13321720059987777 0.73557989071489982 0.31813481791443193 0.25509630574230652 -0.20085157214964747 0.1408294391327819 -0.20689245877649515 -0.011940174867044524 -0.13388358709969395 0.020841377596512584 0.087753703049208848 -0.0015838042111689439 0.14351055586476455 0.23436817509959346 -0.020023265563164361 -0.00084158078608077152 0.050475287055496927 -0.12661058367979799 0.0039179272909713346 -0.053733947279401159 -0.064272367447513884
leaf_weight=8061 1022 827 551 524 98 211 118 301 376 859 595 726 170 157 148 82 245 94 2875 1186 3638 1073 693 1639 166623 3676 127 918 178 628
leaf_count=8061 1022 827 551 524 98 211 118 301 376 859 595 726 170 157 148 82 245 94 2875 1186 3638 1073 693 1639 166623 3676 127 918 178 628
internal_value=0.000106109 0.00373954 6.63072e-05 0.00127161 -0.000452779 -0.00594379 -0.0103889 0.00185106 0.000860023 0.00216194 0.00271326 0.00187719 0.000479638 -0.00155611 0.000232558 -0.00145263 -0.00372477 3.57039e-05 0.000662608 -0.00040501 -0.00109118 0.00231545 0.00156054 -0.00092972 -5.57937e-06 0.000685185 -9.43557e-05 -0.00248733 -0.00128102 -0.00228408
internal_weight=198419 2150 196269 4860 2213 427 216 1128 1786 1235 2647 2052 1326 802 645 475 327 191409 11826 7185 5999 4641 3568 5905 179583 12960 9284 1223 1096 2267
internal_count=198419 2150 196269 4860 2213 427 216 1128 1786 1235 2647 2052 1326 802 645 475 327 191409 11826 7185 5999 4641 3568 5905 179583 12960 9284 1223 1096 2267
is_linear=0
shrinkage=0.06


Tree=137
num_leaves=31
num_cat=0
split_feature=0 3 14 7 1 23 7 0 5 0 11 21 17 19 23 4 0 23 11 21 23 3 0 24 3 0 11 0 23 20
split_gain=7.9469 2.3508 2.16009 3.13008 3.7294 1.96309 1.88479 1.84308 1.8852 1.84197 1.77253 1.77857 2.20257 2.74575 1.57823 4.82638 3.94546 3.39691 3.18285 2.61101 2.21293 1.80436 1.77426 2.16739 1.72723 5.48994 2.27059 4.1509 3.07872 1.693
threshold=91.426315307617202 122.00000000000001 1.0000000180025095e-35 1.5000000000000002 103.00000000000001 4.8467845916748056 1.0000000180025095e-35 27.322209358215336 5.5000000000000009 17.885603904724125 0.31268873810768133 0.44827167689800268 1.5000000000000002 77.919895172119155 14.812517642974855 135.50000000000003 27.322209358215336 14.603480815887453 0.2133271470665932 0.24617874622344973 14.302666187286379 14.000000000000002 7.3336279392242441 11670.645019531252 29.000000000000004 10.13441848754883 0.2943719774484635 1.9264443516731264 2.8542082309722905 1.0000000180025095e-35
decision_type=2 2 2 2 2 2 2 2 2 2 2 2 2 10 2 2 2 2 2 2 2 2 2 2 2 2 2 2 2 2
left_child=2 -2 14 4 6 -3 -4 8 -6 -8 11 12 -5 -14 17 16 21 20 19 22 24 -16 -17 -24 25 26 -1 -28 -29 -26
right_child=1 5 3 10 7 -7 9 -9 -10 -11 -12 -13 13 -15 15 18 -18 -19 -20 -21 -22 -23 23 -25 29 -27 27 28 -30 -31
leaf_value=0.0032302633460315317 0.53341854058002169 0.0057331756667892133 -0.030904254062979659 0.2433898354216654 -0.2469239853818474 0.39874962395502056 -0.025248943805949085 -0.035340892925627497 -0.10674178390297681 0.12522416856388519 0.69144509727200576 0.2990467288395659 0.013937190568132781 -0.18880047782066864 -0.080573743982631785 0.021318129405872147 0.082734323347371547 -0.057886017786986384 0.32971857379434993 0.085792163772811555 0.13927120920029723 -0.01786022887693944 0.027350657848258499 -0.17308110448036626 0.0044711155344237929 0.047458635445068058 -0.11755380893928374 0.0025225905638228342 -0.047587000392953049 -0.0023192380873594516
leaf_weight=8189 1022 827 551 524 98 301 376 211 118 859 595 726 645 157 123 239 760 381 881 2027 365 2935 91 159 40557 3829 128 906 183 129656
leaf_count=8189 1022 827 551 524 98 301 376 211 118 859 595 726 645 157 123 239 760 381 881 2027 365 2935 91 159 40557 3829 128 906 183 129656
internal_value=0.000111552 0.00373954 7.18098e-05 0.00132099 -0.000344329 0.00185106 0.000860023 -0.00538173 -0.00927778 0.00216194 0.00271326 0.00187719 0.000570136 -0.00140648 4.00924e-05 0.000910603 -0.000553169 5.9939e-06 0.00255578 0.001469 1.77248e-05 -0.00151472 -0.00246626 -0.006 8.43858e-06 0.000668682 -0.000110993 -0.00252917 -0.00132782 -4.2899e-05
internal_weight=198419 2150 196269 4860 2213 1128 1786 427 216 1235 2647 2052 1326 802 191409 7215 3818 184194 3397 2516 183813 3058 489 250 183448 13235 9406 1217 1089 170213
internal_count=198419 2150 196269 4860 2213 1128 1786 427 216 1235 2647 2052 1326 802 191409 7215 3818 184194 3397 2516 183813 3058 489 250 183448 13235 9406 1217 1089 170213
is_linear=0
shrinkage=0.06


Tree=138
num_leaves=31
num_cat=0
split_feature=0 3 14 7 0 4 26 23 11 7 26 23 4 0 11 23 21 23 26 23 17 27 26 20 27 3 0 11 19 27
split_gain=7.94161 2.3508 2.28573 2.87842 2.38468 5.19327 2.45281 1.96309 1.82397 1.95179 1.72145 1.60738 4.57372 3.53835 2.9793 2.85345 2.1641 2.70961 3.06104 2.06069 1.75311 2.24204 1.91815 1.89872 1.60114 1.58653 2.82296 4.2587 1.46549 2.12506
threshold=91.426315307617202 122.00000000000001 1.0000000180025095e-35 2.5000000000000004 25.3781270980835 173.00000000000003 413.47355651855474 4.8467845916748056 0.31268873810768133 1.0000000180025095e-35 13.780276775360109 14.812517642974855 135.50000000000003 27.322209358215336 0.2133271470665932 14.603480815887453 0.36421258747577673 21.794277191162113 240.44705963134768 14.302666187286379 2.5000000000000004 7.6399080753326425 15.086118221282961 1.0000000180025095e-35 6.8616130352020273 14.000000000000002 4.5494661331176767 0.46312488615512853 77.505538940429702 14.961822986602785
decision_type=2 2 2 2 2 2 2 2 2 2 2 2 2 2 2 2 2 2 2 2 2 2 2 2 2 2 2 2 8 2
left_child=2 -2 11 4 5 6 10 -3 9 -6 -4 15 13 20 16 19 17 18 24 25 21 23 -23 -13 -14 26 27 -1 -24 -30
right_child=1 7 3 -5 8 -7 -8 -9 -10 -11 -12 12 14 -15 -16 -17 -18 -19 -20 -21 -22 22 28 -25 -26 -27 -28 -29 29 -31
leaf_value=-0.00031342526371843412 0.50141342814522072 0.0053891851267817746 -0.045791928071132727 0.26974258531208495 -0.074764458997407621 -0.35861535520100174 -0.10284128072765678 0.37482464651771896 0.2225424000334156 0.064187624038080912 0.044145651443201109 -0.11247157722856829 -0.1233993036919552 0.077770263946529097 0.30993545936668898 -0.054412856719767221 0.096507618800797737 0.092403486348089953 -0.19596756191797657 0.13091493664827947 -0.0014838482837291605 0.015169488412898939 -0.020022923038160584 -0.043366015311571103 0.012083382523779157 -0.00023699651403013923 0.033298188824538826 -0.1212429047685166 -0.00046412692843247671 -0.098530809726908766
leaf_weight=1462 1022 827 664 1464 273 104 113 301 438 1003 801 93 168 760 881 381 1230 464 94 365 1694 463 368 224 560 179611 2295 80 84 132
leaf_count=1462 1022 827 664 1464 273 104 113 301 438 1003 801 93 168 760 881 381 1230 464 94 365 1694 463 368 224 560 179611 2295 80 84 132
internal_value=0.000112762 0.00373954 7.30326e-05 0.00135802 0.000399294 -0.00120571 -0.00034981 0.00185106 0.00197433 0.000827586 0.000307167 4.04058e-05 0.000918919 -0.000506024 0.00252046 5.9939e-06 0.001469 -0.000251944 -0.00232117 1.67455e-05 -0.00141661 -0.0030176 -0.00167908 -0.00743849 -0.00100549 7.78445e-06 0.00121501 -0.000770428 -0.00396575 -0.00788889
internal_weight=198419 2150 196269 4860 3396 1682 1578 1128 1714 1276 1465 191409 7215 3818 3397 184194 2516 1286 822 183813 3058 1364 1047 317 728 183448 3837 1542 584 216
internal_count=198419 2150 196269 4860 3396 1682 1578 1128 1714 1276 1465 191409 7215 3818 3397 184194 2516 1286 822 183813 3058 1364 1047 317 728 183448 3837 1542 584 216
is_linear=0
shrinkage=0.06


Tree=139
num_leaves=31
num_cat=0
split_feature=0 3 14 7 1 23 11 16 24 21 17 6 0 7 25 23 4 0 23 17 19 27 23 26 27 6 27 3 0 11
split_gain=7.94161 2.3508 2.24202 2.54022 3.00877 1.96309 1.78793 2.10721 1.7269 2.31846 2.94628 2.30035 1.58915 1.7243 1.55275 1.54596 4.57249 2.99677 2.51846 2.20718 2.3826 2.99168 2.06039 1.77962 1.80532 3.23314 1.94472 1.43692 6.77966 2.70338
threshold=91.426315307617202 122.00000000000001 1.0000000180025095e-35 1.5000000000000002 103.00000000000001 4.8467845916748056 0.31268873810768133 15.500000000000002 8678.9863281250018 0.44827167689800268 1.5000000000000002 18.649999618530277 12.457590103149416 1.0000000180025095e-35 5.5000000000000009 14.812517642974855 199.50000000000003 26.249145507812504 14.603480815887453 2.5000000000000004 75.663238525390639 4.8233370780944833 14.302666187286379 14.964596271514894 14.292305946350099 8.1500000953674334 8.9510717391967791 44.000000000000007 10.13441848754883 0.2943719774484635
decision_type=2 2 2 2 2 2 2 2 2 2 2 2 2 2 2 2 2 2 2 2 8 2 2 2 2 2 2 2 2 2
left_child=2 -2 15 4 12 -3 7 -5 -9 10 -10 -12 -4 -14 -6 18 17 19 22 20 -17 -22 27 -23 26 -26 -25 28 29 -1
right_child=1 5 3 6 14 -7 -8 8 9 -11 11 -13 13 -15 -16 16 -18 -19 -20 -21 21 23 -24 24 25 -27 -28 -29 -30 -31
leaf_value=0.00077863449248197583 0.47132862245650714 0.0050658340191745083 -0.053074411204153904 0.18221188479184616 -0.15809581128389649 0.35233516772665557 0.6424954404682206 0.28253817906396994 0.023610719847294511 0.18484755575944986 -0.038078207099529235 -0.30209023561572712 -0.013674818451203045 0.098881302073796987 -0.046503098248129704 -0.0056867959488821609 0.1000414816503877 0.087696594817852899 -0.051148085316581188 0.0060627651171501424 -0.10163760624597595 0.0065968538347765887 0.12306004044938265 -0.076129197863208639 -0.12522795499337899 -0.024482022049152813 0.080455607250997707 -0.00089612963343607601 0.034917994389314824 -0.027800198469044426
leaf_weight=16329 1022 827 262 1221 176 301 595 152 191 295 91 102 510 1014 251 1055 1908 1040 381 2355 117 307 365 81 100 127 125 156906 7781 2432
leaf_count=16329 1022 827 262 1221 176 301 595 152 191 295 91 102 510 1014 251 1055 1908 1040 381 2355 117 307 365 81 100 127 125 156906 7781 2432
internal_value=0.000112762 0.00373954 7.30326e-05 0.00134568 -0.000154541 0.00185106 0.00259992 0.00176023 -0.000570397 -0.00186451 -0.0049375 -0.0101658 0.000927212 0.00166929 -0.00467916 4.07193e-05 0.000902287 -3.39152e-06 6.97113e-06 -0.000707288 -0.00222176 -0.00457176 1.70719e-05 -0.00316216 -0.00563972 -0.0093304 -0.00157282 8.11151e-06 0.000416397 -0.000201162
internal_weight=198419 2150 196269 4860 2213 1128 2647 2052 831 679 384 193 1786 1524 427 191409 7215 5307 184194 4267 1912 857 183813 740 433 227 206 183448 26542 18761
internal_count=198419 2150 196269 4860 2213 1128 2647 2052 831 679 384 193 1786 1524 427 191409 7215 5307 184194 4267 1912 857 183813 740 433 227 206 183448 26542 18761
is_linear=0
shrinkage=0.06


Tree=140
num_leaves=31
num_cat=0
split_feature=0 3 14 7 23 11 0 3 26 26 7 19 23 4 0 23 0 17 26 25 5 21 27 11 0 16 24 6 10 25
split_gain=7.51206 3.15316 2.4127 2.70092 2.38061 2.02827 2.02623 3.43381 2.15651 2.13697 1.96482 1.68456 1.51739 1.50013 1.50304 1.26072 1.24291 1.14777 1.47184 1.88555 1.55128 1.09077 1.09071 1.08132 2.56902 2.08406 1.8053 2.65231 2.37497 2.20723
threshold=86.781265258789077 116.50000000000001 1.0000000180025095e-35 2.5000000000000004 4.8467845916748056 0.32278057932853704 27.322209358215336 178.50000000000003 413.47355651855474 13.780276775360109 1.0000000180025095e-35 40.02409744262696 27.01892185211182 142.50000000000003 18.96811676025391 7.7909934520721444 104.55176544189455 1.0000000180025095e-35 15.851175785064699 5.5000000000000009 6.5000000000000009 0.81262066960334789 19.686540603637699 1.0000000180025095e-35 48.56915473937989 2.5000000000000004 16796.489257812504 10.050000190734865 1.5000000000000002 9.5000000000000018
decision_type=2 2 2 2 2 2 2 2 2 2 2 10 2 2 2 2 2 2 2 2 2 2 2 2 2 2 2 2 2 2
left_child=2 -2 12 6 5 16 7 8 9 11 -8 -4 21 14 -14 -13 17 -3 20 -20 -19 23 -23 -1 26 -26 28 -28 -25 -30
right_child=1 4 3 -5 -6 -7 10 -9 -10 -11 -12 15 13 -15 -16 -17 -18 18 19 -21 -22 22 -24 24 25 -27 27 -29 29 -31
leaf_value=-0.0008111860500896453 0.33583338265294471 0.077476528542349363 -0.10061771795380416 0.2470978759900187 0.34276109177137198 0.38715397707256838 -0.042190305810483442 -0.33266663223273735 -0.089461268326270826 0.042881273221157409 0.1429881010322881 0.019718762624309372 -0.027185226844554315 0.32324254193229779 0.115928090659266 -0.082734435393117353 0.16320798103165701 -0.071088586064865331 -0.028140802922415727 -0.12529584545589401 0.02576777488230976 0.058740098255920407 -0.043381936178959898 0.05652684951153409 -0.092809775694948679 0.091259980163886575 -0.0060923977077981216 0.065756718208755546 -0.0048327586202281487 0.013168587585197565
leaf_weight=148138 1295 107 205 1464 376 176 336 139 115 848 1237 424 187 323 228 84 210 117 215 141 234 706 189 1694 117 1735 1451 2077 24993 8858
leaf_count=148138 1295 107 205 1464 376 176 336 139 115 848 1237 424 187 323 228 84 210 117 215 141 234 706 189 1694 117 1735 1451 2077 24993 8858
internal_value=0.000110947 0.00315778 6.62141e-05 0.00138747 0.00135533 5.00002e-05 0.000456907 -0.000909091 -0.000157518 0.00042665 0.00203306 -0.00199439 3.25966e-05 0.00274797 0.000361446 -0.000141732 -0.000972656 -0.0020344 -0.00291089 -0.00562921 -0.000153846 2.20472e-05 0.00211173 1.21549e-05 0.000285156 0.00246868 0.00018166 0.00147619 5.31723e-05 -5.65417e-05
internal_weight=198419 2871 195548 4852 1576 1200 3388 1815 1676 1561 1573 713 190696 738 415 508 1024 814 707 356 351 189958 895 189063 40925 1852 39073 3528 35545 33851
internal_count=198419 2871 195548 4852 1576 1200 3388 1815 1676 1561 1573 713 190696 738 415 508 1024 814 707 356 351 189958 895 189063 40925 1852 39073 3528 35545 33851
is_linear=0
shrinkage=0.06


Tree=141
num_leaves=31
num_cat=0
split_feature=0 6 23 14 7 4 0 0 11 0 16 25 23 17 24 20 1 23 4 0 21 25 24 23 17 24 0 0 23 16
split_gain=6.91924 2.29271 2.00622 1.93045 2.39162 3.03868 2.20441 1.92203 1.70775 1.84815 2.80479 4.31404 2.76216 1.92928 2.76002 1.63732 1.41023 1.39703 4.85436 2.93332 1.81885 1.80463 1.76256 1.72481 1.60265 3.95973 1.56758 1.53522 1.42948 4.63779
threshold=91.426315307617202 11.449999809265138 4.8467845916748056 1.0000000180025095e-35 1.5000000000000002 113.00000000000001 12.457590103149416 34.128473281860359 0.31268873810768133 9.7368164062500018 14.500000000000002 9.5000000000000018 1.3482347726821902 3.5000000000000004 10761.519042968752 3.5000000000000004 35.500000000000007 12.495970249176027 199.50000000000003 25.3781270980835 0.16196545958518985 9.5000000000000018 12397.694824218752 20.268400192260746 1.0000000180025095e-35 12004.941894531252 0.80364179611206066 7.14186716079712 10.881455898284914 12.500000000000002
decision_type=2 2 2 2 2 2 2 2 2 2 2 2 2 2 2 2 2 2 2 2 2 2 2 2 2 2 2 2 2 2
left_child=3 -2 -3 17 5 6 -5 -7 9 -6 13 15 -13 -11 -15 -12 -8 28 19 21 23 26 -23 -20 25 -22 -19 -24 -1 -30
right_child=1 2 -4 4 8 7 16 -9 -10 10 11 12 -14 14 -16 -17 -18 18 20 -21 24 22 27 -25 -26 -27 -28 -29 29 -31
leaf_value=0.00025096319779828653 0.439851844877725 0.002157978349594262 0.31665239183226018 -0.08261569706881873 0.25032134881317214 -0.27979085919380364 0.11863428925466545 -0.0054755778285674774 0.59393034712484893 0.31845108599547817 0.13716549418095902 -0.30966195725590034 -0.04504069097709365 -0.16176263507801311 0.24039093676060805 -0.10200893098775814 0.0028515905013162379 -0.11561801894129677 -0.049121689878984263 0.065013490276472713 0.11706912758696804 0.05967937745548188 -0.061445699738892259 0.33675408708427479 0.11506584859444571 -0.063907714689218145 -0.013842733328309981 0.0052557254833785292 -0.035748139864036792 0.014972909433611622
leaf_weight=176259 1004 839 307 329 484 91 522 95 595 448 415 122 85 142 218 138 1176 104 288 1439 375 1025 218 134 2176 151 5181 735 1575 1749
leaf_count=176259 1004 839 307 329 484 91 522 95 595 448 415 122 85 142 218 138 1176 104 288 1439 375 1025 218 134 2176 151 5181 735 1575 1749
internal_value=0.000103085 0.00348837 0.00165445 6.60015e-05 0.00124691 -0.000208766 0.000464726 -0.00754839 0.00246392 0.00164328 0.000642857 -0.00197368 -0.00936232 0.00310396 -0.000166666 0.000792044 0.00133569 3.60173e-05 0.000667682 -6.06755e-05 0.00269654 -0.000551012 0.000994945 -0.000966824 0.00326869 0.000296578 -0.00112961 -0.000862539 -5.57937e-06 -0.00123827
internal_weight=198419 2150 1146 196269 4860 2213 2027 186 2647 2052 1568 760 207 808 360 553 1698 191409 11826 8702 3124 7263 1978 422 2702 526 5285 953 179583 3324
internal_count=198419 2150 1146 196269 4860 2213 2027 186 2647 2052 1568 760 207 808 360 553 1698 191409 11826 8702 3124 7263 1978 422 2702 526 5285 953 179583 3324
is_linear=0
shrinkage=0.06


Tree=142
num_leaves=31
num_cat=0
split_feature=0 6 23 14 7 0 4 26 26 19 11 16 7 23 4 0 21 17 24 25 24 4 17 11 25 0 19 3 0 11
split_gain=6.92295 2.29271 2.00622 1.97405 2.41205 1.9967 3.26135 2.12929 1.74282 2.13104 1.7392 1.64687 1.45431 1.33593 4.56404 2.44499 1.88433 1.78158 3.0339 1.76001 1.70118 1.67654 2.07318 1.65159 1.63006 1.58224 1.66481 1.41918 2.44453 3.30049
threshold=91.426315307617202 11.449999809265138 4.8467845916748056 1.0000000180025095e-35 2.5000000000000004 26.249145507812504 168.00000000000003 413.47355651855474 13.780276775360109 51.379362106323249 0.31268873810768133 15.500000000000002 1.5000000000000002 12.495970249176027 199.50000000000003 25.3781270980835 0.16196545958518985 1.0000000180025095e-35 12004.941894531252 9.5000000000000018 12397.694824218752 110.50000000000001 5.5000000000000009 0.53395166993141185 7.5000000000000009 1.3482807874679568 95.798614501953139 14.000000000000002 4.5494661331176767 0.2943719774484635
decision_type=2 2 2 2 2 2 2 2 2 10 2 2 2 2 2 2 2 2 2 2 2 2 2 2 2 2 10 2 2 2
left_child=3 -2 -3 13 5 6 7 8 9 12 11 -7 -5 27 15 19 23 18 24 21 -21 25 -23 -16 -18 -15 -27 28 29 -1
right_child=1 2 -4 4 -6 10 -8 -9 -10 -11 -12 -13 -14 14 16 -17 17 -19 -20 20 -22 22 -24 -25 -26 26 -28 -29 -30 -31
leaf_value=0.0033827756015078645 0.41346073418506163 0.0020284996486182108 0.29765324832232437 -0.11583118079887963 0.22412749381099875 0.073182100840533587 -0.30070398221014982 -0.092014377316399429 0.040064194442691624 0.0046812615254060381 0.19759191736949863 -0.038309194557202247 0.004022346356918516 -0.1100178949035174 -0.043610744665798236 0.061112680859884479 -0.29906980754698148 0.10816189767877897 -0.060073251807865033 0.05609861480815298 -0.014513342079432352 -0.014510087215810766 0.088148464253461595 0.58404794399630577 0.23435526632350073 -0.01780167670285027 -0.07421911744427824 -0.00042317805091888149 0.030480905427724143 -0.095774533473864359
leaf_weight=1387 1004 839 307 144 1464 760 157 109 803 441 429 468 85 134 330 1439 100 2176 151 1025 953 1557 565 92 275 2910 119 175824 2227 145
leaf_count=1387 1004 839 307 144 1464 760 157 109 803 441 429 468 85 134 330 1439 100 2176 151 1025 953 1557 565 92 275 2910 119 175824 2227 145
internal_value=0.000102178 0.00348837 0.00165445 6.50844e-05 0.00125926 0.000381626 -0.00103853 -0.000219974 0.000378819 -0.0018806 0.00187206 0.000723127 -0.00657642 3.47635e-05 0.000652461 -5.37805e-05 0.00261972 0.00320207 6.84413e-05 -0.000501445 0.00102528 -0.00107285 0.000231857 -0.001109 0.00296 -0.00194815 -0.0016659 -5.91348e-06 0.00114765 -0.000697128
internal_weight=198419 2150 1146 196269 4860 3396 1739 1582 1473 670 1657 1228 229 191409 11826 8702 3124 2702 526 7263 1978 5285 2122 422 375 3163 3029 179583 3759 1532
internal_count=198419 2150 1146 196269 4860 3396 1739 1582 1473 670 1657 1228 229 191409 11826 8702 3124 2702 526 7263 1978 5285 2122 422 375 3163 3029 179583 3759 1532
is_linear=0
shrinkage=0.06


Tree=143
num_leaves=31
num_cat=0
split_feature=0 6 23 14 7 3 0 4 7 0 23 21 0 0 23 4 0 21 10 19 24 11 16 24 0 16 17 27 21 11
split_gain=6.6954 2.4166 1.73908 1.73391 2.27923 3.15042 2.65781 1.78402 1.72892 2.20386 1.6955 2.39751 2.02371 5.30161 1.43524 4.5355 2.12575 1.90379 1.65697 1.66795 2.10368 1.99048 2.394 2.27523 1.74364 2.02896 1.95299 1.94318 1.70591 1.65159
threshold=91.426315307617202 11.449999809265138 4.8467845916748056 1.0000000180025095e-35 1.5000000000000002 81.500000000000014 34.128473281860359 111.50000000000001 1.0000000180025095e-35 17.885603904724125 7.2746057510375985 0.24008239060640338 8.1695337295532244 15.688108921051027 12.495970249176027 199.50000000000003 25.3781270980835 0.16196545958518985 1.5000000000000002 95.798614501953139 7495.5214843750009 0.52704873681068432 14.500000000000002 9401.8671875000018 18.219846725463871 17.500000000000004 2.5000000000000004 6.3771440982818612 0.26463150978088384 0.53395166993141185
decision_type=2 2 2 2 2 2 2 2 2 2 2 2 2 2 2 2 2 2 2 8 2 2 2 2 2 2 2 2 2 2
left_child=3 -2 -3 14 5 8 7 -7 -5 -10 11 12 -6 -14 -1 16 18 29 -16 20 -20 22 -22 28 25 27 -26 -25 -24 -17
right_child=1 2 -4 4 10 6 -8 -9 9 -11 -12 -13 13 -15 15 17 -18 -19 19 -21 21 -23 23 24 26 -27 -28 -29 -30 -31
leaf_value=-6.1444099507978683e-05 0.38865309013395771 0.0019067896697012004 0.27979405342298519 -0.030323562711403636 0.16400658581155847 -0.089573323434538596 0.021205719947478014 -0.26782103153451653 -0.012109756334501339 0.14539795169614703 0.38612589497823585 0.13001625670171132 -0.31701703735191711 0.045260603608525948 0.086986659767862656 -0.040994099985850352 0.057445920008291358 0.084714689159600398 0.052331498190437399 -0.03388475787346025 0.0033765577312620584 0.087134226464439912 -0.015665688725034928 -0.069357897998014936 -0.15262657785768566 0.020272800175714412 -0.023776456663678249 -0.013893416724864193 -0.12333797898663454 0.54900506735652732
leaf_weight=179583 1004 839 307 551 134 233 254 93 374 708 595 1489 139 290 322 330 1439 2702 595 1269 2609 500 94 179 93 588 111 719 184 92
leaf_count=179583 1004 839 307 551 134 233 254 93 374 708 595 1489 139 290 322 330 1439 2702 595 1269 2609 500 94 179 93 588 111 719 184 92
internal_value=0.00010248 0.00343256 0.00154974 6.60015e-05 0.00118519 -0.000235879 -0.00403448 -0.00761963 0.00111329 0.00250647 0.00237325 0.00155556 -0.00177975 -0.00379021 3.75847e-05 0.000677829 -2.62006e-05 0.00263892 -0.000443618 -0.000638813 -0.000198871 -0.000594445 -0.000987109 -0.00256707 -0.00173964 -0.00102557 -0.00694118 -0.0028196 -0.00759712 -0.001109
internal_weight=198419 2150 1146 196269 4860 2213 580 326 1633 1082 2647 2052 563 429 191409 11826 8702 3124 7263 6941 5672 5077 4577 1968 1690 1486 204 898 278 422
internal_count=198419 2150 1146 196269 4860 2213 580 326 1633 1082 2647 2052 563 429 191409 11826 8702 3124 7263 6941 5672 5077 4577 1968 1690 1486 204 898 278 422
is_linear=0
shrinkage=0.06


Tree=144
num_leaves=31
num_cat=0
split_feature=0 6 23 7 0 17 20 27 23 24 11 1 11 11 0 18 0 24 24 24 3 0 0 11 23 3 0 0 16 16
split_gain=6.46925 2.34708 1.79951 3.75162 2.65675 2.10174 3.89987 4.01645 1.78911 1.71452 2.44137 1.60535 1.5402 1.51162 2.12986 1.46157 1.68025 2.89749 2.13521 3.00968 1.38865 5.87025 2.47571 2.36848 2.41406 2.42279 1.8111 1.71949 3.30998 3.067
threshold=91.426315307617202 11.299999713897707 19.682042121887211 1.5000000000000002 35.662218093872077 2.5000000000000004 1.0000000180025095e-35 7.7336440086364755 4.8467845916748056 8911.6054687500018 0.2133271470665932 18.500000000000004 0.26825551688671118 0.70235082507133495 17.885603904724125 1.2986821532249453 15.020546913146974 11354.464843750002 14736.229980468752 17066.779296875004 44.000000000000007 9.9253177642822283 65.666522979736342 0.2943719774484635 4.7370638847351083 32.000000000000007 1.7055113911628725 12.188961982727053 3.5000000000000004 10.500000000000002
decision_type=2 2 2 2 2 2 2 2 2 2 2 2 2 2 2 2 2 2 2 2 2 2 2 2 2 2 2 2 2 2
left_child=2 -2 13 4 11 6 7 -5 -3 10 -8 -4 -13 20 15 -15 18 -18 -17 -20 21 23 -23 -1 26 -26 -25 -22 -29 -30
right_child=1 8 3 5 -6 -7 9 -9 -10 -11 -12 12 -14 14 -16 16 17 -19 19 -21 27 22 -24 24 25 -27 -28 28 29 -31
leaf_value=0.00074291439646494021 0.36525068327673238 0.0014613495680723312 -0.068823175728596725 -0.15526930398437364 0.15286308434982451 0.15544090970970087 -0.37592568771479712 0.00044265161937285581 0.26732728096259789 0.12754907252286243 0.14058399833050506 -0.019360472921259211 0.043429091148879183 0.026048571287906854 0.08234054733178349 0.024481005293041508 -0.15945529095429001 0.01239933609125741 -0.15502785336425215 0.03000215177445624 0.00068820885394458404 0.025880280215901896 0.12772740985591394 -0.065499768265076599 -0.10002837344597876 -0.011471881182702991 -0.0091234513187318771 -0.033395839850498904 0.013025318194801416 -0.012380673218201878
leaf_weight=16459 993 845 222 86 290 913 86 190 312 762 105 1013 248 3157 1437 820 106 125 146 197 122371 7706 678 189 109 81 1739 3387 11951 21696
leaf_count=16459 993 845 222 86 290 913 86 190 312 762 105 1013 248 3157 1437 820 106 125 146 197 122371 7706 678 189 109 81 1739 3387 11951 21696
internal_value=0.000103387 0.00337674 6.753e-05 0.001341 -0.000700507 0.00303081 0.0014109 -0.00486956 0.00154019 0.0032298 -0.0018534 -0.00172758 -0.000899286 4.1611e-05 0.00097996 0.0003441 -0.00127403 -0.00594805 -0.000345658 -0.0043207 1.14615e-05 0.000409703 0.00172758 -0.000185067 -0.00207365 -0.00852632 -0.00143776 -5.58951e-05 -0.000414106 -0.000234137
internal_weight=198419 2150 196269 3915 1773 2142 1229 276 1157 953 191 1483 1261 192354 5988 4551 1394 231 1163 343 186366 26961 8384 18577 2118 190 1928 159405 37034 33647
internal_count=198419 2150 196269 3915 1773 2142 1229 276 1157 953 191 1483 1261 192354 5988 4551 1394 231 1163 343 186366 26961 8384 18577 2118 190 1928 159405 37034 33647
is_linear=0
shrinkage=0.06


Tree=145
num_leaves=31
num_cat=0
split_feature=0 4 23 11 0 14 7 4 19 0 0 23 21 0 0 26 17 18 19 23 4 0 21 24 21 21 17 11 24 24
split_gain=6.1967 3.18847 2.51807 2.09137 1.71563 1.58371 2.07377 2.76056 1.87939 2.04659 1.71991 1.71055 2.3826 1.81485 3.97218 1.54326 1.99175 2.31174 2.02929 1.29057 4.32219 1.81067 2.30724 1.88769 1.8362 1.68101 1.62537 1.58618 1.57569 6.54882
threshold=86.781265258789077 87.500000000000014 4.8467845916748056 0.32278057932853704 104.55176544189455 1.0000000180025095e-35 1.5000000000000002 113.00000000000001 60.295818328857429 25.3781270980835 34.128473281860359 7.2746057510375985 0.24008239060640338 8.1695337295532244 15.688108921051027 15.851175785064699 1.5000000000000002 -2.3884150981903072 92.861175537109389 12.495970249176027 199.50000000000003 12.943249225616457 0.4718859344720841 12004.941894531252 0.40094302594661718 0.16196545958518985 1.5000000000000002 0.53395166993141185 12004.941894531252 13124.946777343752
decision_type=2 2 2 2 2 2 2 2 10 2 2 2 2 2 2 2 2 2 8 2 2 2 2 2 2 2 2 2 2 2
left_child=5 -2 3 4 15 19 7 8 9 -7 -9 12 13 -8 -15 -3 -17 -18 -19 -1 21 22 23 24 -21 27 28 -22 -27 -30
right_child=1 2 -4 -5 -6 6 11 10 -10 -11 -12 -13 -14 14 -16 16 17 18 -20 20 25 -23 -24 -25 -26 26 -28 -29 29 -31
leaf_value=-0.00016982946878775924 0.36178846355347993 0.0077641639682649111 0.28846924246315125 0.34081461589683326 0.17559704310780333 -0.069233701328311942 0.15412489813162833 -0.23924143425807631 0.031771437538192518 0.018054682605184766 -0.0093595807862353504 0.36323070261209539 0.12173863072492527 -0.29741000114132965 0.041915883592348678 0.0067048345541969893 -0.16374860703540572 -0.00014882440730650808 -0.10815694743302358 0.011835025521567861 -0.038453404571780821 0.015347654618977639 0.049781282520046627 -0.042214227926755013 -0.031678334822626997 0.087388059313015964 0.13808531377090372 0.50673830873255366 -0.094693625638522058 0.064129534130720187
leaf_weight=178923 984 450 469 225 249 414 134 91 1113 492 95 595 1489 139 290 161 87 165 81 1427 330 4130 718 1789 592 515 1717 92 137 326
leaf_count=178923 984 450 469 225 249 414 134 91 1113 492 95 595 1489 139 290 161 87 165 81 1427 330 4130 718 1789 592 515 1717 92 137 326
internal_value=9.79445e-05 0.0028652 0.0014213 0.00016079 -0.000839899 5.73161e-05 0.00112778 -0.000231292 0.000413076 -0.00161589 -0.00722581 0.00225992 0.0014386 -0.00188632 -0.00379021 -0.00200847 -0.00432389 -0.00697297 -0.004 3.00795e-05 0.00063858 -5.12937e-05 -0.000880247 -0.00146849 -0.000210995 0.00255438 0.00310575 -0.000966824 0.00115337 -0.00138661
internal_weight=198419 2871 1887 1418 1193 195548 4852 2205 2019 906 186 2647 2052 563 429 944 494 333 246 190696 11773 8656 4526 3808 2019 3117 2695 422 978 463
internal_count=198419 2871 1887 1418 1193 195548 4852 2205 2019 906 186 2647 2052 563 429 944 494 333 246 190696 11773 8656 4526 3808 2019 3117 2695 422 978 463
is_linear=0
shrinkage=0.06


Tree=146
num_leaves=31
num_cat=0
split_feature=0 4 23 11 23 14 7 0 4 26 26 19 7 21 0 25 24 23 23 25 11 6 17 0 24 24 11 21 17 27
split_gain=5.74407 3.35707 2.55301 2.14701 1.82668 1.73345 1.9524 1.8238 3.0184 2.14929 1.66832 1.7968 1.37932 1.2852 1.57601 1.54385 1.33741 1.26682 1.23253 1.18354 2.83646 3.35313 2.60808 2.71174 2.81165 3.04409 3.52428 2.97999 2.97302 2.70705
threshold=86.781265258789077 73.500000000000014 1.4496549367904665 0.32278057932853704 0.43482093513011938 1.0000000180025095e-35 2.5000000000000004 26.249145507812504 168.00000000000003 413.47355651855474 13.780276775360109 40.02409744262696 1.0000000180025095e-35 0.57018676400184642 96.72674942016603 2.5000000000000004 10456.151855468752 28.859872817993168 7.7909934520721444 11.500000000000002 0.72877448797225963 25.349999427795414 1.0000000180025095e-35 21.800677299499515 12232.376953125002 14757.500000000002 0.406288892030716 0.097057621926069274 2.5000000000000004 18.935174942016605
decision_type=2 2 2 2 2 2 2 2 2 2 2 10 2 2 2 2 2 2 2 2 2 2 2 2 2 2 2 2 2 2
left_child=5 -2 3 4 13 17 7 8 9 10 11 -7 -9 14 15 16 -3 19 -13 -1 22 -22 -21 24 -24 26 28 -27 -26 -25
right_child=1 2 -4 -5 -6 6 -8 12 -10 -11 -12 18 -14 -15 -16 -17 -18 -19 -20 20 21 -23 23 29 25 27 -28 -29 -30 -31
leaf_value=0.00091141822414268433 0.3774042731781509 -0.098848318568134308 0.2246394567537241 0.33324596393262584 -0.10503093632743622 -0.075215919109347898 0.21126630846371375 -0.034986354359180717 -0.26965470924623269 -0.082616035516182046 0.043604173106480425 0.025485236215305768 0.10148656884636498 -0.14925081941795959 0.12920639757181165 0.0065383290409767383 -0.0062887323656172734 0.063687300333785238 -0.086607502463431518 0.02512420692836569 -0.029149203252019917 -0.2145565919247964 0.0065651132369398202 -0.078197040505473034 0.0071410799397210621 -0.092126422033976155 0.010522318771177845 0.00041744278573978863 -0.077870208218744616 0.023078156769415527
leaf_weight=174008 822 88 592 243 103 201 1464 351 157 109 803 387 1298 86 492 361 84 545 82 2147 630 84 7012 1434 176 175 459 2941 626 459
leaf_count=174008 822 88 592 243 103 201 1464 351 157 109 803 387 1298 86 492 361 84 545 82 2147 630 84 7012 1434 176 175 459 2941 626 459
internal_value=9.64325e-05 0.00276071 0.0014612 0.000111188 -0.000919275 5.73161e-05 0.00117725 0.000386069 -0.000969522 -0.000182048 0.000419552 -0.00179104 0.00181565 -0.000210621 0.000380488 -0.00187992 -0.00655814 2.8821e-05 0.000243071 2.05418e-05 -0.000470916 -0.00416807 -0.000299825 -0.000613462 -0.000263939 -0.00145716 -0.00394449 -0.000450577 -0.00634414 -0.00271632
internal_weight=198419 2871 2049 1457 1214 195548 4852 3388 1739 1582 1473 670 1649 1111 1025 533 172 190696 469 190151 16143 714 15429 13282 11389 4377 1261 3116 802 1893
internal_count=198419 2871 2049 1457 1214 195548 4852 3388 1739 1582 1473 670 1649 1111 1025 533 172 190696 469 190151 16143 714 15429 13282 11389 4377 1261 3116 802 1893
is_linear=0
shrinkage=0.06


Tree=147
num_leaves=31
num_cat=0
split_feature=0 0 3 23 24 11 3 2 23 0 25 21 21 24 0 25 0 25 10 20 24 16 24 20 21 21 24 16 21 0
split_gain=5.67316 1.90993 6.15393 4.41877 3.06293 2.07704 1.83566 1.802 1.37978 3.26598 1.24949 1.21225 1.85416 5.47477 2.38918 1.94413 1.68615 3.67744 1.93073 1.61747 1.3428 1.78028 1.62983 1.29683 1.1504 2.16057 2.30199 1.80844 1.64721 5.3688
threshold=96.72674942016603 53.801986694335945 76.500000000000014 15.521236896514894 1867.9168701171877 0.69759953022003185 241.50000000000003 6.5000000000000009 0.087454974651336684 78.621612548828139 11.500000000000002 0.71621471643447887 0.70534417033195507 11780.922363281252 16.753225326538089 5.5000000000000009 6.9567875862121591 11.500000000000002 1.5000000000000002 1.0000000180025095e-35 8982.4550781250018 14.500000000000002 7111.3327636718759 3.5000000000000004 0.64188274741172802 0.65534421801567089 16086.083007812502 16.500000000000004 0.62503737211227428 16.453348159790043
decision_type=2 2 2 2 2 2 2 2 2 2 2 2 2 2 2 2 2 2 2 2 2 2 2 2 2 2 2 2 2 2
left_child=1 11 10 4 -4 7 -2 -6 -9 -10 -3 12 24 -14 15 -15 17 18 -13 -20 22 -22 -21 -17 28 -26 27 -27 -1 -30
right_child=6 2 3 -5 5 -7 -8 8 9 -11 -12 16 13 14 -16 23 -18 -19 19 20 21 -23 -24 -25 25 26 -28 -29 29 -31
leaf_value=0.00013403048769202654 0.37345619712247446 0.091535859544019521 -0.14394844954502356 0.2889561371587992 -0.021633862119036461 0.27352800720443393 -0.0090489231879965753 0.041550566338624258 0.047712463345751015 -0.10950511090989648 -0.011305742287470062 -0.074405561630125724 -0.16649197964029233 -0.049075627786791524 0.16332431995291985 0.045177756117310973 0.041037335390080927 -0.11037025456446431 0.1175422535046079 0.039101854235080391 -0.019911160291508904 0.056641589007147837 -0.065709368891898157 -0.040770128179649007 0.086328897749117214 0.010248513047544712 0.085801998506459476 -0.049185711293474606 -0.01822151113940898 -0.2536473003253234
leaf_weight=177256 1155 2271 119 410 3325 211 275 893 363 163 180 82 98 285 157 333 2707 154 192 151 692 863 205 128 702 1916 721 926 1363 123
leaf_count=177256 1155 2271 119 410 3325 211 275 893 363 163 180 82 98 285 157 333 2707 154 192 151 692 863 205 128 702 1916 721 926 1363 123
internal_value=9.46182e-05 6.72832e-05 0.000979206 -0.000137855 -0.000621994 -0.000393542 0.00386014 -0.000652614 0.00113742 -0.00130038 0.00347858 2.90078e-05 3.84788e-06 -0.00257143 -0.00110963 -0.00252547 0.000946492 -0.000233433 0.00039817 0.000750357 0.00022292 0.000983923 -0.00310112 -0.000117136 1.7934e-05 0.000991794 0.000392366 -0.000375791 -5.30351e-06 -0.00199462
internal_weight=198419 196989 7935 5484 5074 4955 1430 4744 1419 526 2451 189054 184008 1001 903 746 5046 2339 2185 2103 1911 1555 356 461 183007 4265 3563 2842 178742 1486
internal_count=198419 196989 7935 5484 5074 4955 1430 4744 1419 526 2451 189054 184008 1001 903 746 5046 2339 2185 2103 1911 1555 356 461 183007 4265 3563 2842 178742 1486
is_linear=0
shrinkage=0.06


Tree=148
num_leaves=31
num_cat=0
split_feature=0 3 23 11 21 21 21 24 17 16 25 24 21 0 20 23 21 0 14 20 25 24 10 24 24 6 20 17 21 16
split_gain=5.47804 5.86403 3.27234 2.63321 1.83528 5.18865 2.74133 1.86469 1.69551 2.04731 2.43941 3.0426 4.82137 2.58537 1.70134 1.47644 1.45951 1.70753 1.3508 1.49033 3.33215 2.50832 2.50036 1.95248 3.43837 3.7259 1.87292 1.59956 1.9093 2.10042
threshold=69.17972564697267 76.500000000000014 15.521236896514894 0.21494740992784503 0.64188274741172802 0.56469395756721508 0.52006244659423839 16952.113281250004 2.5000000000000004 9.5000000000000018 1.5000000000000002 12934.763671875002 0.28280414640903478 82.491657257080092 2.5000000000000004 1.7987306118011477 0.54729878902435314 39.752513885498054 1.0000000180025095e-35 1.0000000180025095e-35 3.5000000000000004 17350.135742187504 1.5000000000000002 16412.251953125004 16492.236328125004 11.050000190734865 1.5000000000000002 1.0000000180025095e-35 0.6846919357776643 14.500000000000002
decision_type=2 2 2 2 2 2 2 2 2 2 2 2 2 2 2 2 2 2 2 2 2 2 2 2 2 2 2 2 2 2
left_child=16 -2 3 4 5 6 7 8 -3 15 -11 12 -12 -13 -14 -10 -1 18 19 20 -18 23 -22 27 25 -25 -26 28 -21 -30
right_child=1 2 -4 -5 -6 -7 -8 -9 9 10 11 13 14 -15 -16 -17 17 -19 -20 21 22 -23 -24 24 26 -27 -28 -29 29 -31
leaf_value=-0.00037365054839082933 0.14140503959270412 0.0021289085963329289 0.41448205541801258 0.13312901464475513 0.11830219569258069 -0.14458108007596376 0.27608897307576885 0.083603291828998547 -0.03098131981287261 -0.17740836418384437 0.10677481862403998 -0.027538195889509915 -0.16357095757843571 -0.18777924199510651 -0.013290458473629283 0.14153002458714506 -0.018894248110540905 0.05812939302900854 0.10140148660250045 0.04808858192541246 -0.026834549456143567 0.087030226567394384 0.048630406034490793 -0.016999045536648785 0.090927191252178408 -0.060540489631451255 -0.033688463414775695 -0.0021541435095600537 0.05325258877914197 -0.048357958488450217
leaf_weight=168749 1919 1064 416 900 190 127 309 235 191 151 335 122 160 115 97 143 1638 1183 437 1067 164 731 3280 89 384 105 636 12648 275 559
leaf_count=168749 1919 1064 416 900 190 127 309 235 191 151 335 122 160 115 97 143 1638 1183 437 1067 164 731 3280 89 384 105 636 12648 275 559
internal_value=9.43158e-05 0.00181094 0.000638859 0.000129017 -0.000668725 -0.00102525 -0.00050924 -0.00114122 -0.00164508 -0.00308676 -0.00446939 -0.0031918 -0.000891892 -0.00893671 -0.00707393 0.00097006 3.64169e-05 0.00048267 0.000363331 0.000296441 0.00119481 1.96437e-05 0.00225436 -0.000139694 -0.0024514 -0.0097732 -0.00105882 5.31998e-05 0.00167596 -0.00047482
internal_weight=198419 6474 4555 4139 3239 3049 2922 2613 2378 1314 980 829 592 237 257 334 191945 23196 22013 21576 5082 16494 3444 15763 1214 194 1020 14549 1901 834
internal_count=198419 6474 4555 4139 3239 3049 2922 2613 2378 1314 980 829 592 237 257 334 191945 23196 22013 21576 5082 16494 3444 15763 1214 194 1020 14549 1901 834
is_linear=0
shrinkage=0.06


Tree=149
num_leaves=31
num_cat=0
split_feature=0 1 23 0 11 14 11 16 0 23 0 25 17 24 3 26 18 20 25 27 27 25 23 4 1 17 0 20 17 24
split_gain=5.50689 4.58142 2.37828 1.61943 1.59957 1.29212 2.04351 1.87574 2.0597 2.19143 2.32732 4.37869 2.01968 2.35235 1.93879 1.71089 1.54852 1.54056 1.10686 1.07231 1.41903 1.88263 1.57403 5.59696 1.85579 1.63704 1.61245 1.30845 1.63638 3.07087
threshold=75.529083251953139 103.00000000000001 17.144623756408695 104.55176544189455 0.69759953022003185 1.0000000180025095e-35 0.31626549363136297 10.500000000000002 8.9830675125122088 7.2746057510375985 15.688108921051027 9.5000000000000018 4.5000000000000009 11234.955566406252 95.500000000000014 12.509502887725832 1.2321640253067019 1.5000000000000002 3.5000000000000004 4.5297021865844735 5.4649550914764413 2.5000000000000004 17.846974372863773 129.00000000000003 15.500000000000002 2.5000000000000004 25.3781270980835 1.0000000180025095e-35 1.0000000180025095e-35 7031.1650390625009
decision_type=2 2 2 2 2 2 2 2 2 2 2 2 2 2 2 2 2 2 2 2 2 2 2 2 2 2 2 2 2 2
left_child=5 -2 3 4 -3 19 7 12 14 10 11 -10 -7 15 -9 -14 -12 -18 -19 -1 21 -21 27 24 -24 -25 -26 28 29 -22
right_child=1 2 -4 -5 -6 6 -8 8 9 -11 16 -13 13 -15 -16 -17 17 18 -20 20 22 -23 23 25 26 -27 -28 -29 -30 -31
leaf_value=-0.0051897782741033337 0.14477216737753601 -0.0105057166924095 0.66235819424146902 0.22926003127851982 0.3580881701935017 0.12070641440114509 0.20278360988068964 -0.043399503185397301 -0.061235881025731395 0.084009323840648201 0.021800932603049321 -0.309319711467337 -0.10704940316607618 0.18789883817470848 0.28675855961929819 -0.00054489046998291795 -0.1815421761225996 -0.10744750383108675 -0.0082656294230722908 -0.014883124529939543 0.11006821801489725 0.02004397442004778 -0.055845836539895409 0.045906109817684025 -0.014332307375092779 0.18454344983022544 0.11295143069319237 -0.0016866227002412255 0.0079722733141581667 -0.013242783706387654
leaf_weight=21008 1859 2396 275 368 134 1000 883 128 182 340 594 111 152 221 339 211 130 114 408 1191 577 6216 261 938 1388 954 319 118717 32674 4331
leaf_count=21008 1859 2396 275 368 134 1000 883 128 182 340 594 111 152 221 339 211 130 114 408 1191 577 6216 261 938 1388 954 319 118717 32674 4331
internal_value=9.3711e-05 0.00205326 0.000667507 0.000161491 -0.000379446 4.27228e-05 0.00101351 0.000427481 -0.000649616 -0.00153592 -0.00249903 -0.00731058 0.00202273 -0.000780822 0.00291649 -0.00375207 -0.00136758 -0.0033865 -0.00193103 1.79454e-05 6.8606e-05 0.000880519 3.10569e-05 0.00122798 -0.00101219 0.00355814 -0.00029174 1.49735e-06 0.000310042 -0.000711491
internal_weight=198419 5032 3173 2898 2530 193387 4813 3930 2346 1879 1539 293 1584 584 467 363 1246 652 522 188574 167566 7407 160159 3860 1968 1892 1707 156299 37582 4908
internal_count=198419 5032 3173 2898 2530 193387 4813 3930 2346 1879 1539 293 1584 584 467 363 1246 652 522 188574 167566 7407 160159 3860 1968 1892 1707 156299 37582 4908
is_linear=0
shrinkage=0.06


Tree=150
num_leaves=31
num_cat=0
split_feature=0 3 23 23 11 23 4 0 17 27 0 0 20 1 26 14 7 26 26 21 19 0 21 19 24 27 11 11 17 16
split_gain=5.31362 3.52753 2.01122 2.41921 1.67089 1.41923 4.926 2.47665 2.32904 2.21965 2.49104 2.04338 1.51726 1.58855 1.45131 1.66625 1.70737 1.57061 1.52019 2.1659 2.40354 2.43956 2.00641 1.96941 1.83257 1.37551 1.36847 1.35636 1.31003 1.77399
threshold=86.781265258789077 108.50000000000001 1.3482347726821902 0.43482093513011938 0.32278057932853704 17.846974372863773 142.50000000000003 53.801986694335945 2.5000000000000004 7.7336440086364755 12.30664110183716 1.8179048299789431 3.5000000000000004 33.500000000000007 15.226633071899416 1.0000000180025095e-35 1.5000000000000002 413.47355651855474 14.83086681365967 0.35974368453025823 91.079254150390639 7.8963713645935067 0.65534421801567089 55.584012985229499 11952.073242187502 2.4539359807968144 0.26825551688671118 0.57110914587974559 1.0000000180025095e-35 8.5000000000000018
decision_type=2 2 2 2 2 2 2 2 2 2 2 2 2 2 2 2 2 2 2 2 8 2 2 10 2 2 2 2 2 2
left_child=5 -2 3 4 28 14 7 11 9 10 -8 -7 13 -13 18 25 17 -17 -1 -20 21 -21 23 -23 -25 27 -15 -16 -3 -30
right_child=1 2 -4 -5 -6 6 8 -9 -10 -11 -12 12 -14 26 15 16 -18 -19 19 20 -22 22 -24 24 -26 -27 -28 -29 29 -31
leaf_value=-0.0018212108036104815 0.23684855476191835 0.13854772471102514 0.1091460833967262 -0.077810041449327239 0.46250892171982333 -0.10056198677242485 -0.12490739290841711 0.1812262687113971 0.20835946950747355 0.068155930279515747 0.10679958715910454 -0.047169034133208103 -0.1963832617616762 -0.0079854221199237799 -0.018934547434818681 0.012884099144247327 0.16356922581367689 -0.080043253036449921 0.0002124798194555879 -0.030330522708681276 0.041919731927874022 -0.15895951618688928 -0.0016426620874168149 -0.13383284963383338 -0.058059120929630961 0.0028287102288701597 0.071161485002696603 -0.092986462619748286 -0.11022135347979307 -0.008984780149832873
leaf_weight=86780 1175 138 531 85 157 90 134 189 1028 809 114 437 92 1454 1740 1034 1366 141 1254 405 200 88 89 96 116 97330 420 142 99 686
leaf_count=86780 1175 138 531 85 157 90 134 189 1028 809 114 437 92 1454 1740 1034 1366 141 1254 405 200 88 89 96 116 97330 420 142 99 686
internal_value=9.3711e-05 0.00265622 0.000905661 -0.00048927 0.000277778 5.60888e-05 0.00107867 -0.000621924 0.00326619 0.00128855 -0.00367742 -0.00112395 -0.00079151 -0.000490696 3.05379e-05 0.000185331 0.00170248 2.55321e-05 -0.000146381 -0.00168683 -0.00377867 -0.00525945 -0.00865296 -0.011 -0.00786792 0.000146474 0.000268944 -0.00146015 -0.000695558 -0.00164331
internal_weight=198419 2871 1696 1165 1080 195548 4767 2682 2085 1057 248 2493 2403 2311 190781 101753 2541 1175 89028 2248 994 794 389 300 212 99212 1874 1882 923 785
internal_count=198419 2871 1696 1165 1080 195548 4767 2682 2085 1057 248 2493 2403 2311 190781 101753 2541 1175 89028 2248 994 794 389 300 212 99212 1874 1882 923 785
is_linear=0
shrinkage=0.06


Tree=151
num_leaves=31
num_cat=0
split_feature=0 4 23 11 25 26 24 23 4 0 0 17 20 27 24 1 0 3 19 7 11 11 21 0 16 3 0 6 7 21
split_gain=4.97623 3.30156 1.81269 1.82935 1.59445 1.99354 3.21071 1.45352 4.49058 2.41016 2.08794 2.00419 2.13 1.87373 1.37079 1.34646 2.72143 2.9614 1.84504 1.57573 1.63611 2.22074 2.68459 2.54734 2.3388 1.83194 2.28561 2.07904 4.05179 3.05643
threshold=86.781265258789077 87.500000000000014 4.8467845916748056 0.21494740992784503 5.5000000000000009 15.851175785064699 10318.560058593752 17.846974372863773 142.50000000000003 53.801986694335945 1.8179048299789431 2.5000000000000004 1.0000000180025095e-35 8.7046318054199237 8911.6054687500018 35.500000000000007 20.731276512146 49.000000000000007 86.885810852050795 1.0000000180025095e-35 0.68116891384124767 0.67122200131416332 0.48547562956810003 21.800677299499515 7.5000000000000009 59.500000000000007 9.0571827888488787 10.449999809265138 1.5000000000000002 0.16896060109138492
decision_type=2 2 2 2 2 2 2 2 2 2 2 2 2 2 2 2 2 2 8 2 2 2 2 2 2 2 2 2 2 2
left_child=7 -2 3 4 -3 -6 -7 15 9 10 -9 12 13 -10 -14 16 18 -18 -1 -17 21 25 23 24 -23 -21 -27 29 -29 -28
right_child=1 2 -4 -5 5 6 -8 8 11 -11 -12 -13 14 -15 -16 19 17 -19 -20 20 -22 22 -24 -25 -26 26 27 28 -30 -31
leaf_value=0.0062314764595439789 0.29238103527718196 0.025589135750808727 0.21546177317875184 0.16836750148435278 0.0022896641242688399 -0.015590912383003665 -0.11867758630465391 -0.094528267566079377 -0.12006206340795998 0.17035269258871319 -0.0084562606836577868 0.19585790133702516 -0.073126151440093809 0.0021990252098159583 0.097136452790595934 -0.0089209293543282605 0.068258896207443714 -0.030045154069583819 -0.011072212396414836 0.012306849787363882 0.025255408542553592 0.047332896914225146 0.12736503325437376 0.13248179779489849 -0.073914784258100066 0.0018486470432897265 -0.028218113285973935 -0.043430701404988961 -0.0071379775400278074 0.013157440231210082
leaf_weight=14549 984 565 469 313 282 133 125 90 80 189 2403 1028 159 137 681 13698 2381 686 5070 9455 6085 131 128 89 789 91430 1903 3635 31262 9490
leaf_count=14549 984 565 469 313 282 133 125 90 80 189 2403 1028 159 137 681 13698 2381 686 5070 9455 6085 131 128 89 789 91430 1903 3635 31262 9490
internal_value=9.28038e-05 0.00257262 0.00110334 3.38507e-05 -0.00111312 -0.00344444 -0.00725581 5.63956e-05 0.00109125 -0.000532438 -0.00102768 0.00317986 0.00134532 -0.00395392 0.00271429 3.05379e-05 0.000464428 0.00212651 0.000204598 -2.80196e-05 2.66976e-05 -1.28645e-05 -0.00265435 -0.00369276 -0.00463043 7.54227e-06 -4.79231e-05 -0.000391445 -0.000621199 0.000312297
internal_weight=198419 2871 1887 1418 1105 540 258 195548 4767 2682 2493 2085 1057 217 840 190781 22686 3067 19619 168095 154397 148312 1137 1009 920 147175 137720 46290 34897 11393
internal_count=198419 2871 1887 1418 1105 540 258 195548 4767 2682 2493 2085 1057 217 840 190781 22686 3067 19619 168095 154397 148312 1137 1009 920 147175 137720 46290 34897 11393
is_linear=0
shrinkage=0.06


Tree=152
num_leaves=31
num_cat=0
split_feature=0 1 0 24 1 23 11 21 21 21 11 11 16 0 20 0 25 1 4 24 24 24 16 19 18 18 18 21 21 16
split_gain=5.07413 1.96645 1.57838 4.0938 3.46639 2.02044 1.93543 1.75916 3.44941 1.39662 1.64804 2.91838 1.87366 3.6195 4.36948 1.91886 3.69915 1.84801 1.50322 1.43921 2.53236 3.19688 3.6507 1.38502 1.93608 1.455 1.33854 1.32824 1.64051 2.38462
threshold=96.72674942016603 178.00000000000003 69.17972564697267 2039.013854980469 62.000000000000007 17.144623756408695 0.32278057932853704 0.64188274741172802 0.56469395756721508 0.54729878902435314 0.23054748773574832 0.2272412106394768 18.500000000000004 15.417643547058107 2.5000000000000004 6.8888001441955575 11.500000000000002 132.00000000000003 97.500000000000014 17350.135742187504 16412.251953125004 16492.236328125004 12.500000000000002 58.004636764526374 0.093400344252586379 3.1798197031021123 2.5260957479476933 0.52006244659423839 0.43721179664134985 10.500000000000002
decision_type=2 2 2 2 2 2 2 2 2 2 2 2 2 2 2 2 2 2 2 2 2 2 2 8 2 2 2 2 2 2
left_child=2 -2 9 -4 -5 6 7 8 27 23 11 19 15 -14 -15 16 18 -13 -12 20 -11 22 -22 24 -1 -25 -23 28 -6 -30
right_child=1 -3 3 4 5 -7 -8 -9 -10 10 12 17 13 14 -16 -17 -18 -19 -20 -21 21 26 -24 25 -26 -27 -28 -29 29 -31
leaf_value=0.0036359549264453894 0.46238273328845825 0.023537836360369279 -0.13739869958144821 0.13179638422754991 -0.002487897860232003 0.40895389561290446 0.11090848783397834 0.10427495303303004 -0.11421466854564279 0.0060507334038513178 -0.023865299299432971 -0.013604303016025309 0.039435332579318305 -0.017797138057584049 -0.1833135955513292 0.075944299952740074 -0.10321909573683914 -0.087886344645676837 0.1242093303941682 0.074390517294444486 -0.20094740074050002 -0.0042158411005316764 -0.010690015529380963 7.8010680452596701e-05 -0.012207320282887313 0.012941003350153125 -0.081223465866443953 0.22486917751703164 -0.0043965983772654964 -0.1805266959509004
leaf_weight=12830 887 543 99 950 2299 273 721 209 122 16900 279 84 489 132 87 2634 149 89 528 557 92 979 102 126664 19234 10021 95 129 146 96
leaf_count=12830 887 543 99 950 2299 273 721 209 122 16900 279 84 489 132 87 2634 149 89 528 557 92 979 102 126664 19234 10021 95 129 146 96
internal_value=8.91751e-05 0.00365035 6.33236e-05 0.00111102 0.00135288 0.000578223 0.000212789 -0.000457847 -0.000855301 3.57917e-05 0.000472323 0.000231136 0.00153281 -0.00128814 -0.00769863 0.00208914 -0.000213389 -0.00752601 0.00139033 0.000302804 0.0002107 -0.00237539 -0.00946392 -2.42133e-05 -0.000379117 5.90411e-05 -0.00109497 -0.000404494 -0.000706021 -0.00540496
internal_weight=198419 1430 196989 5044 4945 3995 3722 3001 2792 191945 23196 18898 4298 708 219 3590 956 173 807 18725 18168 1268 194 168749 32064 136685 1074 2670 2541 242
internal_count=198419 1430 196989 5044 4945 3995 3722 3001 2792 191945 23196 18898 4298 708 219 3590 956 173 807 18725 18168 1268 194 168749 32064 136685 1074 2670 2541 242
is_linear=0
shrinkage=0.06


Tree=153
num_leaves=31
num_cat=0
split_feature=0 1 11 0 1 25 11 25 4 19 0 24 16 20 0 24 16 21 3 21 24 0 26 24 3 1 0 24 11 11
split_gain=4.96378 2.06238 1.5075 3.56249 2.16528 2.11782 3.94695 2.98979 3.09781 2.2477 2.22613 2.06583 4.5006 8.02043 2.81756 2.0429 1.942 2.13792 1.81522 2.59995 1.75694 1.73854 1.70009 1.69603 1.58298 1.90963 1.56198 1.81675 6.07893 3.95796
threshold=96.72674942016603 178.00000000000003 1.0000000180025095e-35 37.445917129516609 166.50000000000003 9.5000000000000018 0.78702321648597728 11.500000000000002 98.500000000000014 31.455172538757328 10.650841712951662 9606.5390625000018 14.500000000000002 3.5000000000000004 1.9264443516731264 14495.880371093752 14.500000000000002 0.36421258747577673 189.00000000000003 0.30940997600555425 16796.489257812504 28.558251380920414 22.270977973937992 1287.2454223632815 14.000000000000002 18.500000000000004 20.731276512146 15514.644531250002 0.3454889208078385 0.48254731297492987
decision_type=2 2 2 2 2 2 2 2 2 10 2 2 2 2 2 2 2 2 2 2 2 2 2 2 2 2 2 2 2 2
left_child=2 -2 23 5 -5 20 7 8 9 10 16 -9 13 14 -13 -15 -7 -18 19 -6 26 -10 -16 -1 25 -25 27 -4 -29 -30
right_child=1 -3 3 4 18 6 -8 11 21 -11 -12 12 -14 15 22 -17 17 -19 -20 -21 -22 -23 -24 24 -26 -27 -28 28 29 -31
leaf_value=0.03435045105953529 0.43463976929115039 0.022125566178746732 -0.0025258847360211337 0.082621735028118704 -0.13145763672694721 0.0061590263339071534 -0.10020158841206799 0.023370698978186801 0.08094853078086596 0.015986350213877974 0.063316101792779064 0.0010661920423565656 0.020694423604028948 0.15502841830841127 -0.15197711048800708 -0.026198483759577521 -0.12495599097195237 -0.041912975747260627 0.047847513867685425 0.073843024109701061 0.025800476746058773 -0.11081889181912512 -0.16037708934497691 0.0060774947333450957 -0.0010246057022921162 0.026631469539090687 0.032977598306546514 -0.078078308989357095 0.073946121893783454 -0.025666581819043167
leaf_weight=1082 887 543 22008 2158 129 95 99 1981 3763 2021 126 90 1087 237 271 165 130 98 857 103 2585 99 153 2403 149783 798 2464 561 536 1107
leaf_count=1082 887 543 22008 2158 129 95 99 1981 3763 2021 126 90 1087 237 271 165 130 98 857 103 2585 99 153 2403 149783 798 2464 561 536 1107
internal_value=8.61512e-05 0.00360839 6.05823e-05 0.000375044 0.0022858 0.000218671 0.000953433 0.00106786 0.00187808 0.000218624 -0.00362138 -0.000219879 -0.00157863 -0.00467686 -0.00964202 0.00167164 -0.00626006 -0.00926316 0.000104683 -0.00460345 -4.28555e-05 0.00293941 -0.0116887 -2.70272e-05 -4.37691e-05 0.00127648 -0.000187584 -0.000334049 -0.00197641 -0.000135118
internal_weight=198419 1430 196989 42923 3247 39676 10415 10316 6332 2470 449 3984 2003 916 514 402 323 228 1089 232 29261 3862 424 154066 152984 3201 26676 24212 2204 1643
internal_count=198419 1430 196989 42923 3247 39676 10415 10316 6332 2470 449 3984 2003 916 514 402 323 228 1089 232 29261 3862 424 154066 152984 3201 26676 24212 2204 1643
is_linear=0
shrinkage=0.06


Tree=154
num_leaves=31
num_cat=0
split_feature=0 1 23 11 4 25 17 27 21 27 26 11 0 15 25 6 25 11 6 0 24 20 26 19 0 3 0 19 24 0
split_gain=4.85802 2.00339 1.41738 2.84505 2.58606 1.58765 2.29457 3.25403 1.2357 3.08681 1.25328 1.22977 2.30028 2.12071 1.77046 2.19293 2.63675 1.85844 2.19495 1.49198 3.80652 3.99772 2.2044 1.42916 1.32917 1.31297 4.57536 1.88851 1.60496 1.31223
threshold=96.72674942016603 178.00000000000003 19.682042121887211 0.26825551688671118 140.00000000000003 8.5000000000000018 1.5000000000000002 7.1480860710144052 0.26759469509124761 7.6399080753326425 16.102458953857425 0.70235082507133495 53.801986694335945 1.0000000180025095e-35 11.500000000000002 10.449999809265138 7.5000000000000009 0.72877448797225963 24.300000190734867 10.776923656463625 11354.464843750002 2.5000000000000004 19.412267684936527 76.726886749267592 2.950268149375916 32.000000000000007 10.88622045516968 86.885810852050795 11354.464843750002 65.666522979736342
decision_type=2 2 2 2 2 2 2 2 2 2 2 2 2 2 2 2 2 2 2 2 2 2 2 8 2 2 2 8 2 2
left_child=2 -2 11 4 8 6 7 -6 9 -4 -11 25 13 14 15 24 19 -16 23 -17 21 -21 -23 -19 -13 26 27 -1 -29 -28
right_child=1 -3 3 -5 5 -7 -8 -9 -10 10 -12 12 -14 -15 17 16 -18 18 -20 20 -22 22 -24 -25 -26 -27 29 28 -30 -31
leaf_value=0.0047599581285798368 0.40856138313368123 0.020798032208022104 -0.09228520937440006 0.12241092450523726 -0.14468375389810556 0.11731731896510045 0.045279492592168707 0.0015753671714357172 -0.0020714562221670809 0.038406189733786081 -0.063445347214852926 -0.075684521661639401 0.19818833663796726 0.11999379280261981 0.0842673195749266 0.057994267535584107 0.14495589908170606 -0.065126984518815628 -0.16330496077415352 0.10823208992671836 0.10760952084728319 -0.16267847252393772 -0.062038836310432895 0.015990202041090491 -0.0037738333856139287 -0.00056482432405620007 0.031118338488729986 -0.025748084486959911 0.0014828689295461228 0.16025546679817054
leaf_weight=7784 887 543 117 1012 88 547 424 269 1240 143 130 133 343 532 177 930 782 317 106 128 328 141 122 291 1669 171611 3870 1655 1663 437
leaf_count=7784 887 543 117 1012 88 547 424 269 1240 143 130 133 343 532 177 930 782 317 106 128 328 141 122 291 1669 171611 3870 1655 1663 437
internal_value=8.19178e-05 0.00356643 5.66227e-05 0.00117884 0.000239351 0.00220482 0.00046863 -0.00307563 -0.00136196 -0.00430769 -0.000813187 3.3541e-05 0.000879147 0.000589816 0.000215457 0.000727144 0.00190292 -0.00221549 -0.00357983 0.000542147 -0.00151043 -0.00550895 -0.00974144 -0.00219079 -0.000859045 6.41665e-06 0.000536959 -0.000107008 -0.00130561 0.00219689
internal_weight=198419 1430 196989 3970 2958 1328 781 357 1630 390 273 193019 5999 5656 5124 4233 2431 891 714 1649 719 391 263 608 1802 187020 15409 11102 3318 4307
internal_count=198419 1430 196989 3970 2958 1328 781 357 1630 390 273 193019 5999 5656 5124 4233 2431 891 714 1649 719 391 263 608 1802 187020 15409 11102 3318 4307
is_linear=0
shrinkage=0.06


Tree=155
num_leaves=31
num_cat=0
split_feature=0 1 0 24 1 23 11 21 21 18 27 26 24 21 21 24 0 25 0 25 10 20 0 21 21 26 21 21 21 20
split_gain=4.74007 2.1002 1.42076 3.65517 2.96856 1.85778 1.82175 1.56156 3.14271 1.20122 1.435 1.19667 2.07882 1.13097 1.60871 4.65847 2.34222 1.81645 1.29062 3.44566 1.96611 1.56516 1.17268 1.11911 1.3422 2.62871 1.40972 1.27126 1.69898 1.92993
threshold=96.72674942016603 178.00000000000003 69.17972564697267 2039.013854980469 62.000000000000007 17.144623756408695 0.32278057932853704 0.64188274741172802 0.56469395756721508 2.2804424762725835 8.2486662864685076 14.83086681365967 11153.663085937502 0.71621471643447887 0.70534417033195507 11780.922363281252 16.753225326538089 5.5000000000000009 6.9567875862121591 11.500000000000002 1.5000000000000002 1.0000000180025095e-35 51.080162048339851 0.52006244659423839 0.43721179664134985 16.453143119812015 0.23251585662364962 0.28280414640903478 0.38415190577507025 2.5000000000000004
decision_type=2 2 2 2 2 2 2 2 2 2 2 2 2 2 2 2 2 2 2 2 2 2 2 2 2 2 2 2 2 2
left_child=2 -2 13 -4 -5 6 7 8 23 10 -3 -12 -13 14 -1 -16 17 -17 19 20 -15 -22 -20 24 26 -26 -6 -28 29 -29
right_child=1 9 3 4 5 -7 -8 -9 -10 -11 11 12 -14 18 15 16 -18 -19 22 -21 21 -23 -24 -25 25 -27 27 28 -30 -31
leaf_value=0.00036769226557975147 0.38404770014566003 -0.057242324128915618 -0.12905941180498032 0.11901172324633683 -0.022889229963067588 0.38056932365129131 0.1009596411359817 0.098113821652629496 -0.10726642263132322 0.45416172451753789 0.13949302900198704 0.14863859242486935 -0.102172986772401 -0.068285856995593683 -0.15682033452826649 -0.046024091270780845 0.13921244894199003 -0.00016627685780659377 0.039808871574501685 -0.098411188655986789 0.1100319743735465 0.0054912579808463627 -0.053190041486625879 0.21147239266759091 0.0047502431794584909 -0.15360788945841458 0.10712136614407762 -0.00083458272086073899 0.049774484748342812 -0.073479112486604409
leaf_weight=185805 887 81 99 950 1097 273 721 209 122 116 175 85 86 82 98 285 157 461 2663 154 192 1911 137 129 140 102 347 405 334 116
leaf_count=185805 887 81 99 950 1097 273 721 209 122 116 175 85 86 82 98 285 157 461 2663 154 192 1911 137 129 140 102 347 405 334 116
internal_value=8.25226e-05 0.00352448 5.75364e-05 0.00105155 0.00128008 0.000563204 0.000212789 -0.000437854 -0.000812321 0.000585636 -0.000885246 0.000797688 -0.00277193 3.14155e-05 7.25909e-06 -0.00239161 -0.00104319 -0.00244504 0.000909516 -0.000130825 0.000480549 0.000835949 0.00177857 -0.000382022 -0.000658796 -0.00490909 -0.000211396 0.00120799 -3.50875e-05 -0.00217658
internal_weight=198419 1430 196989 5044 4945 3995 3722 3001 2792 543 427 346 171 191945 186806 1001 903 746 5139 2339 2185 2103 2800 2670 2541 242 2299 1202 855 521
internal_count=198419 1430 196989 5044 4945 3995 3722 3001 2792 543 427 346 171 191945 186806 1001 903 746 5139 2339 2185 2103 2800 2670 2541 242 2299 1202 855 521
is_linear=0
shrinkage=0.06


Tree=156
num_leaves=31
num_cat=0
split_feature=0 0 3 23 11 21 21 21 24 16 24 21 4 24 19 25 16 17 21 21 16 0 11 21 19 18 23 18 26 19
split_gain=4.44499 1.95306 4.2008 2.31399 2.05365 1.43259 4.20777 2.40663 1.6452 1.52851 3.23892 2.65233 1.49904 1.69869 2.86228 3.1482 1.62866 1.7587 1.6213 1.06922 1.6692 2.53299 2.0403 1.63768 1.18809 1.81899 2.09855 1.35722 1.29408 1.61233
threshold=104.55176544189455 69.17972564697267 76.500000000000014 17.144623756408695 0.32278057932853704 0.64188274741172802 0.56469395756721508 0.52006244659423839 15889.216796875002 18.500000000000004 7031.1650390625009 0.30225856602191931 186.50000000000003 9821.4609375000018 53.172737121582038 2.5000000000000004 11.500000000000002 3.5000000000000004 0.16614678502082827 0.54729878902435314 17.500000000000004 21.312211990356449 0.2663626372814179 0.74832612276077282 58.004636764526374 4.0124847888946542 9.0041098594665545 3.1798197031021123 0.28003658354282385 49.525386810302741
decision_type=2 2 2 2 2 2 2 2 2 2 2 2 2 2 10 2 2 2 2 2 2 2 2 2 8 2 2 2 2 10
left_child=1 19 -3 4 5 6 7 8 9 12 -11 -12 13 14 -4 -16 18 -18 -15 24 21 -21 -23 -22 25 28 -27 -26 29 -1
right_child=-2 2 3 -5 -6 -7 -8 -9 -10 10 11 -13 -14 16 15 -17 17 -19 -20 20 23 22 -24 -25 27 26 -28 -29 -30 -31
leaf_value=0.0087252076510850544 0.4050514417365581 0.097132652316646473 0.023267831629850931 0.46347774353072835 0.10227111138889941 0.090625734034162381 -0.11993719376492352 0.20216478956277834 0.044110617076443856 0.10890867010790031 -0.036975689902028201 -0.15497086507213864 0.0068081979215608131 -0.10331907574426979 -0.19769120435631832 -0.049517534335158077 0.014192082494088674 -0.16387533932885889 0.046217417917595004 0.0063014377496359584 -0.013569899863998341 0.035584238779235187 0.15297948074508627 0.043130338025723101 -8.1568567829186099e-07 -0.037231116883579267 0.033676924117087143 0.011594951159746807 -0.0018443691249466312 -0.10257521836112045
leaf_weight=94 710 1693 166 298 662 190 127 208 283 101 114 91 892 84 87 181 122 110 355 15815 4186 1972 618 605 126664 4027 646 10021 27209 88
leaf_count=94 710 1693 166 298 662 190 127 208 283 101 114 91 892 84 87 181 122 110 355 15815 4186 1972 618 605 126664 4027 646 10021 27209 88
internal_value=7.79867e-05 6.09686e-05 0.0011492 0.000104643 -0.000297376 -0.000943105 -0.00127148 -0.00078597 -0.00128538 -0.00181589 -0.00576471 -0.0100976 -0.00121082 -0.00268778 -0.0056129 -0.00944776 -0.000795827 -0.00486207 0.00135308 2.82896e-05 0.000410243 0.000669927 0.00240927 -0.000587351 -2.42133e-05 -0.000352919 -0.00144704 5.28956e-05 -0.000166259 -0.00520879
internal_weight=198419 197709 5764 4071 3773 3111 2921 2794 2586 2303 306 205 1997 1105 434 268 671 232 439 191945 23196 18405 2590 4791 168749 32064 4673 136685 27391 182
internal_count=198419 197709 5764 4071 3773 3111 2921 2794 2586 2303 306 205 1997 1105 434 268 671 232 439 191945 23196 18405 2590 4791 168749 32064 4673 136685 27391 182
is_linear=0
shrinkage=0.06


Tree=157
num_leaves=31
num_cat=0
split_feature=0 4 23 11 25 19 24 26 14 7 15 23 3 11 0 0 20 6 24 27 16 4 0 26 24 20 15 11 16 11
split_gain=4.54351 3.2512 2.02045 1.95963 2.47057 2.82456 2.65136 3.15328 1.27697 2.16128 1.6377 2.30169 2.57495 2.12625 2.94283 2.13997 3.06785 2.60652 1.61951 1.56572 1.19815 1.18951 1.36901 2.2577 1.18866 1.07167 1.04745 1.02823 1.98861 1.8204
threshold=86.781265258789077 73.500000000000014 4.8467845916748056 0.21494740992784503 5.5000000000000009 59.937273025512702 10318.560058593752 16.713114738464359 1.0000000180025095e-35 1.0000000180025095e-35 1.0000000180025095e-35 1.3482347726821902 79.000000000000014 0.38462381064891821 8.1695337295532244 27.322209358215336 2.5000000000000004 18.649999618530277 10761.519042968752 14.961822986602785 15.500000000000002 155.50000000000003 17.885603904724125 13.780276775360109 10761.519042968752 1.5000000000000002 1.0000000180025095e-35 0.78702321648597728 14.500000000000002 0.77332714200019848
decision_type=2 2 2 2 2 10 2 2 2 2 2 2 2 2 2 2 2 2 2 2 2 2 2 2 2 2 2 2 2 2
left_child=8 -2 3 4 26 -6 -7 -8 27 -10 11 12 -11 14 -14 16 19 24 -19 20 -16 22 23 -13 -18 -17 -3 29 -29 -1
right_child=1 2 -4 -5 5 6 7 -9 9 10 -12 21 13 -15 15 25 17 18 -20 -21 -22 -23 -24 -25 -26 -27 -28 28 -30 -31
leaf_value=0.000235305300114611 0.27824345936420131 0.00099447139452081492 0.17948209857607839 0.16322025495238338 0.010318003261764781 -0.0076325951157524092 -0.03921352243957299 -0.18081183944074641 -0.032573722921322198 0.073969803411126384 0.17682742956092976 -0.12086320443459765 0.095274529037994743 0.40235901546371972 -0.028663786122433497 -0.13338618975990643 -0.15776818188628092 -0.29509322713361136 -0.25674387742007337 0.027024508536523006 -0.27164713564399418 0.36744467260778463 0.15371170319248131 0.059859753423482619 -0.0095001537054098199 0.11718378000517972 0.23140191290394252 -0.083086179110435435 0.032687075884203609 0.075036488315990399
leaf_weight=189262 822 466 506 344 276 117 97 95 566 502 836 97 290 255 87 170 129 80 87 199 81 552 478 127 105 211 148 249 288 897
leaf_count=189262 822 466 506 344 276 117 97 95 566 502 836 97 290 255 87 170 129 80 87 199 81 552 478 127 105 211 148 249 288 897
internal_value=7.76843e-05 0.00244723 0.00116838 8.94364e-05 -0.00105588 -0.00384615 -0.00778641 -0.012125 4.28951e-05 0.00100412 0.0014643 0.000886957 -0.000284153 -0.0014026 -0.00229743 -0.00366057 -0.00548437 -0.00911222 -0.0148383 -0.00152044 -0.00578571 0.0029378 0.00129915 -0.00257143 -0.00502564 1.57483e-05 0.00160261 1.84379e-05 -0.00260335 2.58418e-05
internal_weight=198419 2871 2049 1543 1199 585 309 192 195548 4852 4286 3450 2196 1694 1439 1149 768 401 167 367 168 1254 702 224 234 381 614 190696 537 190159
internal_count=198419 2871 2049 1543 1199 585 309 192 195548 4852 4286 3450 2196 1694 1439 1149 768 401 167 367 168 1254 702 224 234 381 614 190696 537 190159
is_linear=0
shrinkage=0.06


Tree=158
num_leaves=31
num_cat=0
split_feature=0 1 18 14 7 3 0 7 3 7 2 0 19 0 27 4 11 21 17 19 19 18 27 3 0 24 21 20 19 23
split_gain=4.45488 3.24211 1.58424 1.26355 2.44381 2.2655 2.39893 2.04616 2.29158 1.91132 1.8728 1.64052 2.57422 1.37103 1.25659 1.1501 1.02642 1.31847 1.49605 1.92469 1.01185 1.06806 1.01047 1.00595 0.985327 0.980495 0.953979 1.40948 1.31279 1.11909
threshold=91.426315307617202 106.50000000000001 3.4138468503952031 1.0000000180025095e-35 2.5000000000000004 161.00000000000003 24.521744728088382 1.5000000000000002 79.000000000000014 1.0000000180025095e-35 5.5000000000000009 34.128473281860359 63.961303710937507 9.9253177642822283 14.016833305358888 265.50000000000006 0.31268873810768133 0.44827167689800268 1.5000000000000002 76.438472747802749 45.992685317993171 0.06358108296990396 11.707962036132814 149.50000000000003 9.0571827888488787 9540.3764648437518 0.74832612276077282 2.5000000000000004 68.194728851318374 6.2878470420837411
decision_type=2 2 2 2 2 2 2 2 2 2 2 2 10 2 2 2 2 2 2 10 10 2 2 2 2 2 2 2 8 2
left_child=3 -2 14 26 5 7 10 8 9 -5 -7 12 22 -11 15 20 17 18 -6 24 -3 25 -10 -9 -20 -22 -1 -28 -29 -30
right_child=1 2 -4 4 16 6 -8 23 11 13 -12 -13 -14 -15 -16 -17 -18 -19 19 -21 21 -23 -24 -25 -26 -27 27 28 29 -31
leaf_value=7.7268133790844715e-05 0.31858244474197783 0.078389695872467371 0.36707833613919949 -0.027153921196023917 0.26759938059877636 -0.26927323718980922 0.027933377747290825 0.22177444096828222 -0.11409543438978825 -0.020523697410141775 -0.048889114227257412 0.013003589871211007 -0.016954103170074956 0.11958372389103339 0.038120935657461281 -0.076056985175185193 0.93642097315691719 0.35611361598933511 0.21591504583031873 -0.29741372454339898 0.097903197712067583 -0.050304342891970596 -0.1598469087184525 -0.012926788499887548 -0.040233473382492176 -0.023954250085107029 0.040471940681454648 -0.042990357974845253 -6.190863119722512e-05 0.089342065800971954
leaf_weight=188375 813 155 213 551 296 113 238 590 80 167 116 271 196 811 482 133 329 402 128 84 93 86 117 146 225 175 1793 383 730 128
leaf_count=188375 813 155 213 551 296 113 238 590 80 167 116 271 196 811 482 133 329 402 128 84 93 86 117 146 225 175 1793 383 730 128
internal_value=7.4358e-05 0.0027907 0.000973822 4.46023e-05 0.001 0.000116608 -0.00376445 0.000735405 -0.00018331 0.00109483 -0.00814847 -0.00312651 -0.00560305 0.00268712 7.47333e-05 -0.00166355 0.00304918 0.00219383 0.0006794 -0.00155149 -0.000365422 -0.00213559 -0.0104467 0.00347283 0.000390935 -0.000268656 2.03441e-05 0.00107581 -0.000478646 0.000825175
internal_weight=198419 2150 1337 196269 4860 3396 467 2929 2193 1529 229 664 393 978 1124 642 1464 1135 733 437 509 354 197 736 353 268 191409 3034 1241 858
internal_count=198419 2150 1337 196269 4860 3396 467 2929 2193 1529 229 664 393 978 1124 642 1464 1135 733 437 509 354 197 736 353 268 191409 3034 1241 858
is_linear=0
shrinkage=0.06


Tree=159
num_leaves=31
num_cat=0
split_feature=0 1 14 7 1 7 19 0 6 26 0 0 18 27 21 0 17 0 16 25 25 27 6 4 19 26 24 16 11 21
split_gain=4.53454 1.45729 1.2859 2.50989 1.90652 2.06099 2.00807 1.73785 2.53169 1.48041 1.45847 1.31527 1.23789 1.13077 1.08842 1.11668 1.53281 1.83183 1.82978 3.16017 1.59441 1.26936 1.19301 1.18498 1.15351 1.06424 3.30248 1.05903 0.998104 1.13253
threshold=96.72674942016603 108.50000000000001 1.0000000180025095e-35 2.5000000000000004 165.00000000000003 1.5000000000000002 63.961303710937507 39.752513885498054 8.0500001907348651 13.506155967712404 27.322209358215336 20.731276512146 2.2804424762725835 8.2486662864685076 0.74832612276077282 17.885603904724125 3.5000000000000004 15.688108921051027 12.500000000000002 6.5000000000000009 6.5000000000000009 17.467866897583011 16.849999427795414 168.00000000000003 69.780410766601577 17.603977203369144 11445.069335937502 17.500000000000004 0.31268873810768133 0.44827167689800268
decision_type=2 2 2 2 2 2 10 2 2 2 2 2 2 2 2 2 2 2 2 2 2 2 2 2 10 2 2 2 2 2
left_child=2 -2 14 4 5 6 7 8 -4 11 -10 -6 13 -3 -1 16 17 -16 20 22 -18 -17 27 -22 -23 -15 -27 -20 29 -5
right_child=1 12 3 28 9 -7 -8 -9 10 -11 -12 -13 -14 25 15 21 18 -19 19 -21 23 24 -24 -25 -26 26 -28 -29 -30 -31
leaf_value=0.00011927918099323424 0.45910515836304017 -0.045274129641261859 -0.011662925581349261 0.014430434790388726 -0.25463734418891681 0.19162738023247125 0.022609944179208363 0.044952186337847623 -0.19829029396319145 -0.016553322213091592 -0.11058559857113025 -0.067567356216914884 0.43043638977420523 0.13414755932415168 0.0479513679516088 0.10981313635601063 0.00035173090392473749 -0.05960333341476301 -0.10408703441607239 0.16818694928331049 -0.054762517747180675 -0.088318109607052567 0.017044153107809785 -0.08019911302363221 0.094384207973643691 0.19248306479137225 -0.12875890714995961 -0.013134430298123397 0.88023571476750218 0.3347467990299749
leaf_weight=189051 571 134 581 733 90 666 1025 366 109 344 113 103 201 314 1025 496 190 89 123 392 189 119 155 87 113 128 82 99 329 402
leaf_count=189051 571 134 581 733 90 666 1025 366 109 344 113 103 201 314 1025 496 190 89 123 392 189 119 155 87 113 128 82 99 329 402
internal_value=7.40556e-05 0.00344056 4.96172e-05 0.00101337 0.00011834 0.000734266 -0.000153145 -0.00185287 -0.00341469 -0.00316201 -0.00886486 -0.00736788 0.00187893 0.000620061 2.52334e-05 0.00114462 0.000508302 0.00212208 -0.000947368 0.000850455 -0.00391416 0.0031978 -0.00307162 -0.00682609 -0.000465517 0.00187786 -0.00142857 -0.00589189 0.00309016 0.0022467
internal_weight=198419 1430 196989 4861 3397 2860 2194 1169 803 537 222 193 859 658 192128 3077 2349 1114 1235 769 466 728 377 276 232 524 210 222 1464 1135
internal_count=198419 1430 196989 4861 3397 2860 2194 1169 803 537 222 193 859 658 192128 3077 2349 1114 1235 769 466 728 377 276 232 524 210 222 1464 1135
is_linear=0
shrinkage=0.06


Tree=160
num_leaves=31
num_cat=0
split_feature=0 14 7 3 0 7 1 5 27 19 21 11 21 23 0 0 19 11 0 25 25 4 24 16 20 24 17 16 0 23
split_gain=4.52965 1.55753 2.18352 1.8718 1.74514 1.70473 1.55586 1.48665 1.31232 1.25858 1.05203 1.02642 1.1798 1.24836 1.72745 3.16908 1.47449 0.917909 2.21592 1.79648 3.70927 2.54803 2.44289 2.7175 2.74182 2.73793 2.53448 2.21142 2.20833 2.04944
threshold=96.72674942016603 1.0000000180025095e-35 2.5000000000000004 161.00000000000003 27.322209358215336 1.0000000180025095e-35 255.00000000000003 7.5000000000000009 14.117574691772463 49.525386810302741 0.74832612276077282 0.31268873810768133 0.44827167689800268 1.3482347726821902 8.1695337295532244 18.613037109375004 64.463558197021499 1.0000000180025095e-35 69.17972564697267 9.5000000000000018 11.500000000000002 59.500000000000007 9606.5390625000018 14.500000000000002 3.5000000000000004 14495.880371093752 4.5000000000000009 14.500000000000002 5.023224115371705 12.037215232849123
decision_type=2 2 2 2 2 2 2 2 2 10 2 2 2 2 2 2 10 2 2 2 2 2 2 2 2 2 2 2 2 2
left_child=1 10 3 5 7 -3 -2 -5 -8 -7 17 12 13 14 -4 16 -16 -1 19 -19 21 -21 -22 24 28 -26 -27 -23 -24 -29
right_child=6 2 11 4 -6 9 8 -9 -10 -11 -12 -13 -14 -15 15 -17 -18 18 -20 20 22 27 23 -25 25 26 -28 29 -30 -31
leaf_value=-0.00091201672300034186 0.24302321084729547 -0.028986857932968433 0.14918294718091635 -0.24242084649527709 0.09010129885564308 -0.0052759319421947165 -0.033264744160902075 -0.036298552727591242 0.093046695481773814 0.078248858973350877 0.019803725557935695 0.82742157188145216 0.31466199108817638 0.29020844098892024 -0.047435387444413904 0.10117101426297184 -0.26925456569861744 -0.00076835118914981844 0.090863417024450346 -0.0044501250721307346 0.014500156236301808 0.089165835505474661 -0.10476680831535172 0.0065066930068049455 0.10123055925566843 -0.092607241977368332 0.050906654519179625 0.0093250903041167815 -0.18954505215671966 0.18409921283618752
leaf_weight=147774 1145 570 144 121 202 860 160 144 125 1500 3077 329 402 215 90 195 89 29905 1186 1341 2022 2345 215 1012 240 152 99 2167 227 366
leaf_count=147774 1145 570 144 121 202 860 160 144 125 1500 3077 329 402 215 90 195 89 29905 1186 1341 2022 2345 215 1012 240 152 99 2167 227 366
internal_value=7.587e-05 5.14447e-05 0.00111212 0.000277304 -0.00325054 0.000839591 0.00344056 -0.00645283 -0.000526316 0.00155085 2.46088e-05 0.00304918 0.00219383 0.000761255 -0.000833977 -0.00298396 -0.0087486 6.69683e-06 0.00025685 0.000181238 0.000869429 0.00178389 -0.000564154 -0.00208226 -0.00441801 -0.00133198 -0.00571315 0.00242066 -0.00784615 0.00119147
internal_weight=198419 196989 4861 3397 467 2930 1430 265 285 2360 192128 1464 1135 733 518 374 179 189051 41277 40091 10186 6219 3967 1945 933 491 251 4878 442 2533
internal_count=198419 196989 4861 3397 467 2930 1430 265 285 2360 192128 1464 1135 733 518 374 179 189051 41277 40091 10186 6219 3967 1945 933 491 251 4878 442 2533
is_linear=0
shrinkage=0.06


Tree=161
num_leaves=31
num_cat=0
split_feature=0 14 7 3 0 7 1 5 26 0 0 3 23 11 21 19 21 5 23 27 23 27 18 21 26 26 26 21 19 16
split_gain=4.14234 1.5581 2.23223 1.60277 1.84515 1.74768 1.83026 1.52848 1.34158 1.41912 1.23699 3.61134 1.9629 1.89427 1.63239 1.99214 1.47607 1.63431 2.37545 2.02247 2.49424 1.97446 1.572 1.38153 1.2633 1.54316 1.151 1.10181 1.52805 1.8931
threshold=104.55176544189455 1.0000000180025095e-35 2.5000000000000004 161.00000000000003 24.521744728088382 1.5000000000000002 35.500000000000007 7.5000000000000009 1.9325702190399172 53.801986694335945 69.17972564697267 76.500000000000014 17.144623756408695 0.69759953022003185 0.07383566722273828 79.269950866699233 0.12394391745328905 4.5000000000000009 4.8467845916748056 13.841183662414553 11.342735767364504 7.0514440536499032 -5.6421511173248282 0.19260819256305697 28.811145782470707 14.83086681365967 340.11991882324224 0.53120040893554699 56.069665908813484 11.500000000000002
decision_type=2 2 2 2 2 2 2 2 2 2 2 2 2 2 2 10 2 2 2 2 2 2 2 2 2 2 2 2 8 2
left_child=1 10 3 5 7 6 -3 -5 -8 26 -1 -12 13 14 15 -13 -16 18 22 20 21 -19 -18 -21 25 -23 27 28 29 -10
right_child=-2 2 -4 4 -6 -7 8 -9 9 -11 11 12 -14 -15 16 -17 17 19 -20 23 -22 24 -24 -25 -26 -27 -28 -29 -30 -31
leaf_value=4.8873327623019098e-05 0.33406358960030574 0.060073600782774669 0.14417022021699413 -0.25309760454846641 0.029824528427728793 0.14272264074771329 -0.10249178975396563 -0.036126581427103503 0.017862470078250956 0.11697608475908959 0.079322584371075311 -0.0016032268285732566 0.3928496771402209 0.27363534066362832 0.1371679706653442 -0.22381563665628088 -0.097324215376682066 0.040887350991129875 0.070471568853481326 -0.093627507164494278 -0.093292344841885866 -0.0024434379179252576 -0.040749688304239209 0.048059910432958756 0.10335577689261373 -0.083251594535588405 -0.0896853059520243 0.053163245635555849 0.00045734674986064978 -0.11271181475323692
leaf_weight=187180 710 573 1473 97 238 738 94 132 138 167 1634 100 285 158 174 81 115 460 183 124 152 265 666 849 112 294 109 200 655 263
leaf_count=187180 710 573 1473 97 238 738 94 132 138 167 1634 100 285 158 174 81 115 460 183 124 152 265 666 849 112 294 109 200 655 263
internal_value=7.31485e-05 5.67199e-05 0.00111585 0.000271446 -0.00299358 0.000790603 -5.72985e-05 -0.00683843 -0.00108487 -0.000657963 2.9933e-05 0.000904459 -6.27175e-05 -0.000429145 -0.000713286 -0.00626519 -0.000417207 -0.000708074 -0.00277593 0.000175532 -0.00138893 -0.000419098 -0.00421767 0.00223844 -0.00249478 -0.00366011 -0.0012967 -0.000783439 -0.00155682 -0.00447382
internal_weight=198419 197709 4877 3404 467 2937 2199 229 1626 1532 192832 5652 4018 3733 3575 181 3394 3220 964 2256 1283 1131 781 973 671 559 1365 1256 1056 401
internal_count=198419 197709 4877 3404 467 2937 2199 229 1626 1532 192832 5652 4018 3733 3575 181 3394 3220 964 2256 1283 1131 781 973 671 559 1365 1256 1056 401
is_linear=0
shrinkage=0.06


Tree=162
num_leaves=31
num_cat=0
split_feature=0 0 1 24 23 11 3 19 21 21 21 5 18 14 7 16 11 0 25 17 26 19 7 21 19 24 16 27 1 24
split_gain=4.14288 1.57833 3.27983 3.13286 1.88817 1.77885 1.73404 1.23719 1.61714 3.9488 1.93191 1.17982 1.23621 1.15794 2.25189 1.68321 1.53394 1.40648 1.90646 2.06386 1.34878 1.43334 1.31785 1.2918 1.2242 1.08576 1.71417 1.08517 1.53536 1.93126
threshold=104.55176544189455 69.17972564697267 62.000000000000007 2039.013854980469 15.521236896514894 0.69759953022003185 339.50000000000006 71.868232727050795 0.56469395756721508 0.64188274741172802 0.07383566722273828 4.5000000000000009 -4.6232888698577872 1.0000000180025095e-35 3.5000000000000004 17.500000000000004 0.31268873810768133 18.613037109375004 3.5000000000000004 4.5000000000000009 13.780276775360109 74.845867156982436 1.0000000180025095e-35 0.19782134145498279 37.645580291748054 16153.570800781252 16.500000000000004 13.202155590057375 200.00000000000003 9821.4609375000018
decision_type=2 2 2 2 2 2 2 10 2 2 2 2 2 2 2 2 2 2 2 2 2 8 2 2 10 2 2 2 2 2
left_child=1 13 -3 -4 5 6 7 -5 10 -10 -9 12 -12 -1 15 17 24 20 19 -19 21 -15 -20 -23 -17 -2 -27 28 29 -13
right_child=25 2 3 4 -6 -7 -8 8 9 -11 11 27 -14 14 -16 16 -18 18 22 -21 -22 23 -24 -25 -26 26 -28 -29 -30 -31
leaf_value=4.5940927965643079e-05 0.56985254616511682 0.11223043452908539 -0.12378132297804123 0.01446585546540043 0.28468853520427112 0.27124907873270482 -0.087264385267183928 -0.16000986724605543 -0.14666394023936977 0.01391648106049076 -0.075730091824424486 -0.14382695493414177 -0.0041834884377754591 0.00048473034971145386 0.34904007640367096 0.078472744536659561 0.134786413036622 0.032004282857190008 -0.0083762998933914166 -0.13113594078164695 0.025248066224860727 -0.19102120824431049 0.14767192821908084 -0.042615633676113131 -0.080952855457298509 0.32031236077844605 -0.082054994030905645 0.075707176185605893 0.019637711084704374 0.006522705931541333
leaf_weight=187180 533 1100 84 2201 415 180 99 99 80 116 145 83 380 337 581 116 191 144 253 121 802 110 1417 133 560 96 81 403 243 136
leaf_count=187180 533 1100 84 2201 415 180 99 99 80 116 145 83 380 337 581 116 191 144 253 121 802 110 1417 133 560 96 81 403 243 136
internal_value=7.28461e-05 5.64165e-05 0.0010347 0.000339623 0.000550219 0.000165666 -9.78668e-05 0.000101904 -0.00112166 -0.0062449 -0.00044728 0.000129497 -0.00211429 2.70392e-05 0.000950682 0.000464627 -0.00188927 0.00107989 0.00212403 -0.00260377 -0.000382055 -0.00258621 0.00287425 -0.00609877 -0.00323077 0.00464789 0.000576271 0.00149133 -0.000493506 -0.00413699
internal_weight=198419 197709 5764 4664 4580 4165 3985 3886 1685 196 1489 1390 525 191945 4765 4184 867 3317 1935 265 1382 580 1670 243 676 710 177 865 462 219
internal_count=198419 197709 5764 4664 4580 4165 3985 3886 1685 196 1489 1390 525 191945 4765 4184 867 3317 1935 265 1382 580 1670 243 676 710 177 865 462 219
is_linear=0
shrinkage=0.06


Tree=163
num_leaves=31
num_cat=0
split_feature=0 1 11 0 4 23 1 4 21 11 25 25 24 3 0 24 2 20 21 24 2 21 21 11 20 16 20 0 24 24
split_gain=4.10453 1.7755 1.20328 2.63769 2.1463 4.23914 2.08922 2.52965 1.61858 2.57527 1.5668 1.79459 1.56719 1.46936 1.649 1.59371 1.41803 2.30366 1.38928 2.32615 1.80391 2.09051 3.99249 4.34937 3.66697 3.51166 3.10284 2.81568 3.35698 3.13045
threshold=96.72674942016603 166.50000000000003 1.0000000180025095e-35 37.445917129516609 155.50000000000003 4.7370638847351083 166.50000000000003 155.50000000000003 0.1960960924625397 0.31268873810768133 9.5000000000000018 10.500000000000002 10516.396484375002 14.000000000000002 1.4768902063369753 1287.2454223632815 4.5000000000000009 2.5000000000000004 0.10105558112263681 16086.083007812502 4.5000000000000009 0.26759469509124761 0.27196498215198522 0.43672485649585729 1.5000000000000002 10.500000000000002 3.5000000000000004 23.120385169982914 14377.534179687502 11020.954589843752
decision_type=2 2 2 2 2 2 2 2 2 2 2 2 2 2 2 2 2 2 2 2 2 2 2 2 2 2 2 2 2 2
left_child=2 -2 13 4 -4 10 -5 -8 9 -7 18 -12 -13 14 -1 -15 -9 -18 -6 20 -20 -22 25 26 -25 -23 27 28 29 -24
right_child=1 -3 3 6 5 8 7 16 -10 -11 11 12 -14 15 -16 -17 17 -19 19 -21 21 22 23 24 -26 -27 -28 -29 -30 -31
leaf_value=-0.0096872108165809313 0.31663694734233627 0.01512756639973324 -0.0021078932434005259 0.066468907507502561 -0.02820718360498339 -0.049695062220193639 -0.17801638942240311 -0.081647000986866974 0.10503852332194777 0.058093459795008857 0.10664697372327731 0.047718633145621567 -0.012456029176693076 0.032936993079918035 0.018440018214226101 -0.0010768450031173082 0.1535221852069337 -0.051776581661086236 0.032915649649032937 0.038145765884651774 0.0092846997397298611 -0.073631767368650708 -0.08152204686577609 0.10131339896522096 -0.015128201515529698 -0.13565225331113409 0.03820632452220997 0.32492308173245127 -0.1014604874262319 -0.0097717667508565344
leaf_weight=549 852 578 23974 2158 841 132 86 106 2246 773 1029 949 1446 1059 2675 149783 496 401 1125 1055 2477 89 458 718 1131 101 301 120 249 462
leaf_count=549 852 578 23974 2158 841 132 86 106 2246 773 1029 949 1446 1059 2675 149783 496 401 1125 1055 2477 89 458 718 1131 101 301 120 249 462
internal_value=6.98222e-05 0.00327273 4.65714e-05 0.000327517 0.000192963 0.00073825 0.00197167 -0.000170799 0.00270581 0.000563536 0.000244284 0.00133879 0.000438414 -3.17005e-05 0.00123573 -5.87898e-05 0.000675972 0.00145151 -0.000166319 6.95151e-05 -0.000314479 -0.000721258 -0.00163847 -0.00117069 0.000808005 -0.0101053 -0.0034717 -0.00475252 -0.00565098 -0.00397826
internal_weight=198419 1430 196989 42923 39676 15702 3247 1089 3151 905 12551 3424 2395 154066 3224 150842 1003 897 9127 8286 7231 6106 3629 3439 1849 190 1590 1289 1169 920
internal_count=198419 1430 196989 42923 39676 15702 3247 1089 3151 905 12551 3424 2395 154066 3224 150842 1003 897 9127 8286 7231 6106 3629 3439 1849 190 1590 1289 1169 920
is_linear=0
shrinkage=0.06


Tree=164
num_leaves=31
num_cat=0
split_feature=0 0 4 23 11 1 6 18 18 6 23 11 11 25 0 16 16 24 25 24 0 20 11 24 0 25 5 25 26 17
split_gain=3.70422 1.55657 3.12819 1.79279 1.59551 1.29819 1.32242 1.10273 1.17944 1.10023 2.30121 1.92116 2.50204 1.6207 1.54773 1.17467 1.21355 1.75868 4.68018 2.92266 4.04465 3.06591 2.81213 2.79515 7.07086 2.7462 3.72013 2.32708 2.544 2.32482
threshold=104.55176544189455 69.17972564697267 72.500000000000014 17.144623756408695 0.69759953022003185 360.00000000000006 19.35000038146973 1.799487352371216 0.06358108296990396 23.650000572204593 15.521236896514894 0.67696332931518566 0.66671738028526317 11.500000000000002 7.4673056602478036 21.500000000000004 12.500000000000002 7751.2326660156259 6.5000000000000009 6531.2524414062509 11.211744308471681 3.5000000000000004 0.2133271470665932 1287.2454223632815 7.9755866527557382 11.500000000000002 7.5000000000000009 7.5000000000000009 18.151082038879398 1.0000000180025095e-35
decision_type=2 2 2 2 2 2 2 2 2 2 2 2 2 2 2 2 2 2 2 2 2 2 2 2 2 2 2 2 2 2
left_child=1 9 -3 4 5 6 7 8 -4 15 11 12 -11 -13 -15 16 17 18 23 21 25 -20 27 24 -1 29 -27 -22 -29 -21
right_child=-2 2 3 -5 -6 -7 -8 -9 -10 10 -12 13 -14 14 -16 -17 -18 -19 19 20 22 -23 -24 -25 -26 26 -28 28 -30 -31
leaf_value=0.0079907642228118168 0.28453034225986212 0.077375254478992572 -0.017938650629348404 0.37236652807263176 0.22846652141179216 -0.10083438012214346 0.012241762272252396 0.05883710793597189 -0.045640950195124874 0.0031676521879107841 0.085707312524596443 0.10582300492668691 -0.06858360331050882 -0.055268078917644806 0.044546686854831763 0.0091696704014953227 -0.0039749010834155014 0.0034720101201749097 -0.023489733368590133 -0.070659658594785554 -0.0030660210466776526 0.067311006611054963 -0.018283025213168366 0.014576664933443012 -0.11470657869400135 -0.035209459739253504 -0.068809922595681486 -0.07509821198468114 -0.16039694678775482 0.00080866333767532698
leaf_weight=396 710 1662 1693 300 161 106 1299 280 263 30201 1082 1202 120 86 118 7283 71693 65313 1940 378 163 836 552 6971 156 307 90 480 280 2298
leaf_count=396 710 1662 1693 300 161 106 1299 280 263 30201 1082 1202 120 86 118 7283 71693 65313 1940 378 163 836 552 6971 156 307 90 480 280 2298
internal_value=6.83102e-05 5.27748e-05 0.00102429 0.000134569 -0.00021778 -0.000476243 -0.000280056 -0.00116458 -0.00166871 2.36007e-05 0.000339968 0.000247171 0.000146631 0.00241536 -0.00252941 -4.16245e-05 -7.73246e-05 8.30841e-05 -0.000506365 -0.00158602 -0.00252243 -5.1873e-05 -0.00510508 0.00054473 -0.00356522 -0.00128279 -0.00593955 -0.00713109 -0.00852632 -0.000591928
internal_weight=198419 197709 5764 4102 3802 3641 3535 2236 1956 191945 32809 31727 30321 1406 204 159136 151853 80160 14847 7324 4548 2776 1475 7523 552 3073 397 923 760 2676
internal_count=198419 197709 5764 4102 3802 3641 3535 2236 1956 191945 32809 31727 30321 1406 204 159136 151853 80160 14847 7324 4548 2776 1475 7523 552 3073 397 923 760 2676
is_linear=0
shrinkage=0.06


Tree=165
num_leaves=31
num_cat=0
split_feature=0 1 23 0 17 21 10 24 25 5 24 2 16 23 23 23 24 21 3 19 26 4 21 27 26 26 3 27 0 18
split_gain=3.50038 1.89281 1.15141 3.32408 3.63242 2.67641 2.64939 2.60318 2.78723 2.54048 3.52532 2.93342 2.49251 2.60437 2.51364 2.22422 2.13771 2.20038 1.98214 1.88521 1.88898 1.82319 1.81945 1.80995 1.75426 1.69267 1.61663 1.59955 1.5981 2.15251
threshold=96.72674942016603 187.50000000000003 4.7370638847351083 25.3781270980835 1.0000000180025095e-35 0.43721179664134985 1.5000000000000002 12004.941894531252 9.5000000000000018 2.5000000000000004 13000.543457031252 6.5000000000000009 14.500000000000002 8.6239829063415545 8.6239829063415545 4.6291649341583261 8214.5830078125018 0.16614678502082827 282.00000000000006 33.836162567138679 3.3432444334030156 193.50000000000003 0.30021543800830847 6.6446123123168954 29.081367492675785 20.534393310546879 15.500000000000002 24.593985557556156 12.188961982727053 0.43085485696792608
decision_type=2 2 2 2 2 2 2 2 2 2 2 2 2 2 2 2 2 2 2 10 2 2 2 2 2 2 2 2 2 2
left_child=2 -2 15 4 5 7 -6 8 16 -9 11 25 14 -14 -12 26 17 -4 27 -19 -21 -5 28 -22 -7 -11 -1 -8 -20 -30
right_child=1 -3 3 21 6 24 18 9 -10 10 12 -13 13 -15 -16 -17 -18 19 22 20 23 -23 -24 -25 -26 -27 -28 -29 29 -31
leaf_value=0.013916936154262077 0.2690046458790139 0.00060297794683427069 0.0579858989326376 0.029644886163427253 0.058495108008836907 0.057756597200962018 0.00029372236554545638 -0.01186779631910197 0.11607267221950618 -0.018874074990613603 0.029289825261953895 -0.083819781826725961 -0.081488839626247159 0.10371833110131297 -0.083655113790130811 -0.078944639102490305 0.050621400425190782 0.009464845330053883 0.026146131813927928 0.044717767290704313 -0.11741195263578237 0.12813264499203667 0.067953685634084951 -0.07750861889383788 -0.084560501057186127 -0.11461189644090354 -0.00060010236471470476 0.062161367834838874 -0.10995050551561994 0.059356783776048312
leaf_weight=4126 924 506 113 3561 1282 797 24210 736 409 131 157 121 131 342 369 710 502 211 1330 80 123 977 1413 377 86 99 153852 453 193 98
leaf_count=4126 924 506 113 3561 1282 797 24210 736 409 131 157 121 131 342 369 710 502 211 1330 80 123 977 1413 377 86 99 153852 453 193 98
internal_value=6.31696e-05 0.00302098 4.1698e-05 0.000336963 0.000132038 -0.00139967 0.0003849 -0.00207485 -0.000413223 -0.00352061 -0.00506667 -0.0102393 -0.00324925 -8.87947e-05 -0.00609125 -2.95672e-05 -0.00168137 -0.00342478 0.000261473 -0.00454362 -0.00631034 0.00186161 0.00170864 -0.00768 0.00158324 -0.00626087 -1.45081e-05 8.34451e-05 0.000336829 -0.00369072
internal_weight=198419 1430 196989 38301 33763 4784 28979 3901 1815 2086 1350 351 999 473 526 158688 1406 904 27697 791 580 4538 3034 500 883 230 157978 24663 1621 291
internal_count=198419 1430 196989 38301 33763 4784 28979 3901 1815 2086 1350 351 999 473 526 158688 1406 904 27697 791 580 4538 3034 500 883 230 157978 24663 1621 291
is_linear=0
shrinkage=0.06


Tree=166
num_leaves=31
num_cat=0
split_feature=0 1 23 4 0 0 23 16 11 11 16 23 0 17 21 17 24 25 21 26 24 3 0 11 19 0 19 26 16 11
split_gain=3.29059 1.38323 1.31338 4.24209 3.0292 2.13999 1.93394 2.80004 3.92779 1.55087 1.53255 2.19055 1.63915 1.5312 1.38861 2.39162 1.68294 1.66232 1.86387 1.38292 1.37565 1.37539 2.22059 2.15827 1.36204 1.20129 2.81997 1.25899 1.20052 1.15073
threshold=104.55176544189455 257.50000000000006 11.868320941925051 199.50000000000003 25.3781270980835 18.219846725463871 11.556233406066896 10.500000000000002 0.30309101939201361 0.52704873681068432 17.500000000000004 19.834116935729984 19.311052322387699 3.5000000000000004 0.24617874622344973 1.0000000180025095e-35 12004.941894531252 8.5000000000000018 0.23404077440500262 29.227758407592777 6372.1987304687509 14.000000000000002 6.0089447498321542 0.28881517052650457 76.438472747802749 1.2789404988288882 26.907747268676761 719.49838256835949 9.5000000000000018 0.22091563045978549
decision_type=2 2 2 2 2 2 2 2 2 2 2 2 2 2 2 2 2 2 2 2 2 2 2 2 8 2 10 2 2 2
left_child=2 -2 6 4 10 9 21 8 -8 14 20 -12 13 24 17 16 -16 18 -5 28 -4 22 23 -1 -13 26 -22 -27 -6 -21
right_child=1 -3 3 5 19 -7 7 -9 -10 -11 11 12 -14 -15 15 -17 -18 -19 -20 29 25 -23 -24 -25 -26 27 -28 -29 -30 -31
leaf_value=0.002907763539012463 0.3753177369334828 -0.052150197232784586 0.2300486685022044 -0.017806953211737853 -0.010965289900432709 0.29780623243239795 -0.094226765507848032 0.0040060852058679559 -0.018253783380454136 0.446140197752948 0.046346676098813329 0.015247636787954415 -0.093475019319744182 0.058171190968444329 0.048822161102087369 0.066780535422689344 -0.069644614858455287 0.055954091826300609 -0.14508634434686496 -0.075938516128698175 -0.096154297384645815 -0.00010249227530334165 0.029444107966479453 -0.066846347425302752 -0.16323562995571098 -0.010635938349487927 0.0047314726062797526 -0.070076601173596764 0.084476727320518724 0.082070746944041845
leaf_weight=1720 610 100 102 447 326 667 83 191 91 297 1206 85 91 122 183 1491 130 263 85 95 128 179989 1903 216 84 6071 127 133 1271 112
leaf_count=1720 610 100 102 447 326 667 83 191 91 297 1206 85 91 122 183 1491 130 263 85 95 128 179989 1903 216 84 6071 127 133 1271 112
internal_value=6.3472e-05 0.00414085 4.88296e-05 0.00061971 -1.62763e-05 0.0023963 6.9386e-06 -0.00435616 -0.00986207 0.00169061 -0.000508774 0.00116373 -0.00279581 -0.000597938 0.00122124 0.00214191 -0.0026262 -0.000867924 -0.00279699 0.00220843 -0.00091358 1.56018e-05 0.00113936 -0.000291322 -0.00429586 -0.00102276 -0.00505882 -0.000856866 0.00280651 -0.0024058
internal_weight=198419 710 197709 13516 9953 3563 184193 365 174 2896 8149 1588 382 291 2599 1804 313 795 532 1804 6561 183828 3839 1936 169 6459 255 6204 1597 207
internal_count=198419 710 197709 13516 9953 3563 184193 365 174 2896 8149 1588 382 291 2599 1804 313 795 532 1804 6561 183828 3839 1936 169 6459 255 6204 1597 207
is_linear=0
shrinkage=0.06


Tree=167
num_leaves=31
num_cat=0
split_feature=0 24 16 11 0 4 23 1 21 19 25 1 20 0 24 24 21 11 24 20 27 5 26 0 0 25 11 25 20 0
split_gain=3.02578 1.60258 2.15913 1.25845 2.49514 2.04599 4.01256 1.73568 1.57593 2.45756 3.53521 2.51432 2.0256 1.52925 1.46661 1.76097 1.50035 1.91643 1.45747 3.18492 2.41788 2.60167 1.44831 1.44577 2.48994 1.4346 1.71677 6.82581 2.19914 1.6635
threshold=104.55176544189455 16044.857421875002 16.500000000000004 1.0000000180025095e-35 37.445917129516609 155.50000000000003 4.7370638847351083 111.50000000000001 0.37800039350986486 36.949535369873054 4.5000000000000009 255.00000000000003 2.5000000000000004 4.9634361267089853 8678.9863281250018 10833.450195312502 0.25364501774311071 0.33587960898876196 6110.1765136718759 1.0000000180025095e-35 20.955812454223636 7.5000000000000009 7.6053903102874765 14.579007625579836 8.6549654006958026 8.5000000000000018 0.30820882320404058 5.5000000000000009 1.5000000000000002 0.47237035632133489
decision_type=2 2 2 2 2 2 2 2 2 10 2 2 2 2 2 2 2 2 2 2 2 2 2 2 2 2 2 2 2 2
left_child=3 -2 -3 -1 5 -5 13 -6 9 10 -9 -12 -10 25 -8 23 17 -17 19 -15 21 -21 -11 24 -16 26 27 28 -7 -28
right_child=1 2 -4 4 7 6 14 8 12 22 11 -13 -14 18 15 16 -18 -19 -20 20 -22 -23 -24 -25 -26 -27 29 -29 -30 -31
leaf_value=-0.00037002882686055355 0.51822109884056655 0.24369615813963538 -0.10052654321217655 -0.0017170857038181532 0.071008272163050459 -0.054453656487301605 0.22825269774152446 0.068228594217088698 0.17701649133081268 -0.06621587869709071 -0.16025599304199636 -0.075664980046498145 -0.067923912726436761 0.13697374153171257 0.072520553193592061 -0.047161406072541483 0.19082372667423417 0.035050293680561652 5.7586900283249663e-05 -0.016332305453711064 0.033740229008677833 -0.1033939349319821 0.090482792030242121 0.45680349378929647 -0.10112762930077113 0.080187019565403486 -0.079539698867625006 -0.11686826691974719 0.099623048952977425 0.024677658567991534
leaf_weight=154677 526 96 88 23974 1614 193 630 150 433 174 109 111 127 110 124 132 1196 793 8269 94 86 173 638 85 191 1079 175 110 296 1966
leaf_count=154677 526 96 88 23974 1614 193 630 150 433 174 109 111 127 110 124 132 1196 793 8269 94 86 173 638 85 191 1079 175 110 296 1966
internal_value=6.196e-05 0.00397183 -0.000847826 4.79191e-05 0.000334914 0.000202037 0.000734429 0.00190584 0.000592423 -0.000649746 -0.0047027 -0.00954545 0.00321429 0.000253845 0.00264868 0.00200159 0.00269024 0.000875676 -0.00018415 -0.00346004 -0.00623796 -0.00905618 0.00119704 -0.00165 -0.00352381 0.0012553 0.000525548 -0.00231386 0.000723927 0.00131994
internal_weight=198419 710 184 197709 43032 39676 15702 3356 1742 1182 370 220 560 12551 3151 2521 2121 925 8732 463 353 267 812 400 315 3819 2740 599 489 2141
internal_count=198419 710 184 197709 43032 39676 15702 3356 1742 1182 370 220 560 12551 3151 2521 2121 925 8732 463 353 267 812 400 315 3819 2740 599 489 2141
is_linear=0
shrinkage=0.06


Tree=168
num_leaves=31
num_cat=0
split_feature=0 24 16 11 23 11 0 20 14 4 25 11 19 1 25 11 4 19 0 23 25 11 24 17 21 0 19 11 27 3
split_gain=3.02672 1.39306 1.93878 1.18169 3.68672 1.85334 1.84925 2.02396 2.37006 2.68745 2.46009 2.28595 2.16963 2.45987 1.82081 3.11662 2.68796 2.37508 1.97655 2.49383 1.91123 1.68849 1.58517 1.48581 1.48105 2.87023 2.23491 1.93173 1.57965 1.47286
threshold=104.55176544189455 16044.857421875002 16.500000000000004 0.24962412565946582 19.682042121887211 0.24385127425193789 20.731276512146 1.0000000180025095e-35 1.0000000180025095e-35 57.000000000000007 11.500000000000002 0.67122200131416332 48.908920288085945 118.50000000000001 9.5000000000000018 0.78702321648597728 110.50000000000001 106.98156738281251 5.023224115371705 8.4409470558166522 11.500000000000002 0.25947250425815588 17932.731445312504 3.5000000000000004 0.2694262564182282 61.939558029174812 29.413496017456058 0.40822272002696997 18.574278831481937 255.00000000000003
decision_type=2 2 2 2 2 2 2 2 2 2 2 2 10 2 2 2 2 10 2 2 2 2 2 2 2 2 10 2 2 2
left_child=3 -2 -3 5 6 -1 14 -8 9 -9 11 23 -12 -14 21 16 17 18 19 -16 -18 -5 -23 24 26 27 -11 -26 -29 -25
right_child=1 2 -4 4 -6 -7 7 8 -10 10 12 -13 13 -15 15 -17 20 -19 -20 -21 -22 22 -24 29 25 -27 -28 28 -30 -31
leaf_value=-0.00018056697379240604 0.4871278329101324 0.22907438865125684 -0.094494950619445572 0.063743223064263138 0.10858974966947049 -0.038115998816614552 0.069550951029354935 0.065332288901684576 0.18531090979049009 -0.028137986433573792 -0.18853879667823609 0.12179524129701567 -0.14847879800735594 0.033367665435625075 -0.026065381522975349 -0.078692084848385441 0.070697634251050828 -0.11747789583033087 0.012953352750046403 -0.087487973104264052 0.0053428921510019108 -0.0032548831796601206 -0.049006768292444609 -0.070645433870658386 0.10834116707025244 -0.11376034730404215 0.17208365082524468 -0.062059855453787907 0.19275277017071715 0.062848461583621784
leaf_weight=157535 526 96 88 420 1040 526 1671 960 381 121 97 552 81 158 818 99 2815 80 2644 81 1881 23594 94 925 198 133 417 146 80 162
leaf_count=157535 526 96 88 420 1040 526 1671 960 381 121 97 552 81 158 818 99 2815 80 2644 81 1881 23594 94 925 198 133 417 146 80 162
internal_value=6.13552e-05 0.00397183 -0.000521739 4.73122e-05 0.000340194 -2.61542e-05 0.000245234 0.00120552 0.000531852 0.000104219 -0.000762215 -0.000166788 -0.00560714 -0.00253556 6.56708e-05 0.000825374 0.000951316 -0.000276566 -4.57237e-05 -0.00247608 0.00189864 -0.000199602 -0.000266464 -0.00103941 0.000520548 -0.00164811 0.0027658 0.000764151 -0.00302655 -0.00261086
internal_weight=198419 710 184 197709 39648 158061 38608 6082 4411 4030 3070 2734 336 239 32526 8418 8319 3623 3543 899 4696 24108 23688 2182 1095 557 538 424 226 1087
internal_count=198419 710 184 197709 39648 158061 38608 6082 4411 4030 3070 2734 336 239 32526 8418 8319 3623 3543 899 4696 24108 23688 2182 1095 557 538 424 226 1087
is_linear=0
shrinkage=0.06


Tree=169
num_leaves=31
num_cat=0
split_feature=0 1 11 27 11 23 4 26 23 16 11 0 17 2 0 24 24 18 11 27 19 1 19 24 0 16 17 0 16 0
split_gain=2.9325 2.20041 1.79399 1.83546 1.14312 2.75663 3.76881 2.11514 1.84367 1.8767 4.02209 3.20799 2.13105 1.64942 1.60602 1.48608 1.42405 1.30155 1.29156 1.32842 1.28914 1.79417 2.02921 1.28585 3.02026 1.82376 1.73205 1.85731 1.8617 3.01769
threshold=96.72674942016603 106.50000000000001 0.21494740992784503 8.2486662864685076 0.30820882320404058 9.608006954193117 72.500000000000014 29.350804328918461 8.6239829063415545 11.500000000000002 0.70189699530601513 10.776923656463625 5.5000000000000009 8.5000000000000018 69.17972564697267 1287.2454223632815 2154.069702148438 6.4009366035461435 0.30487553775310522 17.959871292114261 110.43948364257814 118.50000000000001 118.7167434692383 2039.013854980469 72.193359375000014 17.500000000000004 1.0000000180025095e-35 16.753225326538089 14.500000000000002 4.6570305824279794
decision_type=2 2 2 2 2 2 2 2 2 2 2 2 2 2 2 2 2 2 2 2 10 2 10 2 2 2 2 2 2 2
left_child=4 -2 3 -3 15 8 7 17 13 10 -10 12 -11 14 20 -1 -15 -7 23 -20 -6 22 -22 24 25 26 -17 28 -28 -30
right_child=1 2 -4 -5 5 6 -8 -9 9 11 -12 -13 -14 16 -16 18 -18 -19 19 -21 21 -23 -24 -25 -26 -27 27 -29 29 -31
leaf_value=0.030961308018081106 0.36211773804596731 -0.060846651971525258 0.44472811306690191 0.028333675010396738 0.001089367653606386 -0.01410568001032326 0.12968494536705241 -0.070697834785904454 -0.11843842175881412 0.079855347097187154 0.16944355771664568 -0.1679094347600297 -0.12455585416413187 -0.033880004027029724 0.077753341787807351 0.032586854196034687 0.036201038614777241 0.098639461244164617 -0.019612445757016504 -0.11191397296839928 -0.11757124465584162 0.01152693159050194 -0.04567510583614471 -0.00013048557252200502 -0.128153476917621 -0.052928417170138707 -0.0021420960094225127 0.07072927325800818 -0.0086473472513425159 -0.14027657567818697
leaf_weight=1267 565 129 191 545 26683 710 2293 107 87 123 170 103 92 138 769 579 3096 107 248 106 85 199 105 157403 80 645 896 301 403 194
leaf_count=1267 565 129 191 545 26683 710 2293 107 87 123 170 103 92 138 769 579 3096 107 248 106 85 199 105 157403 80 645 896 301 403 194
internal_value=6.196e-05 0.00276923 0.000867052 -0.000587537 4.23072e-05 0.000353974 0.00202735 -0.00120779 0.000183886 -0.00318261 0.00063035 -0.00626415 -0.00209302 0.000246179 9.7195e-05 -2.47219e-05 0.00152876 -0.00016891 -4.0844e-05 -0.00366102 2.03903e-05 -0.00340874 -0.00757895 -3.28594e-05 -0.00124338 -0.00093837 -0.000169406 -0.0010903 -0.00195713 -0.00455276
internal_weight=198419 1430 865 674 196989 34867 3217 924 31650 575 257 318 215 31075 27841 162122 3234 817 160855 354 27072 389 190 160501 3098 3018 2373 1794 1493 597
internal_count=198419 1430 865 674 196989 34867 3217 924 31650 575 257 318 215 31075 27841 162122 3234 817 160855 354 27072 389 190 160501 3098 3018 2373 1794 1493 597
is_linear=0
shrinkage=0.06


Tree=170
num_leaves=31
num_cat=0
split_feature=0 3 0 3 23 24 11 21 21 24 21 16 19 26 26 21 11 26 23 6 23 11 11 25 0 24 24 16 0 26
split_gain=2.77567 1.50667 1.11858 3.03404 2.004 1.80078 1.53765 1.1913 3.27876 3.56304 1.89309 1.13841 2.16041 1.25866 1.23452 1.08342 1.62422 1.06953 1.38044 1.01361 2.22336 1.62316 2.48439 1.48384 1.54773 1.17902 2.0422 2.51734 2.12337 2.10998
threshold=104.55176544189455 255.00000000000003 69.17972564697267 46.000000000000007 17.144623756408695 2039.013854980469 0.69759953022003185 0.56469395756721508 0.69118657708168041 14736.229980468752 0.52006244659423839 18.500000000000004 94.51816558837892 1.0398950576782229 14.83086681365967 0.22241626679897311 0.4306721985340119 5.5389378070831308 11.342735767364504 23.650000572204593 13.349164962768556 0.67696332931518566 0.66671738028526317 11.500000000000002 7.4673056602478036 9939.3471679687518 10318.560058593752 14.500000000000002 1.7699356675148012 26.40623760223389
decision_type=2 2 2 2 2 2 2 2 2 2 2 2 8 2 2 2 2 2 2 2 2 2 2 2 2 2 2 2 2 2
left_child=2 -2 19 -4 5 -5 7 10 9 -9 11 13 14 -7 -13 16 17 -15 -19 -1 21 22 25 -23 -25 -21 27 -27 -29 -30
right_child=1 -3 3 4 -6 6 -8 8 -10 -11 -12 12 -14 15 -16 -17 -18 18 -20 20 -22 23 -24 24 -26 26 -28 28 29 -31
leaf_value=-0.00053733890541820303 0.30081995009832868 -0.081921801719197537 0.10879661412422027 -0.1080656214646709 0.34498858700786827 -0.071068485131905945 0.20262741553623767 -0.13037343372199062 0.068843059986708061 0.0085622513983968918 0.17552278693591433 0.04993227549893553 -0.10298142833022791 0.088672744346940988 -0.045558832933799372 0.023516152207016271 0.2654767750484005 -0.02842010781077672 -0.085746322420559851 0.0090379236493712597 0.063531978281832768 0.098959669417127819 -0.066406655973601264 -0.054288764481703333 0.038762542437235141 0.072795254156114292 -0.00010764237081532591 0.033145665750737498 -0.088442608201217632 0.016038117795963418
leaf_weight=159136 622 88 853 86 370 103 209 147 194 118 266 215 81 108 201 1881 106 717 109 10644 1649 1202 120 86 118 235 18248 105 319 83
leaf_count=159136 622 88 853 86 370 103 209 147 194 118 266 215 81 108 201 1881 106 717 109 10644 1649 1202 120 86 118 235 18248 105 319 83
internal_value=5.80289e-05 0.00380282 4.45809e-05 0.000868147 0.000294441 -5.15303e-05 0.000114478 -0.000132831 -0.00301961 -0.00735849 0.000217059 -0.000151661 -0.00281288 0.000285715 -0.00106731 0.000515577 -0.00103846 -0.00183726 -0.00257143 1.98497e-05 0.000323509 0.000209885 0.000115749 0.00220199 -0.00252941 0.000150638 -0.000132701 -0.00321833 -0.00559763 -0.00758209
internal_weight=198419 710 197709 5764 4911 4541 4455 4246 459 265 3787 3521 497 3024 416 2921 1040 934 826 191945 32809 31160 29754 1406 204 29634 18990 742 507 402
internal_count=198419 710 197709 5764 4911 4541 4455 4246 459 265 3787 3521 497 3024 416 2921 1040 934 826 191945 32809 31160 29754 1406 204 29634 18990 742 507 402
is_linear=0
shrinkage=0.06


Tree=171
num_leaves=31
num_cat=0
split_feature=0 4 23 4 24 25 19 24 26 6 23 0 11 25 0 11 21 14 24 17 23 0 24 24 21 21 0 23 6 24
split_gain=2.75165 3.6782 2.13186 1.86654 2.03533 1.10917 1.87173 1.63233 1.67153 1.03401 2.5236 1.58519 1.57248 1.79835 1.29363 1.23366 1.57424 1.17958 1.16222 1.73824 1.93917 2.27811 1.88458 1.49738 1.29264 1.92199 1.99739 1.95622 1.48465 1.42461
threshold=86.781265258789077 72.500000000000014 1.953548312187195 265.50000000000006 11445.069335937502 5.5000000000000009 60.873748779296882 10318.560058593752 16.713114738464359 23.650000572204593 12.102154254913332 17.885603904724125 0.67763173580169689 11.500000000000002 8.41143846511841 0.52704873681068432 0.15157151222229007 1.0000000180025095e-35 9939.3471679687518 1.5000000000000002 11.100895881652834 8.8093581199646014 8496.8959960937518 11029.454589843752 0.1960960924625397 0.14578184485435489 3.9936095476150517 0.41839247941970831 27.000000000000004 2039.013854980469
decision_type=2 2 2 2 2 2 10 2 2 2 2 2 2 2 2 2 2 2 2 2 2 2 2 2 2 2 2 2 2 2
left_child=9 -2 3 5 -5 -3 -7 -8 -9 -1 12 15 17 -14 -15 16 -12 18 19 -11 22 -22 24 -20 25 27 28 -21 -27 -26
right_child=1 2 -4 4 -6 6 7 8 -10 10 11 -13 13 14 -16 -17 -18 -19 23 20 21 -23 -24 -25 29 26 -28 -29 -30 -31
leaf_value=-0.00036062589393169462 0.23001001231565024 0.03490340797743581 0.13254499341574211 -0.0041460901644687709 -0.099343354990979293 0.04274979503737715 0.021226474318520129 -0.01564416914240236 -0.11186041957100146 0.027575012957796172 -0.044832399732926756 0.32843674855809385 0.099171599388482565 -0.062004102894356171 0.029176203391349048 0.42131645386327721 0.034503791961406592 0.11673884589835247 -0.021621140281525428 0.023131112011101275 -0.0027602742115176199 -0.11378445076839623 0.031955280626251338 -6.8669284276003077e-05 -0.038209715293600226 -0.073898170436255517 -0.026127344418442534 -0.044533721306912341 -0.12069521977765535 0.011332677373524365
leaf_weight=162174 809 683 556 143 105 246 120 106 103 2891 199 351 1127 86 94 204 1438 734 2919 650 108 84 2194 15773 532 86 371 209 106 3218
leaf_count=162174 809 683 556 143 105 246 120 106 103 2891 199 351 1127 86 94 204 1438 734 2919 650 108 84 2194 15773 532 86 371 209 106 3218
internal_value=5.98433e-05 0.00190387 0.000558681 -0.000613546 -0.00537097 0.000324325 -0.00161739 -0.00457751 -0.0077799 3.27697e-05 0.000336909 0.00230474 0.000198576 0.00223565 -0.00333333 0.00160022 0.00105192 0.000109456 4.9621e-05 0.000556417 7.77986e-05 -0.005875 0.000232962 -0.000233683 -0.000392111 -0.00193249 -0.00465719 -0.000146682 -0.009625 0.000192
internal_weight=198419 2871 2062 1506 248 1258 575 329 209 195548 33374 2192 31182 1307 180 1841 1637 29875 29141 10449 7558 192 7366 18692 5172 1422 563 859 192 3750
internal_count=198419 2871 2062 1506 248 1258 575 329 209 195548 33374 2192 31182 1307 180 1841 1637 29875 29141 10449 7558 192 7366 18692 5172 1422 563 859 192 3750
is_linear=0
shrinkage=0.06


Tree=172
num_leaves=31
num_cat=0
split_feature=0 1 23 24 21 24 14 7 11 16 17 24 3 21 25 6 23 25 0 16 0 7 16 21 21 21 17 21 24 16
split_gain=3.00094 3.37256 1.60411 1.32235 1.78879 1.57479 1.01046 2.09211 1.62903 1.62108 1.93439 2.45086 2.12374 1.56301 2.22439 2.15238 2.57549 1.23471 1.48807 1.14592 0.996612 2.38735 1.84521 0.910182 2.48912 2.32982 4.8211 2.79356 2.30325 2.17986
threshold=91.426315307617202 106.50000000000001 7.5184257030487069 11445.069335937502 0.19260819256305697 12735.981933593752 1.0000000180025095e-35 1.0000000180025095e-35 0.31268873810768133 15.500000000000002 3.5000000000000004 8784.4453125000018 112.50000000000001 0.077198345214128508 9.5000000000000018 10.59999990463257 1.3482347726821902 3.5000000000000004 15.688108921051027 14.500000000000002 17.885603904724125 2.5000000000000004 9.5000000000000018 0.17096395045518878 0.15502387285232547 0.14386009424924853 3.5000000000000004 0.14853189885616305 17413.000000000004 9.5000000000000018
decision_type=2 2 2 2 2 2 2 2 2 2 2 2 2 2 2 2 2 2 2 2 2 2 2 2 2 2 2 2 2 2
left_child=6 -2 3 -3 -5 -6 23 -8 9 10 19 12 -12 -11 -15 -16 -17 18 -13 -9 21 22 -10 24 25 28 -27 29 -1 -28
right_child=1 2 -4 4 5 -7 7 8 20 13 11 17 -14 14 15 16 -18 -19 -20 -21 -22 -23 -24 -25 -26 26 27 -29 -30 -31
leaf_value=-0.0016516046044028937 0.23799500394934148 0.032055727420196578 0.21443521443980654 -0.093786244786299877 -0.075216701227587709 0.013304856709526896 -0.032846483821514894 0.16525413140481199 -0.1438426484442866 0.28734503651752485 0.037837260622134494 0.034735736226922297 -0.16606090437215443 0.00012209060630692412 0.0020068023657375776 -0.23531527961519066 -0.034500514619132644 0.12685330196471836 -0.12184073165368738 -0.0028896833745600441 0.33203590541107408 0.61656215406740178 0.24676169875870196 0.0011830372224868615 -0.026265659721027214 0.049897211435918062 -0.13620158609452909 -0.009254309927469893 -0.030220903520809892 -0.0078272215410512668
leaf_weight=28982 813 576 248 118 119 276 570 835 80 124 98 95 154 903 113 110 89 543 96 165 583 186 116 150927 6226 2790 92 1209 1064 119
leaf_count=28982 813 576 248 118 119 276 570 835 80 124 98 95 154 903 113 110 89 543 96 165 583 186 116 150927 6226 2790 92 1209 1064 119
internal_value=5.89361e-05 0.00228837 0.000435303 -0.000556474 -0.00277193 -0.000835443 3.45141e-05 0.000888889 0.00134266 0.000712782 0.0018006 -8.51925e-05 -0.00519048 -0.000900672 -0.00155556 -0.00592308 -0.00967839 0.00166758 -0.00248168 0.00366 0.00351295 0.00113089 -0.0034898 1.28209e-05 -0.00023981 -3.92338e-05 0.00128266 -0.00156338 -0.000224456 -0.00793365
internal_weight=198419 2150 1337 1089 513 395 196269 4860 4290 3325 1986 986 252 1339 1215 312 199 734 191 1000 965 382 196 191409 40482 34256 4210 1420 30046 211
internal_count=198419 2150 1337 1089 513 395 196269 4860 4290 3325 1986 986 252 1339 1215 312 199 734 191 1000 965 382 196 191409 40482 34256 4210 1420 30046 211
is_linear=0
shrinkage=0.06


Tree=173
num_leaves=31
num_cat=0
split_feature=0 1 11 27 14 7 0 7 21 27 27 23 4 16 0 3 20 0 23 0 16 24 21 6 0 21 16 17 21 18
split_gain=2.75606 2.01055 1.58113 1.6272 1.20939 1.82166 1.46966 1.73001 1.27072 1.48935 2.06104 1.36483 1.16603 1.71641 0.956296 1.11846 0.921176 1.78223 1.92273 2.25793 2.99657 4.82798 2.25219 2.01026 1.76679 1.59957 3.87262 2.05788 2.33446 1.49692
threshold=96.72674942016603 106.50000000000001 0.21494740992784503 8.2486662864685076 1.0000000180025095e-35 1.0000000180025095e-35 27.322209358215336 3.5000000000000004 0.53120040893554699 15.248820781707765 11.793694019317629 1.3482347726821902 186.50000000000003 14.500000000000002 53.801986694335945 51.000000000000007 1.0000000180025095e-35 29.780868530273441 2.629718661308289 46.076341629028327 11.500000000000002 10150.854003906252 0.2291279807686806 12.250000000000002 78.621612548828139 0.069169893860816969 14.500000000000002 5.5000000000000009 0.033042430877685554 9.0773310661315936
decision_type=2 2 2 2 2 2 2 2 2 2 2 2 2 2 2 2 2 2 2 2 2 2 2 2 2 2 2 2 2 2
left_child=4 -2 3 -3 16 14 7 8 9 10 12 -12 -7 -14 15 -6 17 25 19 -19 22 -22 24 -23 -21 26 -1 28 -28 -18
right_child=1 2 -4 -5 5 6 -8 -9 -10 -11 11 -13 13 -15 -16 -17 29 18 -20 20 21 23 -24 -25 -26 -27 27 -29 -30 -31
leaf_value=0.0186533288376649 0.30922206618416631 -0.063718000859428317 0.39597768115312976 0.021483070237484862 -0.024256969380909415 0.018430466380840425 0.11066066342129675 0.23787261913872079 0.11983355051729513 0.020839061437066618 -0.16137622991645673 -0.078784272497086152 0.0088426625564374788 -0.14648165481528602 0.056079852971713341 -0.08861573656734667 -0.00039342889260624968 0.050532227269719371 0.068806008556615977 -0.068993278505543376 0.10453697682546211 -0.041437471113050933 0.062146938832702101 -0.16307931503200118 0.10585660085850154 0.0032580765909148036 0.085274030458029393 0.15804953949122216 -0.074318772410605416 -0.030740554948103814
leaf_weight=784 565 129 191 545 393 566 1498 522 320 921 138 129 91 106 92 85 143984 982 1448 187 170 165 431 121 96 41093 89 88 614 1876
leaf_count=784 565 129 191 545 393 566 1498 522 320 921 138 129 91 106 92 85 143984 982 1448 187 170 165 431 121 96 41093 89 88 614 1876
internal_value=6.07505e-05 0.00268531 0.000867052 -0.000498516 4.1698e-05 0.000976343 0.00139967 0.000586466 -0.000129458 -0.000704254 -0.00227184 -0.00680899 -0.000684141 -0.0046599 -0.00221053 -0.0032887 1.80507e-05 0.000251319 0.00153333 0.000395911 -0.00138462 -0.00518421 0.00104202 -0.00994406 -0.00311661 0.000143152 -0.00173333 -0.00469532 -0.00577809 -5.59438e-05
internal_weight=198419 1430 865 674 196989 4861 4291 2793 2271 1951 1030 267 763 197 570 478 192128 46268 3600 2152 1170 456 714 286 283 42668 1575 791 703 145860
internal_count=198419 1430 865 674 196989 4861 4291 2793 2271 1951 1030 267 763 197 570 478 192128 46268 3600 2152 1170 456 714 286 283 42668 1575 791 703 145860
is_linear=0
shrinkage=0.06


Tree=174
num_leaves=31
num_cat=0
split_feature=0 1 11 23 25 19 11 14 6 0 26 21 25 27 5 11 23 19 10 23 24 0 2 24 0 25 24 25 16 23
split_gain=2.85458 1.9504 1.53594 1.65624 2.86036 3.31585 0.997104 2.16701 1.463 2.5482 1.42857 1.34228 1.89612 2.61913 2.36814 2.1215 1.93475 1.80117 1.5305 1.51832 1.36612 3.11284 4.11008 2.24567 1.38186 1.49002 2.73505 2.64318 4.08669 2.67924
threshold=96.72674942016603 106.50000000000001 0.21494740992784503 1.3482347726821902 5.5000000000000009 60.873748779296882 1.0000000180025095e-35 1.0000000180025095e-35 15.550000190734865 18.219846725463871 13.780276775360109 0.48932217061519628 2.5000000000000004 7.1480860710144052 4.5000000000000009 0.26229646801948553 2.9929676055908208 28.854478836059574 1.5000000000000002 2.0546913146972661 2039.013854980469 8.1051063537597674 4.5000000000000009 6372.1987304687509 17.298931121826175 9.5000000000000018 9606.5390625000018 11.500000000000002 14.500000000000002 12.037215232849123
decision_type=2 2 2 2 2 10 2 2 2 2 2 2 2 2 2 2 2 8 2 2 2 2 2 2 2 2 2 2 2 2
left_child=6 -2 3 4 -3 -6 -1 11 9 10 -9 17 13 -13 -14 -15 19 -8 -19 -16 21 -20 -23 -22 25 -25 -27 28 29 -28
right_child=1 2 -4 -5 5 -7 7 8 -10 -11 -12 12 14 15 16 -17 -18 18 20 -21 23 22 -24 24 -26 26 27 -29 -30 -31
leaf_value=-0.00039069461794453481 0.29066874221311662 0.04989025399509997 0.3722190202839421 0.094696972059924431 0.010878232261330155 -0.15250831650594948 -0.027747212774006099 -0.088838183293960246 0.58247747162041463 0.11764046017127569 4.0984399104160086e-05 -0.084753516375800225 0.0028292001050872271 -0.073131681279406544 0.056624146665609172 0.028286608728674036 0.18120390043392204 0.048794990150516956 0.017654011661730067 -0.12284779969586419 0.066860959188695085 -0.014133132290752522 -0.10322266717963456 -0.005914954166404798 0.018703862589556405 0.054054892404273427 0.075962284008336975 -0.02973242691486146 -0.012119952799993807 -0.11295755889424074
leaf_weight=154066 565 236 191 233 96 109 1543 90 419 465 120 244 3020 146 1832 711 949 1608 290 82 1037 219 160 17652 6000 1375 1606 1532 1654 169
leaf_count=154066 565 236 191 233 96 109 1543 90 419 465 120 244 3020 146 1832 711 949 1608 290 82 1037 219 160 17652 6000 1375 1606 1532 1654 169
internal_value=5.62146e-05 0.00272727 0.000936416 -0.000409495 -0.00257143 -0.0077561 3.68246e-05 0.000292571 0.0029287 0.0012 -0.00428571 0.000223625 0.000982818 -0.00130245 0.00141051 0.000259043 0.00264687 7.14595e-05 0.000164315 0.00154859 7.26954e-05 -0.00260987 -0.00618997 0.00013054 3.56145e-05 -0.000168084 0.000621212 -3.50733e-05 0.000890639 0.00289014
internal_weight=198419 1430 865 674 441 205 196989 42923 1094 675 210 41829 6984 1101 5883 857 2863 34845 33302 1914 31694 669 379 31025 29988 23988 6336 4961 3429 1775
internal_count=198419 1430 865 674 441 205 196989 42923 1094 675 210 41829 6984 1101 5883 857 2863 34845 33302 1914 31694 669 379 31025 29988 23988 6336 4961 3429 1775
is_linear=0
shrinkage=0.06


Tree=175
num_leaves=31
num_cat=0
split_feature=0 1 11 23 25 19 11 23 1 26 23 16 11 0 17 2 0 18 24 0 19 18 5 19 21 21 27 19 26 11
split_gain=2.76369 2.01055 1.58113 1.61264 2.73122 3.37046 1.07448 2.44278 3.56855 2.16844 1.72713 2.00595 3.67995 2.4069 2.18948 1.43331 1.38329 1.31396 1.63783 1.26099 1.29534 1.93262 1.24488 2.08587 1.22237 1.54879 1.8771 1.20839 1.34811 1.19532
threshold=96.72674942016603 106.50000000000001 0.21494740992784503 1.953548312187195 5.5000000000000009 60.873748779296882 0.30820882320404058 9.608006954193117 106.50000000000001 29.350804328918461 8.6239829063415545 11.500000000000002 0.70189699530601513 10.776923656463625 5.5000000000000009 8.5000000000000018 27.322209358215336 5.4287929534912118 1287.2454223632815 61.939558029174812 110.43948364257814 -2.2577546834945674 12.500000000000002 70.479930877685561 0.025386525318026546 0.066865954548120513 2.4539359807968144 34.37022781372071 14.711296081542971 0.35088355839252477
decision_type=2 2 2 2 2 10 2 2 2 2 2 2 2 2 2 2 2 2 2 2 10 2 2 10 2 2 2 10 2 2
left_child=6 -2 3 4 -3 -6 17 10 9 16 15 12 -12 14 -13 19 -9 18 -1 20 29 -22 -19 -24 -20 26 -26 28 -21 -8
right_child=1 2 -4 -5 5 -7 7 8 -10 -11 11 13 -14 -15 -16 -17 -18 22 24 27 21 -23 23 -25 25 -27 -28 -29 -30 -31
leaf_value=0.033515243326346686 0.27322861768032974 0.046438653108566916 0.34988587906690599 0.17047300617844965 0.0042606092074708533 -0.13762072133967282 0.01804640697758534 -0.01189184177159499 0.13471851424452944 -0.06445670055966693 -0.11103704930444409 0.073531250963537284 0.15980842140141277 -0.16072078794585987 -0.11647413100013941 0.025229096150035536 0.073707130547082444 -0.018185738323392868 0.03022273800437851 0.01011237640965664 -0.013160858846599835 -0.081781345956824694 0.084470683393891688 -0.059704189630836041 -0.090411117746554151 0.00025762226470980957 -0.01482283509261071 0.10127873193124851 -0.17541606740445451 -0.0010789582464892811
leaf_weight=1240 565 252 191 193 114 115 2780 803 1958 154 87 123 170 103 92 3234 302 5138 650 128 269 112 407 94 99 148452 6042 752 90 23710
leaf_count=1240 565 252 191 193 114 115 2780 803 1958 154 87 123 170 103 92 3234 302 5138 650 128 269 112 407 94 99 148452 6042 752 90 23710
internal_value=5.71218e-05 0.00268531 0.000867052 -0.000498516 -0.00235759 -0.00710044 3.8043e-05 0.000340207 0.00191545 -0.000576648 0.000180095 -0.00307826 0.000863813 -0.00626415 -0.00265116 0.000240386 0.000352941 -2.69424e-05 5.48325e-06 0.000101505 2.47853e-05 -0.00344882 -0.00092676 0.00192814 -1.1865e-05 -2.27822e-05 -0.000956521 0.0022268 -0.00170642 7.47454e-05
internal_weight=198419 1430 865 674 481 229 196989 34867 3217 1259 31650 575 257 318 215 31075 1105 162122 156483 27841 26871 381 5639 501 155243 154593 6141 970 218 26490
internal_count=198419 1430 865 674 481 229 196989 34867 3217 1259 31650 575 257 318 215 31075 1105 162122 156483 27841 26871 381 5639 501 155243 154593 6141 970 218 26490
is_linear=0
shrinkage=0.06


Tree=176
num_leaves=31
num_cat=0
split_feature=0 1 11 27 14 7 1 11 21 17 0 0 7 3 4 26 23 20 0 26 3 26 21 7 19 24 24 16 17 24
split_gain=2.68241 1.91883 1.3817 1.67536 1.04063 1.83973 1.31219 1.29906 1.34536 1.57494 1.63126 3.45349 1.14796 3.01797 1.18692 1.73015 0.985838 1.13895 0.936555 1.37146 0.86785 0.800037 0.793477 1.04611 1.45895 2.45192 0.912566 1.78986 2.15367 1.40881
threshold=96.72674942016603 106.50000000000001 0.21494740992784503 8.2486662864685076 1.0000000180025095e-35 2.5000000000000004 35.500000000000007 0.31268873810768133 0.44827167689800268 1.5000000000000002 9.0571827888488787 18.613037109375004 1.5000000000000002 149.50000000000003 113.00000000000001 1.9325702190399172 7.2746057510375985 1.5000000000000002 27.322209358215336 15.226633071899416 19.500000000000004 413.47355651855474 0.74832612276077282 2.5000000000000004 36.949535369873054 14079.063476562502 17764.509765625004 14.500000000000002 2.5000000000000004 17921.063476562504
decision_type=2 2 2 2 2 2 2 2 2 2 2 2 2 2 2 2 2 2 2 2 2 2 2 2 8 2 2 2 2 2
left_child=4 -2 3 -3 22 6 20 8 9 -7 -11 -12 14 -14 15 -8 17 -15 19 -19 -6 -17 26 24 25 -24 -1 -28 29 -29
right_child=1 2 -4 -5 5 7 12 -9 -10 10 11 -13 13 16 -16 21 -18 18 -20 -21 -22 -23 23 -25 -26 -27 27 28 -30 -31
leaf_value=-0.00022332999338893554 0.25683490061950986 -0.042487178537125858 0.32889272632289179 0.023587385647069827 0.0003308621732716599 0.20625232486471815 -0.094855633031817169 0.67787792533305136 0.27489426516448068 0.13610804737544521 -0.2168683100903423 0.041833933911528516 0.17624808769332337 -0.17619370511244997 -0.12139462103829429 0.0013886789894222637 0.074404915008742967 -0.20773662191807038 0.13381501662428688 0.022644142816493469 0.16661858284848652 -0.078357680769908261 0.010013927369528539 0.082684969792191643 0.011566834272631875 -0.11292270825191898 0.038324207126627145 -0.013441912237803569 0.025582205539973982 -0.038761766012529002
leaf_weight=186338 565 129 191 545 224 296 88 329 402 136 147 154 590 90 186 1268 127 101 147 128 349 99 104 931 1957 85 1293 463 767 190
leaf_count=186338 565 129 191 545 224 296 88 329 402 136 147 154 590 90 186 1268 127 101 147 128 349 99 104 931 1957 85 1293 463 767 190
internal_value=5.40979e-05 0.00264336 0.000867052 -0.000409495 3.53017e-05 0.000902284 0.000136003 0.00268033 0.00171806 0.000188268 -0.00210069 -0.00456478 -0.000395184 0.00102959 -0.0014223 -0.000845361 -0.00199325 -0.00327039 -0.00181915 -0.00421834 0.00275393 -0.000320409 1.33663e-05 0.000969126 0.000240448 -0.00479365 -2.18966e-06 0.00109031 -0.000380281 -0.00291271
internal_weight=198419 1430 865 674 196989 4861 3397 1464 1135 733 437 301 2824 1183 1641 1455 593 466 376 229 573 1367 192128 3077 2146 189 189051 2713 1420 653
internal_count=198419 1430 865 674 196989 4861 3397 1464 1135 733 437 301 2824 1183 1641 1455 593 466 376 229 573 1367 192128 3077 2146 189 189051 2713 1420 653
is_linear=0
shrinkage=0.06


Tree=177
num_leaves=31
num_cat=0
split_feature=0 1 11 23 25 19 14 7 3 7 23 21 3 21 25 11 16 24 24 0 24 0 25 20 26 20 21 11 24 24
split_gain=2.76496 1.86007 1.33948 1.29025 2.0103 2.47726 1.28547 1.72005 2.02562 1.75902 1.39178 1.86091 1.67976 1.85127 1.45974 2.00087 1.90214 3.82977 3.40302 2.63186 2.64377 1.27582 1.0468 0.956658 0.80397 0.791445 1.38143 1.34163 1.56951 4.46561
threshold=96.72674942016603 106.50000000000001 0.21494740992784503 1.953548312187195 5.5000000000000009 59.937273025512702 1.0000000180025095e-35 1.5000000000000002 79.000000000000014 1.0000000180025095e-35 7.2746057510375985 0.44827167689800268 139.50000000000003 0.41394232213497167 4.5000000000000009 0.38462381064891821 14.500000000000002 9401.8671875000018 11354.464843750002 11.440140247344972 14115.298339843752 26.249145507812504 5.5000000000000009 2.5000000000000004 4.3529748916625985 1.0000000180025095e-35 0.75626978278160106 0.78131601214408886 13000.543457031252 11780.922363281252
decision_type=2 2 2 2 2 10 2 2 2 2 2 2 2 2 2 2 2 2 2 2 2 2 2 2 2 2 2 2 2 2
left_child=6 -2 3 4 -3 -6 25 8 9 -8 11 12 -9 14 -14 16 18 -18 -16 -19 -21 23 -23 -10 -11 26 27 28 29 -1
right_child=1 2 -4 -5 5 -7 7 10 21 24 -12 -13 13 -15 15 -17 17 19 -20 20 -22 22 -24 -25 -26 -27 -28 -29 -30 -31
leaf_value=0.0013613728246309751 0.24142480658233931 0.042237090783228355 0.30915916274351829 0.15882938266891783 0.0032863542539479655 -0.12440609848088033 -0.026403010781661958 0.24767602079527512 -0.12659197084637816 -0.0082957445646753211 0.23654624132605243 0.15050052622716037 0.25021511413513448 -0.074742093427374146 -0.12662919614252913 0.46877696336816344 0.19373965643086488 -0.0049434114467458018 0.18729679159372087 -0.3221540375502705 -0.074626576077213708 -0.085408713780834866 0.066033988699816637 -0.081634486278638868 0.079135834238941105 -0.00074541757542727198 0.039796923143533849 0.071428456371262342 -0.0040546349446388928 0.048170496194312871
leaf_weight=22123 565 252 191 193 109 120 551 181 129 129 595 720 236 86 116 176 84 83 184 99 87 161 232 162 850 145860 557 533 18873 4182
leaf_count=22123 565 252 191 193 109 120 551 181 129 129 595 720 236 86 116 176 84 83 184 99 87 161 232 162 850 145860 557 533 18873 4182
internal_value=5.6517e-05 0.00268531 0.000936416 -0.000320475 -0.00198337 -0.0060524 3.74338e-05 0.00100103 -0.000233062 0.000980392 0.00203325 0.0012924 -3.60358e-05 -0.000880973 -0.000197183 -0.00138239 -0.00291271 -0.00589802 0.0006 -0.00939033 -0.0133548 -0.00294737 -0.000717557 -0.00595876 0.00250664 1.3054e-05 0.000229273 0.000193083 0.000157776 0.000457328
internal_weight=198419 1430 865 674 481 229 196989 4861 2214 1530 2647 2052 1332 1151 1065 829 653 353 300 269 186 684 393 291 979 192128 46268 45711 45178 26305
internal_count=198419 1430 865 674 481 229 196989 4861 2214 1530 2647 2052 1332 1151 1065 829 653 353 300 269 186 684 393 291 979 192128 46268 45711 45178 26305
is_linear=0
shrinkage=0.06


Tree=178
num_leaves=31
num_cat=0
split_feature=0 1 14 7 11 27 11 19 21 23 3 0 0 25 4 24 7 27 19 20 26 0 11 11 16 11 16 11 4 5
split_gain=2.67302 1.77189 1.4485 1.68088 1.33948 1.47668 1.2357 1.23365 1.11064 1.27997 1.73153 1.363 4.14297 1.08069 1.35162 1.68048 1.19138 1.64084 0.843586 0.922412 0.832529 0.821608 0.913964 0.823879 1.20581 0.779067 1.40284 1.32508 0.940722 0.91891
threshold=96.72674942016603 106.50000000000001 1.0000000180025095e-35 2.5000000000000004 0.21494740992784503 8.2486662864685076 0.31268873810768133 45.992685317993171 0.44827167689800268 1.3482347726821902 211.00000000000003 18.613037109375004 10.213494300842287 5.5000000000000009 108.50000000000001 11234.955566406252 1.0000000180025095e-35 14.390116214752199 38.344703674316413 1.0000000180025095e-35 8.8422932624816912 18.219846725463871 0.38462381064891821 0.31268873810768133 11.500000000000002 0.78702321648597728 14.500000000000002 0.77332714200019848 155.50000000000003 7.5000000000000009
decision_type=2 2 2 2 2 2 2 10 2 2 2 2 2 2 2 2 2 2 8 2 2 2 2 2 2 2 2 2 2 2
left_child=2 -2 25 7 5 -3 8 18 9 10 -5 12 -12 14 16 -16 17 -9 19 -4 -20 22 -15 24 -23 27 28 -1 -27 -29
right_child=1 4 3 6 -6 -7 -8 13 -10 -11 11 -13 -14 21 15 -17 -18 -19 20 -21 -22 23 -24 -25 -26 26 -28 29 -30 -31
leaf_value=0.00012590401702475168 0.22693931818739863 -0.033612522100432023 -0.092161086390801866 0.22226983767951572 0.29060961297890758 0.016486923556616375 0.61186539386520522 -0.087431040824784187 0.24937057768098214 0.23668316404427259 0.0075945842701994216 0.035669352580582514 -0.23396228808390121 0.016535382338231847 -0.11923231074220798 0.095323044122112122 0.073334842361174185 0.014307735133178349 -0.079338799187405745 0.073683269217362984 -0.024246957387542109 0.14857852682725128 -0.069685620056594413 0.15845696677310428 -0.0092810064844210845 -0.034108510432802649 0.026764665570075188 0.0282988086072231 -0.13779331903370343 0.15700528347663517
leaf_weight=190694 565 129 107 98 191 545 329 85 402 215 147 160 113 263 220 116 421 82 148 340 552 283 81 396 303 167 288 594 82 303
leaf_count=190694 565 129 107 98 191 545 329 85 402 215 147 160 113 263 220 116 421 82 148 340 552 283 81 396 303 167 288 594 82 303
internal_value=5.86337e-05 0.00264336 3.98705e-05 0.00106274 0.000936416 -0.000320475 0.0027623 0.000330292 0.00182379 0.000433834 -0.00118147 -0.00285714 -0.00553846 0.00114667 -0.000428571 -0.00346429 0.00130612 -0.00298204 -0.00127114 0.000765101 -0.00257143 0.00224434 -0.00027907 0.00312831 0.00169966 1.39909e-05 -0.00226816 2.03874e-05 -0.00556626 0.00232107
internal_weight=198419 1430 196989 4861 865 674 1464 3397 1135 733 518 420 260 2250 924 336 588 167 1147 447 700 1326 344 982 586 192128 537 191591 249 897
internal_count=198419 1430 196989 4861 865 674 1464 3397 1135 733 518 420 260 2250 924 336 588 167 1147 447 700 1326 344 982 586 192128 537 191591 249 897
is_linear=0
shrinkage=0.06


Tree=179
num_leaves=31
num_cat=0
split_feature=0 1 14 7 1 7 18 23 21 3 19 0 2 23 25 19 0 21 27 27 21 0 18 26 26 21 5 0 19 20
split_gain=2.58695 1.68586 1.4828 1.62565 1.84371 1.54511 1.29643 1.13567 1.47261 1.58549 1.43146 2.20602 1.4841 1.09808 1.78238 2.78457 0.96942 0.993353 1.22189 1.46613 0.955408 0.800326 0.756809 0.750226 1.54702 2.30703 2.05402 1.87745 1.62493 1.88738
threshold=96.72674942016603 106.50000000000001 1.0000000180025095e-35 1.5000000000000002 87.000000000000014 1.0000000180025095e-35 2.2804424762725835 7.2746057510375985 0.48932217061519628 139.50000000000003 74.692401885986342 17.045269966125492 6.5000000000000009 1.953548312187195 5.5000000000000009 60.873748779296882 25.3781270980835 0.48083676397800451 17.769328117370609 11.324356079101564 0.19782134145498279 34.128473281860359 6.8215014934539804 15.226633071899416 14.83086681365967 0.35974368453025823 7.5000000000000009 8.9830675125122088 90.816707611083999 1.5000000000000002
decision_type=2 2 2 2 2 2 2 2 2 2 10 2 2 2 2 10 2 2 2 2 2 2 2 2 2 2 2 2 8 2
left_child=2 -2 23 4 5 -4 13 8 9 -5 -11 -12 -13 14 -3 -16 17 18 19 -6 -18 22 -7 24 -1 -26 27 -27 29 -28
right_child=1 6 3 7 16 21 -8 -9 -10 10 11 12 -14 -15 15 -17 20 -19 -20 -21 -22 -23 -24 -25 25 26 28 -29 -30 -31
leaf_value=-0.00099780996910150358 0.21332295909615431 0.038160263752697612 -0.022022597808916571 0.22544428168435923 -0.081635125118053403 0.028115586868602233 0.24265801780231294 0.22037947186718651 0.25255585914289647 0.012812594019782112 -0.20960016874885648 -0.10087419317247352 0.13821347140593149 0.16319705618326236 0.0093641237586798189 -0.12211407200859623 0.093232532959101569 0.02798064075328676 -0.029290464540942265 -0.18317468042709178 -0.046107166454354746 0.16764040807538813 -0.020798268926761707 0.0018140157316378453 0.00037138784149549561 0.018329716996928237 -0.066888415349933783 -0.061723695899696257 -0.011709648027269412 -0.12480024756734119
leaf_weight=87383 565 257 551 195 86 472 204 595 617 926 106 127 81 155 128 121 117 88 91 80 219 384 126 102473 1284 391 121 241 112 123
leaf_count=87383 565 257 551 195 86 472 204 595 617 926 106 127 81 155 128 121 117 88 91 80 219 384 126 102473 1284 391 121 241 112 123
internal_value=5.86337e-05 0.0026014 4.01751e-05 0.00107509 -0.000124661 0.00102935 0.000936416 0.00207858 0.00140936 0.000355401 -0.000435484 -0.00393631 -0.000346154 -0.000354009 -0.00170751 -0.0053253 -0.00272247 -0.00495652 -0.00684047 -0.00990361 -0.000428571 0.00245621 0.00108361 1.39909e-05 -0.000112765 -0.00165845 -0.00383806 -0.00178481 -0.00748315 -0.0102295
internal_weight=198419 1430 196989 4861 2214 1533 865 2647 2052 1435 1240 314 208 661 506 249 681 345 257 166 336 982 598 192128 89655 2272 988 632 356 244
internal_count=198419 1430 196989 4861 2214 1533 865 2647 2052 1435 1240 314 208 661 506 249 681 345 257 166 336 982 598 192128 89655 2272 988 632 356 244
is_linear=0
shrinkage=0.06


Tree=180
num_leaves=31
num_cat=0
split_feature=0 1 14 7 16 18 19 26 26 25 26 26 20 23 25 19 25 0 18 27 27 15 16 21 24 21 24 23 21 24
split_gain=2.50167 1.60196 1.44591 1.62243 1.36124 1.29643 1.24529 2.00296 1.31894 1.15058 1.14692 1.34501 1.20133 1.09808 1.55286 2.57129 0.854736 0.934479 0.799961 0.923183 1.09783 0.787162 0.862125 0.775225 0.739397 2.59885 2.28977 2.47346 2.95181 2.7264
threshold=96.72674942016603 106.50000000000001 1.0000000180025095e-35 3.5000000000000004 17.500000000000004 2.2804424762725835 50.202934265136726 8.8422932624816912 376.20915222167974 9.5000000000000018 19.679089546203617 5.9276075363159189 1.5000000000000002 1.953548312187195 5.5000000000000009 60.873748779296882 5.5000000000000009 16.177365303039554 -1.3956877589225767 10.132744312286379 6.0921397209167489 1.0000000180025095e-35 12.500000000000002 0.10818686708807947 9452.7729492187518 0.61766910552978527 11188.384277343752 0.61584648489952099 0.35429145395755773 11670.645019531252
decision_type=2 2 2 2 2 2 10 2 2 2 2 2 2 2 2 10 2 2 2 2 2 2 2 2 2 2 2 2 2 2
left_child=2 -2 24 4 6 13 7 9 -9 -4 11 -6 -13 14 -3 -16 18 -18 -8 20 -20 22 -21 -5 25 -1 -26 -28 29 -29
right_child=1 5 3 23 10 -7 16 8 -10 -11 -12 12 -14 -15 15 -17 17 -19 19 21 -22 -23 -24 -25 26 -27 27 28 -30 -31
leaf_value=0.0040028317390857961 0.20052358155038469 0.035870647927535554 -0.012353716909561349 -0.030395053773879979 0.089379615932350803 0.22809853673417416 0.074709163183124233 0.035615927815777632 -0.078932875366766908 -0.15917523634546135 0.019373682621121026 -0.1224510381526227 -0.048418164120814844 0.15340523281226648 0.0088022763331586252 -0.11478722768808024 0.0026866471453922116 0.10867332001544525 0.0044346685338546403 -0.056625416207452227 -0.11748219401767493 0.18496285373427743 0.073344408134608186 0.34436188893199293 -0.007462088227838286 -0.020161717114574252 -0.0019501368043310869 0.039624415056237212 0.020922523895550705 -0.0010376484489511139
leaf_weight=58143 565 257 134 81 121 204 296 787 105 105 326 108 333 155 128 121 347 1003 100 220 82 104 109 500 30474 2732 67251 891 12533 20104
leaf_count=58143 565 257 134 81 121 204 296 787 105 105 326 108 333 155 128 121 347 1003 100 220 82 104 109 500 30474 2732 67251 891 12533 20104
internal_value=5.89361e-05 0.00255944 4.07842e-05 0.00106274 0.000658879 0.000936416 0.00120637 -0.000419098 0.000887893 -0.00529707 -0.00143243 -0.00307473 -0.00461224 -0.000354009 -0.00170751 -0.00508434 0.00201946 0.00297778 0.000599342 -0.000634146 -0.00421978 0.000872979 -0.000565349 0.00403787 1.49278e-05 0.000187762 -6.52326e-05 7.25749e-05 0.000493558 5.85856e-05
internal_weight=198419 1430 196989 4861 4280 865 3392 1131 892 239 888 562 441 661 506 249 2261 1350 911 615 182 433 329 581 192128 60875 131253 100779 33528 20995
internal_count=198419 1430 196989 4861 4280 865 3392 1131 892 239 888 562 441 661 506 249 2261 1350 911 615 182 433 329 581 192128 60875 131253 100779 33528 20995
is_linear=0
shrinkage=0.06


Tree=181
num_leaves=31
num_cat=0
split_feature=0 3 16 14 11 16 0 25 0 17 21 18 24 24 25 6 0 16 24 6 16 19 26 20 0 23 0 16 24 21
split_gain=2.18105 2.05387 2.00728 1.27023 1.55173 1.53993 1.82301 2.55324 2.43604 1.70675 1.66011 1.62046 1.43691 1.5405 1.40002 1.25216 2.20887 2.04404 1.13913 1.06089 1.01212 0.919997 0.908996 0.764026 1.77781 2.01773 1.83162 2.41652 4.58923 1.76739
threshold=104.55176544189455 184.50000000000003 11.500000000000002 1.0000000180025095e-35 0.31268873810768133 10.500000000000002 8.9830675125122088 9.5000000000000018 15.688108921051027 3.5000000000000004 0.077198345214128508 0.31299109756946569 13389.255859375002 10761.519042968752 5.5000000000000009 15.550000190734865 18.219846725463871 9.5000000000000018 8347.2670898437518 11.050000190734865 16.500000000000004 40.989431381225593 340.11991882324224 1.0000000180025095e-35 29.780868530273441 2.629718661308289 46.076341629028327 11.500000000000002 9540.3764648437518 0.37659685313701635
decision_type=2 2 2 2 2 2 2 2 2 2 2 2 2 2 2 2 2 2 2 2 2 10 2 2 2 2 2 2 2 2
left_child=3 -2 -3 23 5 10 -7 9 -9 -8 -5 -10 13 18 22 16 17 -6 -11 -20 -13 -18 -12 24 -1 26 -26 29 -29 -28
right_child=1 2 -4 4 15 6 7 8 11 12 14 20 -14 -15 -16 -17 21 -19 19 -21 -22 -23 -24 -25 25 -27 27 28 -30 -31
leaf_value=0.0016776556866596414 0.32237364672187413 0.18714571917356213 -0.060359352509339576 -0.051457444251903656 -0.14315966944034481 0.069372958567947132 0.055826760965663288 -0.22176204486315515 0.017282379268446318 0.060696006538397171 0.025416904182528878 -0.034720404157725246 -0.22033219318324343 0.066959558519978812 0.13816545354592685 0.48000735065272315 -0.041956171462885952 0.0232936330085123 -0.034751106258693702 -0.08915651823156763 -0.14000324336213529 0.13297297939018862 -0.06903200781903672 -0.00061383798659758889 0.047235268656809881 0.067435985855415534 -0.0050275307892178383 0.24906200409297491 -0.090934018136266032 0.12264489697320816
leaf_weight=42668 494 99 117 148 91 420 531 111 143 82 628 104 88 390 660 419 95 119 129 131 128 373 87 146390 982 1540 520 143 366 223
leaf_count=42668 494 99 117 148 91 420 531 111 143 82 628 104 88 390 660 419 95 119 129 131 128 373 87 146390 982 1540 520 143 366 223
internal_value=6.07505e-05 0.00338028 -0.0015 4.88296e-05 0.00100513 0.000428572 -0.000566238 -0.0013816 -0.00511111 -3.99702e-05 0.00190282 -0.0028 -0.0017561 -0.000885246 0.00255273 0.0029918 0.00139823 -0.00371429 -0.00382456 -0.00576923 -0.00589655 0.00369231 0.000713287 2.46434e-05 0.000236683 0.0014849 0.000333035 -0.0011885 -0.00437328 0.000993271
internal_weight=198419 710 216 197709 4877 3780 2257 1837 486 1351 1523 375 820 732 1375 1097 678 210 342 260 232 468 715 192832 46442 3774 2234 1252 509 743
internal_count=198419 710 216 197709 4877 3780 2257 1837 486 1351 1523 375 820 732 1375 1097 678 210 342 260 232 468 715 192832 46442 3774 2234 1252 509 743
is_linear=0
shrinkage=0.06


Tree=182
num_leaves=31
num_cat=0
split_feature=0 3 16 14 7 11 0 27 19 25 0 3 17 16 25 2 1 25 23 4 10 19 11 1 0 17 1 27 0 3
split_gain=2.18304 1.82672 1.83385 1.58591 1.7163 1.47067 1.19698 1.25758 0.957675 1.85725 0.965811 0.85089 0.831896 1.5698 1.40589 0.924782 0.841388 0.752717 0.731127 3.2576 2.45915 1.67614 2.1234 2.23265 1.84586 1.61859 3.44539 2.73044 1.47208 1.42222
threshold=104.55176544189455 184.50000000000003 11.500000000000002 1.0000000180025095e-35 1.0000000180025095e-35 0.31626549363136297 39.752513885498054 22.218065261840824 49.525386810302741 9.5000000000000018 23.89594650268555 59.500000000000007 3.5000000000000004 14.500000000000002 9.5000000000000018 3.5000000000000004 151.00000000000003 4.5000000000000009 9.608006954193117 253.50000000000003 1.5000000000000002 99.154293060302749 0.52704873681068432 54.000000000000007 35.662218093872077 4.5000000000000009 108.50000000000001 13.939949989318849 0.80364179611206066 124.00000000000001
decision_type=2 2 2 2 2 2 2 2 8 2 2 2 2 2 2 2 2 2 2 2 2 8 2 2 2 2 2 2 2 2
left_child=3 -2 -3 18 11 6 7 8 9 10 -6 -5 13 17 15 -15 -16 -10 -1 20 -20 22 24 -24 -22 -26 -27 -28 29 -23
right_child=1 2 -4 4 5 -7 -8 -9 12 -11 -12 -13 -14 14 16 -17 -18 -19 19 -21 21 28 23 -25 25 26 27 -29 -30 -31
leaf_value=-0.00022231094539952644 0.30303122791856185 0.17591697602314868 -0.056737791358779335 -0.010730555452891335 0.15458649998984936 0.21972275379461551 0.11373760893905388 0.10682593755080751 0.0013520970518210444 -0.12307634021124469 -0.065216424801593231 -0.064544752930639868 -0.010706975425495735 -0.020112834447813192 0.0096810488320873238 0.1588809146657765 -0.16286590438670878 0.18025648170019989 0.085482496520906892 0.04797037110385273 -0.0040541941408724818 -0.10807922006366472 -0.021392701178283631 0.14453066013176422 0.081956957599438246 0.08940557906476182 -0.1700285718115673 0.0062257674282075199 -0.012991327202636668 -0.010336740165359062
leaf_weight=173808 494 99 117 476 170 805 545 300 120 171 169 96 1179 90 80 164 106 406 692 2458 10571 90 265 1013 773 262 102 106 2602 90
leaf_count=173808 494 99 117 476 170 805 545 300 120 171 169 96 1179 90 80 164 106 406 692 2458 10571 90 265 1013 773 262 102 106 2602 90
internal_value=5.92385e-05 0.00338028 -0.00122222 4.73122e-05 0.00111585 0.00152613 0.000994286 0.000517767 0.000101695 -0.00223529 0.000336283 -0.00197203 0.000657343 0.00196273 -0.000681818 0.00222047 -0.00464516 0.00417491 2.02873e-05 0.000373423 7.0989e-05 -8.16427e-05 0.000202567 0.00252582 -4.87555e-05 0.00213838 -0.000638298 -0.00640385 -0.00141912 -0.00666667
internal_weight=198419 710 216 197709 4877 4305 3500 2955 2655 510 339 572 2145 966 440 254 186 526 192832 19024 16566 15874 13092 1278 11814 1243 470 208 2782 180
internal_count=198419 710 216 197709 4877 4305 3500 2955 2655 510 339 572 2145 966 440 254 186 526 192832 19024 16566 15874 13092 1278 11814 1243 470 208 2782 180
is_linear=0
shrinkage=0.06


Tree=183
num_leaves=31
num_cat=0
split_feature=0 3 18 14 7 21 27 16 20 1 7 1 26 4 24 21 7 19 24 24 16 17 24 3 0 2 24 21 0 20
split_gain=1.95384 1.62689 1.57702 1.34552 1.59317 1.31855 1.2481 1.98507 1.29427 1.0801 1.75967 1.32877 0.946749 1.09115 0.90793 0.790886 0.891715 1.31129 2.01733 0.802604 1.73169 2.0824 1.40881 2.09158 1.66074 0.940625 0.928339 2.92924 2.77554 2.08571
threshold=96.72674942016603 79.000000000000014 2.2804424762725835 1.0000000180025095e-35 2.5000000000000004 0.083033982664346709 12.871875762939455 17.500000000000004 2.5000000000000004 165.00000000000003 1.5000000000000002 35.500000000000007 1.9325702190399172 113.00000000000001 11719.077636718752 0.74832612276077282 2.5000000000000004 36.949535369873054 13935.747558593752 17764.509765625004 14.500000000000002 2.5000000000000004 17921.063476562504 169.00000000000003 12.764007568359377 3.5000000000000004 9452.7729492187518 0.61766910552978527 25.3781270980835 1.5000000000000002
decision_type=2 2 2 2 2 2 2 2 2 2 2 2 2 2 2 2 2 8 2 2 2 2 2 2 2 2 2 2 2 2
left_child=3 -2 6 15 9 -6 7 8 -3 10 11 -5 -13 -14 -8 19 17 18 -17 26 25 22 24 -24 -22 -21 27 -1 29 -29
right_child=1 2 -4 4 5 -7 14 -9 -10 -11 -12 12 13 -15 -16 16 -18 -19 -20 20 21 -23 23 -25 -26 -27 -28 28 -30 -31
leaf_value=0.0037364522421912288 0.24913378273034981 0.089320651963680317 0.21332469498389833 0.044518244595339242 -0.036011623561048471 0.10761347981676511 0.1509104664595847 -0.04678015456415982 -0.058089413139567107 -0.03692523600431194 0.13566881316328661 -0.086159841348564692 0.0001985100401947361 -0.069159726219604201 -0.025685431976251474 0.032528487153558869 0.077988089674755304 0.010364066432762959 -0.098819756649106291 0.015497066230620353 0.012651416844620412 0.024280644261911618 -0.014768075378014816 -0.049511065992538662 -0.1179797637247995 0.092103946374751861 -0.0014744985441093872 -0.03181802168909726 -0.28022607789161502 0.031501328649445735
leaf_weight=58143 458 145 230 573 154 1310 224 140 84 537 666 94 1367 160 149 96 931 1957 93 630 377 767 108 82 86 663 126189 1296 111 599
leaf_count=58143 458 145 230 573 154 1310 224 140 84 537 666 94 1367 160 149 96 931 1957 93 630 377 767 108 82 86 663 126189 1296 111 599
internal_value=5.59122e-05 0.00226573 0.000876543 3.98705e-05 0.00102572 0.00268033 -0.000469002 -0.00294309 0.000497817 0.000312629 0.000776224 -4.37555e-05 -0.000921653 -0.000561886 0.00197855 1.49278e-05 0.000969126 0.000296366 -0.00447619 -6.02788e-07 0.00102396 -0.000422535 -0.00291271 -0.00726316 -0.00112743 0.00261253 -1.552e-05 0.000178457 -0.00207577 -0.00153562
internal_weight=198419 1430 972 196989 4861 1464 742 369 229 3397 2860 2194 1621 1527 373 192128 3077 2146 189 189051 2713 1420 653 190 463 1293 186338 60149 2006 1895
internal_count=198419 1430 972 196989 4861 1464 742 369 229 3397 2860 2194 1621 1527 373 192128 3077 2146 189 189051 2713 1420 653 190 463 1293 186338 60149 2006 1895
is_linear=0
shrinkage=0.06


Tree=184
num_leaves=31
num_cat=0
split_feature=0 4 24 14 7 16 19 26 26 11 20 16 23 23 23 20 3 16 27 21 24 19 0 24 16 17 25 17 21 0
split_gain=2.07995 1.50934 1.8329 1.19041 1.42901 1.187 1.1319 1.95516 1.22742 1.27623 1.04344 0.991359 0.830787 0.732318 4.32385 4.14079 2.37218 2.06642 2.39937 1.65989 2.66637 2.60135 2.23275 4.05132 3.30322 4.15255 2.25253 2.13188 3.07367 2.43056
threshold=104.55176544189455 142.50000000000003 16044.857421875002 1.0000000180025095e-35 3.5000000000000004 17.500000000000004 110.43948364257814 8.8422932624816912 453.35015869140631 0.31626549363136297 1.5000000000000002 19.500000000000004 2.7925844192504887 0.52593147754669201 0.39329834282398229 2.5000000000000004 257.50000000000006 14.500000000000002 17.857748985290531 0.17096395045518878 6372.1987304687509 79.269950866699233 11.682975769042971 7534.7277832031259 10.500000000000002 4.5000000000000009 6.5000000000000009 1.0000000180025095e-35 0.13758362084627154 6.6266789436340341
decision_type=2 2 2 2 2 2 8 2 2 2 2 2 2 2 2 2 2 2 2 2 2 10 2 2 2 2 2 2 2 2
left_child=3 -2 -3 13 5 6 8 -8 9 -5 11 -7 -12 14 -1 -16 17 18 -17 20 21 -15 27 24 25 -24 -25 28 -22 -30
right_child=1 2 -4 4 -6 10 7 -9 -10 -11 12 -13 -14 19 15 16 -18 -19 -20 -21 22 -23 23 26 -26 -27 -28 -29 29 -31
leaf_value=-0.00048022375033643741 0.34476196099282025 0.12485448842191545 -0.081412329731340577 0.016095357967560061 0.25291724989285175 -0.10703790445324303 -0.075955322354514673 0.0049460472696384854 -0.045976665223118336 0.18838884568378317 -0.018177024468070829 0.0015183884948575415 0.13758357511318686 -0.032054708901304733 0.0017379723181845544 -0.065074842378539471 -0.10210852351967693 -0.023009382626819303 -0.086265856603392116 0.0050728136380005428 -0.0061051351459384777 -0.066880157751897484 -0.066414752024869142 -0.053813980133012883 -0.010920671696380502 -0.15009718933508889 0.0079518175952782988 0.0061857793285081206 -0.10227330936009185 0.00037159579496728477
leaf_weight=126612 423 195 92 2217 586 136 83 449 165 489 546 90 116 260 534 139 81 236 96 50959 1005 114 155 1096 266 132 1992 8805 224 126
leaf_count=126612 423 195 92 2217 586 136 83 449 165 489 546 90 116 260 534 139 81 236 96 50959 1005 114 155 1096 266 132 1992 8805 224 126
internal_value=5.40979e-05 0.00329577 -6.27175e-05 4.24566e-05 0.000968218 0.000588674 0.00109844 -0.00144361 0.00156949 0.00187583 -0.00136486 -0.00488496 -0.000163142 1.90427e-05 -6.44644e-05 -0.00383425 -0.00747826 -0.00584713 -0.00982979 0.000182762 -0.000391534 -0.00539037 -0.000256068 -0.0015309 -0.0062604 -0.0107247 -0.000683938 0.000200788 -0.00201476 -0.00685714
internal_weight=198419 710 287 197709 4877 4291 3403 532 2871 2706 888 226 662 192832 127698 1086 552 471 235 65134 14175 374 13801 3641 553 287 3088 10160 1355 350
internal_count=198419 710 287 197709 4877 4291 3403 532 2871 2706 888 226 662 192832 127698 1086 552 471 235 65134 14175 374 13801 3641 553 287 3088 10160 1355 350
is_linear=0
shrinkage=0.06


Tree=185
num_leaves=31
num_cat=0
split_feature=0 1 16 14 7 11 16 17 24 0 25 24 2 23 0 4 21 3 20 3 1 0 16 20 18 18 26 24 25 24
split_gain=1.9801 1.38264 1.66473 1.08056 1.39727 1.30308 1.01442 2.37786 2.92002 1.95295 2.68205 2.77071 1.66452 2.69379 1.51485 1.40545 1.36029 1.93791 1.88141 1.14553 0.95744 0.712596 1.27338 0.679954 1.33686 1.39461 1.39231 1.33732 1.33512 2.28209
threshold=104.55176544189455 146.50000000000003 17.500000000000004 1.0000000180025095e-35 1.0000000180025095e-35 0.31626549363136297 14.500000000000002 3.5000000000000004 11234.955566406252 9.8272161483764666 4.5000000000000009 8784.4453125000018 3.5000000000000004 1.3482347726821902 20.203450202941898 218.50000000000003 0.48932217061519628 112.50000000000001 2.5000000000000004 97.500000000000014 220.50000000000003 17.885603904724125 9.5000000000000018 1.0000000180025095e-35 2.6557959318161015 1.1642719507217409 29.081367492675785 15442.477050781252 3.5000000000000004 8285.8154296875018
decision_type=2 2 2 2 2 2 2 2 2 2 2 2 2 2 2 2 2 2 2 2 2 2 2 2 2 2 2 2 2 2
left_child=3 -2 -3 23 -5 6 7 -6 16 19 20 -12 14 15 -13 -14 17 -9 -19 -8 -11 22 -7 24 25 28 -27 -28 29 -1
right_child=1 2 -4 4 5 21 9 8 -10 10 11 12 13 -15 -16 -17 -18 18 -20 -21 -22 -23 -24 -25 -26 26 27 -29 -30 -31
leaf_value=0.019083305924668375 0.3795278742099627 0.090848370291979452 -0.047375687502411307 -0.026463198668988226 0.12646672929509492 -0.049740850701524168 -0.043953628255451731 0.0087892256764176436 0.12030651039201731 0.093447639042775657 0.028568633236468306 0.035274408846376795 -0.13401003166905429 -0.038759437396648951 -0.077129246194494058 -0.25479139220368374 0.091647461720145318 -0.098183065327869079 -0.22527334133970595 0.19498306666961199 -0.038138435520354542 0.22602037644623663 0.51203503425533614 -0.00065713199713835922 0.019612625090172871 -0.01716844244887674 0.047520262126354074 -0.037046339221390619 0.0066015161641132516 -0.014956029108021282
leaf_weight=2161 399 221 90 572 848 117 126 143 365 280 259 104 118 144 148 92 139 129 89 394 122 510 178 146390 5735 4639 557 86 26297 6967
leaf_count=2161 399 221 90 572 848 117 126 143 365 280 259 104 118 144 148 92 139 129 89 394 122 510 178 146390 5735 4639 557 86 26297 6967
internal_value=4.83524e-05 0.00321127 0.000212219 3.6994e-05 0.000919008 0.0012892 0.000788572 0.00183187 -0.000381503 -0.000211527 -0.00148224 -0.00336416 -0.00558416 -0.00823729 -0.00185714 -0.0125714 -0.00336 -0.00530194 -0.00886238 0.00288462 0.00256716 0.00346584 0.00111864 1.46866e-05 0.00021472 9.38907e-05 -0.0008156 0.00180093 0.000229499 -0.000395705
internal_weight=198419 710 311 197709 4877 4305 3500 1713 865 1787 1267 865 606 354 252 210 500 361 218 520 402 805 295 192832 46442 40707 5282 643 35425 9128
internal_count=198419 710 311 197709 4877 4305 3500 1713 865 1787 1267 865 606 354 252 210 500 361 218 520 402 805 295 192832 46442 40707 5282 643 35425 9128
is_linear=0
shrinkage=0.06


Tree=186
num_leaves=31
num_cat=0
split_feature=0 1 16 14 7 16 19 26 11 26 26 27 27 27 21 18 1 23 16 11 20 4 21 24 11 11 2 24 25 21
split_gain=2.09005 1.28448 1.44333 1.08652 1.37485 1.13657 1.18586 1.90338 1.13587 0.916567 1.34067 0.865123 1.16175 1.30973 0.792246 0.747928 0.79986 1.34024 1.16115 0.682058 2.09729 2.55043 2.37506 2.41269 2.00959 1.98748 2.19983 1.90131 1.74017 2.29691
threshold=104.55176544189455 146.50000000000003 17.500000000000004 1.0000000180025095e-35 3.5000000000000004 17.500000000000004 110.43948364257814 8.8422932624816912 0.31626549363136297 18.531196594238285 14.83086681365967 19.599147796630863 9.8750185966491717 14.475553512573244 0.10818686708807947 -2.5633586645126338 224.00000000000003 2.7925844192504887 15.500000000000002 0.43672485649585729 2.5000000000000004 129.00000000000003 0.04125477001070977 14736.229980468752 0.49360147118568426 0.50397455692291271 3.5000000000000004 15019.383300781252 7.5000000000000009 0.11700579151511194
decision_type=2 2 2 2 2 2 8 2 2 2 2 2 2 2 2 2 2 2 2 2 2 2 2 2 2 2 2 2 2 2
left_child=3 -2 -3 19 5 6 8 -8 15 10 11 12 -7 -14 -6 -5 -17 18 -18 -1 21 -21 -23 -24 -22 26 -26 -25 29 -29
right_child=1 2 -4 4 14 9 7 -9 -10 -11 -12 -13 13 -15 -16 16 17 -19 -20 20 24 22 23 27 25 -27 -28 28 -30 -31
leaf_value=-0.00037831808456012474 0.3567562017573645 0.085397468074460678 -0.044533146252266738 0.081768214044246654 -0.019102463869564826 0.023860165127683606 -0.068770278355530706 0.00307205239792339 0.13266599973157736 0.018199083862432318 -0.10759858386905637 0.097475234390110216 -0.19957448851122525 -0.0082086630934898631 0.29032746481563787 0.01572272625049221 -0.0093353047562081282 0.12927596153382626 -0.10145726907989105 -7.1960998417637881e-05 0.02312723726205251 -0.086822682415505364 0.055690761898720617 -0.096888966510511945 0.0010976189629626264 -0.0092044095573505166 -0.095970056389973399 -0.099396885321616182 0.055924636255067495 0.0049001620272762971
leaf_weight=168314 399 221 90 297 86 126 83 449 524 367 98 116 80 101 500 1672 183 97 98 7419 1807 89 4974 268 86 8028 88 173 700 886
leaf_count=168314 399 221 90 297 86 126 83 449 524 367 98 116 80 101 500 1672 183 97 98 7419 1807 89 4974 268 86 8028 88 173 700 886
internal_value=4.62357e-05 0.00329577 0.000405145 3.45662e-05 0.000919008 0.000546726 0.00104555 -0.00155639 0.00152769 -0.00136486 -0.00298273 -0.00151773 -0.00318567 -0.00626519 0.00364505 0.000963784 0.000556098 -0.00193651 -0.00403559 1.21974e-05 0.000307856 0.000768764 0.00158251 0.00170633 -0.000360276 -0.000759327 -0.00710345 -3.84803e-05 0.000678795 -0.000855524
internal_weight=198419 710 311 197709 4877 4291 3403 532 2871 888 521 423 307 181 586 2347 2050 378 281 192832 24518 14509 7090 7001 10009 8202 174 2027 1759 1059
internal_count=198419 710 311 197709 4877 4291 3403 532 2871 888 521 423 307 181 586 2347 2050 378 281 192832 24518 14509 7090 7001 10009 8202 174 2027 1759 1059
is_linear=0
shrinkage=0.06


Tree=187
num_leaves=31
num_cat=0
split_feature=0 1 16 23 0 3 26 3 4 0 26 11 0 15 11 16 0 24 5 26 4 0 19 5 25 20 16 21 24 1
split_gain=1.88161 1.40739 1.54574 0.988894 1.95596 2.10745 1.71288 1.4131 0.753529 0.748715 0.983653 0.744125 1.61931 1.34656 1.5926 1.1781 1.59452 6.42869 4.32422 2.60284 2.20831 1.69945 1.63129 1.49388 2.056 1.34399 1.69652 1.30262 1.52592 1.11236
threshold=104.55176544189455 144.50000000000003 17.500000000000004 23.276655197143558 9.4515752792358416 208.50000000000003 13.39107656478882 40.500000000000007 166.50000000000003 17.58416843414307 17.093732833862308 0.70235082507133495 53.801986694335945 1.0000000180025095e-35 0.71455863118171703 7.5000000000000009 11.682975769042971 11354.464843750002 5.5000000000000009 17.748250007629398 72.500000000000014 4.0413975715637216 27.629301071166996 6.5000000000000009 7.5000000000000009 1.5000000000000002 15.500000000000002 0.26759469509124761 17066.779296875004 47.500000000000007
decision_type=2 2 2 2 2 2 2 2 2 2 2 2 2 2 2 2 2 2 2 2 2 2 10 2 2 2 2 2 2 2
left_child=3 -2 -3 11 5 6 -5 -6 9 10 -9 -1 13 14 -13 -16 20 18 29 -20 21 -17 -19 24 -24 26 -23 -22 -29 -18
right_child=1 2 -4 4 7 -7 -8 8 -10 -11 -12 12 -14 -15 15 16 17 22 19 -21 27 25 23 -25 -26 -27 -28 28 -30 -31
leaf_value=1.7863571001863032e-06 0.33785583684918136 0.088264237485774083 -0.041111861413240428 -0.046928970177818656 -0.021472705307523068 0.1158607720946418 -0.017701027596393505 -0.019326543503184111 0.352259036906791 0.1123469178380339 0.055084909551002752 0.066846991934227787 0.12196278895683942 0.091807267617003599 0.056623541620019972 -0.072350579591931363 0.064221319219437453 -0.059014022195598197 -0.16635631059812162 -0.11125564216094194 0.10552943434433118 -0.069231713583728469 -0.035926958008565386 0.15443240353286483 0.044947923662961742 0.019197822039023243 0.01641352325398223 -0.019820442568823721 0.13321371747443203 -0.067635930700688712
leaf_weight=190189 391 227 92 80 147 158 158 83 342 418 93 693 385 532 620 102 110 106 93 107 730 114 317 275 371 241 104 748 145 248
leaf_count=190189 391 227 92 80 147 158 158 83 342 418 93 693 385 532 620 102 110 106 93 107 730 114 317 275 371 241 104 748 145 248
internal_value=4.35142e-05 0.00312676 0.000169279 3.24418e-05 0.00157809 -0.0020303 -0.00559664 0.00289751 0.00375641 0.00246465 -0.000818182 2.07922e-05 0.000676378 0.000420085 0.00012178 -0.000296547 -0.000691157 -0.00211309 -0.00733333 -0.0144 0.000368132 -0.00287701 0.000611787 0.00138941 -0.000104651 -0.00132026 -0.00473394 0.00148983 -4.70323e-05 -0.00338547
internal_weight=198419 710 319 197709 1479 396 238 1083 936 594 176 196230 6041 5656 5124 4431 3811 1627 558 200 2184 561 1069 963 688 459 218 1623 893 358
internal_count=198419 710 319 197709 1479 396 238 1083 936 594 176 196230 6041 5656 5124 4431 3811 1627 558 200 2184 561 1069 963 688 459 218 1623 893 358
is_linear=0
shrinkage=0.06


Tree=188
num_leaves=31
num_cat=0
split_feature=0 24 4 14 11 6 0 19 16 0 21 25 23 25 2 0 24 17 0 0 26 3 21 21 23 17 0 25 16 25
split_gain=1.68481 1.57885 1.76087 0.98027 1.21803 1.01007 1.10394 1.00064 0.985845 1.47588 1.27104 1.18481 1.14157 1.9356 2.47457 2.83513 1.37197 1.13927 0.943293 0.919168 0.910234 0.868552 0.679156 0.677274 0.847374 1.07608 2.1404 1.38708 1.3847 1.5346
threshold=104.55176544189455 16044.857421875002 142.50000000000003 1.0000000180025095e-35 0.31626549363136297 16.94999980926514 18.219846725463871 40.989431381225593 10.500000000000002 8.9830675125122088 0.077198345214128508 3.5000000000000004 7.2746057510375985 4.5000000000000009 3.5000000000000004 15.688108921051027 10761.519042968752 4.5000000000000009 18.96811676025391 27.322209358215336 6.8222749233245858 79.000000000000014 0.16896060109138492 0.74832612276077282 28.859872817993168 3.5000000000000004 7.3336279392242441 3.5000000000000004 12.500000000000002 6.5000000000000009
decision_type=2 2 2 2 2 2 2 10 2 2 2 2 2 2 2 2 2 2 2 2 2 2 2 2 2 2 2 2 2 2
left_child=3 22 -3 23 8 6 -6 -8 10 21 -5 -12 13 16 20 -16 17 -11 -18 -17 -15 -10 -2 -1 25 -25 27 -27 -29 -30
right_child=1 2 -4 4 5 -7 7 -9 9 12 11 -13 -14 14 15 19 18 -19 -20 -21 -22 -23 -24 24 -26 26 -28 28 29 -31
leaf_value=-8.0887581541176109e-05 0.0046383131998680785 0.12444019693819477 -0.069538510047748567 -0.038680399376596529 -0.052112206371669405 0.50481398296408997 -0.065872992441050507 0.10944441867299973 -0.035310380136888891 0.016128741010054903 -0.012154080273427166 0.093628024589958753 0.056510882243020824 -0.06606533871467353 -0.23290682714862776 -0.072630689315000038 -0.051011796865396614 -0.066800650297330427 0.13561652696361876 -0.010612149347763802 0.0010187017095727902 0.15879286528240577 0.46566041906986005 0.034309618565824686 0.24772056888386582 0.068429765766775383 0.02897968945815373 -0.060027224304547148 -0.059641263991751604 0.12596226683308467
leaf_weight=189744 106 92 92 148 174 312 80 347 102 148 274 1175 346 82 107 157 96 83 287 171 423 365 420 1419 192 88 821 249 159 160
leaf_count=189744 106 92 92 148 174 312 80 347 102 148 274 1175 346 82 107 157 96 83 287 171 423 365 420 1419 192 88 821 249 159 160
internal_value=4.01879e-05 0.00295775 -0.00182609 2.97106e-05 0.000869797 0.00284556 0.00140765 0.00304918 0.000414733 -0.000362484 0.00156669 0.00210766 -0.00110526 -0.00179923 -0.00351064 -0.00682759 0.000820847 -0.00283117 0.0030235 -0.00406098 -0.000653465 0.00265953 0.00463118 8.46355e-06 0.000889897 0.000633978 -0.000499661 -0.00305488 -0.00414084 -0.00152351
internal_weight=198419 710 184 197709 4877 913 601 427 3964 2367 1597 1449 1900 1554 940 435 614 231 383 328 505 467 526 192832 3088 2896 1477 656 568 319
internal_count=198419 710 184 197709 4877 913 601 427 3964 2367 1597 1449 1900 1554 940 435 614 231 383 328 505 467 526 192832 3088 2896 1477 656 568 319
is_linear=0
shrinkage=0.06


Tree=189
num_leaves=31
num_cat=0
split_feature=0 6 24 21 23 0 17 21 24 24 21 16 5 24 16 23 23 16 2 4 4 16 0 24 1 0 19 26 26 23
split_gain=1.68761 1.39719 1.47398 0.895546 0.822704 3.05598 2.65551 2.32619 2.53631 2.62475 4.36341 2.45328 2.29674 2.83194 2.28646 2.63837 2.60437 2.27885 2.12308 2.11975 2.09429 2.16188 2.2694 1.98708 2.20169 2.70399 1.96922 1.84511 1.73679 1.69469
threshold=104.55176544189455 11.150000095367433 16044.857421875002 0.26463150978088384 4.7370638847351083 26.249145507812504 1.0000000180025095e-35 0.43721179664134985 12004.941894531252 6952.7482910156259 0.30543017387390142 11.500000000000002 2.5000000000000004 13000.543457031252 14.500000000000002 8.6239829063415545 8.6239829063415545 8.5000000000000018 6.5000000000000009 193.50000000000003 265.50000000000006 18.500000000000004 20.203450202941898 9452.7729492187518 132.00000000000003 8.41143846511841 82.358123779296889 20.534393310546879 29.081367492675785 4.6291649341583261
decision_type=2 2 2 2 2 2 2 2 2 2 2 2 2 2 2 2 2 2 2 2 2 2 2 2 2 2 8 2 2 2
left_child=4 -2 3 -3 29 6 7 8 9 11 -11 -6 -10 18 15 -15 -16 -12 27 -7 21 -8 -23 24 -19 -26 -25 -14 -9 -1
right_child=1 2 -4 -5 5 19 20 28 12 10 17 -13 13 14 16 -17 -18 23 -20 -21 -22 22 -24 26 25 -27 -28 -29 -30 -31
leaf_value=-0.00024843474472754977 0.34647447595971215 -0.016117763135421959 -0.06470044140662333 0.50596498072998464 -0.10814401594393509 0.022265514581088074 -0.0014061508317313742 0.055415269622342313 -0.0049534922515168684 0.096000756427895309 0.071679628108042445 0.012861286730046051 -0.014244963735214913 0.035689108292051533 -0.075792121978950633 -0.077592766890598297 0.098577912372899854 -0.039770349960646982 -0.077007249632061348 0.11507313853141543 0.029867877810954565 0.031249533244754327 -0.053624175926979122 0.1229805818146974 -0.062244171376900824 -0.26518125945364696 -0.07415966712232952 -0.10320185922257344 -0.080837849501353129 -0.073645440152662611
leaf_weight=158456 350 92 110 158 94 3596 21883 803 738 667 233 97 131 164 131 369 342 188 121 1009 3306 3642 291 215 86 111 141 99 86 710
leaf_count=158456 350 92 110 158 94 3596 21883 803 738 667 233 97 131 164 131 369 342 188 121 1009 3306 3642 291 215 86 111 141 99 86 710
internal_value=3.77688e-05 0.00295775 0.000333334 0.00288 2.72827e-05 0.000276004 7.92035e-05 -0.00122591 -0.00185332 -0.000222707 0.000552103 -0.00687958 -0.00327924 -0.00474429 -0.00312525 -0.00581989 -8.87947e-05 -0.00200821 -0.00938461 0.00172638 0.000295035 0.000112953 0.00140809 -0.00363563 -0.00662338 -0.0110558 -0.000404494 -0.006 0.00154556 -3.29465e-05
internal_weight=198419 710 360 250 197709 38543 33938 4816 3927 1832 1641 191 2095 1357 1006 533 473 974 351 4605 29122 25816 3933 741 385 197 356 230 889 159166
internal_count=198419 710 360 250 197709 38543 33938 4816 3927 1832 1641 191 2095 1357 1006 533 473 974 351 4605 29122 25816 3933 741 385 197 356 230 889 159166
is_linear=0
shrinkage=0.06


Tree=190
num_leaves=31
num_cat=0
split_feature=0 24 26 26 26 0 16 18 3 26 11 24 0 16 26 0 23 18 21 19 11 16 21 7 25 19 26 26 19 21
split_gain=1.49559 1.26895 1.23214 0.848397 1.32817 1.53029 3.13744 2.20643 1.95022 1.46178 1.45785 1.25168 1.58258 2.05253 1.97807 2.03819 1.90203 2.27598 2.56307 1.82213 1.72712 2.68762 1.94501 1.47028 1.40979 1.30768 1.24075 1.67734 2.5566 1.55057
threshold=104.55176544189455 16044.857421875002 13.250994682312013 15.226633071899416 23.356492996215824 23.89594650268555 18.500000000000004 15.401703834533693 64.500000000000014 19.679089546203617 0.20570998638868335 13982.787597656252 19.748422622680668 19.500000000000004 27.957488059997562 31.149155616760257 3.2892084121704106 1.4785778522491457 0.22698328644037249 91.996013641357436 0.24962412565946582 15.500000000000002 0.48932217061519628 1.0000000180025095e-35 6.5000000000000009 27.629301071166996 14.83086681365967 14.964596271514894 45.332105636596687 0.28280414640903478
decision_type=2 2 2 2 2 2 2 2 2 2 2 2 2 2 2 2 2 2 2 8 2 2 2 2 2 8 2 2 8 2
left_child=3 -2 -3 26 5 7 -7 -5 -8 10 -10 12 23 16 15 -15 17 -14 24 -18 21 -20 -23 -6 -19 -13 -1 28 -28 -30
right_child=1 2 -4 4 11 6 8 -9 9 -11 -12 25 13 14 -16 -17 19 18 20 -21 -22 22 -24 -25 -26 -27 27 -29 29 -31
leaf_value=-0.0010117063250847191 0.20827809651190313 0.082662488746348337 -0.051888969286086238 0.0038598177242397057 -0.007234475091423615 0.034596875739314123 0.032143327916064279 -0.11323756750659672 -0.080582920564805968 -0.0045318341343852132 0.0038494307181125851 -0.041034733325865574 -0.0022540473900692737 -0.12586255207645616 -0.0044963840589780325 -0.081649773139805287 0.07274169492972471 -0.11180069019199225 -0.0041209605058910798 -0.041542270736918928 0.11510943793881866 -0.12711215063438303 -0.034330054979157851 0.0074605061687214296 -0.17789432201961414 -0.0063061822242097285 -0.10326861944232621 -0.0064405707939276064 0.038262881131071284 -0.071771743063033744
leaf_weight=89831 526 84 100 44050 3970 4698 308 86 247 312 91 698 2516 82 287 177 934 138 264 185 228 82 86 29605 80 16407 82 1564 274 427
leaf_count=89831 526 84 100 44050 3970 4698 308 86 247 312 91 698 2516 82 287 177 934 138 264 185 228 82 86 29605 80 16407 82 1564 274 427
internal_value=3.98855e-05 0.00278873 -0.0015 3.0014e-05 0.000146175 0.000371385 0.00130057 0.000252311 -0.00182881 -0.00369231 -0.00642604 -5.50061e-05 0.000134183 -0.000855109 -0.00432967 -0.00813127 -0.000434744 -0.00114202 -0.00377221 0.00171046 -0.00190909 -0.00413889 -0.0100714 0.000283247 -0.00941284 -0.000482315 -0.000102974 -0.00146485 -0.0037318 -0.0025592
internal_weight=198419 710 184 197709 105531 49792 5656 44136 958 650 338 55739 38634 5059 546 259 4513 3394 878 1119 660 432 168 33575 218 17105 92178 2347 783 701
internal_count=198419 710 184 197709 105531 49792 5656 44136 958 650 338 55739 38634 5059 546 259 4513 3394 878 1119 660 432 168 33575 218 17105 92178 2347 783 701
is_linear=0
shrinkage=0.06


Tree=191
num_leaves=31
num_cat=0
split_feature=0 4 23 11 19 23 17 23 16 20 21 24 21 1 24 19 24 1 23 20 19 1 24 16 25 17 7 0 23 19
split_gain=1.42556 3.04397 2.32945 1.28038 1.51467 2.06263 1.79566 2.28183 2.53487 2.96479 2.21443 2.20198 1.99636 1.57532 2.02965 2.34783 1.4437 1.40833 1.33313 1.20837 1.19773 1.10797 1.54506 1.19285 0.997926 0.889338 0.760618 1.46718 2.46309 2.8949
threshold=69.17972564697267 42.000000000000007 16.400203704833988 0.21494740992784503 104.5601272583008 1.3482347726821902 1.0000000180025095e-35 0.39329834282398229 8.5000000000000018 2.5000000000000004 0.3982848078012467 15240.412109375002 0.33031846582889562 216.00000000000003 11817.410156250002 58.779630661010749 9248.4008789062518 360.00000000000006 9.4319357872009295 2.5000000000000004 92.562397003173842 181.00000000000003 12248.351562500002 9.5000000000000018 3.5000000000000004 5.5000000000000009 1.0000000180025095e-35 2.5959763526916508 3.1263412237167363 90.816707611083999
decision_type=2 2 2 2 8 2 2 2 2 2 2 2 2 2 2 10 2 2 2 2 10 2 2 2 2 2 2 2 2 8
left_child=26 -2 3 4 5 6 -3 8 9 -8 12 -12 13 14 15 -10 -5 18 -6 -16 -7 -18 -23 -24 -17 -4 27 28 -1 -30
right_child=1 2 25 16 17 20 7 -9 10 -11 11 -13 -14 -15 19 24 21 -19 -20 -21 -22 22 23 -25 -26 -27 -28 -29 29 -31
leaf_value=-0.0087973062664096491 0.11506807165895873 0.045406226511986732 0.36275211290700099 0.21265053557280136 0.042687969755990901 0.033990252167395089 -0.015750186724322306 -0.14730857888035123 0.0029833426878741803 -0.15822182633419277 0.10348324694755916 -0.039340710686708996 -0.15733113440959506 0.015037967466402223 -0.026833888150425991 -0.22729421198609234 0.0546711875446102 -0.094574500155624158 -0.09880751826551952 0.15257155634410563 -0.040742478518582932 -0.10138995391411243 -0.053991785513714773 0.48971441583164083 -0.079869151954168757 0.0093156323119776806 0.00083307804296627117 -0.000466692526776707 -0.021961267828304105 -0.088199799457135117
leaf_weight=4684 839 368 387 370 874 730 124 144 92 82 397 161 91 235 115 86 507 101 80 91 84 97 97 80 98 144 169175 17528 386 172
leaf_count=4684 839 368 387 370 874 730 124 144 92 82 397 161 91 235 115 86 507 101 80 91 84 97 97 80 98 144 169175 17528 386 172
internal_value=3.62568e-05 0.000911956 0.000409938 1.64579e-05 -0.000496332 -0.00120497 -0.00220537 -0.00302098 -0.00235878 -0.00856311 -0.00142313 0.00148387 -0.00343069 -0.0023682 -0.00433195 -0.00769565 0.00177758 0.00145024 0.00216352 0.000174758 0.00135627 0.000314981 -0.00275912 0.000576271 -0.0116087 0.00419209 6.7209e-06 -0.00031884 -0.00119954 -0.00496774
internal_weight=198419 6474 5635 5104 3953 2898 2084 1716 1572 206 1366 558 808 717 482 276 1151 1055 954 206 814 781 274 177 184 531 191945 22770 5242 558
internal_count=198419 6474 5635 5104 3953 2898 2084 1716 1572 206 1366 558 808 717 482 276 1151 1055 954 206 814 781 274 177 184 531 191945 22770 5242 558
is_linear=0
shrinkage=0.06


Tree=192
num_leaves=31
num_cat=0
split_feature=0 3 23 11 21 19 26 24 23 19 10 23 27 19 23 21 0 21 19 19 18 25 0 24 17 19 27 18 26 26
split_gain=1.48253 2.69028 2.14052 1.54348 1.84693 1.26506 1.76753 1.2645 1.45404 2.09718 2.84867 2.5581 1.61005 1.59396 2.02441 1.36696 1.91659 1.47278 1.27272 1.3134 1.09134 0.935128 1.36164 0.801494 0.751986 0.749792 1.04216 1.45316 0.729216 0.99438
threshold=69.17972564697267 34.000000000000007 16.400203704833988 0.21494740992784503 0.56469395756721508 1.0000000180025095e-35 19.548003196716312 16952.113281250004 11.342735767364504 90.816707611083999 1.5000000000000002 1.4496549367904665 12.324832916259767 58.779630661010749 1.0000000180025095e-35 0.64188274741172802 75.529083251953139 0.54489564895629894 65.644069671630874 86.439170837402358 -2.5633586645126338 6.5000000000000009 86.781265258789077 13843.171875000002 5.5000000000000009 83.81891250610353 9.3161411285400408 -3.1693491935729976 8.5871090888977069 5.2594995498657235
decision_type=2 2 2 2 2 10 2 2 2 8 2 2 2 10 2 2 2 2 10 10 2 2 2 2 2 10 2 2 2 2
left_child=28 -2 3 7 5 6 -5 8 9 11 -11 13 -10 14 21 16 20 18 -18 25 -15 -3 -23 -13 -4 26 -20 -28 29 -1
right_child=1 2 24 4 -6 -7 -8 -9 12 10 -12 23 -14 15 -16 -17 17 -19 19 -21 -22 22 -24 -25 -26 -27 27 -29 -30 -31
leaf_value=0.00046831328928548688 0.14172166481037921 0.06890848211813258 0.34536605033009143 0.10528610011964203 -0.081002276844903451 0.10564713812568813 -0.16752727326687983 0.073009983108707141 -0.092297856785269236 -0.071291815528979799 0.036451417328618181 0.073216970275619964 0.026004337499692987 -0.14537379756977187 -0.080169518863397751 0.058819252715780264 -0.041249090091514874 -0.067760595106074573 -0.04333656873204831 -0.080707180050243757 -0.063270109021008644 -0.093272374958348989 0.023789681043544231 -0.026364560030274216 0.010247175199254116 0.10972896120586793 -0.069936035508660829 0.085124337591688262 0.0012015801839691757 -0.0070321250655466421
leaf_weight=31089 556 355 410 110 80 945 84 299 125 138 1168 339 83 91 86 100 148 87 136 121 118 88 134 106 152 112 96 207 140955 19901
leaf_count=31089 556 355 410 110 80 945 84 299 125 138 1168 339 83 91 86 100 148 87 136 121 118 88 134 106 152 112 96 207 140955 19901
internal_value=3.74664e-05 0.000930491 0.000555593 0.00018596 0.00206235 0.0026813 -0.00173196 -0.000366932 -0.000659718 -0.000380165 0.00154364 -0.00146127 -0.00553846 -0.00243002 -6.33482e-05 -0.00372039 -0.00432258 -0.003129 -0.00234146 -0.00123214 -0.00950239 0.00121664 -0.00183784 0.00262921 0.00407829 1.08895e-05 -0.00110706 0.000851485 7.34608e-06 -0.000187095
internal_weight=198419 6474 5918 5356 1219 1139 194 4137 3838 3630 1306 2324 208 1879 663 1216 1116 907 820 672 209 577 222 445 562 551 439 303 191945 50990
internal_count=198419 6474 5918 5356 1219 1139 194 4137 3838 3630 1306 2324 208 1879 663 1216 1116 907 820 672 209 577 222 445 562 551 439 303 191945 50990
is_linear=0
shrinkage=0.06


Tree=193
num_leaves=31
num_cat=0
split_feature=0 4 23 3 5 11 16 18 3 0 23 19 27 6 23 11 25 0 26 11 21 0 20 19 19 23 25 23 27 27
split_gain=1.70145 2.57851 1.41724 1.085 1.13195 0.997206 1.69396 0.922212 1.09685 0.908649 0.873695 0.836129 0.836265 0.714358 1.87932 1.57556 1.55425 1.17499 2.22204 1.63819 1.37108 1.12244 1.0879 1.14338 1.23257 0.93221 0.927984 1.31234 0.895176 1.06839
threshold=69.17972564697267 67.000000000000014 17.144623756408695 339.50000000000006 12.500000000000002 0.21494740992784503 9.5000000000000018 0.99350821971893322 24.000000000000004 86.781265258789077 1.0241547226905825 70.884185791015639 10.317832946777346 23.650000572204593 17.846974372863773 0.67763173580169689 11.500000000000002 5.7859416007995614 719.49838256835949 0.66671738028526317 0.71621471643447887 8.41143846511841 1.0000000180025095e-35 88.921783447265639 84.959926605224624 6.9231014251708993 8.5000000000000018 22.582334518432621 10.774271488189699 3.1729515790939335
decision_type=2 2 2 2 2 2 2 2 2 2 2 8 2 2 2 2 2 2 2 2 2 2 2 10 10 2 2 2 2 2
left_child=13 7 3 4 5 -3 -7 8 -2 11 -8 -10 -13 -1 15 17 -17 28 19 20 22 -18 23 24 25 -19 27 -16 29 -15
right_child=1 2 -4 -5 -6 6 10 -9 9 -11 -12 12 -14 14 26 16 21 18 -20 -21 -22 -23 -24 -25 -26 -27 -28 -29 -30 -31
leaf_value=-0.00059686028440675309 0.16831517625659201 -0.0089534797032163847 0.26602208126372057 -0.087038018225903346 0.040300413066498064 -0.052227638089136753 0.11892639515343542 0.14313043163035227 -0.036709359201417928 0.12576542801547252 -0.021859610472943838 0.10068597026775837 -0.0094719790169402029 -0.01441070122283155 -0.066089738243599691 0.098671848337535034 -0.053842736749955621 0.0018594192253221658 -0.081991008803608656 -0.089480868169974831 0.093364943542974074 0.026556906669609841 -0.0075696553563573974 0.05944814925621935 -0.047173775555757892 0.058179869698002665 0.17934426510319729 0.098856752314696303 0.0023353817979181188 0.024503844774090476
leaf_weight=159136 269 2864 381 118 619 165 497 451 214 383 143 139 231 803 168 1175 86 2526 294 112 432 94 11298 398 154 482 390 239 9317 4841
leaf_count=159136 269 2864 381 118 619 165 497 451 214 383 143 139 231 803 168 1175 86 2526 294 112 432 94 11298 398 154 482 390 239 9317 4841
internal_value=3.8676e-05 0.000995366 0.000284521 -1.90647e-05 0.000137127 -0.000263287 0.00160248 0.00301245 0.00216505 0.00122234 0.003 -0.000267123 0.00145946 6.40831e-06 0.000261331 0.000189679 0.00219188 0.000101184 -0.000261468 -0.000162836 -0.000109876 -0.003 -0.000206757 0.000707865 0.000326376 0.000594415 0.00313927 0.00113514 0.000481653 0.00107796
internal_weight=198419 6474 4787 4406 4288 3669 805 1687 1236 967 640 584 370 191945 32809 32012 1355 30657 15696 15402 15290 180 14858 3560 3162 3008 797 407 14961 5644
internal_count=198419 6474 4787 4406 4288 3669 805 1687 1236 967 640 584 370 191945 32809 32012 1355 30657 15696 15402 15290 180 14858 3560 3162 3008 797 407 14961 5644
is_linear=0
shrinkage=0.06


Tree=194
num_leaves=31
num_cat=0
split_feature=0 4 23 24 3 20 21 21 27 20 25 21 24 16 4 23 21 21 11 6 24 27 26 18 17 1 0 23 17 16
split_gain=1.67931 2.28371 2.05069 1.36482 1.13919 1.12059 2.01458 2.99925 1.15124 1.16831 1.34606 1.48062 1.21452 2.07089 1.81843 1.20421 1.09787 2.77416 0.884343 1.02845 1.41808 2.12565 0.959569 0.859605 0.748264 0.745213 2.0627 0.757647 0.72809 0.705732
threshold=69.17972564697267 30.000000000000004 16.400203704833988 2039.013854980469 339.50000000000006 1.5000000000000002 0.57018676400184642 0.71195900440216076 7.0514440536499032 1.0000000180025095e-35 9.5000000000000018 0.18379971385002139 9540.3764648437518 9.5000000000000018 136.50000000000003 5.032947540283204 0.47451655566692358 0.43721179664134985 0.4306721985340119 18.649999618530277 9821.4609375000018 10.504794597625734 15.363365650177004 -0.75276437401771534 5.5000000000000009 360.00000000000006 15.020546913146974 6.2427423000335702 4.5000000000000009 17.500000000000004
decision_type=2 2 2 2 2 2 2 2 2 2 2 2 2 2 2 2 2 2 2 2 2 2 2 2 2 2 2 2 2 2
left_child=25 -2 3 -3 5 8 16 -8 28 12 11 -11 -10 -14 -15 -16 17 18 19 20 21 23 -23 -7 -4 -1 27 -27 -5 -28
right_child=1 2 24 4 -6 6 7 -9 9 10 -12 -13 13 14 15 -17 -18 -19 -20 -21 -22 22 -24 -25 -26 26 29 -29 -30 -31
leaf_value=-0.00013812536287581578 0.13938911036125062 -0.07552097458818588 0.3161994058739897 0.072034672519629417 -0.082296229834777898 -0.052137420151312397 -0.08955178095278353 0.055528671907883832 0.18564898461527968 -0.084650623379691231 -0.063546394310048979 -0.010599893353896874 0.052157560044290216 0.0011589631126409314 -0.09068842239544482 -0.025944399471504901 0.14149183610002466 -0.095008423198213648 0.094024603981325158 0.044210114304820372 0.027091316615980018 0.062913889866440614 -0.043489793307769385 -0.05313033197610003 0.0085796368232524903 0.018700598877515483 -0.020678818786017242 0.079970254205149582 -0.013284730831216568 -0.085449865460958896
leaf_weight=188103 494 93 414 356 115 80 191 160 160 118 85 505 225 208 97 88 461 118 531 559 853 121 119 81 153 2818 315 551 89 158
leaf_count=188103 494 93 414 356 115 80 191 160 160 118 85 505 225 208 97 88 461 118 531 559 853 121 119 81 153 2818 315 551 89 158
internal_value=3.56521e-05 0.000986098 0.000662208 0.000302605 0.000428572 0.000559078 0.00123519 -0.00305983 -0.00058726 -0.00138896 -0.00315254 -0.0021862 0.000215939 -0.000990291 -0.00361832 -0.00794595 0.00175094 0.00124777 0.00169966 0.00106895 0.000114833 -0.00282793 0.00075 -0.00816149 0.00409524 3.595e-06 0.000830817 0.00135174 0.00208989 -0.00287949
internal_weight=198419 6474 5980 5413 5320 5205 3274 351 1931 1486 708 623 778 618 393 185 2923 2462 2344 1813 1254 401 240 161 567 191945 3842 3369 445 473
internal_count=198419 6474 5980 5413 5320 5205 3274 351 1931 1486 708 623 778 618 393 185 2923 2462 2344 1813 1254 401 240 161 567 191945 3842 3369 445 473
is_linear=0
shrinkage=0.06


Tree=195
num_leaves=31
num_cat=0
split_feature=0 4 23 24 3 11 5 21 19 18 19 16 23 24 17 24 17 18 18 7 27 21 26 27 26 17 27 18 20 24
split_gain=1.80732 2.24073 2.00302 1.14671 0.958767 0.92705 1.28182 1.23183 1.1158 1.06967 1.37651 2.19926 1.52806 1.04967 1.01542 1.5286 3.32109 1.33699 1.15969 0.930751 1.14806 0.874461 0.861953 0.770305 0.754783 0.748264 0.745845 1.18994 0.732202 0.719049
threshold=69.17972564697267 30.000000000000004 16.400203704833988 2039.013854980469 339.50000000000006 0.21494740992784503 12.500000000000002 0.56469395756721508 1.0000000180025095e-35 1.8362598419189455 93.503540039062514 18.500000000000004 1.3482347726821902 6110.1765136718759 1.0000000180025095e-35 10150.854003906252 4.5000000000000009 0.96013709902763378 -0.88366022706031788 1.5000000000000002 19.121673583984379 0.3112658560276032 7.8555772304534921 11.793694019317629 14.569777965545656 5.5000000000000009 11.134228706359865 -1.5696794390678404 1.5000000000000002 9248.4008789062518
decision_type=2 2 2 2 2 2 2 2 10 2 8 2 2 2 2 2 2 2 2 2 2 2 2 2 2 2 2 2 2 2
left_child=-1 -2 3 -3 5 6 9 8 24 10 12 21 13 -5 18 16 -16 19 -15 20 -17 23 -21 -12 -7 -4 27 -14 -28 -10
right_child=1 2 25 4 -6 7 -8 -9 29 -11 11 -13 26 14 15 17 -18 -19 -20 22 -22 -23 -24 -25 -26 -27 28 -29 -30 -31
leaf_value=5.3867084349436233e-05 0.13102576373957558 -0.07098971611289466 0.29722744152155045 0.10701857462454678 -0.077358456044691243 0.080422562663501507 0.036783411889652215 -0.070778012629914747 0.20078950186262223 0.065100525542744023 0.04861093231862755 -0.037720650942057572 0.050400545107325764 0.07443271564712757 -0.087448534280436918 -0.016983552248572634 -0.0013165406530787453 -0.074576428816903323 -0.04416757533380463 0.047690210447471078 -0.10371458590480062 0.074081607626135138 -0.015798516837397383 -0.020137691057860528 -0.150404061436446 0.0080648586138571017 -0.00080630989322565843 -0.033199787735489254 0.1050433208996064 0.067413665443499873
leaf_weight=191945 494 93 414 87 115 90 459 81 328 434 224 122 112 168 159 272 144 101 87 99 137 349 297 275 86 153 159 87 222 626
leaf_count=191945 494 93 414 87 115 90 459 81 328 434 224 122 112 168 159 272 144 101 87 99 137 349 297 275 86 153 159 87 222 626
internal_value=3.7164e-05 0.00102317 0.000702341 0.000346943 0.000462406 0.000582133 0.000141212 0.00203633 0.00254867 -0.00024611 -0.000636569 0.00123711 -0.00148944 -0.00247195 -0.00285246 -0.00357816 -0.00726733 -0.00234437 0.000588236 -0.00152795 -0.00353545 0.00232075 0.000545455 0.000709419 -0.00184091 0.00409524 0.00113793 -0.0018392 0.00269291 0.00335849
internal_weight=198419 6474 5980 5413 5320 5205 3994 1211 1130 3535 3101 970 2131 1551 1464 1209 303 906 255 805 409 848 396 499 176 567 580 199 381 954
internal_count=198419 6474 5980 5413 5320 5205 3994 1211 1130 3535 3101 970 2131 1551 1464 1209 303 906 255 805 409 848 396 499 176 567 580 199 381 954
is_linear=0
shrinkage=0.06


Tree=196
num_leaves=31
num_cat=0
split_feature=0 23 4 11 24 1 24 16 19 3 1 1 23 17 27 23 21 21 24 17 16 24 26 19 23 18 25 27 1 0
split_gain=2.07982 1.88924 1.73528 0.982221 1.45705 1.22804 1.54506 1.19285 1.13261 1.24053 1.3547 1.09625 1.07017 1.05949 1.30167 1.06957 4.07589 1.3446 1.14346 1.91827 1.52359 1.22586 1.24768 1.02528 1.01586 0.893213 0.853624 0.742964 0.716789 1.64573
threshold=69.17972564697267 16.400203704833988 30.000000000000004 0.21494740992784503 9248.4008789062518 181.00000000000003 12248.351562500002 9.5000000000000018 112.9177932739258 306.50000000000006 257.50000000000006 360.00000000000006 4.6291649341583261 5.5000000000000009 13.202155590057375 0.39329834282398229 0.44537749886512762 0.3982848078012467 11817.410156250002 1.0000000180025095e-35 11.500000000000002 6609.9169921875009 11.452854156494142 68.682456970214858 5.6679339408874521 -2.9371612071990962 3.5000000000000004 7.8227255344390878 360.00000000000006 15.020546913146974
decision_type=2 2 2 2 2 2 2 2 8 2 2 2 2 2 2 2 2 2 2 2 2 2 2 10 2 2 2 2 2 2
left_child=28 2 -2 8 -5 -6 -7 -8 9 10 12 24 13 15 -15 17 -17 18 19 23 -21 -22 -23 -4 -10 -19 -20 -14 -1 -30
right_child=1 -3 3 4 5 6 7 -9 11 -11 -12 -13 27 14 -16 16 -18 25 26 20 21 22 -24 -25 -26 -27 -28 -29 29 -31
leaf_value=-0.00013306986616421545 0.12094328001031725 0.2043981256227122 -0.019631361634533211 0.1703467545315504 0.040296652068367141 -0.096302968478810591 -0.045968023358544351 0.47230660884689768 0.047019456241780028 -0.0818413067629917 0.033499200669830136 -0.078009289460370473 -0.013940741204625488 -0.030780439226029247 0.12078540462373862 -0.0006691226528784725 -0.12527754484021675 -0.030558307849474515 0.053528674245036718 -0.092150212913870627 0.021261841770000886 -0.14323580627090654 -0.047016510601126972 0.10285830104977872 -0.042711202457013625 0.058823582737093295 -0.015478469355148596 0.037696746913778494 0.025548705516753673 -0.041543371356515313
leaf_weight=188103 443 618 87 398 560 97 97 80 736 120 270 101 150 144 179 237 113 159 130 146 105 92 87 127 139 423 209 427 3369 473
leaf_count=188103 443 618 87 398 560 97 97 80 736 120 270 101 150 144 179 237 113 159 130 146 105 92 87 127 139 423 209 427 3369 473
internal_value=3.95831e-05 0.00109731 0.000764344 0.000468871 0.00195779 0.000532374 -0.00275912 0.000576271 3.01366e-05 -0.00051482 -0.000282009 0.00181967 -0.000671403 -0.00126542 0.00191331 -0.00180157 -0.0048 -0.00113099 -0.00248423 -0.00396894 -0.00627907 -0.00371831 -0.00673743 0.000672897 0.00250286 0.00115464 0.000336283 0.00163258 3.90759e-06 0.000815201
internal_weight=198419 6474 5856 5413 1232 834 274 177 4181 3205 3085 976 2815 2238 323 1915 350 1565 983 644 430 284 179 214 875 582 339 577 191945 3842
internal_count=198419 6474 5856 5413 1232 834 274 177 4181 3205 3085 976 2815 2238 323 1915 350 1565 983 644 430 284 179 214 875 582 339 577 191945 3842
is_linear=0
shrinkage=0.06


Tree=197
num_leaves=31
num_cat=0
split_feature=0 4 23 0 26 26 18 19 21 27 18 14 26 27 17 0 23 27 26 24 0 25 27 0 21 19 0 11 20 26
split_gain=1.74763 1.80519 1.33494 1.16178 0.957443 0.719511 1.11309 1.96038 1.75176 1.80652 1.53504 1.47053 1.46029 1.36552 1.45347 1.41527 1.64137 1.80502 1.80503 1.41311 1.21951 1.91434 2.68542 3.14785 2.30333 1.74693 1.73506 1.94987 2.50102 1.6226
threshold=69.17972564697267 67.000000000000014 21.848299980163578 86.781265258789077 22.688641548156742 13.506155967712404 1.3295233249664309 61.76403999328614 0.04125477001070977 11.623192310333254 1.3603532314300539 1.0000000180025095e-35 27.819359779357914 24.400397300720218 2.5000000000000004 34.128473281860359 2.629718661308289 17.857748985290531 22.688641548156742 8982.4550781250018 15.020546913146974 7.5000000000000009 9.4945263862609881 27.322209358215336 0.26759469509124761 70.238727569580092 27.322209358215336 0.2314923703670502 1.0000000180025095e-35 25.898268699646
decision_type=2 2 2 2 2 2 2 10 2 2 2 2 2 2 2 2 2 2 2 2 2 2 2 2 2 10 2 2 2 2
left_child=5 3 4 -2 -3 -1 11 10 9 -9 12 -7 -8 15 -15 19 17 -17 -19 -12 -10 22 23 24 -22 -24 27 -27 -29 -26
right_child=1 2 -4 -5 -6 6 7 8 20 -11 13 -13 -14 14 -16 16 -18 18 -20 -21 21 -23 25 -25 29 26 -28 28 -30 -31
leaf_value=-0.0017405394311076792 0.023935862666448503 0.0086763302595856667 0.24178760072892191 0.14436198640873144 -0.01192738044840801 0.0025394736950767635 -0.03147453150384965 -0.1161718233712597 0.0079595908251743532 -0.0059382195131810409 0.0030701231591636242 0.042946142683447305 -0.092675674330569946 -0.12554804012745566 -0.030554356137091582 0.020349474426934043 0.084596648134452529 0.0051035247052136981 -0.12837032451889055 -0.021191586817228381 0.052764080194009438 0.011094047952420328 0.035674992453174639 -0.20571276761603388 -0.021535373670885812 -0.004329833817078646 0.051880325684976969 -0.0084813620001843691 -0.1346740402399054 -0.15861363420165514
leaf_weight=79670 963 3201 149 724 1437 85952 91 83 11191 146 2410 1605 82 96 198 510 378 97 94 6473 91 1557 378 83 110 200 146 87 132 85
leaf_count=79670 963 3201 149 724 1437 85952 91 83 11191 146 2410 1605 82 96 198 510 378 97 94 6473 91 1557 378 83 110 200 146 87 132 85
internal_value=3.50473e-05 0.00100463 0.00040986 0.00269235 0.000230272 2.34465e-06 0.000100201 -0.00025536 0.000201134 -0.00500437 -0.000880813 0.000200578 -0.00648555 -0.000786271 -0.00481633 -0.000667336 0.00138462 -0.000333809 -0.0053089 -0.000916582 0.000285918 -0.000817706 -0.0025061 -0.00684553 -0.00386014 -0.000808059 -0.00292035 -0.00488305 -0.00879452 -0.00753846
internal_weight=198419 6474 4787 1687 4638 191945 112275 24718 14289 229 10429 87557 173 10256 294 9962 1079 701 191 8883 14060 2869 1312 369 286 943 565 419 219 195
internal_count=198419 6474 4787 1687 4638 191945 112275 24718 14289 229 10429 87557 173 10256 294 9962 1079 701 191 8883 14060 2869 1312 369 286 943 565 419 219 195
is_linear=0
shrinkage=0.06


Tree=198
num_leaves=31
num_cat=0
split_feature=0 23 3 11 24 1 24 16 19 23 10 23 23 21 5 17 27 18 2 24 18 19 17 24 17 21 21 25 27 27
split_gain=1.62563 1.75162 1.38621 0.994183 1.40382 1.23719 1.54506 1.19285 0.984505 1.72149 1.51275 2.04346 1.12277 0.882985 0.995696 0.872201 0.847455 0.746364 1.08454 1.00824 0.932782 0.829123 0.79019 1.19596 2.41833 0.721519 2.426 2.49018 2.6499 2.42322
threshold=69.17972564697267 17.144623756408695 21.500000000000004 0.21494740992784503 9248.4008789062518 181.00000000000003 12248.351562500002 9.5000000000000018 90.816707611083999 1.4496549367904665 1.5000000000000002 11.342735767364504 0.90695166587829601 0.21874103695154193 5.5000000000000009 5.5000000000000009 13.453821182250978 1.8362598419189455 6.5000000000000009 12463.331054687502 0.88832494616508495 35.58238601684571 1.0000000180025095e-35 10150.854003906252 4.5000000000000009 0.29124811291694647 0.26759469509124761 2.5000000000000004 3.8896192312240605 6.9517681598663339
decision_type=2 2 2 2 2 2 2 2 8 2 2 2 2 2 2 2 2 2 2 2 2 10 2 2 2 2 2 2 2 2
left_child=25 2 -2 8 -5 -6 -7 -8 9 12 -10 13 17 14 -12 -3 -16 18 20 -20 22 -19 -4 24 -24 26 -1 28 -28 -29
right_child=1 15 3 4 5 6 7 -9 10 -11 11 -13 -14 -15 16 -17 -18 21 19 -21 -22 -23 23 -25 -26 -27 27 29 -30 -31
leaf_value=0.00011219044749235531 0.14018736040834903 0.24684277846444069 0.028954171333547569 0.16148201179820817 0.042336604437449396 -0.090303636423326256 -0.042525655434256106 0.44344763250050873 -0.032139136929363654 0.028300102682424708 0.048947062285292907 -0.10746633358252035 -0.054931792023492673 0.044009656593423048 0.025791449016106346 -0.026635371803674063 -0.076019389119298161 -0.014114763373445173 0.057322187864975685 -0.072262468116335424 -0.053452335119935745 0.12274402507255913 -0.1454476161726562 -0.014290181883409407 -0.035659813356149914 0.001544217656810421 -0.12794801053625926 0.018642968133693337 -0.045490102691054579 -0.013652702030696656
leaf_weight=79749 287 450 194 411 588 97 97 80 149 782 115 103 130 936 126 94 94 98 214 84 172 231 95 644 203 100739 132 2163 1458 7704
leaf_count=79749 287 450 194 411 588 97 97 80 149 782 115 103 130 936 126 94 94 98 214 84 172 231 95 644 203 100739 132 2163 1458 7704
internal_value=4.16999e-05 0.000976831 0.000677909 0.000471026 0.00194658 0.000570766 -0.00275912 0.000576271 4.11902e-05 -0.000617492 0.00127249 0.0018952 -0.00152542 0.00255389 -8.9552e-05 0.00423529 -0.00245455 -0.00116279 -0.00169614 0.00157047 -0.00244037 0.00144073 -0.0018169 -0.00253503 -0.00567785 1.01594e-05 -0.000112098 -0.000928515 -0.00313208 -0.000573426
internal_weight=198419 6474 5930 5643 1273 862 274 177 4370 2847 1523 1374 2065 1271 335 544 220 1935 1606 298 1308 329 1136 942 298 191945 91206 11457 1590 9867
internal_count=198419 6474 5930 5643 1273 862 274 177 4370 2847 1523 1374 2065 1271 335 544 220 1935 1606 298 1308 329 1136 942 298 191945 91206 11457 1590 9867
is_linear=0
shrinkage=0.06


Tree=199
num_leaves=31
num_cat=0
split_feature=0 11 23 19 19 16 19 21 21 0 17 11 17 10 0 20 0 0 20 24 16 21 20 21 17 21 24 17 2 21
split_gain=2.05334 1.21744 1.04482 1.06685 1.52149 1.56693 0.88346 0.731657 1.50773 3.90474 4.39698 1.82448 1.1992 1.1365 1.59156 0.941905 0.867187 1.95572 0.92344 0.844427 2.62613 0.73596 1.46912 0.82144 4.61318 0.971313 3.10062 2.47374 2.0009 1.84146
threshold=96.72674942016603 0.21494740992784503 1.3482347726821902 89.485786437988295 82.543151855468764 12.500000000000002 59.937273025512702 0.71621471643447887 0.70534417033195507 10.989459514617922 1.5000000000000002 0.2663626372814179 5.5000000000000009 1.5000000000000002 9.4515752792358416 3.5000000000000004 61.939558029174812 51.080162048339851 1.0000000180025095e-35 17783.013671875004 12.500000000000002 0.70080316066741954 2.5000000000000004 0.69118657708168041 5.5000000000000009 0.64188274741172802 8347.2670898437518 1.0000000180025095e-35 6.5000000000000009 0.6846919357776643
decision_type=2 2 2 8 10 2 10 2 2 2 2 2 2 2 2 2 2 2 2 2 2 2 2 2 2 2 2 2 2 2
left_child=7 2 3 4 5 -2 -7 8 21 10 11 -10 15 14 -9 -12 17 18 19 -15 -21 23 -23 25 -25 -1 28 29 -27 -28
right_child=1 -3 -4 -5 -6 6 -8 13 9 -11 12 -13 -14 16 -16 -17 -18 -19 -20 20 -22 22 -24 24 -26 26 27 -29 -30 -31
leaf_value=2.3080889264167463e-05 0.3944298527672197 0.20062110179321677 0.074376398250232456 0.051835338029222647 -0.16620044565313419 0.05719864141505189 -0.049967942097204184 -0.080212310552279911 -0.20058452771745208 0.050076332353187945 0.063876175645955241 -0.042099512658658952 -0.046020920938942271 0.059704572242670402 0.046165074560282848 -0.038640325170637618 0.064909681228805444 -0.084070119299077303 0.010149635602400734 -0.092999039180938353 0.26116225458037429 -0.063231623701620179 0.080652426832101234 0.010002076548180272 -0.1228067604092154 -0.012064009494225628 0.094249156184386645 0.055282304064406235 -0.080403461169825802 -0.076779813814501982
leaf_weight=186115 101 381 392 239 82 87 148 124 85 379 231 91 165 649 114 128 140 103 3962 81 92 185 356 566 153 277 188 2521 81 203
leaf_count=186115 101 381 392 239 82 87 148 124 85 379 231 91 165 649 114 128 140 103 3962 81 92 185 356 566 153 277 188 2521 81 203
internal_value=4.23046e-05 0.00230769 0.00125262 -0.000210045 -0.00203828 -0.00025 -0.00293617 2.58595e-05 6.69735e-06 -0.00222984 -0.00488571 -0.0130909 -0.00212977 0.000723647 -0.00332773 -0.000183844 0.000915457 0.000782075 0.000958194 0.00278832 -0.000936416 1.93556e-05 0.00222921 1.30668e-05 -0.00201113 2.07516e-05 0.00104587 0.00169368 -0.00422346 -0.0027468
internal_weight=198419 1430 1049 657 418 336 235 196989 191724 1079 700 176 524 5265 238 359 5027 4887 4784 822 173 190645 541 190104 719 189385 3270 2912 358 391
internal_count=198419 1430 1049 657 418 336 235 196989 191724 1079 700 176 524 5265 238 359 5027 4887 4784 822 173 190645 541 190104 719 189385 3270 2912 358 391
is_linear=0
shrinkage=0.06


Tree=200
num_leaves=31
num_cat=0
split_feature=0 4 21 17 21 11 23 1 11 11 25 25 3 0 23 0 11 11 21 6 19 21 0 20 19 27 21 24 14 24
split_gain=1.6272 1.23377 1.32001 1.36627 0.933473 0.682451 2.74483 1.98862 1.761 1.35559 1.39437 2.16453 1.77422 1.69828 1.88303 1.50775 3.15748 2.25278 2.39233 2.38234 1.65534 1.74902 2.21991 2.24125 1.44652 1.34361 1.35161 1.31968 1.31663 1.4101
threshold=96.72674942016603 77.000000000000014 0.16896060109138492 5.5000000000000009 0.10818686708807947 0.24962412565946582 19.682042121887211 23.000000000000004 0.24385127425193789 0.25478133559226995 9.5000000000000018 11.500000000000002 106.50000000000001 12.605771541595461 7.4653646945953378 21.800677299499515 0.62840861082077037 0.57783633470535289 0.13438916951417926 12.250000000000002 50.202934265136726 0.30543017387390142 31.149155616760257 2.5000000000000004 70.678337097167983 2.3653137683868413 0.16470228880643847 14736.229980468752 1.0000000180025095e-35 9281.6254882812518
decision_type=2 2 2 2 2 2 2 2 2 2 2 2 2 2 2 2 2 2 2 2 10 2 2 2 10 2 2 2 2 2
left_child=5 -2 4 -4 -3 8 9 -8 -1 -7 15 12 13 14 -12 25 17 18 -17 -19 -20 -22 -23 -24 -16 27 -27 -11 29 -13
right_child=1 2 3 -5 -6 6 7 -9 -10 10 11 28 -14 -15 24 16 -18 19 20 -21 21 22 23 -25 -26 26 -28 -29 -30 -31
leaf_value=-0.0002291624626618554 0.1607923106261209 0.014548525679299776 0.056442340666970979 -0.047945628054161749 -0.047503559149472144 0.056131001062453563 -0.04817498261000934 0.12263585248566197 -0.039329371902668046 -0.033872666835523278 -0.00076260646942390446 0.014963157960357042 0.054411087616624353 0.037687686490919935 -0.044257614344475317 -0.080712982618557347 0.079289993281590157 -0.0057589587198825006 -0.025898302873772042 -0.13528507163677209 0.15057282518642215 0.12518524632173936 0.016682191434959241 -0.081688366117288594 -0.1382620599184419 -0.013974044162839415 0.00017024403923019264 -0.10214445928498388 0.11887488148447448 -0.02744294839798285
leaf_weight=156924 467 95 579 145 144 545 83 929 524 229 1114 1651 3426 976 168 92 1527 226 648 176 534 349 288 168 86 4759 18964 98 182 2323
leaf_count=156924 467 95 579 145 144 545 83 929 524 229 1114 1651 3426 976 168 92 1527 226 648 176 534 349 288 168 86 4759 18964 98 182 2323
internal_value=3.92807e-05 0.00205594 0.000828661 0.00210497 -0.00303766 2.46412e-05 0.00024749 0.00333202 -3.13244e-05 0.000166472 0.000123842 0.000735039 0.001487 0.000215017 -0.00114912 -9.23798e-05 0.00098503 -0.000336155 0.000458875 -0.00444776 0.00089683 0.00210157 0.000335404 -0.00242105 -0.00581102 -0.000271933 -0.000219281 -0.00409174 -0.000308951 -0.000537493
internal_weight=198419 1430 963 724 239 196989 39541 1012 157448 38529 37984 9926 5770 2344 1368 28058 4008 2481 2079 402 1987 1339 805 456 254 24050 23723 327 4156 3974
internal_count=198419 1430 963 724 239 196989 39541 1012 157448 38529 37984 9926 5770 2344 1368 28058 4008 2481 2079 402 1987 1339 805 456 254 24050 23723 327 4156 3974
is_linear=0
shrinkage=0.06


Tree=201
num_leaves=31
num_cat=0
split_feature=0 23 3 21 21 21 11 23 24 17 26 26 19 21 26 17 1 27 17 11 16 1 0 23 16 26 24 16 17 4
split_gain=1.63932 1.75162 1.38621 0.971151 1.9638 1.69302 1.72717 1.41733 0.943345 0.914622 1.447 1.42171 1.55599 0.953696 1.97911 0.872201 0.852982 0.813566 0.722433 0.694218 0.887973 0.685672 1.38912 0.853327 0.638922 0.71696 0.611899 1.38142 1.74443 1.21051
threshold=69.17972564697267 17.144623756408695 21.500000000000004 0.56469395756721508 0.60342115163803112 0.52006244659423839 0.54383811354637157 2.0546913146972661 16952.113281250004 2.5000000000000004 5.7949929237365732 24.43286228179932 40.989431381225593 0.37800039350986486 26.52585601806641 5.5000000000000009 357.00000000000006 21.489995956420902 4.5000000000000009 0.21494740992784503 16.500000000000004 360.00000000000006 15.020546913146974 6.2427423000335702 22.500000000000004 12.509502887725832 17827.022460937504 14.500000000000002 2.5000000000000004 180.50000000000003
decision_type=2 2 2 2 2 2 2 2 2 2 2 2 8 2 2 2 2 2 2 2 2 2 2 2 2 2 2 2 2 2
left_child=21 2 -2 5 -5 6 8 -6 9 10 19 12 -11 14 -13 -3 -14 -12 -8 20 -4 26 23 -23 25 -24 -1 -28 29 -29
right_child=1 15 3 4 7 -7 18 -9 -10 11 17 13 16 -15 -16 -17 -18 -19 -20 -21 -22 22 24 -25 -26 -27 27 28 -30 -31
leaf_value=-0.0002475219440256239 0.13063458249605445 0.22934552969936814 -0.0031383511214604959 -0.10262011794612969 0.045155302209242146 0.13303813446979415 0.12466962614889113 -0.064682779160390794 0.058323620412361998 -0.10020284386538184 0.027164156322596663 -0.093290437297049611 0.0044694902711648436 -0.10294486794885584 0.0022294123421289854 -0.022678872034649161 -0.072579547379092307 -0.032607420013816953 -0.0045129040457032917 0.040704950667563029 -0.046316202296443544 0.015387263024426596 -0.048656922226638623 0.073403226837820718 -0.080350087606212262 0.028904763364180953 0.048487470328042299 -0.011448896829231989 0.021169658508960784 -0.035923072950097584
leaf_weight=186317 287 450 118 147 273 446 457 88 311 109 1291 127 1322 113 244 94 82 152 169 83 111 2818 133 551 126 214 854 234 569 129
leaf_count=186317 287 450 118 147 273 446 457 88 311 109 1291 127 1322 113 244 94 82 152 169 83 111 2818 133 551 126 214 854 234 569 129
internal_value=3.77688e-05 0.000976831 0.000677909 0.000471026 -0.0020315 0.000718598 0.000382598 0.000349031 -6.94066e-05 -0.000332622 0.000666667 -0.00121082 -0.000305353 -0.00404132 -0.00257143 0.00423529 0.000230769 0.00146778 0.00331629 -0.00303846 -0.00474236 6.09572e-06 0.000799584 0.00122707 -0.00224524 -0.000916426 -1.01113e-05 0.00109518 -0.000502146 -0.00375207
internal_weight=198419 6474 5930 5643 508 5135 4689 361 4063 3752 1755 1997 1513 484 371 544 1404 1443 626 312 229 191945 3842 3369 473 347 188103 1786 932 363
internal_count=198419 6474 5930 5643 508 5135 4689 361 4063 3752 1755 1997 1513 484 371 544 1404 1443 626 312 229 191945 3842 3369 473 347 188103 1786 932 363
is_linear=0
shrinkage=0.06


Tree=202
num_leaves=31
num_cat=0
split_feature=0 23 3 21 21 11 21 23 17 24 17 26 19 26 26 25 1 27 19 17 26 20 16 25 23 21 16 0 16 17
split_gain=1.64567 1.63505 1.1097 0.905391 1.54505 1.57273 1.29083 1.2786 0.835984 0.799566 0.956473 1.35826 1.11449 1.10021 0.886329 1.46154 0.840749 0.813566 0.687634 0.681707 0.657242 0.991513 1.46691 1.45802 0.857249 0.603841 1.56603 1.64846 1.78371 1.48094
threshold=69.17972564697267 17.144623756408695 21.500000000000004 0.56469395756721508 0.52006244659423839 0.54383811354637157 0.60342115163803112 2.0546913146972661 5.5000000000000009 16952.113281250004 2.5000000000000004 24.43286228179932 40.989431381225593 5.7949929237365732 28.586763381958011 7.5000000000000009 357.00000000000006 21.489995956420902 79.269950866699233 4.5000000000000009 11.986863613128664 2.5000000000000004 9.5000000000000018 7.5000000000000009 1.4496549367904665 0.54729878902435314 17.500000000000004 21.312211990356449 3.5000000000000004 1.5000000000000002
decision_type=2 2 2 2 2 2 2 2 2 2 2 2 8 2 2 2 2 2 10 2 2 2 2 2 2 2 2 2 2 2
left_child=25 2 -2 4 5 9 -5 -8 -3 10 13 12 -12 18 15 -13 20 -15 -4 -7 21 22 -14 -24 -22 -1 27 -27 29 -29
right_child=1 8 3 6 -6 19 7 -9 -10 -11 11 14 16 17 -16 -17 -18 -19 -20 -21 24 -23 23 -25 -26 26 -28 28 -30 -31
leaf_value=-0.00043876319310914424 0.122796507546291 0.21558479791740576 0.00037882621977329664 -0.096462910869361818 0.12505584640160616 0.11718944857995794 0.042445984076687843 -0.060801812410767243 -0.021318139712570384 0.054824203187620012 -0.094190673233458963 -0.14648814961498779 0.077067253204836081 0.025534306943240759 -0.018658582153041638 -0.021359263975531614 -0.068224774536346761 -0.030650974812987872 -0.038387016524727459 -0.0042421298029614689 0.0053328060183484701 0.049632353941403647 -0.0028408989466316278 -0.11798129998974077 0.098587376277473437 0.0046660805244713444 -0.0083590786321675326 -0.054116088874508535 0.057843395072609369 0.01343434334705048
leaf_weight=168749 287 450 179 147 446 457 273 88 94 311 109 109 110 1291 232 143 82 152 133 169 470 228 140 153 221 15815 4791 91 2396 103
leaf_count=168749 287 450 179 147 446 457 273 88 94 311 109 109 110 1291 232 143 82 152 133 169 470 228 140 153 221 15815 4791 91 2396 103
internal_value=3.59544e-05 0.000976831 0.000688027 0.000502924 0.000741967 0.000420985 -0.00191339 1.66207e-05 0.004125 -1.0337e-05 -0.000252665 -0.00115073 -0.000265697 0.000769231 -0.00391736 -0.00638095 0.000188034 0.00146778 -0.00246154 0.00322045 0.000553707 -0.000846276 -0.00263524 -0.00485324 0.00183213 4.22018e-06 0.000291257 0.000542787 0.00194595 -0.00358763
internal_weight=198419 6474 5930 5643 5135 4689 508 361 544 4063 3752 1997 1513 1755 484 252 1404 1443 312 626 1322 631 403 293 691 191945 23196 18405 2590 194
internal_count=198419 6474 5930 5643 5135 4689 508 361 544 4063 3752 1997 1513 1755 484 252 1404 1443 312 626 1322 631 403 293 691 191945 23196 18405 2590 194
is_linear=0
shrinkage=0.06


Tree=203
num_leaves=31
num_cat=0
split_feature=0 23 3 23 11 20 23 24 0 19 24 2 11 21 0 24 24 0 21 1 23 1 23 21 21 16 21 23 23 17
split_gain=1.49561 1.52694 1.16306 0.928746 1.53376 1.23269 1.38949 1.20564 1.67642 1.11269 1.0361 0.993352 1.23077 0.952044 0.934191 0.895006 3.52652 0.891269 0.853553 0.875577 0.795379 0.751111 0.671755 0.780259 0.667533 0.634779 1.27007 0.625272 4.33033 2.69918
threshold=69.17972564697267 16.400203704833988 79.000000000000014 1.0000000180025095e-35 0.44277396798133856 1.5000000000000002 1.3482347726821902 15240.412109375002 75.529083251953139 97.384357452392592 8003.4028320312509 4.5000000000000009 0.21494740992784503 0.3982848078012467 82.491657257080092 8285.8154296875018 10456.151855468752 104.55176544189455 0.34331221878528601 216.00000000000003 7.3470351696014413 151.00000000000003 0.43482093513011938 0.20608495920896533 0.22698328644037249 9.5000000000000018 0.4038205891847611 0.52593147754669201 0.41839247941970831 1.5000000000000002
decision_type=2 2 2 2 2 2 2 2 2 8 2 2 2 2 2 2 2 2 2 2 2 2 2 2 2 2 2 2 2 2
left_child=27 2 17 7 5 6 -5 11 -9 -10 -7 12 14 18 24 -16 -17 20 19 -13 -2 -8 -12 -24 -4 -23 -27 28 -1 -30
right_child=1 -3 3 4 -6 10 21 8 9 -11 22 13 -14 -15 15 16 -18 -19 -20 -21 -22 25 23 -25 -26 26 -28 -29 29 -31
leaf_value=-0.00062746879044200943 0.017412064874072149 0.14776113181947109 -0.07145886996251441 -0.10508661264813714 -0.067108430699966554 -0.019564430798899624 0.032833836567912278 0.029008881192211854 -0.062099772940198514 0.0084597240917715071 -0.043559956110829072 -0.0017966544096945391 0.085265346086868546 0.14104931532127532 0.022236739115295712 -0.13630906490414821 -0.0053272818998957912 0.29560232708505746 -0.052607112626519424 0.054075257288675696 0.063377756549340747 0.035533663322407136 -0.0070636301579319683 0.14710280221333127 0.035095336752008884 -0.069425087580096786 0.014196026905565637 0.0020594935146826315 0.10135598679655 -0.063174866262111495
leaf_weight=126892 1428 618 92 127 124 120 150 169 159 97 111 321 210 398 116 83 172 197 95 499 211 83 130 360 187 137 80 64401 115 537
leaf_count=126892 1428 618 92 127 124 120 150 169 159 97 111 321 210 398 116 83 172 197 95 499 211 83 130 360 187 137 80 64401 115 537
internal_value=3.35353e-05 0.000930491 0.000631148 5.97017e-05 -0.001173 -0.000563944 -0.00263085 0.000734411 -0.00218824 -0.00525 0.00109015 0.00130603 -0.00027907 0.00234425 -0.00156923 -0.00354178 -0.00552941 0.00188235 0.00127869 0.00190244 0.00142404 -0.00106667 0.00210649 0.00306122 0.00105376 -0.0028 -0.00450691 3.28241e-06 -7.36685e-05 -0.00495092
internal_weight=198419 6474 5856 4020 1422 1298 577 2598 425 256 721 2173 860 1313 650 371 255 1836 915 820 1639 450 601 490 279 300 217 191945 127544 652
internal_count=198419 6474 5856 4020 1422 1298 577 2598 425 256 721 2173 860 1313 650 371 255 1836 915 820 1639 450 601 490 279 300 217 191945 127544 652
is_linear=0
shrinkage=0.06


Tree=204
num_leaves=31
num_cat=0
split_feature=0 23 3 3 24 26 26 25 21 27 24 21 19 19 25 27 17 26 17 24 25 16 20 7 27 24 24 18 0 3
split_gain=1.49662 1.25064 1.11588 0.894915 0.985845 0.868722 0.894538 0.702085 1.27562 1.12273 0.922139 0.954471 0.839292 0.887109 0.724725 1.32918 0.698794 0.634408 1.05947 1.62502 1.36133 3.46338 1.54405 1.28118 1.41853 1.26854 1.25256 1.63249 2.22027 3.05418
threshold=69.17972564697267 17.144623756408695 21.500000000000004 339.50000000000006 2039.013854980469 22.688641548156742 19.9083366394043 5.5000000000000009 0.16896060109138492 11.96977758407593 7189.9912109375009 0.56469395756721508 57.252471923828132 75.663238525390639 3.5000000000000004 21.954913139343265 5.5000000000000009 13.506155967712404 1.5000000000000002 9689.8066406250018 11.500000000000002 8.5000000000000018 1.5000000000000002 2.5000000000000004 24.400397300720218 7232.7141113281259 7791.9338378906259 12.61370372772217 51.080162048339851 115.50000000000001
decision_type=2 2 2 2 2 2 2 2 2 2 2 2 8 8 2 2 2 2 2 2 2 2 2 2 2 2 2 2 2 2
left_child=17 2 -2 4 -4 6 -6 9 -9 -7 -10 -12 -11 -14 15 -15 -3 18 19 20 23 22 -22 24 -1 -23 27 28 -20 -30
right_child=1 16 3 -5 5 7 -8 8 10 12 11 -13 13 14 -16 -17 -18 -19 26 -21 21 25 -24 -25 -26 -27 -28 -29 29 -31
leaf_value=0.01129800259937421 0.11438399320106923 0.19378404213319381 -0.056105452145981317 -0.04877849796230297 0.01070723420480928 0.056710104751842953 0.067414254186666023 -0.10221269733286324 -0.024816785051248132 0.11742220690326505 0.023166645541606502 -0.034299229876670952 -0.09731982282267565 -0.073871932586086264 0.069537202647636229 0.068988941706427179 -0.028904719238983675 0.0014038595825345548 -0.01147823459993884 -0.0022153069154379544 -0.068027565813112575 -0.0085530730244380467 -0.022400941382169609 0.04194493088332802 -0.071852785606893191 0.096981887715106838 -0.0015866879505619374 0.07141430737465404 0.00039700076467256848 -0.11486161042508139
leaf_weight=4866 287 450 94 118 3301 374 417 165 109 92 461 123 100 110 98 81 94 112275 10459 14579 108 464 120 2180 102 204 46222 172 100 94
leaf_count=4866 287 450 94 118 3301 374 417 165 109 92 461 123 100 110 98 81 94 112275 10459 14579 108 464 120 2180 102 204 46222 172 100 94
internal_value=3.32329e-05 0.000930491 0.000677909 0.000492292 0.000602715 0.000708157 0.00122324 -0.000409807 -0.00162238 0.000807018 -0.000493506 0.000452055 -0.00111019 -0.00232905 -0.000643598 -0.00279581 0.00368382 2.96982e-06 -0.000126522 0.000220926 0.00090552 -0.00129911 -0.00768421 0.00118187 0.000649759 0.00088024 -0.000264308 -0.000845265 -0.00093889 -0.00729897
internal_weight=198419 6474 5930 5643 5525 5431 3718 1713 858 855 693 584 481 389 289 191 544 191945 79670 22623 8044 896 228 7148 4968 668 57047 10825 10653 194
internal_count=198419 6474 5930 5643 5525 5431 3718 1713 858 855 693 584 481 389 289 191 544 191945 79670 22623 8044 896 228 7148 4968 668 57047 10825 10653 194
is_linear=0
shrinkage=0.06


Tree=205
num_leaves=31
num_cat=0
split_feature=0 3 0 24 23 3 2 23 23 18 18 26 18 17 5 4 24 16 17 0 24 21 21 3 24 24 24 21 0 25
split_gain=1.37551 1.16888 1.08551 0.943259 0.839616 0.770444 0.965643 0.940337 1.98841 0.835728 0.730799 0.661668 1.35507 0.979515 0.880287 0.757423 0.60939 1.12551 1.39864 0.810756 1.42112 0.802636 1.86654 1.43285 0.667774 2.62163 6.10127 7.19837 4.23768 2.97069
threshold=69.17972564697267 61.500000000000007 86.781265258789077 2039.013854980469 22.062063217163089 339.50000000000006 6.5000000000000009 0.087454974651336684 2.2476330995559697 3.3339608907699589 -3.4632335901260372 25.247950553894047 0.88832494616508495 1.5000000000000002 3.5000000000000004 129.00000000000003 17827.022460937504 14.500000000000002 1.0000000180025095e-35 0.73626205325126659 17921.063476562504 0.30021543800830847 0.41394232213497167 112.50000000000001 13624.778320312502 13103.602539062502 12982.166992187502 0.25664508342742925 11.921046733856203 8.5000000000000018
decision_type=2 2 2 2 2 2 2 2 2 2 2 2 2 2 2 2 2 2 2 2 2 2 2 2 2 2 2 2 2 2
left_child=16 2 10 -3 5 6 9 -8 -9 11 -2 -5 13 -13 -15 -16 24 21 -19 -20 -21 -18 23 -23 25 26 -1 28 -28 -29
right_child=1 3 -4 4 -6 -7 7 8 -10 -11 -12 12 -14 14 15 -17 17 18 19 20 -22 22 -24 -25 -26 -27 27 29 -30 -31
leaf_value=0.00079978089875812157 -0.020881699073733072 -0.054403014294445037 0.1306816649621414 0.0014154012248566734 0.33409682244441535 -0.043073775171855726 0.056601697535879972 -0.071156900939659401 0.030040097611310348 0.055184863895521831 0.032276031151501496 0.030338108232232552 -0.085260043005230199 -0.070421062932242387 0.048847275857101524 -0.057828416775794839 0.091854555701178689 -0.037520832904399885 0.041481748787900473 0.016424486753828946 -0.020266073481558355 -0.1364261031344651 0.088034909176478868 0.010650484305470444 -0.0029724745914831898 0.019114164497035353 -0.086745080302239014 0.075856461697616229 0.11029276408348146 -0.055862286575109069
leaf_weight=120147 168 80 627 2401 121 123 774 138 345 394 640 185 100 110 107 161 435 89 151 517 202 85 254 90 59248 8502 978 562 113 572
leaf_count=120147 168 80 627 2401 121 123 774 138 345 394 640 185 100 110 107 161 435 89 151 517 202 85 254 90 59248 8502 978 562 113 572
internal_value=3.32329e-05 0.00089342 0.00240418 0.000463187 0.000567453 0.000443985 0.000566278 0.00199045 -8.69563e-05 4.85832e-05 0.000950495 -0.000285901 -0.0019638 -0.000820604 -0.00257143 -0.000716418 4.22018e-06 0.001096 -0.000319082 0.000413793 -0.000425591 0.00266667 0.000825175 -0.00394286 -6.2484e-06 6.94105e-05 -1.37264e-06 -0.00311461 -0.00659395 0.000232804
internal_weight=198419 6474 1435 5039 4959 4838 4715 1257 483 3458 808 3064 663 563 378 268 191945 1823 959 870 719 864 429 175 190122 130874 122372 2225 1091 1134
internal_count=198419 6474 1435 5039 4959 4838 4715 1257 483 3458 808 3064 663 563 378 268 191945 1823 959 870 719 864 429 175 190122 130874 122372 2225 1091 1134
is_linear=0
shrinkage=0.06


Tree=206
num_leaves=31
num_cat=0
split_feature=0 4 18 0 23 3 19 3 24 16 17 23 4 17 19 16 0 1 25 11 27 0 24 24 24 11 24 24 24 27
split_gain=1.32065 1.10349 0.905499 0.918637 0.822827 0.802171 0.815141 1.31491 0.765999 1.03812 1.12224 0.765881 0.701558 0.822335 0.714072 0.668776 2.02006 2.04802 1.38522 1.54239 1.02782 1.02654 1.78724 3.20822 0.972035 0.930291 0.937925 1.52254 2.26497 0.878268
threshold=69.17972564697267 67.000000000000014 -2.5633586645126338 72.193359375000014 22.062063217163089 29.000000000000004 90.816707611083999 55.500000000000007 17827.022460937504 14.500000000000002 2.5000000000000004 17.846974372863773 90.000000000000014 4.5000000000000009 81.011795043945327 21.500000000000004 13.095165252685549 211.00000000000003 4.5000000000000009 0.30820882320404058 2.5404263734817509 1.7055113911628725 13624.778320312502 15345.807617187502 16236.231445312502 0.44277396798133856 7111.3327636718759 8811.9062500000018 9540.3764648437518 20.039510726928714
decision_type=2 2 2 2 2 2 10 2 2 2 2 2 2 2 8 2 2 2 2 2 2 2 2 2 2 2 2 2 2 2
left_child=8 2 5 -4 -3 -2 7 -7 15 11 -11 -10 14 -14 -12 -1 18 -18 20 -20 -17 22 29 -24 -21 26 -23 -28 -29 -22
right_child=1 4 3 -5 -6 6 -8 -9 9 10 12 -13 13 -15 -16 16 17 -19 19 24 21 25 23 -25 -26 -27 27 28 -30 -31
leaf_value=-0.00047395806439206624 0.084359829763980501 0.0021192811546374337 -0.019752089346517114 0.072969549673930781 0.29315997825212176 -0.046725280918136214 0.049535940300330171 0.0098983843202248185 0.05561937090500628 -0.023499347671476805 0.015791124519250493 -0.051805970338430408 0.068246615144974571 0.046398778651438433 -0.025623182829754478 -0.098739268435795211 0.013389696781346975 -0.047121278184062927 0.01135713614738452 0.067979443386976451 0.015855300038989467 -0.036110432387908946 -0.19024265675751278 -0.0074039639848295265 -0.067001569531150315 0.070319403355001919 0.10211796801286001 -0.047388389394755905 0.0070368055930442684 -0.075144578903781178
leaf_weight=177295 131 4674 156 1105 113 126 83 86 782 372 111 82 197 197 82 104 642 965 6200 1089 469 466 82 144 109 359 297 126 1637 138
leaf_count=177295 131 4674 156 1105 113 126 83 86 782 372 111 82 197 197 82 104 642 965 6200 1089 469 466 82 144 109 359 297 126 1637 138
internal_value=3.20234e-05 0.000874884 0.00219443 0.00300238 0.00040986 -0.000197183 -0.0019322 -0.00390566 3.595e-06 0.00122765 -0.000131387 0.00273611 0.00150256 0.00295431 -0.00146114 -8.14192e-06 0.000410229 -0.00157934 0.000695187 0.00117437 -0.000232339 -6.77782e-05 -0.00192317 -0.00647788 0.00314524 0.000467938 6.17579e-05 0.000611651 -5.78557e-05 -0.000227347
internal_weight=198419 6474 1687 1261 4787 426 295 212 191945 1823 959 864 587 394 193 190122 12827 1607 11220 7398 3822 3718 833 226 1198 2885 2526 2060 1763 607
internal_count=198419 6474 1687 1261 4787 426 295 212 191945 1823 959 864 587 394 193 190122 12827 1607 11220 7398 3822 3718 833 226 1198 2885 2526 2060 1763 607
is_linear=0
shrinkage=0.06


Tree=207
num_leaves=31
num_cat=0
split_feature=0 23 3 0 24 16 0 24 23 27 24 21 16 0 11 23 17 24 25 27 21 17 21 0 24 26 19 27 21 25
split_gain=1.1548 1.12251 1.05292 1.14478 0.764826 0.944741 1.04409 2.27479 0.74672 0.692997 0.690354 0.653686 1.40787 1.46668 1.40491 1.35196 1.75468 1.7399 2.68733 2.1677 1.21533 1.18253 3.15314 3.65766 3.68412 1.87639 1.59971 1.47632 2.15512 1.06299
threshold=69.17972564697267 22.062063217163089 61.500000000000007 86.781265258789077 17827.022460937504 14.500000000000002 2.9036418199539189 17921.063476562504 17.846974372863773 16.486178398132328 2039.013854980469 0.54729878902435314 17.500000000000004 21.312211990356449 0.2663626372814179 0.054109174758195884 1.0000000180025095e-35 7111.3327636718759 11.500000000000002 19.599147796630863 0.74504846334457409 1.5000000000000002 0.70534417033195507 12.764007568359377 16492.236328125004 15.363365650177004 80.374996185302749 4.4362108707427987 0.65534421801567089 6.5000000000000009
decision_type=2 2 2 2 2 2 2 2 2 2 2 2 2 2 2 2 2 2 2 2 2 2 2 2 2 2 8 2 2 2
left_child=4 2 3 9 11 8 -7 -8 -6 -2 -4 -1 13 29 15 16 -15 -18 19 -19 21 22 23 -14 25 -25 -24 28 -23 -13
right_child=1 -3 10 -5 5 6 7 -9 -10 -11 -12 12 20 14 -16 -17 17 18 -20 -21 -22 27 26 24 -26 -27 -28 -29 -30 -31
leaf_value=-0.00062203527556620229 0.030280342205701995 0.25698744562203035 -0.051265990306056428 0.11705963407986357 0.052282208650705903 0.023278030526200668 0.015041315560835994 -0.030560977354321697 -0.048697612118124504 -0.018589291381340991 0.0034505660663669783 0.012556992515431842 0.032741526253929384 0.10296209902074017 0.12553760517332854 0.066535839810959854 0.1523960435529485 0.014796213911608192 -0.21310889171737765 -0.088911740702368194 0.028597263970528967 -0.016039798166688369 -0.10418534400329592 -0.076427595486444469 -0.17338469901752029 0.063222962599716714 -0.0498454373566957 0.0020778345844567709 -0.17896410740233312 -0.0030675046507689326
leaf_weight=166926 505 169 80 604 782 315 441 203 82 278 4838 8772 545 337 618 662 118 566 145 144 707 262 88 127 90 103 87 2678 104 7043
leaf_count=166926 505 169 80 604 782 315 441 203 82 278 4838 8772 545 337 618 662 118 566 145 144 707 262 88 127 90 103 87 2678 104 7043
internal_value=3.11162e-05 0.000819277 0.000689929 0.00214996 4.53277e-06 0.00122765 -6.88215e-05 -0.00145342 0.00266667 0.000636016 0.000278162 -7.19516e-06 0.000291257 0.000529748 0.00185328 0.00107099 -4.58013e-05 -0.00133813 -0.0022807 -0.000760563 -0.000624921 -0.00102253 -0.00276923 -0.00128324 -0.006375 -0.00234783 -0.0101143 -0.000425755 -0.004 0.000312994
internal_weight=198419 6474 6305 1387 191945 1823 959 644 864 783 4918 190122 23196 18405 2590 1972 1310 973 855 710 4791 4084 1040 865 320 230 175 3044 366 15815
internal_count=198419 6474 6305 1387 191945 1823 959 644 864 783 4918 190122 23196 18405 2590 1972 1310 973 855 710 4791 4084 1040 865 320 230 175 3044 366 15815
is_linear=0
shrinkage=0.06


Tree=208
num_leaves=31
num_cat=0
split_feature=0 23 3 11 24 23 23 0 19 3 1 23 16 21 27 18 23 5 23 0 27 27 21 20 4 5 5 7 3 0
split_gain=1.09766 1.13115 1.031 0.865061 1.52267 1.50546 1.44133 1.19412 0.735615 1.24726 1.37915 1.10611 1.41598 1.32487 1.19417 1.0432 1.00002 1.34015 0.889689 0.801116 0.777505 1.92458 1.07045 0.968113 0.808107 0.722693 0.695037 0.629878 1.36759 1.89352
threshold=69.17972564697267 22.062063217163089 26.500000000000004 0.26825551688671118 9248.4008789062518 2.2476330995559697 1.1757388710975649 75.529083251953139 90.816707611083999 306.50000000000006 226.50000000000003 11.342735767364504 18.500000000000004 0.22698328644037249 11.793694019317629 1.8362598419189455 1.3482347726821902 6.5000000000000009 0.39329834282398229 78.621612548828139 13.031791687011721 11.707962036132814 0.26013524830341345 3.5000000000000004 97.500000000000014 3.5000000000000004 4.5000000000000009 1.0000000180025095e-35 15.500000000000002 1.6419573426246645
decision_type=2 2 2 2 2 2 2 2 8 2 2 2 2 2 2 2 2 2 2 2 2 2 2 2 2 2 2 2 2 2
left_child=27 2 -2 8 -5 6 7 -6 9 10 15 12 13 14 -10 16 18 -18 20 -16 21 22 24 -24 -4 -9 -22 28 29 -1
right_child=1 -3 3 4 5 -7 -8 25 11 -11 -12 -13 -14 -15 19 -17 17 -19 -20 -21 26 -23 23 -25 -26 -27 -28 -29 -30 -31
leaf_value=-0.019854946522728172 0.091626590769681923 0.24156819888470851 -0.0067150275205946405 0.17735631826332907 0.19620977159266401 0.17780511946721791 -0.062790058758527667 0.028206483942578985 0.051219246942309477 -0.11189867139763122 0.021481662881664948 -0.053918409484016987 -0.025552131130724264 0.047161139128861551 0.0048289359708868973 0.042363435673959428 0.036117543908111456 -0.067165002306134827 -0.086109003631688733 -0.078016150384661961 -0.023335207977205133 -0.092386269358800122 0.042843805122684597 -0.044321075540294567 -0.11162422094230834 -0.048845473236947809 0.044234924733057762 0.00075147608450416381 -0.0061137627999195109 0.011415728165728362
leaf_weight=829 417 169 101 341 120 337 81 131 153 108 595 155 153 934 89 471 428 106 134 121 438 80 218 138 102 191 163 169175 17761 4180
leaf_count=829 417 169 101 341 120 337 81 131 153 108 595 155 153 934 89 471 428 106 134 121 438 80 218 138 102 191 163 169175 17761 4180
internal_value=3.23258e-05 0.000800742 0.000670896 0.000466712 0.00190341 0.00055814 -0.00145698 -0.000108597 9.85707e-05 -0.000443867 -0.000213853 0.00114019 0.00165517 0.00229915 -0.000776859 -0.000860025 -0.00148428 0.000719101 -0.00234061 -0.00371429 -0.00183871 -0.00329577 -0.00205009 -6.74155e-05 -0.00552709 -0.00201242 -0.000289517 6.40831e-06 -0.000289855 0.000585746
internal_weight=198419 6474 6305 5888 1201 860 523 442 4687 3082 2974 1605 1450 1297 363 2379 1908 534 1374 210 1240 639 559 356 203 322 601 191945 22770 5009
internal_count=198419 6474 6305 5888 1201 860 523 442 4687 3082 2974 1605 1450 1297 363 2379 1908 534 1374 210 1240 639 559 356 203 322 601 191945 22770 5009
is_linear=0
shrinkage=0.06


Tree=209
num_leaves=31
num_cat=0
split_feature=0 23 3 11 24 23 16 23 5 21 3 4 19 23 27 27 23 5 21 3 18 1 16 19 0 6 21 21 24 0
split_gain=1.31025 1.09679 0.879646 0.81551 1.47816 1.27633 1.39617 1.09665 0.750588 1.11869 1.25941 0.906669 0.651188 0.968274 1.65398 1.08111 0.746668 0.966596 1.03628 1.61374 0.91156 0.979594 0.717694 0.717324 0.618357 0.613367 0.611392 1.66547 4.61363 1.64424
threshold=69.17972564697267 22.062063217163089 26.500000000000004 0.26825551688671118 9248.4008789062518 2.2476330995559697 9.5000000000000018 1.0241547226905825 12.500000000000002 0.21874103695154193 309.00000000000006 289.50000000000006 90.816707611083999 2.68842625617981 14.117574691772463 9.5848398208618182 1.3482347726821902 4.5000000000000009 0.27927991747856146 197.50000000000003 1.8362598419189455 149.00000000000003 18.500000000000004 35.58238601684571 96.72674942016603 9.7500000000000018 0.71621471643447887 0.70534417033195507 11780.922363281252 16.753225326538089
decision_type=2 2 2 2 2 2 2 2 2 2 2 2 8 2 2 2 2 2 2 2 2 2 2 10 2 2 2 2 2 2
left_child=26 2 -2 8 -5 6 -6 -8 11 10 -10 12 16 22 15 -15 20 -18 -19 -20 21 25 -14 -22 -23 -4 27 -1 -29 -30
right_child=1 -3 3 4 5 -7 7 -9 9 -11 -12 -13 13 14 -16 -17 17 18 19 -21 23 24 -24 -25 -26 -27 -28 28 29 -31
leaf_value=4.5315026932704238e-05 0.086128995323501226 0.22707410695162611 -0.019208395829095361 0.16671493916752894 -0.066133754789764063 0.16713681229918453 0.055758884985645331 -0.050571341864438901 0.014172942856684504 0.06011861693364088 -0.15763026927782464 -0.085602987226010369 0.040366446053602116 -0.0011515975364983161 0.069998561193707343 -0.10568801777623682 0.049181244607800156 0.012298577460796989 -0.08752225711245952 0.021115669109116383 -0.014665104824274832 0.015120185095023584 -0.012184843290699023 0.10961879501347505 -0.017299181210346858 -0.072564969520350034 0.0091022750961831361 -0.12670635852279188 -0.022769149376247778 0.11305895531178148
leaf_weight=185805 417 169 684 341 148 337 273 102 106 423 81 103 770 83 101 90 509 161 118 89 99 414 128 228 138 362 5139 98 746 157
leaf_count=185805 417 169 684 341 148 337 273 102 106 423 81 103 770 83 101 90 509 161 118 89 99 414 128 228 138 362 5139 98 746 157
internal_value=3.53497e-05 0.000874884 0.000747026 0.000558424 0.00195337 0.000627907 -0.00122753 0.00072 0.000200982 0.00216393 -0.00170053 -9.2715e-05 5.13339e-05 0.00123891 -0.00188321 -0.00544509 -0.000445396 0.0010057 -0.00133696 -0.00414493 -0.00110649 -0.00169712 0.00219154 0.00177982 0.000347826 -0.00277629 7.03349e-06 -1.07275e-05 -0.00245155 -0.00110963
internal_weight=198419 6474 6305 5888 1201 860 523 375 4687 610 187 4077 3974 1172 274 173 2802 877 368 207 1925 1598 898 327 552 1046 191945 186806 1001 903
internal_count=198419 6474 6305 5888 1201 860 523 375 4687 610 187 4077 3974 1172 274 173 2802 877 368 207 1925 1598 898 327 552 1046 191945 186806 1001 903
is_linear=0
shrinkage=0.06


Tree=210
num_leaves=31
num_cat=0
split_feature=0 23 24 26 3 26 26 16 24 25 1 6 27 25 27 19 19 24 19 24 3 5 27 18 21 19 25 16 26 23
split_gain=1.34125 1.09253 0.896815 0.817692 0.765028 0.730058 0.896316 0.84607 0.727962 0.703625 0.845753 1.06102 1.16966 1.09649 0.820351 0.714682 0.84646 0.873087 0.67533 0.669994 0.637868 0.704255 0.691336 0.780329 1.36368 0.720477 1.06477 1.10448 0.927461 0.622749
threshold=69.17972564697267 22.062063217163089 2039.013854980469 22.688641548156742 339.50000000000006 15.61974620819092 14.83086681365967 18.500000000000004 11445.069335937502 5.5000000000000009 224.00000000000003 9.7500000000000018 12.871875762939455 7.5000000000000009 11.96977758407593 57.252471923828132 75.990840911865249 10466.988769531252 78.806194305419936 16796.489257812504 39.000000000000007 13.500000000000002 3.3650343418121342 -3.8565529584884639 0.30225856602191931 64.214946746826186 2.5000000000000004 13.500000000000002 5.3977520465850839 0.087454974651336684
decision_type=2 2 2 2 2 2 2 2 2 2 2 2 2 2 2 8 10 2 8 2 2 2 2 2 2 8 2 2 2 2
left_child=-1 2 -2 4 5 6 19 -7 -9 14 11 13 -13 -11 -5 -16 17 -17 -14 20 -4 22 -22 24 -24 28 27 -27 29 -25
right_child=1 -3 3 9 -6 7 -8 8 -10 10 -12 12 18 -15 15 16 -18 -19 -20 -21 21 -23 23 25 -26 26 -28 -29 -30 -31
leaf_value=0.00011062819973608221 -0.043775690280401076 0.21344966053452896 0.07348436261286502 0.051503037668200927 -0.027694558231937991 0.050528176879908543 -0.041116266518432913 0.056147783500894735 -0.042115229065608148 -0.05256560534411011 0.018962681280483996 -0.073137735540697982 0.0080083784889681871 0.023398492725380988 0.10123199636685411 0.011925906297881317 0.021339302317538739 -0.10441852337745114 -0.074221316130906864 0.061578503569020789 -0.027963199902383631 0.067400547293296822 0.020581681725018224 -0.0023906444865908648 -0.071520955385648177 0.037992450889854014 0.042293801409252499 -0.084471843732713228 0.0089460934189570449 -0.083726411689968541
leaf_weight=191945 99 169 287 406 80 1116 109 129 103 105 263 146 122 294 96 80 209 137 86 196 147 184 178 87 143 141 883 101 293 85
leaf_count=191945 99 169 287 406 80 1116 109 129 103 105 263 146 122 294 96 80 209 137 86 196 147 184 178 87 143 141 883 101 293 85
internal_value=3.47449e-05 0.000884152 0.000756543 0.000846923 0.00131206 0.00142324 0.0008765 0.0025727 -0.000724138 -0.000172839 -0.00126378 -0.00228685 -0.00467797 -0.000165413 0.00102155 -0.000551724 -0.00160563 -0.00423041 -0.00178846 0.00108991 0.000827995 0.000487065 0.000169096 0.000474098 -0.0022243 0.00101887 0.00184 -0.00168595 -0.000967742 -0.00446512
internal_weight=198419 6474 6305 6206 4262 4182 2834 1348 232 1944 1016 753 354 399 928 522 426 217 208 2725 2529 2242 2058 1911 321 1590 1125 242 465 172
internal_count=198419 6474 6305 6206 4262 4182 2834 1348 232 1944 1016 753 354 399 928 522 426 217 208 2725 2529 2242 2058 1911 321 1590 1125 242 465 172
is_linear=0
shrinkage=0.06


Tree=211
num_leaves=31
num_cat=0
split_feature=0 23 24 26 3 26 26 16 19 24 24 11 23 3 11 27 27 26 20 19 26 19 25 17 24 5 24 17 27 26
split_gain=1.28615 1.10106 0.8908 0.739167 0.75395 0.672821 0.889217 0.753385 0.685728 0.864001 0.678753 0.62245 0.796582 1.22397 1.36837 0.788892 0.659773 0.669631 0.651871 1.04884 0.798604 0.795467 1.45755 0.955953 0.612128 1.2594 0.931541 4.07047 1.87203 1.87105
threshold=69.17972564697267 22.062063217163089 2039.013854980469 22.688641548156742 339.50000000000006 15.61974620819092 14.83086681365967 17.500000000000004 78.641563415527358 11445.069335937502 16796.489257812504 0.21494740992784503 1.0241547226905825 109.50000000000001 0.44277396798133856 3.7999819517135625 5.4649550914764413 1.0398950576782229 1.5000000000000002 83.441928863525405 9.8883337974548358 70.238727569580092 8.5000000000000018 1.5000000000000002 17764.509765625004 6.5000000000000009 17602.083007812504 3.5000000000000004 22.779797554016117 4.7221591472625741
decision_type=2 2 2 2 2 2 2 2 10 2 2 2 2 2 2 2 2 2 2 10 2 10 2 2 2 2 2 2 2 2
left_child=24 2 -2 4 5 6 10 -7 9 -9 11 15 -13 -14 -15 -4 -17 -18 21 -20 -21 22 -19 -23 26 -26 -1 29 -29 -28
right_child=1 -3 3 -5 -6 7 -8 8 -10 -11 -12 12 13 14 -16 16 17 18 19 20 -22 23 -24 -25 25 -27 27 28 -30 -31
leaf_value=0.00011106719159962942 -0.041149148863577178 0.20064268090245765 -0.022237481533631254 -0.0012794650674475307 -0.02603288473802147 0.052609590162323069 -0.038649290527327157 0.046849336311396372 0.039185739826064644 -0.044799598170135388 0.057883793354879365 0.13367723036104517 0.087321781331463302 0.16626002655382727 -0.066833013729088148 0.15917718468790032 -0.055450578667092708 -0.04066233037675282 0.053844518560573366 0.012505227790372711 -0.062997808777748118 -0.028047482670270917 0.010516937756369422 0.04237097619329417 -0.00090269371842850634 0.047028656848796944 -0.050224450948493871 -0.033530355211604135 -0.067111999611083634 0.062943410352141196
leaf_weight=186910 99 169 159 1944 80 948 109 126 159 115 196 372 141 96 80 98 97 156 610 154 111 115 115 225 1860 1041 148 1062 118 806
leaf_count=186910 99 169 159 1944 80 948 109 126 159 115 196 372 141 96 80 98 97 156 610 154 111 115 115 225 1860 1041 148 1062 118 806
internal_value=3.38377e-05 0.000865617 0.00073751 0.000827586 0.00126983 0.0013802 0.000855328 0.00248368 0.0003 -0.00171784 0.00106789 0.000804271 0.00234253 0.000132492 -0.00320455 0.000228261 0.000610351 0.000314593 0.000629879 0.00168 -0.0014717 -0.000873977 -0.00329889 0.00105882 5.78313e-06 0.000870734 -7.4901e-06 -0.00125398 -0.00361017 0.00166038
internal_weight=198419 6474 6305 6206 4262 4182 2834 1348 400 241 2725 2529 689 317 176 1840 1681 1583 1486 875 265 611 271 340 191945 2901 189044 2134 1180 954
internal_count=198419 6474 6305 6206 4262 4182 2834 1348 400 241 2725 2529 689 317 176 1840 1681 1583 1486 875 265 611 271 340 191945 2901 189044 2134 1180 954
is_linear=0
shrinkage=0.06


Tree=212
num_leaves=31
num_cat=0
split_feature=0 23 3 0 18 3 4 23 23 3 17 0 23 0 4 23 26 23 21 7 11 21 3 25 24 24 24 24 16 0
split_gain=1.18033 1.11821 0.936766 1.16656 0.904313 0.72716 0.670268 1.16991 1.16208 1.2607 1.01936 0.928286 0.901294 2.63001 0.866813 0.866551 0.686686 0.64261 0.594013 1.70672 1.97274 2.43979 1.76851 1.93102 2.53225 2.42146 2.83957 2.65769 3.5729 1.68836
threshold=69.17972564697267 22.062063217163089 79.000000000000014 86.781265258789077 -0.37090830504894251 29.000000000000004 180.50000000000003 12.58334255218506 0.054109174758195884 339.50000000000006 1.5000000000000002 91.426315307617202 14.446452617645265 86.781265258789077 265.50000000000006 1.4496549367904665 16.975709915161136 9.4319357872009295 0.37659685313701635 1.0000000180025095e-35 0.26540583372116094 0.38119827210903173 47.500000000000007 3.5000000000000004 7534.7277832031259 17350.135742187504 16836.582031250004 17119.833007812504 11.500000000000002 12.045402526855471
decision_type=2 2 2 2 2 2 2 2 2 2 2 2 2 2 2 2 2 2 2 2 2 2 2 2 2 2 2 2 2 2
left_child=18 2 3 -2 5 -5 12 8 9 11 16 -8 -4 -14 -13 -12 -10 -17 29 -20 21 -21 -23 24 -24 26 -26 -28 -29 -1
right_child=1 -3 6 4 -6 -7 7 -9 10 -11 15 14 13 -15 -16 17 -18 -19 19 20 -22 22 23 -25 25 -27 27 28 -30 -31
leaf_value=0.000631503647762529 0.0056290511074960099 0.18860412004830993 -0.00081421319296214869 0.17843150716802841 0.12359334276055418 0.0016403815056024442 0.070162770555484283 0.17429456512038982 -0.051610767061838744 -0.048533422452840529 -0.05073413387392129 0.012897462881928907 -0.11018905503000739 0.072857603601371085 -0.024320171065715233 0.081855543609849368 -0.014572648783668646 -0.05640464945373011 -0.0066791749953850465 0.05456919463862131 0.017258010957738892 0.018652982263156672 0.021682106382790396 0.0025203355012324035 -0.016627868163044884 0.044332647741712465 -0.071430175425065495 -0.086071375899001393 0.048055250074143747 -0.0079995396172366125
leaf_weight=96523 1139 169 2078 95 445 310 746 197 82 83 101 285 101 110 120 203 117 93 8217 884 11176 3734 1794 33488 8681 600 299 208 257 26084
leaf_count=96523 1139 169 2078 95 445 310 746 197 82 83 101 285 101 110 120 203 117 93 8217 884 11176 3734 1794 33488 8681 600 299 208 257 26084
internal_value=3.1721e-05 0.000828545 0.000699445 0.00177677 0.00345882 0.00140741 0.000202966 0.000997534 0.00052459 0.00157536 -0.00165101 0.00209036 -0.000500655 -0.00423697 -0.000222222 0.000105794 -0.00515578 0.00174324 4.84536e-06 0.000145202 0.000254348 9.31026e-05 3.68115e-05 -6.65826e-05 -0.00072523 -0.00109607 -0.00133086 -0.0048377 -0.002 -7.45306e-05
internal_weight=198419 6474 6305 1989 850 405 4316 2027 1830 1234 596 1151 2289 211 405 397 199 296 191945 69338 61121 49945 49061 45327 11839 10045 9445 764 465 122607
internal_count=198419 6474 6305 1989 850 405 4316 2027 1830 1234 596 1151 2289 211 405 397 199 296 191945 69338 61121 49945 49061 45327 11839 10045 9445 764 465 122607
is_linear=0
shrinkage=0.06


Tree=213
num_leaves=31
num_cat=0
split_feature=0 3 0 18 23 2 4 5 18 3 23 0 1 19 21 27 21 0 21 21 21 21 16 24 4 11 5 24 24 16
split_gain=1.0859 1.00992 1.19035 0.923442 0.745081 0.790515 0.84345 1.4945 0.807123 0.712594 0.705538 2.28582 0.670379 0.926993 0.729658 0.607784 0.999106 0.595311 0.592842 0.585017 1.19288 2.75351 4.98284 5.5543 4.50203 1.69444 1.52309 1.91657 1.39702 1.35249
threshold=69.17972564697267 79.000000000000014 86.781265258789077 -0.37090830504894251 22.062063217163089 6.5000000000000009 293.50000000000006 14.500000000000002 3.3339608907699589 29.000000000000004 14.446452617645265 82.491657257080092 257.50000000000006 48.908920288085945 0.45558665692806249 9.3968977928161639 0.37800039350986486 78.621612548828139 0.21874103695154193 0.56017047166824352 0.59352794289588939 0.59814637899398815 12.500000000000002 16412.251953125004 110.50000000000001 0.3195976614952088 5.5000000000000009 17182.204101562504 16086.083007812502 16.500000000000004
decision_type=2 2 2 2 2 2 2 2 2 2 2 2 2 8 2 2 2 2 2 2 2 2 2 2 2 2 2 2 2 2
left_child=19 2 15 9 5 8 12 -8 10 -4 -3 -12 13 -7 17 -2 -17 -15 -9 -1 26 22 23 -22 -25 -24 -21 -28 29 -23
right_child=1 4 3 -5 -6 6 7 18 -10 -11 11 -13 -14 14 -16 16 -18 -19 -20 20 21 28 25 24 -26 -27 27 -29 -30 -31
leaf_value=-0.00042981300289689765 0.038841544394573733 -0.0027966600767409906 0.16817110406849842 0.13433004571414808 0.19031985527504089 -0.03938545007138762 -0.10770109313036359 -0.076497172832832555 0.041632713138129225 0.0035436928189132764 -0.095307328573062636 0.086642285646781642 0.067626030915325999 0.054581152612214558 0.13744178177188213 0.022482372662711875 -0.032939263732677908 -0.0078092968411540131 0.035270639266878061 0.00084479877434145533 -0.03216185934501594 0.0086268163781484143 0.033435768531685527 -0.082464601137547916 -0.22679484250136789 -0.064137123096699097 0.047265252477825793 -0.07130959151468623 0.03908321147392739 -0.012306150722138831
leaf_weight=170760 399 2405 96 472 100 82 85 84 320 315 86 93 409 168 120 487 289 263 201 2642 510 9152 574 91 99 193 2076 87 1656 4105
leaf_count=170760 399 2405 96 472 100 82 85 84 320 315 86 93 409 168 120 487 289 263 201 2642 510 9152 574 91 99 193 2076 87 1656 4105
internal_value=2.71851e-05 0.000791474 0.00188921 0.00355379 0.000279892 0.000161261 0.00132578 -0.00113513 -0.000404958 0.00147445 -0.000756966 -0.00439106 0.00219962 0.000976304 0.00186207 0.000638298 -0.000340206 0.000709977 0.000947369 1.40688e-06 0.000298797 5.49453e-05 -0.00242536 -0.00608571 -0.0148421 0.000915254 0.00113007 0.00231068 0.000298934 9.36866e-05
internal_weight=198419 6474 2058 883 4416 4316 1412 370 2904 411 2584 179 1042 633 551 1175 776 431 285 191945 21185 16380 1467 700 190 767 4805 2163 14913 13257
internal_count=198419 6474 2058 883 4416 4316 1412 370 2904 411 2584 179 1042 633 551 1175 776 431 285 191945 21185 16380 1467 700 190 767 4805 2163 14913 13257
is_linear=0
shrinkage=0.06


Tree=214
num_leaves=31
num_cat=0
split_feature=0 11 4 25 27 21 21 23 4 0 27 0 26 1 16 0 19 18 27 27 23 18 25 24 23 21 23 23 26 21
split_gain=1.09199 1.21698 1.00308 0.892272 0.857961 0.820131 0.748174 0.633297 1.99479 1.93994 1.20476 1.26893 1.89547 1.12334 1.04344 0.939022 0.707296 1.76746 1.19583 1.33783 1.41987 1.67426 1.32873 1.29015 1.28666 1.19389 1.17239 1.72873 1.9026 1.99882
threshold=96.72674942016603 0.21494740992784503 75.000000000000014 2.5000000000000004 14.117574691772463 0.3112658560276032 0.35429145395755773 23.276655197143558 155.50000000000003 37.445917129516609 20.14583778381348 12.943249225616457 17.346798896789554 54.000000000000007 16.500000000000004 9.4515752792358416 61.165781021118171 0.093400344252586379 9.1299281120300311 8.5207352638244647 13.439692974090578 1.0600514411926272 9.5000000000000018 8725.8950195312518 1.7259050011634829 0.18616661429405215 14.207778453826906 3.398565530776978 2.7127850055694585 0.33031846582889562
decision_type=2 2 2 2 2 2 2 2 2 2 2 2 2 2 2 2 8 2 2 2 2 2 2 2 2 2 2 2 2 2
left_child=7 2 -2 -4 5 -5 -6 16 9 10 11 12 -9 -13 -15 -10 17 -1 19 20 24 -22 -23 25 -19 -20 27 -25 29 -29
right_child=1 -3 3 4 6 -7 -8 8 15 -11 -12 13 -14 14 -16 -17 -18 18 23 -21 21 22 -24 26 -26 -27 -28 28 -30 -31
leaf_value=0.0040413280790140378 0.076006619520113672 0.15158312916747207 0.18949852298963876 -0.0070279643098718203 -0.040399663299942226 -0.05778511287118137 0.061347708213201096 -0.07535233334430165 0.013689193170950843 0.091324018625026121 0.035861539467167317 -0.04340347349981874 -0.0072278240081637803 0.12775885890595812 -0.035236050353278502 0.2887232756673459 0.0008884856196330667 -0.0055975384638454091 -0.02128472815875955 0.045214947171411918 -0.13282681220434039 -0.046501484061489844 0.034341305096490117 -0.013070985416553495 0.017883571594120906 0.010718416837216865 0.029938398572406131 -0.022963927555100298 -0.032480804606328843 -0.12621668566668517
leaf_weight=17092 297 381 84 261 155 111 141 111 207 207 137 85 120 136 86 367 152488 5023 1248 627 95 286 104 9919 1929 3540 700 139 2258 85
leaf_count=17092 297 381 84 261 155 111 141 111 207 207 137 85 120 136 86 367 152488 5023 1248 627 95 286 104 9919 1929 3540 700 139 2258 85
internal_value=2.62779e-05 0.00167832 0.000623451 -0.000542553 -0.00127545 -0.00319355 0.00113514 1.42853e-05 0.00126099 -0.000530612 -0.00208889 -0.00336803 -0.00672727 -0.000840391 0.00140541 0.00401394 5.00194e-06 -0.00020978 -0.000521789 8.48217e-05 -0.000139572 -0.00327835 -0.00153846 -0.000795237 7.94018e-05 4.76193e-05 -0.00110327 -0.00123813 -0.00265431 -0.00792857
internal_weight=198419 1430 1049 752 668 372 296 196989 1456 882 675 538 231 307 222 574 195533 43045 25953 8064 7437 485 390 17889 6952 4788 13101 12401 2482 224
internal_count=198419 1430 1049 752 668 372 296 196989 1456 882 675 538 231 307 222 574 195533 43045 25953 8064 7437 485 390 17889 6952 4788 13101 12401 2482 224
is_linear=0
shrinkage=0.06


Tree=215
num_leaves=31
num_cat=0
split_feature=0 24 4 21 23 4 0 26 1 26 3 0 11 19 0 0 27 18 24 24 25 23 6 10 21 25 21 25 21 21
split_gain=0.862102 1.66799 1.57065 0.993742 0.631716 1.77453 2.05267 2.21129 0.924612 0.7348 0.629423 2.95945 1.76083 1.35 1.24802 1.01021 1.32721 1.31643 1.25596 3.21577 5.16465 3.08151 3.97941 1.99039 4.11453 5.3196 2.61443 1.76022 3.11562 3.15232
threshold=104.55176544189455 16044.857421875002 142.50000000000003 0.16896060109138492 23.276655197143558 181.50000000000003 12.605771541595461 17.093732833862308 23.000000000000004 20.650745391845707 32.000000000000007 9.4515752792358416 0.68116891384124767 86.885810852050795 5.1916961669921884 6.9567875862121591 2.6316593885421757 -4.7825136184692374 13624.778320312502 11952.073242187502 10.500000000000002 5.6679339408874521 11.299999713897707 1.5000000000000002 0.33763845264911657 5.5000000000000009 0.35550032556056982 1.5000000000000002 0.15790324658155444 0.20257904380559924
decision_type=2 2 2 2 2 2 2 2 2 2 2 2 2 8 2 2 2 2 2 2 2 2 2 2 2 2 2 2 2 2
left_child=4 3 -3 -2 10 6 7 -6 -8 -10 11 12 13 -1 -14 16 17 -12 19 -18 23 -22 -23 24 -21 -26 -25 28 -20 -30
right_child=1 2 -4 -5 5 -7 8 -9 9 -11 15 -13 14 -15 -16 -17 18 -19 27 20 21 22 -24 26 25 -27 -28 -29 29 -31
leaf_value=0.0036421010328521243 -0.0096687308591774292 0.089484068402108735 -0.039432615749567586 0.27890014692130743 -0.046073305299182653 0.16790968793485825 -0.029005381314210141 0.0063078669918279744 0.10115345784237281 -0.0017034032533766183 0.0583958526872944 0.021688269114497599 -0.077569424679990728 -0.012884442896792964 -0.0088345494483164852 -0.0024640757668526626 0.0010637873601300064 -0.024831578033744989 0.077464386544495334 0.034372003969327464 -0.014823868070258858 0.00063807842405300792 -0.092349974946418237 0.016725073870628437 -0.1018415246580737 0.074646129854370413 0.059518726036056513 -0.00057665216730671729 -0.09259731103205858 -0.024692881364727314
leaf_weight=7229 106 92 92 420 153 465 101 192 363 205 195 5593 83 3120 135 84503 49982 2477 316 282 1030 85 113 8297 121 101 3648 26647 220 2053
leaf_count=7229 106 92 92 420 153 465 101 192 363 205 195 5593 83 3120 135 84503 49982 2477 316 282 1030 85 113 8297 121 101 3648 26647 220 2053
internal_value=2.56732e-05 0.00211268 -0.00280435 0.0038327 1.81785e-05 0.00125355 -0.000153846 -0.00391304 0.00178475 0.00272535 8.86737e-06 0.000367574 -0.000223147 -0.000110735 -0.00555963 -2.3324e-05 0.00011031 -0.00120808 0.000148232 0.000297743 0.00111296 -0.00259935 -0.00945455 0.00147916 -0.00221429 -0.00832432 0.00163499 -0.000177315 -0.00167092 -0.00244699
internal_weight=198419 710 184 526 197709 1479 1014 345 669 568 196230 16160 10567 10349 218 180070 95567 2672 92895 63659 13677 1228 198 12449 504 222 11945 29236 2589 2273
internal_count=198419 710 184 526 197709 1479 1014 345 669 568 196230 16160 10567 10349 218 180070 95567 2672 92895 63659 13677 1228 198 12449 504 222 11945 29236 2589 2273
is_linear=0
shrinkage=0.06


Tree=216
num_leaves=31
num_cat=0
split_feature=0 6 24 21 11 3 19 16 26 1 11 23 0 27 11 0 27 11 16 24 16 0 16 11 21 6 11 11 11 11
split_gain=1.08596 1.21137 0.985915 1.01581 0.658158 1.91166 1.73541 2.41497 1.94744 2.24365 1.99148 1.73071 1.46041 1.43965 1.42812 1.35556 2.61781 2.00222 1.48139 1.41355 2.49725 2.85026 2.03872 1.99541 2.53826 5.19806 1.7017 2.31231 2.44181 2.32443
threshold=104.55176544189455 11.050000190734865 16044.857421875002 0.26463150978088384 0.30820882320404058 242.50000000000003 110.43948364257814 16.500000000000004 25.132062911987308 68.500000000000014 0.38462381064891821 4.7370638847351083 20.731276512146 3.1729515790939335 0.43257689476013189 19.311052322387699 8.8615708351135272 0.39678713679313665 20.500000000000004 1613.7940673828127 12.500000000000002 7.9755866527557382 12.500000000000002 0.66671738028526317 0.080220658332109465 10.449999809265138 0.43580402433872228 0.35269501805305487 0.32213369011878973 0.3195976614952088
decision_type=2 2 2 2 2 2 8 2 2 2 2 2 2 2 2 2 2 2 2 2 2 2 2 2 2 2 2 2 2 2
left_child=4 -2 3 -3 -1 6 12 8 9 -8 -10 -7 15 -11 -12 18 -17 -18 19 20 21 -6 -21 26 25 -25 27 28 29 -24
right_child=1 2 -4 -5 5 11 7 -9 10 13 14 -13 -14 -15 -16 16 17 -19 -20 22 -22 -23 23 24 -26 -27 -28 -29 -30 -31
leaf_value=-0.0004338319407035452 0.20639243407953553 -0.029641269461432685 -0.025484550884924316 0.34609278718937131 -0.012560316849028197 0.011726244002677747 -0.060390213679773833 0.039346056192258491 -0.10288432234972915 -0.080860371183521934 0.063031891960904043 0.095356800005076306 0.020313194884716564 -0.0023129490633616696 -0.055462433693955683 -0.13771337006129342 -0.074714652252441463 0.035191061712825801 0.046251050677425451 0.0087692078336412804 0.053113688461586178 -0.1070474911549399 0.013285202498798632 0.023494288183823053 -0.024872776303657865 -0.20843600226108064 0.012916089841071374 -0.039528126540173139 0.083008680631727436 -0.13745351296979352
leaf_weight=162763 341 94 112 163 159 5007 219 870 123 153 87 1112 4769 2209 496 160 87 337 813 9842 183 108 260 85 2207 80 3462 1348 605 165
leaf_count=162763 341 94 112 163 159 5007 219 870 123 153 87 1112 4769 2209 496 160 87 337 813 9842 183 108 260 85 2207 80 3462 1348 605 165
internal_value=2.38588e-05 0.0023662 -1.62599e-05 0.00203113 1.54472e-05 0.000251703 4.72476e-05 -0.00108684 -0.00183085 -0.00106703 -0.00462323 0.0012149 0.000238346 -0.000528366 -0.00315952 1.23614e-05 -0.00283562 -0.000367924 9.84627e-05 -1.16729e-05 -0.00333333 -0.00703371 7.11202e-05 -0.000626887 -0.00209443 -0.00927273 -3.08217e-05 -0.00126661 0.000873787 -0.00261176
internal_weight=198419 710 369 257 197709 34946 28827 4157 3287 2581 706 6119 24670 2362 583 19901 584 424 19317 18504 450 267 18054 8212 2372 165 5840 2378 1030 425
internal_count=198419 710 369 257 197709 34946 28827 4157 3287 2581 706 6119 24670 2362 583 19901 584 424 19317 18504 450 267 18054 8212 2372 165 5840 2378 1030 425
is_linear=0
shrinkage=0.06


Tree=217
num_leaves=31
num_cat=0
split_feature=0 6 21 11 23 1 3 23 16 11 0 17 11 18 17 19 2 24 2 19 1 19 3 1 27 11 25 17 0 17
split_gain=1.24442 1.05775 0.864344 0.687714 1.65199 3.78337 1.60671 1.46214 2.03124 3.35301 2.52884 1.96233 1.33956 1.2649 1.12923 1.19239 1.11858 1.11255 1.18848 1.09588 1.71595 1.8763 1.05848 1.50314 1.0498 1.18333 2.08399 1.71108 1.34162 1.47162
threshold=104.55176544189455 11.050000190734865 0.26463150978088384 0.30820882320404058 9.608006954193117 92.500000000000014 19.500000000000004 8.6239829063415545 11.500000000000002 0.70189699530601513 10.776923656463625 5.5000000000000009 0.52704873681068432 6.4009366035461435 1.5000000000000002 76.317199707031264 8.5000000000000018 1287.2454223632815 2.5000000000000004 110.43948364257814 118.50000000000001 118.7167434692383 14.000000000000002 18.500000000000004 2.3653137683868413 0.32403683662414556 3.5000000000000004 3.5000000000000004 17.045269966125492 4.5000000000000009
decision_type=2 2 2 2 2 2 2 2 2 2 2 2 2 2 2 10 2 2 2 10 2 10 2 2 2 2 2 2 2 2
left_child=3 -2 -3 17 7 6 -6 16 9 -9 11 -10 -7 14 -8 -16 19 18 -1 24 21 -21 23 -19 -5 26 -26 -28 29 -29
right_child=1 2 -4 4 5 12 13 8 10 -11 -12 -13 -14 -15 15 -17 -18 22 -20 20 -22 -23 -24 -25 25 -27 27 28 -30 -31
leaf_value=-0.00637098979506586 0.1940088880347636 -0.022163539793876409 0.067609351725041192 -0.051259794513552594 -0.035353684389508575 0.036925699724317633 0.024207215553247834 -0.09878087761226309 0.068251721344343749 0.14552647800239377 -0.14535204145873409 -0.10316453642449938 0.17769645687757146 0.058206086991903327 -0.040967627765974839 0.048262295781418593 0.021778341498998658 0.0030940077222279972 0.039352501770257772 -0.1010216698653302 0.017347609253343027 -0.040650784893377735 -0.0009069839934862222 0.019453669654482832 -0.071925460113745773 0.00077117226140394036 0.058443228436293668 -0.072618998098634702 0.22052179505183278 0.0083251392527784237
leaf_weight=431 341 180 189 485 146 922 229 87 123 170 103 92 1203 131 464 142 3239 2537 836 85 207 113 158121 838 317 25295 782 83 136 392
leaf_count=431 341 180 189 485 146 922 229 87 123 170 103 92 1203 131 464 142 3239 2537 836 85 207 113 158121 838 317 25295 782 83 136 392
internal_value=2.77899e-05 0.00253521 0.000308943 1.87854e-05 0.000260288 0.00155144 -0.00128417 0.000128481 -0.00286956 0.00109728 -0.00607547 -0.00237209 0.00303529 -0.000397515 -0.00125748 -0.00261386 0.000183851 -3.30663e-05 0.00173796 6.13015e-05 -0.00303704 -0.0070303 -4.69607e-05 0.00100444 0.000106948 0.000156638 0.00168421 0.00268342 0.000304419 -0.0012
internal_weight=198419 710 369 197709 34946 3237 1112 31709 575 257 318 215 2125 966 835 606 31134 162763 1267 27895 405 198 161496 3375 27490 27005 1710 1393 611 475
internal_count=198419 710 369 197709 34946 3237 1112 31709 575 257 318 215 2125 966 835 606 31134 162763 1267 27895 405 198 161496 3375 27490 27005 1710 1393 611 475
is_linear=0
shrinkage=0.06


Tree=218
num_leaves=31
num_cat=0
split_feature=0 6 24 21 14 7 11 0 21 21 23 3 0 25 16 4 16 21 4 26 16 21 0 27 6 16 3 0 27 24
split_gain=0.932033 1.37541 1.32399 1.01581 0.63881 1.60306 1.18266 0.860143 1.02599 0.845635 0.978572 1.68876 1.24468 1.19407 2.83659 2.6575 1.6912 1.42447 1.04027 1.0162 0.944397 1.05178 0.803517 0.792585 1.06343 1.98756 0.750138 0.708309 1.09961 0.712326
threshold=104.55176544189455 11.050000190734865 16044.857421875002 0.26463150978088384 1.0000000180025095e-35 1.0000000180025095e-35 0.31626549363136297 39.752513885498054 0.66943460702896129 0.66943460702896129 1.3482347726821902 47.500000000000007 8.9830675125122088 4.5000000000000009 11.500000000000002 218.50000000000003 17.500000000000004 0.32325446605682379 227.50000000000003 28.811145782470707 14.500000000000002 0.18244930356740954 17.58416843414307 12.221400737762453 18.19999980926514 9.5000000000000018 59.500000000000007 19.311052322387699 14.292305946350099 11234.955566406252
decision_type=2 2 2 2 2 2 2 2 2 2 2 2 2 2 2 2 2 2 2 2 2 2 2 2 2 2 2 2 2 2
left_child=4 -2 3 -3 -1 26 7 9 -9 10 11 -7 -13 19 17 16 -16 -15 20 27 22 -22 -12 -8 25 -25 -6 28 -14 -29
right_child=1 2 -4 -5 5 6 23 8 -10 -11 18 12 13 14 15 -17 -18 -19 -20 -21 21 -23 -24 24 -26 -27 -28 29 -30 -31
leaf_value=3.1665205011698626e-05 0.18236835475267807 -0.026532980906113737 -0.022625665444195989 0.32127065885450629 -0.017620632653066841 0.12029885699870864 0.22851950182931552 0.12527949415113487 -0.019018126777005592 0.18777183893467819 -0.016886817046051269 0.03780575792077933 -0.04974235606599612 -0.047549325322023453 -0.0041062283765054075 -0.22385774296668765 -0.11818709358660351 0.24030948133372138 0.25998153234755123 -0.087867395329245909 0.021558879546028031 -0.10529029720792096 0.13030501947220682 -0.108147438694951 0.41326206959279732 0.17150049185981892 -0.054476450616369125 0.0017713313795517487 0.037467231570998842 0.30640743222763378
leaf_weight=192832 341 94 112 163 476 138 350 439 106 233 83 417 128 210 155 94 106 114 201 100 166 168 197 96 169 190 96 184 136 125
leaf_count=192832 341 94 112 163 476 138 350 439 106 233 83 417 128 210 155 94 106 114 201 100 166 168 197 96 169 190 96 184 136 125
internal_value=2.71851e-05 0.00219718 -0.000341463 0.00203113 1.93924e-05 0.00069756 0.00109408 0.000617143 0.00280734 0.000213198 -8.37617e-05 -0.000827477 -0.00132617 -0.00221006 -0.00398527 -0.00769014 -0.00457471 7.40743e-05 0.00165644 -0.000419019 0.000429968 -0.00172455 0.003 0.0031677 0.00151648 -0.000713286 -0.00228671 0.000554974 -0.00172727 0.00250485
internal_weight=198419 710 369 257 197709 4877 4305 3500 545 2955 2722 1907 1769 1352 679 355 261 324 815 673 614 334 280 805 455 286 572 573 264 309
internal_count=198419 710 369 257 197709 4877 4305 3500 545 2955 2722 1907 1769 1352 679 355 261 324 815 673 614 334 280 805 455 286 572 573 264 309
is_linear=0
shrinkage=0.06


Tree=219
num_leaves=31
num_cat=0
split_feature=0 6 24 21 14 7 1 7 3 7 21 0 0 18 4 18 17 0 3 1 0 23 15 26 27 0 27 24 24 25
split_gain=0.859357 1.28536 1.07625 0.922565 0.806849 1.68061 1.65614 1.59139 0.994283 1.10034 0.998733 0.735456 0.734861 0.687371 1.1553 0.784728 1.00853 0.692472 0.634749 0.584168 0.685329 0.583496 0.81984 0.728931 0.892563 1.19002 0.567132 0.529211 2.2168 4.26193
threshold=104.55176544189455 11.050000190734865 16044.857421875002 0.26463150978088384 1.0000000180025095e-35 1.5000000000000002 87.000000000000014 1.0000000180025095e-35 142.00000000000003 2.5000000000000004 0.10818686708807947 34.128473281860359 9.0571827888488787 1.799487352371216 168.00000000000003 -0.82019302248954762 3.5000000000000004 27.322209358215336 69.500000000000014 3.5000000000000004 2.2135419845581059 7.2746057510375985 1.0000000180025095e-35 18.151082038879398 13.754970550537111 12.30664110183716 16.135438919067386 9248.4008789062518 7791.9338378906259 6.5000000000000009
decision_type=2 2 2 2 2 2 2 2 2 2 2 2 2 2 2 2 2 2 2 2 2 2 2 2 2 2 2 2 2 2
left_child=4 -2 3 -3 19 6 7 -6 -7 13 12 18 -11 15 -15 -10 -17 -16 -9 20 26 22 23 24 25 -12 -1 28 29 -21
right_child=1 2 -4 -5 5 8 -8 11 9 10 21 -13 -14 14 17 16 -18 -19 -20 27 -22 -23 -24 -25 -26 -27 -28 -29 -30 -31
leaf_value=0.02324670953898619 0.17142625346751711 -0.024941002051747048 -0.021268125517544263 0.30199441932323617 -0.024245092941391676 0.18210022675635712 -0.048837714667735767 0.03822163496513966 0.0043782386524266591 0.096210779434495172 0.080373424118331593 0.13338108622298131 -0.054808841055804171 0.12542649510201512 -0.14915061792233472 -0.23951962967061194 -0.020132870723482903 0.066212448254411527 -0.051469815913364907 0.0075387969774903469 0.035485405908934828 0.31296867235812881 0.35260005526663646 0.095053326364596277 0.062866319477953847 -0.10590981769936601 -0.034436802612661091 -0.00091460559016333549 0.010986356189448328 -0.010339969898576185
leaf_weight=141 341 94 112 163 553 388 681 489 187 107 82 387 110 159 103 88 117 143 109 18534 756 280 286 297 186 125 116 135468 20197 17620
leaf_count=141 341 94 112 163 553 388 681 489 187 107 82 387 110 159 103 88 117 143 109 18534 756 280 286 297 186 125 116 135468 20197 17620
internal_value=2.89995e-05 0.00211268 -0.000341463 0.00179767 2.15167e-05 0.000783679 -0.000435331 0.000655397 0.00180135 0.00132159 0.00229328 0.00210152 -0.00146544 -0.000474278 0.00125926 -0.00226531 -0.00482927 -0.00131707 0.000782609 2.24052e-06 0.00143929 0.00294268 0.00225 0.00113043 -0.000564885 -0.00327536 -0.00123735 -5.34857e-06 0.000149172 -0.000132101
internal_weight=198419 710 369 257 197709 4877 2219 1538 2658 2270 1473 985 217 797 405 392 205 246 598 192832 1013 1256 976 690 393 207 257 191819 56351 36154
internal_count=198419 710 369 257 197709 4877 2219 1538 2658 2270 1473 985 217 797 405 392 205 246 598 192832 1013 1256 976 690 393 207 257 191819 56351 36154
is_linear=0
shrinkage=0.06


end of trees

feature_importances:
current_delay=1054
junction_occupancy=826
rain_mm=772
condition_severity=579
visibility_m=489
hour=305
scheduled_minutes=301
month=299
remaining_km=222
weekday=213
average_section_speed=199
scheduled_running_minutes=195
block_count=172
gps_age_seconds=170
trains_ahead=148
junctions=134
report_latency_seconds=132
recovery_minutes=116
delay_trend=96
remaining_stops=82
scheduled_halt_minutes=50
priority=34
congestion_count=12

parameters:
[boosting: gbdt]
[objective: quantile]
[metric: quantile]
[tree_learner: serial]
[device_type: cpu]
[data_sample_strategy: bagging]
[data: ]
[valid: ]
[num_iterations: 220]
[learning_rate: 0.06]
[num_leaves: 31]
[num_threads: 2]
[seed: 26028]
[deterministic: 1]
[force_col_wise: 1]
[force_row_wise: 0]
[histogram_pool_size: -1]
[max_depth: -1]
[min_data_in_leaf: 80]
[min_sum_hessian_in_leaf: 0.001]
[bagging_fraction: 1]
[pos_bagging_fraction: 1]
[neg_bagging_fraction: 1]
[bagging_freq: 0]
[bagging_seed: 26825]
[bagging_by_query: 0]
[feature_fraction: 1]
[feature_fraction_bynode: 1]
[feature_fraction_seed: 27583]
[extra_trees: 0]
[extra_seed: 13330]
[early_stopping_round: 0]
[early_stopping_min_delta: 0]
[first_metric_only: 0]
[max_delta_step: 0]
[lambda_l1: 0]
[lambda_l2: 0]
[linear_lambda: 0]
[min_gain_to_split: 0]
[drop_rate: 0.1]
[max_drop: 50]
[skip_drop: 0.5]
[xgboost_dart_mode: 0]
[uniform_drop: 0]
[drop_seed: 11973]
[top_rate: 0.2]
[other_rate: 0.1]
[min_data_per_group: 100]
[max_cat_threshold: 32]
[cat_l2: 10]
[cat_smooth: 10]
[max_cat_to_onehot: 4]
[top_k: 20]
[monotone_constraints: ]
[monotone_constraints_method: basic]
[monotone_penalty: 0]
[feature_contri: ]
[forcedsplits_filename: ]
[refit_decay_rate: 0.9]
[cegb_tradeoff: 1]
[cegb_penalty_split: 0]
[cegb_penalty_feature_lazy: ]
[cegb_penalty_feature_coupled: ]
[path_smooth: 0]
[interaction_constraints: ]
[verbosity: -1]
[saved_feature_importance_type: 0]
[use_quantized_grad: 0]
[num_grad_quant_bins: 4]
[quant_train_renew_leaf: 0]
[stochastic_rounding: 1]
[linear_tree: 0]
[max_bin: 255]
[max_bin_by_feature: ]
[min_data_in_bin: 3]
[bin_construct_sample_cnt: 200000]
[data_random_seed: 19499]
[is_enable_sparse: 1]
[enable_bundle: 1]
[use_missing: 1]
[zero_as_missing: 0]
[feature_pre_filter: 1]
[pre_partition: 0]
[two_round: 0]
[header: 0]
[label_column: ]
[weight_column: ]
[group_column: ]
[ignore_column: ]
[categorical_feature: ]
[forcedbins_filename: ]
[precise_float_parser: 0]
[parser_config_file: ]
[objective_seed: 8374]
[num_class: 1]
[is_unbalance: 0]
[scale_pos_weight: 1]
[sigmoid: 1]
[boost_from_average: 1]
[reg_sqrt: 0]
[alpha: 0.1]
[fair_c: 1]
[poisson_max_delta_step: 0.7]
[tweedie_variance_power: 1.5]
[lambdarank_truncation_level: 30]
[lambdarank_norm: 1]
[label_gain: ]
[lambdarank_position_bias_regularization: 0]
[eval_at: ]
[multi_error_top_k: 1]
[auc_mu_weights: ]
[num_machines: 1]
[local_listen_port: 12400]
[time_out: 120]
[machine_list_filename: ]
[machines: ]
[gpu_platform_id: -1]
[gpu_device_id: -1]
[gpu_device_id_list: ]
[gpu_use_dp: 0]
[num_gpu: 1]

end of parameters

pandas_categorical:null
