tree
version=v4
num_class=1
num_tree_per_iteration=1
label_index=0
max_feature_idx=27
objective=quantile
feature_names=current_delay remaining_km remaining_stops scheduled_minutes scheduled_running_minutes scheduled_halt_minutes recovery_minutes junctions mean_tracks single_track_km priority condition_severity restriction_speed_kmph restriction_count block_count congestion_count hour weekday delay_trend average_section_speed trains_ahead junction_occupancy precedence_risk rain_mm visibility_m month gps_age_seconds report_latency_seconds
feature_infos=[0:190.09346008300781] [3:362] [1:12] [8:385] [8:367] [0:19] [0.80000001192092896:36.700000762939453] [0:5] none none [1:2] [0:0.79798996448516846] [60:60] [0:1] [0:1] [0:1] [0:23] [0:6] [-16.743789672851562:99.145584106445312] [1.8553365468978882:130] [0:4] [0.0072445138357579708:0.94309985637664795] [0.0047089341096580029:0.61301487684249878] [0:46.911628723144531] [636.886474609375:17981.216796875] [1:12] [0.00086273933993652463:899.9989013671875] [2.0005078315734863:24.999956130981445]
tree_sizes=2847 2993 2985 2995 2994 3005 2998 3009 3011 2995 3002 2995 3009 3014 3005 3008 3009 3007 3010 3009 3016 3006 3006 3018 3011 3006 3008 3017 3000 3003 3001 2997 2999 3006 3001 3010 2989 3023 3003 3001 2984 2986 2978 3005 2978 2986 2960 2987 2986 2976 2975 2972 2988 3008 2970 3005 2991 2963 2976 2994 3000 2966 2972 2986 2954 2964 2972 2957 2965 2984 2943 2952 2960 2981 2981 2929 3002 2927 2971 2986 2970 2961 2994 2950 2994 2931 2987 2921 2912 2947 2932 2931 2952 2957 2921 2934 2966 2930 2965 2986 2917 2937 2971 3011 2965 2955 2904 2916 2954 2863 2927 2992 2917 2926 2928 2992 2874 2971 2901 2897 2884 2976 2930 3002 2935 2968 2984 3006 3000 2935 2951 2999 2851 2946 2999 2899 2913 3002 2986 2932 3007 2933 2894 2968 2977 2955 2905 2926 2997 3008 2974 2950 2921 2883 2982 2950 2950 2945 2941 2938 2939 2940 2985 2935 2969 2915 2900 2931 2983 3002 2954 2992 2988 2944 3012 2935 2996 2959 2953 2933 2934 2875 2918 2929 2957 2912 2862 2915 2883 2940 2925 2859 2947 2871 2979 2917 2917 2933 2995 2948 2964 2962 2898 2936 2923 2932 2896 2926 2891 2953 2916 2916 2964 2973 2923 2944 2969 2913 2905 2968

Tree=0
num_leaves=31
num_cat=0
split_feature=0 11 23 0 11 23 6 0 14 0 1 23 7 11 23 14 23 23 11 14 23 21 1 0 21 21 14 3 23 4
split_gain=11940.7 2242.72 1297.16 1116.04 499.741 547.868 420.81 397.9 203.701 164.734 228.236 161.626 158.654 146.246 141.866 137.489 128.035 122.522 108.753 106.606 102.311 101.41 100.343 95.2594 91.5287 78.6253 74.1828 65.9532 56.0266 44.5707
threshold=9.2073082923889178 0.24962412565946582 8.9206295013427752 14.579007625579836 0.28625878691673284 4.1234867572784433 9.1500000953674334 4.8192434310913095 1.0000000180025095e-35 23.120385169982914 166.50000000000003 3.5130198001861577 1.5000000000000002 0.38462381064891821 13.07795572280884 1.0000000180025095e-35 3.1620360612869267 2.1170724630355839 0.36120681464672094 1.0000000180025095e-35 2.68842625617981 0.41141399741172796 129.50000000000003 5.023224115371705 0.37659685313701635 0.39091403782367712 1.0000000180025095e-35 44.000000000000007 11.374407768249513 59.500000000000007
decision_type=2 2 2 2 2 2 2 2 2 2 2 2 2 2 2 2 2 2 2 2 2 2 2 2 2 2 2 2 2 2
left_child=1 2 7 4 5 6 27 8 12 10 -5 13 -1 -3 -4 16 21 18 26 24 25 29 23 -15 -8 -14 -12 -2 -7 -9
right_child=3 11 14 9 -6 28 19 15 -10 -11 17 -13 20 22 -16 -17 -18 -19 -20 -21 -22 -23 -24 -25 -26 -27 -28 -29 -30 -31
leaf_value=5.8791269159317014 6.340366945266724 6.092292938232422 6.1441470766067505 6.7507015800476076 6.5062368392944334 6.3156111145019533 5.9671484327316282 6.0350213527679442 7.3713492965698242 8.5179618072509768 6.1097781085968021 6.5020740509033201 5.8889095687866213 6.0586666202545167 6.4090851974487304 7.2216521644592282 6.0896359348297118 6.9001007080078125 6.8327879333496089 7.8504375457763675 6.0302409267425539 6.0379869747161869 6.3191861915588383 6.2041432714462283 6.0987413120269771 5.9819537401199341 8.1947209167480466 6.2074935579299924 6.5634136390686031 5.9309005594253543
leaf_weight=30209 1956 4840 4862 10828 8548 3700 5700 3942 327 23139 3103 2800 21056 2096 3189 318 5259 2360 865 269 4195 11051 6719 2746 4050 8507 313 3386 3072 15014
leaf_count=30209 1956 4840 4862 10828 8548 3700 5700 3942 327 23139 3103 2800 21056 2096 3189 318 5259 2360 865 269 4195 11051 6719 2746 4050 8507 313 3386 3072 15014
internal_value=6.11682 6.1058 6.10244 6.13647 6.12784 6.12308 6.11681 6.10057 6.09775 6.143 6.1386 6.12469 6.09751 6.12242 6.1256 6.10566 6.1053 6.12984 6.12379 6.10956 6.10034 6.10379 6.12608 6.1195 6.10853 6.09909 6.11898 6.13041 6.1373 6.10113
internal_weight=198419 127130 107929 71289 30681 22133 15361 99878 64294 40608 17469 19201 63967 16401 8051 35584 35266 6641 4281 10019 33758 30007 11561 4842 9750 29563 3416 5342 6772 18956
internal_count=198419 127130 107929 71289 30681 22133 15361 99878 64294 40608 17469 19201 63967 16401 8051 35584 35266 6641 4281 10019 33758 30007 11561 4842 9750 29563 3416 5342 6772 18956
is_linear=0
shrinkage=1


Tree=1
num_leaves=31
num_cat=0
split_feature=0 11 23 0 11 23 6 0 14 14 6 23 11 14 23 23 21 21 23 0 1 0 21 21 1 20 21 3 11 23
split_gain=11304 2138.7 1286.58 971.191 507.202 529.654 542.225 405.035 194.455 162.537 158.955 156.122 143.628 138.572 138.513 124.454 121.511 113.674 110.07 103.905 98.7342 89.9089 82.358 79.5889 67.4351 62.0857 47.4028 47.1539 46.671 54.0342
threshold=9.5444149971008319 0.24962412565946582 8.7969288825988787 18.613037109375004 1.0000000180025095e-35 6.8165552616119394 10.84999990463257 4.7693080902099618 1.0000000180025095e-35 1.0000000180025095e-35 8.1500000953674334 7.8740422725677499 0.38462381064891821 1.0000000180025095e-35 12.229872703552248 1.8355448246002199 0.41141399741172796 0.39240394532680517 2.68842625617981 12.30664110183716 128.00000000000003 5.023224115371705 0.51284587383270275 0.39091403782367712 41.500000000000007 1.5000000000000002 0.30021543800830847 111.00000000000001 0.56387564539909374 1.6508769989013674
decision_type=2 2 2 2 2 2 2 2 2 2 2 2 2 2 2 2 2 2 2 2 2 2 2 2 2 2 2 2 2 2
left_child=1 2 7 4 5 6 19 8 10 16 -1 12 22 15 25 17 -8 -9 23 24 21 -14 -3 -12 -2 -4 -17 -16 29 -6
right_child=3 11 14 -5 28 -7 9 13 -10 -11 18 -13 20 -15 27 26 -18 -19 -20 -21 -22 -23 -24 -25 -26 -27 -28 -29 -30 -31
leaf_value=-0.22835297641754149 0.18502267313003537 -0.038340433216094955 0.10616977701187133 1.7838638305664063 0.25267245483398437 0.40016658668518068 -0.12451000986099242 -0.15720581445693971 1.1792563270568848 1.747880191040039 -0.21713191151618957 0.47636370849609372 -0.05087813816070557 1.0521361461639405 0.10048708419799805 -0.088798903656005845 0.023802528762817375 -0.075597881126403838 -0.090561155176162714 0.31835410509109496 0.19718064937591551 0.087519136333465558 0.20301703491210935 -0.13346555471420288 0.043520721530914325 -0.048040182352066044 0.0065815778732299891 0.37289422044754028 0.54036748123168943 0.57208067207336422
leaf_weight=22916 1180 4615 1939 29689 4881 6363 6923 18193 327 480 25474 1841 2161 336 1647 3098 4183 11979 4712 4053 7394 3067 863 10116 3011 2664 4116 2615 4875 2708
leaf_count=22916 1180 4615 1939 29689 4881 6363 6923 18193 327 480 25474 1841 2161 336 1647 3098 4183 11979 4712 4053 7394 3067 863 10116 3011 2664 4116 2615 4875 2708
internal_value=0.000145903 -0.0102351 -0.0135089 0.0199026 0.0136345 0.0088936 0.00406051 -0.0154276 -0.0183512 -0.00430865 -0.01859 0.00784564 0.00615249 -0.0105026 0.00840948 -0.0108474 -0.00578606 -0.0125401 -0.0163213 0.0158224 0.00967359 0.00336266 -0.00196057 -0.0174622 0.00919828 0.0011927 -0.00376767 0.0162037 0.0235976 0.0206549
internal_weight=198419 130073 110132 68346 38657 26193 19830 101267 63545 11586 63218 19941 18100 37722 8865 37386 11106 30172 40302 8244 12622 5228 5478 35590 4191 4603 7214 4262 12464 7589
internal_count=198419 130073 110132 68346 38657 26193 19830 101267 63545 11586 63218 19941 18100 37722 8865 37386 11106 30172 40302 8244 12622 5228 5478 35590 4191 4603 7214 4262 12464 7589
is_linear=0
shrinkage=0.06


Tree=2
num_leaves=31
num_cat=0
split_feature=0 11 0 23 11 23 6 0 0 1 1 6 21 23 14 14 23 23 11 0 14 14 21 21 1 3 23 23 11 0
split_gain=10570 1735.31 1356.89 939.839 530.676 576.932 391.043 292.943 199.918 272.469 160.286 158.633 139.995 132.199 128.212 119.994 109.54 107.407 107.218 102.442 102.421 98.8695 89.4632 80.7137 80.3338 71.0101 70.9049 64.716 68.3239 49.6513
threshold=8.6549654006958026 0.24962412565946582 14.579007625579836 8.9206295013427752 0.28881517052650457 4.1234867572784433 8.7999997138977069 3.7049018144607548 24.521744728088382 166.50000000000003 171.50000000000003 8.1500000953674334 0.57018676400184642 2.1170724630355839 1.0000000180025095e-35 1.0000000180025095e-35 2.0322954654693608 13.07795572280884 0.2663626372814179 5.8365070819854745 1.0000000180025095e-35 1.0000000180025095e-35 0.37659685313701635 0.39091403782367712 60.000000000000007 32.000000000000007 12.495970249176027 4.7370638847351083 0.3308964222669602 11.824396133422853
decision_type=2 2 2 2 2 2 2 2 2 2 2 2 2 2 2 2 2 2 2 2 2 2 2 2 2 2 2 2 2 2
left_child=1 3 4 7 5 6 25 11 9 -4 19 -1 15 18 22 16 -9 -5 21 24 23 -11 -8 -13 -3 -2 -7 28 -12 -27
right_child=2 10 8 17 -6 26 14 12 -10 13 27 20 -14 -15 -16 -17 -18 -19 -20 -21 -22 -23 -24 -25 -26 29 -28 -29 -30 -31
leaf_value=-0.22954089743041989 0.21067124839210508 -0.12058383761787415 0.55794635359954825 0.0088942976331710891 0.32542522018432618 0.16886656844329831 -0.13647679149055478 -0.14758610794544219 2.2655836990356444 -0.041004609025955201 -0.014805124391555803 -0.19881868471813199 -0.029022451755523697 0.7096857376098632 1.5279271534423828 0.75714003484725956 -0.06559166269111634 0.25370100646305083 0.54880545673370362 0.083565581457138063 1.5830387968597412 1.8687310014953613 -0.030913332721710169 -0.11880066475868226 0.0035309992561340484 0.037447121432304394 0.40937358290863035 0.62144975555419923 0.18627520313644408 0.1871536506214142
leaf_weight=18755 1333 1485 11743 4575 9639 4704 6936 31691 21682 3171 1277 23344 5629 2491 325 282 7454 2922 1153 4072 187 368 5033 9209 4399 3312 3023 1274 5453 1498
leaf_count=18755 1333 1485 11743 4575 9639 4704 6936 31691 21682 3171 1277 23344 5629 2491 325 282 7454 2922 1153 4072 187 368 5033 9209 4399 3312 3023 1274 5453 1498
internal_value=0.000210615 -0.0107486 0.0177096 -0.0137216 0.00919448 0.00476074 -0.00100721 -0.0153106 0.0252172 0.0207112 0.00647439 -0.018402 -0.0117773 0.0115063 -0.00718399 -0.0130411 -0.013322 0.0067427 0.00557545 0.00139213 -0.0158815 0.000398418 -0.00819367 -0.0161358 -0.00367097 0.0113544 0.0185234 0.0127961 0.0104487 0.00795842
internal_weight=198419 122008 76411 104048 35803 26164 18437 96551 40608 18926 17960 51495 45056 7183 12294 39427 39145 7497 4692 9956 32740 3539 11969 32553 5884 6143 7727 8004 6730 4810
internal_count=198419 122008 76411 104048 35803 26164 18437 96551 40608 18926 17960 51495 45056 7183 12294 39427 39145 7497 4692 9956 32740 3539 11969 32553 5884 6143 7727 8004 6730 4810
is_linear=0
shrinkage=0.06


Tree=3
num_leaves=31
num_cat=0
split_feature=0 11 23 0 23 11 6 0 14 14 11 6 14 23 21 23 21 23 23 0 4 21 21 0 23 3 11 14 23 0
split_gain=9936.49 1819.7 1110.78 904.64 437.957 458.814 444.654 389.759 166.391 157.969 157.77 152.112 125.218 114.661 109.739 109.62 101.735 103.536 95.1726 85.7134 151.267 82.3358 77.8944 77.2754 72.7762 70.6263 70.2109 59.5742 63.9697 57.8197
threshold=9.7368164062500018 0.24962412565946582 8.7969288825988787 18.613037109375004 2.629718661308289 0.32213369011878973 9.9499998092651385 4.8192434310913095 1.0000000180025095e-35 1.0000000180025095e-35 0.52704873681068432 8.1500000953674334 1.0000000180025095e-35 12.229872703552248 0.54006037116050731 2.68842625617981 0.4179298877716065 8.6239829063415545 1.8355448246002199 29.780868530273441 173.00000000000003 0.40094302594661718 0.39091403782367712 12.605771541595461 0.28568713366985327 49.000000000000007 0.20570998638868335 1.0000000180025095e-35 4.8467845916748056 7.0201427936553964
decision_type=2 2 2 2 2 2 2 2 2 2 2 2 2 2 2 2 2 2 2 2 2 2 2 2 2 2 2 2 2 2
left_child=1 2 7 4 5 6 23 8 11 21 16 -1 14 -4 18 22 17 -3 25 20 -5 -8 -13 -2 -12 29 27 28 -22 -9
right_child=3 10 13 19 -6 -7 9 12 -10 -11 24 15 -14 -15 -16 -17 -18 -19 -20 -21 26 -23 -24 -25 -26 -27 -28 -29 -30 -31
leaf_value=-0.20170216703430174 0.094380621110744453 -0.019350360720176703 0.018282644656963356 0.68109400087326033 0.3835661351119995 0.33387113069503782 -0.10910176892692564 -0.076681025801181787 1.0499163247000123 1.4719454744375609 0.11024786047897338 -0.19238002839677809 0.99063880018535611 0.22304566714467999 -0.028135299318008417 -0.078458154504776015 0.13337388859617236 0.3340796798126221 -0.039921757106952657 2.5410395157165522 -0.057994145014514976 0.013764435674972582 -0.11831759443187713 0.29666616065288542 0.36013185082958221 -0.144876371696949 0.80120179821395876 2.0212118363214113 0.83895138222679133 0.02779171627950669
leaf_weight=23083 3413 7957 4691 8019 12931 6807 6639 2152 327 464 5690 25634 354 4347 6690 4779 3290 602 6250 18060 1544 3825 10223 3115 2801 21131 1271 335 460 1535
leaf_count=23083 3413 7957 4691 8019 12931 6807 6639 2152 327 464 5690 25634 354 4347 6690 4779 3290 602 6250 18060 1544 3825 10223 3115 2801 21131 1271 335 460 1535
internal_value=0.000324616 -0.00924979 -0.0122681 0.0191542 0.0129198 0.00816676 0.00301444 -0.0140518 -0.0169107 -0.0043869 0.00725074 -0.0171297 -0.00924748 0.00789334 -0.00958049 -0.0149203 0.00277745 -0.000669471 -0.0110815 0.0269645 0.0229469 -0.00590596 -0.016058 0.0154044 0.0134931 -0.012748 0.0127479 0.00657973 0.00266467 -0.00508544
internal_weight=198419 131536 111196 66883 37194 24263 17456 102158 64046 10928 20340 63719 38112 9038 37758 40636 11849 8559 31068 29689 11629 10464 35857 6528 8491 24818 3610 2339 2004 3687
internal_count=198419 131536 111196 66883 37194 24263 17456 102158 64046 10928 20340 63719 38112 9038 37758 40636 11849 8559 31068 29689 11629 10464 35857 6528 8491 24818 3610 2339 2004 3687
is_linear=0
shrinkage=0.06


Tree=4
num_leaves=31
num_cat=0
split_feature=0 11 23 0 6 11 23 0 23 23 14 14 11 6 0 21 0 21 21 21 4 0 1 14 4 4 23 11 0 0
split_gain=9305.34 1682.49 1066.77 846.783 420.674 374.694 349.811 304.153 299.07 154.665 153.423 137.585 135.314 123.708 120.436 112.997 100.095 95.9254 85.1699 84.7657 84.6759 127.065 65.881 61.7889 61.6219 61.3528 60.5459 57.7254 56.998 56.5614
threshold=10.024745941162111 0.24962412565946582 3.8235820531845097 18.96811676025391 10.299999713897707 1.0000000180025095e-35 7.2746057510375985 4.8192434310913095 12.026573657989504 7.8740422725677499 1.0000000180025095e-35 1.0000000180025095e-35 0.50761097669601452 8.0500001907348651 6.4117753505706796 0.41141399741172796 12.605771541595461 0.40094302594661718 0.39091403782367712 0.4179298877716065 205.00000000000003 32.498483657836921 211.00000000000003 1.0000000180025095e-35 77.000000000000014 59.500000000000007 1.7064890861511233 0.45370142161846166 7.14186716079712 5.0838799476623544
decision_type=2 2 2 2 2 2 2 2 2 2 2 2 2 2 2 2 2 2 2 2 2 2 2 2 2 2 2 2 2 2
left_child=1 2 7 4 16 6 10 11 14 12 17 13 19 -1 22 23 -2 -6 -15 -3 -5 27 -4 25 29 28 -7 -22 -9 -14
right_child=3 9 8 20 5 26 -8 15 -10 -11 -12 -13 24 18 -16 -17 -18 -19 -20 -21 21 -23 -24 -25 -26 -27 -28 -29 -30 -31
leaf_value=-0.19511768785491024 0.16590428439100344 -0.018803358028420297 -0.095550032679852653 1.4614406854229736 -0.10301915029516293 0.27373023019296566 0.37443656418850702 -0.081305761634702697 0.21245284416764834 0.41447188392119527 1.5240788225768371 0.93581615112621463 -0.067396045179496739 -0.17978366929703635 0.042579089802428048 -0.050644217826308444 0.38136571991706958 0.028941501129322852 -0.10798291507607459 0.11159719786327629 0.18013531683651168 2.647580974729614 0.0025967275938320444 0.59978812051268582 0.20704405720404051 -0.1461002886112118 0.74324087294956975 0.86556325332275375 0.014578258862705624 0.07817191173983
leaf_weight=20856 6540 7585 6863 22551 6509 4021 3256 2689 4694 1991 488 296 985 26442 5025 12675 8264 4163 10794 2893 2178 3689 3370 182 6020 17131 2484 540 1784 1461
leaf_count=20856 6540 7585 6863 22551 6509 4021 3256 2689 4694 1991 488 296 985 26442 5025 12675 8264 4163 10794 2893 2178 3689 3370 182 6020 17131 2484 540 1784 1461
internal_value=0.000395073 -0.00864135 -0.0115406 0.0190784 0.0128977 0.00742077 0.00202691 -0.0142454 0.00104651 0.00698018 -0.00302151 -0.0168836 0.00530828 -0.0170915 -0.00302792 -0.0097754 0.0206377 -0.00452586 -0.0150193 0.000750143 0.0267035 0.0206165 -0.00676341 -0.012396 0.0109497 -0.0126893 0.0193743 0.0107726 -0.00643192 0.00291905
internal_weight=198419 133736 112801 64683 35725 20921 14416 92849 19952 20935 11160 58388 18944 58092 15258 34461 14804 10672 37236 10478 28958 6407 10233 21786 8466 21604 6505 2718 4473 2446
internal_count=198419 133736 112801 64683 35725 20921 14416 92849 19952 20935 11160 58388 18944 58092 15258 34461 14804 10672 37236 10478 28958 6407 10233 21786 8466 21604 6505 2718 4473 2446
is_linear=0
shrinkage=0.06


Tree=5
num_leaves=31
num_cat=0
split_feature=0 11 23 0 6 11 0 23 23 11 14 1 14 0 14 21 21 21 1 0 23 23 2 1 0 0 21 0 4 0
split_gain=8674.33 1597.73 1035.31 736.017 457.243 369.82 367.602 343.085 185.197 176.881 172.504 152.433 132.336 130.921 126.005 120.999 109.333 106.364 101.15 80.0737 74.9482 71.6031 68.4994 68.253 83.9282 62.2695 57.6669 56.1533 78.6946 55.9107
threshold=10.519749164581301 1.0000000180025095e-35 8.023776054382326 21.800677299499515 10.050000190734865 0.38871137797832495 4.7148320674896249 7.2746057510375985 4.7370638847351083 0.38462381064891821 1.0000000180025095e-35 87.000000000000014 1.0000000180025095e-35 7.3336279392242441 1.0000000180025095e-35 0.4038205891847611 0.40094302594661718 0.1960960924625397 129.50000000000003 13.769601821899416 2.68842625617981 13.007656097412111 2.5000000000000004 118.50000000000001 4.4991183280944833 6.5279502868652353 0.74832612276077282 31.149155616760257 138.00000000000003 7.078780174255372
decision_type=2 2 2 2 2 2 2 2 2 2 2 2 2 2 2 2 2 2 2 2 2 2 2 2 2 2 2 2 2 2
left_child=1 2 6 4 19 7 11 10 9 29 15 -1 16 18 17 -6 22 -13 -4 -2 -19 -20 25 24 -11 -8 -18 28 -5 -3
right_child=3 8 13 27 5 -7 12 -9 -10 23 -12 14 -14 -15 -16 -17 26 20 21 -21 -22 -23 -24 -25 -26 -27 -28 -29 -30 -31
leaf_value=-0.1811594914727605 0.19656053619408068 -0.057076134635093978 -0.059391059939661636 0.65503290573018491 -0.076909688975817417 0.4996140379058524 -0.099227021029730425 0.44952781294499811 0.35331626364635288 -0.072783015195777692 1.5072891691981791 -0.19581037297169779 0.88496742416314023 0.19596100684583309 1.2039576102202627 0.071065386642007886 -0.05377514957130778 -0.13519122707656514 0.029693708128609657 0.41469794844304497 -0.040670548216878329 0.30977886636824592 -0.13893341146177543 0.1549224197931619 0.066650190911208843 -0.015229422374181158 0.085482871120898377 2.3850076256452515 0.48086013140576794 0.045107892178317767
leaf_weight=20233 6993 5026 3002 4243 7674 4704 3741 3849 3385 1661 658 11848 422 3551 284 4672 14347 25602 2798 7897 3383 1405 17246 8258 3665 4615 883 17335 3015 2024
leaf_count=20233 6993 5026 3002 4243 7674 4704 3741 3849 3385 1661 658 11848 422 3551 284 4672 14347 25602 2798 7897 3383 1405 17246 8258 3665 4615 883 17335 3015 2024
internal_value=0.000414124 -0.00794816 -0.0109266 0.0192346 0.0138225 0.00823723 -0.0127831 0.00408533 0.00610891 0.00397499 -0.000572132 -0.0157281 -0.00840355 0.00678319 -0.0136301 -0.0021675 -0.00874902 -0.0139071 0.00213602 0.0219087 -0.0119493 0.00814418 -0.0111437 0.00797703 0.00268119 -0.00668502 -0.00472357 0.0272553 0.0228245 -0.00373617
internal_weight=198419 137379 113360 61040 36447 21557 102604 16853 24019 20634 13004 61350 41254 10756 41117 12346 40832 40833 7205 14890 28985 4203 25602 13584 5326 8356 15230 24593 7258 7050
internal_count=198419 137379 113360 61040 36447 21557 102604 16853 24019 20634 13004 61350 41254 10756 41117 12346 40832 40833 7205 14890 28985 4203 25602 13584 5326 8356 15230 24593 7258 7050
is_linear=0
shrinkage=0.06


Tree=6
num_leaves=31
num_cat=0
split_feature=0 11 23 0 6 0 11 23 0 14 7 23 21 21 1 14 0 6 0 21 11 23 0 14 23 3 23 7 23 21
split_gain=8130.92 1493.47 959.875 656.749 449.415 361.714 316.08 281.493 187.264 182.426 176.413 163.296 140.638 117.988 110.796 123.413 98.7502 92.9863 91.8113 80.498 79.3896 71.2124 70.235 66.6316 58.7112 55.7946 52.6987 51.7418 50.3848 49.0292
threshold=10.88622045516968 1.0000000180025095e-35 7.1194770336151132 23.89594650268555 11.550000190734865 4.8192434310913095 0.41343545913696295 7.2746057510375985 7.078780174255372 1.0000000180025095e-35 1.5000000000000002 12.58334255218506 0.43918706476688391 0.39492434263229376 41.500000000000007 1.0000000180025095e-35 7.0201427936553964 8.1500000953674334 13.952573776245119 0.54006037116050731 0.3308964222669602 4.7370638847351083 7.3336279392242441 1.0000000180025095e-35 2.0322954654693608 49.000000000000007 3.8235820531845097 1.5000000000000002 5.4582648277282724 0.17327156662940982
decision_type=2 2 2 2 2 2 2 2 2 2 2 2 2 2 2 2 2 2 2 2 2 2 2 2 2 2 2 2 2 2
left_child=1 2 5 4 18 12 7 9 10 13 -3 22 17 -6 16 19 -7 -1 25 24 26 -10 -4 29 -16 -2 -12 -14 -22 -19
right_child=3 8 11 -5 6 14 -8 -9 21 -11 20 -13 27 -15 15 -17 -18 23 -20 -21 28 -23 -24 -25 -26 -27 -28 -29 -30 -31
leaf_value=-0.1825567331043158 0.22841637448569679 -0.04841206309003919 -0.02833390201649422 1.6963271571202081 -0.086541496860367148 -0.048653545117341587 0.54763539054700838 0.45574768482511469 0.12177920824905636 1.5493956495655448 -0.04114824857965528 0.21469153013574457 -0.12566920741829707 0.071286535416703531 -0.11998798826776154 0.79225958300564814 0.066155106400359515 -0.18914964857945479 0.40871437666173155 -0.034990895325965707 0.11646038307132217 0.41628700023050363 0.1104120882502346 1.133589524274085 -0.047765450422330123 0.16611227362053305 0.28613182823750255 -0.068195787189625962 0.51904071664029772 -0.13440929224780448
leaf_weight=17369 2417 6295 6495 22413 6806 2651 3858 3323 7536 685 2131 4225 6315 4194 23923 362 2539 9505 10020 6167 5960 1451 2396 143 4819 5132 485 7520 816 20468
leaf_count=17369 2417 6295 6495 22413 6806 2651 3858 3323 7536 685 2131 4225 6315 4194 23923 362 2539 9505 10020 6167 5960 1451 2396 143 4819 5132 485 7520 816 20468
internal_value=0.000536289 -0.00735045 -0.0102266 0.0192414 0.0142701 -0.0121953 0.0078395 0.00390192 0.0060428 -0.000480103 0.00208644 0.00505032 -0.0151008 -0.00235091 -0.00779195 -0.00899634 0.000393064 -0.0166518 0.0211754 -0.00935776 0.00729557 0.0129487 0.000435272 -0.0146354 -0.0106924 0.0161783 -0.00158257 -0.00977738 0.0107231 -0.0148303
internal_weight=198419 139571 114897 58848 36435 101781 18866 15008 24674 11685 15687 13116 61320 11000 40461 35271 5190 47485 17569 34909 9392 8987 8891 30116 28742 7549 2616 13835 6776 29973
internal_count=198419 139571 114897 58848 36435 101781 18866 15008 24674 11685 15687 13116 61320 11000 40461 35271 5190 47485 17569 34909 9392 8987 8891 30116 28742 7549 2616 13835 6776 29973
is_linear=0
shrinkage=0.06


Tree=7
num_leaves=31
num_cat=0
split_feature=0 11 23 0 6 0 11 23 23 14 0 1 14 3 21 21 0 0 14 11 21 6 0 21 23 21 0 1 1 0
split_gain=7547.87 1350.76 929.292 599.142 452.259 320.11 317.049 283.763 247.551 195.468 155.613 142.264 130.497 119.987 112.041 109.709 99.9552 86.4703 81.2004 72.1889 62.2364 57.4909 95.7005 57.1494 56.9658 54.6143 53.5537 103.205 52.6805 46.475
threshold=11.101244926452638 0.24962412565946582 3.1620360612869267 26.249145507812504 11.550000190734865 3.8018385171890263 0.41343545913696295 11.374407768249513 7.2746057510375985 1.0000000180025095e-35 7.078780174255372 81.000000000000014 1.0000000180025095e-35 84.500000000000014 0.39492434263229376 0.41141399741172796 6.4117753505706796 14.13877058029175 1.0000000180025095e-35 0.50761097669601452 0.34812484681606298 8.0500001907348651 7.4673056602478036 0.29080203175544744 4.7370638847351083 0.57403510808944713 43.765167236328132 178.00000000000003 47.500000000000007 8.0438809394836444
decision_type=2 2 2 2 2 2 2 2 2 2 2 2 2 2 2 2 2 2 2 2 2 2 2 2 2 2 2 2 2 2
left_child=1 2 5 4 17 13 8 16 9 14 11 -3 15 -1 -6 21 23 28 25 -13 -9 22 -7 -4 -12 -15 27 -5 -2 -17
right_child=3 10 7 26 6 12 -8 20 -10 -11 24 19 -14 18 -16 29 -18 -19 -20 -21 -22 -23 -24 -25 -26 -27 -28 -29 -30 -31
leaf_value=-0.17635437245026911 0.2340667572417984 -0.065511310498628725 -0.09234856861572488 0.81730155410830507 -0.084048775136028445 -0.090130563070234648 0.5452171329528136 0.11358488169085522 0.45168128052271722 1.4580267965910225 0.12069755296689154 0.013301587251933915 0.62991382872096036 -0.14603893320767247 0.073248145527969544 -0.064500766079254576 0.030611363467195785 0.39426088433180306 1.14520191449256 0.16632463349492535 0.29985981021106317 -0.13078692182927742 0.010482185336171188 -0.019104177183121483 0.37471941385966773 -0.044811790278682984 2.8098796855909449 0.47578236961194104 0.16505630257367082 -0.00018809440339148331
leaf_weight=16974 2079 3389 5995 5724 6802 6963 3971 3603 3340 771 7474 5758 461 27771 4259 11684 6544 10805 196 5037 2049 20133 3058 5429 1384 2351 12268 2241 5132 4774
leaf_count=16974 2079 3389 5995 5724 6802 6963 3971 3603 3340 771 7474 5758 461 27771 4259 11684 6544 10805 196 5037 2049 20133 3058 5429 1384 2351 12268 2241 5132 4774
internal_value=0.000557457 -0.00690783 -0.00950282 0.0189016 0.0143779 -0.0121669 0.00795643 0.00114056 0.00400606 -6.59229e-05 0.00637965 0.00248308 -0.0086642 -0.0156534 -0.00210198 -0.00897837 -0.00254786 0.0212012 -0.013392 0.00584993 0.0128662 -0.0111289 -0.00741543 -0.00593487 0.0126191 -0.0136425 0.0272095 0.0233785 0.0161129 -0.00503828
internal_weight=198419 141027 117985 57392 37159 94365 19143 23620 15172 11832 23042 14184 47073 47292 11061 46612 17968 18016 30318 10795 5652 30154 10021 11424 8858 30122 20233 7965 7211 16458
internal_count=198419 141027 117985 57392 37159 94365 19143 23620 15172 11832 23042 14184 47073 47292 11061 46612 17968 18016 30318 10795 5652 30154 10021 11424 8858 30122 20233 7965 7211 16458
is_linear=0
shrinkage=0.06


Tree=8
num_leaves=31
num_cat=0
split_feature=0 11 23 0 6 0 11 23 14 0 1 23 21 1 14 0 1 0 21 21 23 0 14 1 21 11 16 23 3 23
split_gain=7100.64 1282.73 841.77 569.495 473.339 360.116 289.055 225.464 249.818 183.885 148.173 129.769 128.294 111.623 124.362 97.9234 84.1379 78.9616 78.0622 77.9514 72.0784 69.3506 60.0739 57.7576 55.5338 53.6959 51.978 50.2558 50.1434 47.9229
threshold=11.440140247344972 1.0000000180025095e-35 7.5326080322265634 32.498483657836921 10.84999990463257 4.7693080902099618 0.26540583372116094 12.495970249176027 1.0000000180025095e-35 7.078780174255372 193.00000000000003 13.07795572280884 0.43918706476688391 41.500000000000007 1.0000000180025095e-35 8.0438809394836444 128.00000000000003 15.417643547058107 0.40887330472469335 0.74504846334457409 4.7370638847351083 8.1695337295532244 1.0000000180025095e-35 60.000000000000007 0.2516866028308869 0.67736247181892406 14.500000000000002 1.8355448246002199 49.000000000000007 3.5130198001861577
decision_type=2 2 2 2 2 2 2 2 2 2 2 2 2 2 2 2 2 2 2 2 2 2 2 2 2 2 2 2 2 2
left_child=1 2 5 4 17 12 7 8 18 10 23 21 16 15 19 -7 -1 28 27 24 25 26 -18 -3 -15 -11 -4 -6 -2 -12
right_child=3 9 11 -5 6 13 -8 -9 -10 20 29 -13 -14 14 -16 -17 22 -19 -20 -21 -22 -23 -24 -25 -26 -27 -28 -29 -30 -31
leaf_value=-0.15895423741305217 0.23541699766658628 -0.092510033786483342 -0.067295106984819469 2.0845519297850781 -0.09246906078617359 -0.028914655045200372 0.46506142969206327 0.63595526161325966 1.4110541188649461 0.081595906756032302 0.095555218118138843 0.20850917443708228 -0.085676635489525504 -0.12297047456609166 0.75814808615377516 0.09768372221435051 -0.13371285161314611 0.43087191727357116 0.068891823208527922 0.06678110222211707 0.37970341685598663 0.12955279288113458 1.1324204169148375 -0.0030447684056460031 -0.068891009289113389 0.23445810481359511 0.031556363177152047 0.048393330003152248 0.18387523388953692 0.47910122975334207
leaf_weight=22687 2661 2215 3027 16612 5500 3660 6169 1991 1106 6843 5076 4149 13871 12259 436 1909 24595 9804 4341 1045 1697 1904 149 7338 24183 1552 3572 2020 4990 1058
leaf_count=22687 2661 2215 3027 16612 5500 3660 6169 1991 1106 6843 5076 4149 13871 12259 436 1909 24595 9804 4341 1045 1697 1904 149 7338 24183 1552 3572 2020 4990 1058
internal_value=0.000683251 -0.00636279 -0.00902304 0.0189673 0.0149681 -0.010788 0.00892744 0.00442038 0.00153389 0.00575701 0.00169248 0.00559595 -0.0137506 -0.00661225 -0.00777707 0.00131981 -0.015235 0.0222796 -0.00100919 -0.00814762 0.0120749 0.00135129 -0.0128152 -0.00298022 -0.00861094 0.00979512 -0.00155933 -0.00470745 0.0177114 0.00896968
internal_weight=198419 143225 117446 55194 38582 104794 21127 14958 12967 25779 15687 12652 61302 43492 37923 5569 47431 17455 11861 37487 10092 8503 24744 9553 36442 8395 6599 7520 7651 6134
internal_count=198419 143225 117446 55194 38582 104794 21127 14958 12967 25779 15687 12652 61302 43492 37923 5569 47431 17455 11861 37487 10092 8503 24744 9553 36442 8395 6599 7520 7651 6134
is_linear=0
shrinkage=0.06


Tree=9
num_leaves=31
num_cat=0
split_feature=0 11 23 0 1 0 23 23 14 11 4 21 0 0 1 14 0 3 1 6 23 14 21 0 11 23 21 21 4 0
split_gain=6634.63 1234.06 877.378 505.681 469.252 329.069 267.607 256.026 189.249 200.649 166.935 149.225 117.849 103.549 107.024 93.3498 95.0294 96.8536 71.6132 65.0384 62.6632 62.2051 60.6218 58.5201 54.4015 54.6378 54.3672 46.6183 46.5095 42.3477
threshold=11.921046733856203 0.3308964222669602 2.8841202259063725 37.445917129516609 129.50000000000003 7.2692391872406015 2.7925844192504887 11.374407768249513 1.0000000180025095e-35 0.24962412565946582 61.500000000000007 0.56017047166824352 6.4687130451202401 7.9755866527557382 205.00000000000003 1.0000000180025095e-35 2.9036418199539189 66.500000000000014 62.000000000000007 18.649999618530277 17.846974372863773 1.0000000180025095e-35 0.28175266087055212 16.453348159790043 0.2133271470665932 16.914893150329593 0.4038205891847611 0.55745425820350658 42.000000000000007 7.2032601833343515
decision_type=2 2 2 2 2 2 2 2 2 2 2 2 2 2 2 2 2 2 2 2 2 2 2 2 2 2 2 2 2 2
left_child=1 2 5 4 18 11 8 12 9 19 -7 15 22 14 28 16 17 -1 -2 -6 29 26 -4 -20 25 -8 -12 -14 -3 -9
right_child=3 13 7 -5 6 10 24 20 -10 -11 21 -13 27 -15 -16 -17 -18 -19 23 -21 -22 -23 -24 -25 -26 -27 -28 -29 -30 -31
leaf_value=-0.17962579492821779 0.37133241125194494 -0.068451590128997583 -0.085468892756240811 2.2325362175624264 0.037645097582747554 0.04992211765225802 0.20136364923081845 0.046061165932527286 1.4074384528189479 0.26437740090739653 -0.09741044925423871 -0.044861370001755545 0.022807234792157141 0.17764203881255231 0.1903708250964069 0.54489214628459404 -0.10153320622579527 -0.13449195119344301 0.18673957972631558 -0.10360585719412575 0.40807445233297046 0.76619544927264416 -0.015037811866556597 0.41247595658929326 0.78978156779956477 0.80218642547091612 -0.030552685977382196 0.16415545821053082 0.030419936740757495 0.17425094544278574
leaf_weight=9673 7548 1385 5881 14438 3853 4584 3416 2546 1091 3516 9878 8087 6706 6712 4821 349 35264 25756 4640 4841 1611 250 6687 5718 2422 797 6229 956 6522 2242
leaf_count=9673 7548 1385 5881 14438 3853 4584 3416 2546 1091 3516 9878 8087 6706 6712 4821 349 35264 25756 4640 4841 1611 250 6687 5718 2422 797 6229 956 6522 2242
internal_value=0.000785761 -0.00577649 -0.00793621 0.0191293 0.0154844 -0.0105118 0.00915229 0.00174284 0.00424254 0.00210319 -0.0038236 -0.0122818 -0.00156599 0.00829938 0.00511942 -0.0131609 -0.0133138 -0.0155085 0.0225343 -0.00278813 0.0122035 -0.00665953 -0.00514163 0.0192952 0.0189947 0.0148754 -0.00712051 0.00429914 0.000823321 0.0087594
internal_weight=198419 146139 126699 52280 37842 100070 19936 26629 13301 12210 20941 79129 20230 19440 12728 71042 70693 35429 17906 8694 6399 16357 12568 10358 6635 4213 16107 7662 7907 4788
internal_count=198419 146139 126699 52280 37842 100070 19936 26629 13301 12210 20941 79129 20230 19440 12728 71042 70693 35429 17906 8694 6399 16357 12568 10358 6635 4213 16107 7662 7907 4788
is_linear=0
shrinkage=0.06


Tree=10
num_leaves=31
num_cat=0
split_feature=0 11 23 0 3 0 23 14 23 11 4 21 11 23 1 23 14 0 3 0 21 21 0 21 0 21 11 21 21 24
split_gain=6198.69 1117.66 720.613 516.233 455.682 323.947 232.462 180.443 166.79 161.254 157.761 147.224 130.065 110.189 107.118 73.4653 70.9061 70.5548 85.3353 60.9735 60.5963 60.2191 55.2156 54.4507 54.0292 50.5537 49.2737 62.4951 48.6252 45.2284
threshold=11.921046733856203 1.0000000180025095e-35 7.5326080322265634 39.752513885498054 144.50000000000003 6.4687130451202401 2.7925844192504887 1.0000000180025095e-35 1.6508769989013674 0.24962412565946582 57.000000000000007 0.43918706476688391 0.50761097669601452 13.07795572280884 64.500000000000014 2.629718661308289 1.0000000180025095e-35 2.3591941595077519 52.500000000000007 20.731276512146 0.39240394532680517 0.40094302594661718 7.760831594467164 0.37800039350986486 7.3336279392242441 0.34812484681606298 0.31268873810768133 0.17096395045518878 0.42508035898208624 12607.379882812502
decision_type=2 2 2 2 2 2 2 2 2 2 2 2 2 2 2 2 2 2 2 2 2 2 2 2 2 2 2 2 2 2
left_child=1 2 5 4 14 11 7 9 12 20 -7 17 28 24 -2 19 21 18 -1 -16 -6 -12 -14 -10 -4 -15 27 -8 -3 -30
right_child=3 8 13 -5 6 10 26 -9 23 -11 16 -13 22 25 15 -17 -18 -19 -20 -21 -22 -23 -24 -25 -26 -27 -28 -29 29 -31
leaf_value=-0.18529033869752104 0.35073969251105275 -0.030810125524147372 -0.019418104667347488 2.1939645987078995 -0.10626393225273091 0.037615640738463442 -0.025428453496979805 1.3927258034867251 0.15484548742140927 0.24928297687902407 -0.091870029432610745 -0.068883744786711373 0.053286487813592964 0.10445172645745163 0.13802348789927346 0.42913255856525101 0.73965941758832399 -0.10179753467002679 -0.13249928468193339 0.34785918812084726 0.030558496996063614 -0.028719524818739239 0.17536650598096845 0.29585057135207909 0.095714219978858622 0.28345368115298308 0.78507326400042721 0.44012868653488829 -0.02345642858644199 0.14775142797603694
leaf_weight=5556 8102 8465 5971 13714 4652 5576 730 953 4335 2870 14287 18906 5477 2293 5623 5029 295 31320 21708 3052 2838 8759 3073 2347 2769 2013 1543 3174 1449 1540
leaf_count=5556 8102 8465 5971 13714 4652 5576 730 953 4335 2870 14287 18906 5477 2293 5623 5029 295 31320 21708 3052 2838 8759 3073 2347 2769 2013 1543 3174 1449 1540
internal_value=0.000853497 -0.0054895 -0.00796958 0.0185842 0.0150288 -0.00960134 0.0075895 0.00268629 0.00561193 0.000388031 -0.00418197 -0.0116237 0.00287043 0.00533957 0.0207466 0.0175131 -0.00634806 -0.0131094 -0.0153411 0.0141683 -0.00424566 -0.00672221 0.00847018 0.0138192 0.00146911 0.0131955 0.0177731 0.0141855 -0.00130959 0.00526932
internal_weight=198419 146139 119453 52280 38566 106407 16760 11313 26686 10360 28917 77490 20004 13046 21806 13704 23341 58584 27264 8675 7490 23046 8550 6682 8740 4306 5447 3904 11454 2989
internal_count=198419 146139 119453 52280 38566 106407 16760 11313 26686 10360 28917 77490 20004 13046 21806 13704 23341 58584 27264 8675 7490 23046 8550 6682 8740 4306 5447 3904 11454 2989
is_linear=0
shrinkage=0.06


Tree=11
num_leaves=31
num_cat=0
split_feature=0 11 23 0 1 0 23 23 14 11 0 4 1 21 0 0 1 23 11 23 0 2 0 23 11 23 14 1 3 6
split_gain=5804.84 1043.16 718.898 482.682 429.804 269.271 228.067 193.307 184.47 161.032 142.718 119.137 114.768 105.231 76.1785 69.8719 67.3982 62.8015 62.6522 60.7116 59.3931 58.5205 79.8939 52.6825 61.4306 52.2307 51.7234 47.2112 46.4496 45.2628
threshold=12.30664110183716 0.24962412565946582 3.8235820531845097 41.712530136108406 125.50000000000001 3.8018385171890263 2.7925844192504887 11.374407768249513 1.0000000180025095e-35 0.24962412565946582 7.14186716079712 140.00000000000003 129.50000000000003 0.41141399741172796 4.3925654888153085 16.453348159790043 224.00000000000003 1.6508769989013674 0.67736247181892406 17.846974372863773 8.0438809394836444 2.5000000000000004 8.2435984611511248 17.542471885681156 0.39678713679313665 7.8740422725677499 1.0000000180025095e-35 41.500000000000007 46.000000000000007 11.299999713897707
decision_type=2 2 2 2 2 2 2 2 2 2 2 2 2 2 2 2 2 2 2 2 2 2 2 2 2 2 2 2 2 2
left_child=1 2 5 4 15 11 8 14 9 16 12 28 -3 21 29 -2 -6 18 -12 -9 -15 22 -7 24 -8 -14 -13 -22 -1 -4
right_child=3 10 7 -5 6 13 23 19 -10 -11 17 26 25 20 -16 -17 -18 -19 -20 -21 27 -23 -24 -25 -26 -27 -28 -29 -30 -31
leaf_value=-0.15208188360652908 0.19374444345768219 -0.035818613513260149 -0.097285077147238178 2.1579961258615974 0.041107794111135083 -0.062460270032604966 0.24124307902884962 0.099238616435849164 1.2193205857611848 0.25413390233629163 0.065038258820692571 -0.099371759311160685 0.066272274492727004 -0.047628595988655813 0.0209010894434585 0.42550392905486917 -0.10600554353464471 0.24571230099299393 0.19940094855147528 0.36262947125549111 0.1261091524286122 -0.10118912376634229 0.029846620325472646 1.0237539803418068 0.62949091766207999 0.43996292627167444 1.3341697915905064 -0.0016928812948293803 -0.12586023401123467 -0.012138217572575537
leaf_weight=7678 6617 5894 3134 12990 4501 7950 3983 4667 1202 3441 6201 20519 7643 12058 9821 10509 4260 3162 1573 1669 786 22588 2918 1165 1426 823 154 5577 19761 3749
leaf_count=7678 6617 5894 3134 12990 4501 7950 3983 4667 1202 3441 6201 20519 7643 12058 9821 10509 4260 3162 1573 1669 786 22588 2918 1165 1426 823 154 5577 19761 3749
internal_value=0.000922744 -0.00504129 -0.00732291 0.0185819 0.015097 -0.00952455 0.00911803 0.00223177 0.00462847 0.00241928 0.0060555 -0.0127577 0.00212256 -0.00652601 -0.00115302 0.0220717 -0.00190047 0.0112198 0.00832004 0.0111553 -0.00288421 -0.00853121 -0.00491351 0.018272 0.0157793 0.00659816 -0.00931795 0.00180575 -0.0153493 -0.00599303
internal_weight=198419 148325 123029 50094 37104 99989 19978 23040 13404 12202 25296 48112 14360 51877 16704 17126 8761 10936 7774 6336 18421 33456 10868 6574 5409 8466 20673 6363 27439 6883
internal_count=198419 148325 123029 50094 37104 99989 19978 23040 13404 12202 25296 48112 14360 51877 16704 17126 8761 10936 7774 6336 18421 33456 10868 6574 5409 8466 20673 6363 27439 6883
is_linear=0
shrinkage=0.06


Tree=12
num_leaves=31
num_cat=0
split_feature=0 11 23 0 1 0 11 23 14 23 3 21 21 11 21 0 21 0 3 21 6 4 0 23 3 24 3 11 23 0
split_gain=5407.18 948.004 687.389 515.137 439.999 270.345 219.081 195.572 189.328 212.9 107.143 99.5714 94.6647 91.4648 88.3445 80.2027 73.6425 72.4397 109.649 67.4027 65.5364 64.7033 68.3628 52.949 44.1014 42.5185 39.8328 39.3699 40.7306 37.3813
threshold=12.30664110183716 0.3308964222669602 2.9683831930160527 46.076341629028327 129.50000000000003 3.7049018144607548 0.51942425966262828 11.374407768249513 1.0000000180025095e-35 12.495970249176027 66.500000000000014 0.57018676400184642 0.30021543800830847 0.70235082507133495 0.41560378670692449 16.753225326538089 0.44827167689800268 8.3264079093933123 68.500000000000014 0.44537749886512762 17.849999427795414 155.50000000000003 6.8888001441955575 5.4582648277282724 44.000000000000007 12004.941894531252 75.500000000000014 1.0000000180025095e-35 6.2427423000335702 4.3925654888153085
decision_type=2 2 2 2 2 2 2 2 2 2 2 2 2 2 2 2 2 2 2 2 2 2 2 2 2 2 2 2 2 2
left_child=1 2 5 4 15 10 8 12 9 14 -1 17 29 16 20 24 23 -7 -19 -12 -6 22 -9 -3 -2 -14 -17 28 -26 -4
right_child=3 13 7 -5 6 11 -8 21 -10 -11 19 -13 25 -15 -16 26 -18 18 -20 -21 -22 -23 -24 -25 27 -27 -28 -29 -30 -31
leaf_value=-0.13817934865146009 0.21242418298724156 0.025702469287162178 -0.082548080378459399 2.2322020165740617 0.05813838276591838 -0.077776506181427826 0.56327623798252979 -0.048361399097665028 1.2360030201318504 0.58705488718036314 -0.11456194200120959 0.0044244844228047689 -0.0022135062162272588 0.18748061646831493 0.12065676423027691 0.42880094188527035 0.17981886637946248 0.056770033247134429 -0.064543330570653784 -0.061004306362540638 -0.086545764567013392 0.2838547136002455 0.13745128715217508 0.30340881313777462 0.045690175227096397 0.07445902672110781 0.38221333352592896 0.26768071108769204 0.22208258909794898 -0.018393949760947468
leaf_weight=12676 2288 11785 4739 11544 3421 33431 3116 1663 1421 1928 27188 7534 6146 3324 4777 7188 3553 3071 9890 7431 5354 2898 2088 1399 2114 4036 4142 1800 1001 5473
leaf_count=12676 2288 11785 4739 11544 3421 33431 3116 1663 1421 1928 27188 7534 6146 3324 4777 7188 3553 3071 9890 7431 5354 2898 2088 1399 2114 4036 4142 1800 1001 5473
internal_value=0.000980198 -0.00477593 -0.00667296 0.0180237 0.0146942 -0.0089433 0.00852625 0.00182487 0.00583102 0.00390698 -0.0122544 -0.00603939 -0.00108856 0.00735307 0.00125295 0.021356 0.00554759 -0.00707838 -0.00327058 -0.0105263 -0.00232137 0.010761 0.00555852 0.00348149 0.0164057 0.0030053 0.0245031 0.0132024 0.00912039 -0.00517039
internal_weight=198419 148325 128264 50094 38550 101221 20017 27043 16901 15480 47295 53926 20394 20061 13552 18533 16737 46392 12961 34619 8775 6649 3751 13184 7203 10182 11330 4915 3115 10212
internal_count=198419 148325 128264 50094 38550 101221 20017 27043 16901 15480 47295 53926 20394 20061 13552 18533 16737 46392 12961 34619 8775 6649 3751 13184 7203 10182 11330 4915 3115 10212
is_linear=0
shrinkage=0.06


Tree=13
num_leaves=31
num_cat=0
split_feature=0 11 23 0 1 0 23 14 11 21 0 3 23 1 14 23 0 1 21 3 0 11 23 3 11 21 14 3 1 4
split_gain=5077.1 843.788 550.586 521.988 405.831 240.824 214.704 185.644 162.365 145.225 137.305 132.053 123.322 121.814 88.8865 81.0917 77.3697 67.0986 66.8522 65.8644 61.924 61.3922 59.3464 54.3647 50.9168 52.2951 46.7078 45.9171 45.0881 44.3581
threshold=12.30664110183716 1.0000000180025095e-35 5.4582648277282724 46.076341629028327 125.50000000000001 7.2692391872406015 4.7370638847351083 1.0000000180025095e-35 0.24962412565946582 0.19260819256305697 6.1135640144348153 32.000000000000007 13.07795572280884 171.50000000000003 1.0000000180025095e-35 4.7370638847351083 17.298931121826175 224.00000000000003 0.62503737211227428 144.50000000000003 7.3336279392242441 0.67736247181892406 1.7708882093429568 126.50000000000001 1.0000000180025095e-35 0.18379971385002139 1.0000000180025095e-35 37.500000000000007 205.00000000000003 42.000000000000007
decision_type=2 2 2 2 2 2 2 2 2 2 2 2 2 2 2 2 2 2 2 2 2 2 2 2 2 2 2 2 2 2
left_child=1 2 5 4 16 9 7 8 17 -1 13 -7 20 27 18 21 29 -6 22 -13 28 -12 -11 -14 25 -8 -21 -3 -4 -2
right_child=3 10 12 -5 6 11 24 -9 -10 14 15 19 23 -15 -16 -17 -18 -19 -20 26 -22 -23 -24 -25 -26 -27 -28 -29 -30 -31
leaf_value=-0.13413018201113902 0.21225530157778527 -0.11531840441190457 -0.050409999770728575 2.0982698955796177 0.04020630844699475 0.092237309223802799 0.055079801700665988 1.119973575456958 0.24605999963572514 -0.088708618848141907 0.051594640706241639 -0.0068103338349135888 0.04185302450440552 0.096612333344871321 0.75582730454934932 0.31243527021431877 0.40520825608245525 -0.10060727870339889 -0.016135445416076317 -0.082432566227097936 0.063566141589935052 0.18025277326083045 -0.040913537032605855 0.28608027469663327 0.76595754449522713 0.38416735173752847 1.0351224695891579 -0.02485107341948966 0.041782556935162647 0.15786811158364136
leaf_weight=21207 2233 1124 6460 11544 4967 1651 948 1342 4021 47665 9793 9944 2001 5983 310 2295 10306 4621 4522 10381 4443 2299 6398 2468 1952 2819 181 5942 3258 5341
leaf_count=21207 2233 1124 6460 11544 4967 1651 948 1342 4021 47665 9793 9944 2001 5983 310 2295 10306 4621 4522 10381 4443 2299 6398 2468 1952 2819 181 5942 3258 5341
internal_value=0.00102949 -0.00454819 -0.00670408 0.0175446 0.014193 -0.00843241 0.00846734 0.00468531 0.00258579 -0.0099638 0.00495116 -0.00289615 0.00278261 0.000494291 -0.00843077 0.00899354 0.0208121 -0.00165832 -0.00860032 -0.00421047 4.02514e-05 0.00703109 -0.0091865 0.0114724 0.0183546 0.0142793 -0.00750994 -0.00484008 -0.00264252 0.0162081
internal_weight=198419 148325 120889 50094 38550 102259 20670 14951 13609 80102 27436 22157 18630 13049 58895 14387 17880 9588 58585 20506 14161 12092 54063 4469 5719 3767 10562 7066 9718 7574
internal_count=198419 148325 120889 50094 38550 102259 20670 14951 13609 80102 27436 22157 18630 13049 58895 14387 17880 9588 58585 20506 14161 12092 54063 4469 5719 3767 10562 7066 9718 7574
is_linear=0
shrinkage=0.06


Tree=14
num_leaves=31
num_cat=0
split_feature=0 11 23 0 3 0 11 23 14 23 0 0 3 6 21 1 0 1 21 23 14 14 21 4 0 0 11 4 1 21
split_gain=4712.39 762.909 555.822 531.697 264.209 228.954 215.308 183.965 169.303 161.405 123.805 107.39 159.238 102.813 100.031 82.7357 80.591 92.0506 70.9205 68.8228 52.6315 52.2209 51.3493 48.9931 66.2142 45.573 45.0788 44.7045 42.1711 41.1462
threshold=12.30664110183716 0.3308964222669602 2.7502787113189702 27.322209358215336 81.500000000000014 3.2498396635055546 0.51942425966262828 13.393523693084719 1.0000000180025095e-35 17.846974372863773 6.2991905212402353 53.801986694335945 155.00000000000003 9.1500000953674334 0.41141399741172796 128.00000000000003 7.9755866527557382 205.00000000000003 0.33763845264911657 4.1234867572784433 1.0000000180025095e-35 1.0000000180025095e-35 0.18379971385002139 59.500000000000007 6.5279502868652353 8.0438809394836444 0.23054748773574832 42.000000000000007 41.500000000000007 0.55745425820350658
decision_type=2 2 2 2 2 2 2 2 2 2 2 2 2 2 2 2 2 2 2 2 2 2 2 2 2 2 2 2 2 2
left_child=1 2 5 4 27 13 7 8 18 10 15 12 -5 -1 23 -4 17 -3 -6 21 25 -14 -15 24 -7 -16 -20 -2 -27 -12
right_child=3 16 9 11 6 14 -8 -9 -10 -11 29 -13 19 22 20 -17 -18 -19 26 -21 -22 -23 -24 -25 -26 28 -28 -29 -30 -31
leaf_value=-0.12459299944770404 0.25422042189797289 -0.0028636025542115107 -0.076464929456540529 0.56098507959949162 -0.037788198101260217 -0.057805175923661911 0.45247152370238314 0.51851003984637589 1.0634466433932579 0.32990718696100785 0.040294671198525957 2.2276566501480635 0.070346184706756382 -0.12480184778495547 -0.039141173588271447 0.009304246697294313 0.13913619065571642 0.15707398077206719 0.037496970504675479 0.94147181438197758 0.79119845332472816 1.3371168171400025 -0.071942187229222312 -0.081318138573887228 0.024595749705845833 0.10967510549821215 0.2666272830313004 0.19853824710659682 -0.0021678929666316461 0.15492950639085309
leaf_weight=16631 4066 7907 6396 6576 7315 4607 3369 1870 1176 1703 9916 9365 2495 7309 13649 8337 7333 4821 5072 766 249 307 18407 30213 3376 775 1402 6315 5538 1158
leaf_count=16631 4066 7907 6396 6576 7315 4607 3369 1870 1176 1703 9916 9365 2495 7309 13649 8337 7333 4821 5072 766 249 307 18407 30213 3376 775 1402 6315 5538 1158
internal_value=0.0010564 -0.00431721 -0.00601899 0.0169673 0.0120304 -0.00808286 0.00803306 0.00526225 0.00304511 0.0015398 0.000359205 0.0247071 0.0204298 -0.0114419 -0.00564744 -0.00324374 0.00656348 0.00367693 0.00118138 0.0102242 -0.00223393 0.00586724 -0.0090644 -0.00745366 -0.00327321 -0.00257589 0.00575533 0.0198102 0.00163947 0.00515261
internal_weight=198419 148325 128264 50094 30585 100754 20204 16835 14965 27510 25807 19509 10144 42347 58407 14733 20061 12728 13789 3568 20211 2802 25716 38196 7983 19962 6474 10381 6313 11074
internal_count=198419 148325 128264 50094 30585 100754 20204 16835 14965 27510 25807 19509 10144 42347 58407 14733 20061 12728 13789 3568 20211 2802 25716 38196 7983 19962 6474 10381 6313 11074
is_linear=0
shrinkage=0.06


Tree=15
num_leaves=31
num_cat=0
split_feature=0 0 0 1 11 11 23 23 23 14 11 21 3 1 21 23 14 1 1 23 21 14 11 6 0 21 23 14 23 7
split_gain=4416.17 722.975 515.405 365.212 286.898 261.973 241.157 191.998 180.524 156.168 145.007 115.781 113.586 97.9384 82.4835 79.5424 79.3681 77.746 73.3843 58.7773 58.3903 52.4525 52.072 51.2598 47.2528 46.9458 43.5511 45.6251 41.4679 39.7712
threshold=12.764007568359377 6.4687130451202401 48.56915473937989 125.50000000000001 0.3308964222669602 0.50485298037529003 2.0322954654693608 6.8165552616119394 2.7502787113189702 1.0000000180025095e-35 0.56387564539909374 0.19260819256305697 59.500000000000007 205.00000000000003 0.41560378670692449 14.302666187286379 1.0000000180025095e-35 193.00000000000003 64.500000000000014 11.002902507781984 0.56017047166824352 1.0000000180025095e-35 0.2133271470665932 17.849999427795414 28.558251380920414 0.4038205891847611 13.091711521148683 1.0000000180025095e-35 17.542471885681156 1.0000000180025095e-35
decision_type=2 2 2 2 2 2 2 2 2 2 2 2 2 2 2 2 2 2 2 2 2 2 2 2 2 2 2 2 2 2
left_child=1 4 3 18 8 6 12 9 11 10 14 -1 -3 -10 23 -8 20 -6 -2 -15 29 25 24 -5 26 -14 27 -20 -9 -13
right_child=2 5 -4 7 17 -7 15 28 13 -11 -12 16 21 19 -16 -17 -18 -19 22 -21 -22 -23 -24 -25 -26 -27 -28 -29 -30 -31
leaf_value=-0.12119643326275148 0.30242034450940419 0.033133694895540744 1.9076603279214064 0.036975752804764603 -0.015414417805291398 0.15399308881538476 0.047881147174644562 0.38486204502626281 -0.051553145376023624 1.0059281635272519 0.36629986305563134 -0.097971336832430173 -0.067339220378643802 0.010183731112156487 0.10841232980721799 0.2512514554932247 0.69614624117344126 0.14108153255792596 0.056012250165885111 0.23007917326557414 -0.028421734352368694 0.6091781290770899 0.36799350992410307 -0.095892890784593413 0.4112451910243789 -0.015665645338955033 0.41054378933192487 0.85107602694218143 0.89874674640582042 -0.074327448881121833
leaf_weight=20205 8021 6158 10817 3119 5772 6597 12195 3322 10270 1322 1785 5615 15485 4133 4504 2243 310 4063 3600 1338 7216 333 3166 4654 1551 8947 599 344 1105 39630
leaf_count=20205 8021 6158 10817 3119 5772 6597 12195 3322 10270 1322 1785 5615 15485 4133 4504 2243 310 4063 3600 1338 7216 333 3166 4654 1551 8947 599 344 1105 39630
internal_value=0.0011072 -0.00394299 0.0169728 0.0136121 -0.00696242 0.00178413 0.000159388 0.00805159 -0.00804029 0.004883 0.00302944 -0.0092973 -0.00282993 -0.00221269 0.000706199 0.00656185 -0.0078185 0.00276055 0.0199867 0.00427161 -0.00799737 -0.00464325 0.0163477 -0.00303744 0.0131047 -0.00496562 0.0100176 0.00772819 0.0190626 -0.00879677
internal_weight=198419 150510 47909 37092 98552 51958 45361 19811 88717 15384 14062 72976 30923 15741 12277 14438 52771 9835 17281 5471 52461 24765 9260 7773 6094 24432 4543 3944 4427 45245
internal_count=198419 150510 47909 37092 98552 51958 45361 19811 88717 15384 14062 72976 30923 15741 12277 14438 52771 9835 17281 5471 52461 24765 9260 7773 6094 24432 4543 3944 4427 45245
is_linear=0
shrinkage=0.06


Tree=16
num_leaves=31
num_cat=0
split_feature=0 0 0 6 11 23 11 23 23 14 11 4 21 14 1 4 6 21 23 3 0 2 23 0 11 21 11 14 23 21
split_gain=4111.53 779.436 424.063 299.493 290.003 259.588 235.273 186.651 146.826 172.435 158.364 144.288 101.225 77.7797 77.6385 74.4204 72.4874 71.539 67.9477 60.5886 59.4055 57.6321 48.9968 46.8191 45.866 44.1718 43.7522 43.6273 42.8737 42.502
threshold=14.13877058029175 7.078780174255372 48.56915473937989 10.84999990463257 0.3308964222669602 7.2746057510375985 0.26540583372116094 2.0546913146972661 13.221322059631349 1.0000000180025095e-35 0.5467192828655244 30.000000000000004 0.13181316107511523 1.0000000180025095e-35 211.00000000000003 77.000000000000014 12.900000095367433 0.41394232213497167 11.002902507781984 51.000000000000007 0.62080836296081554 2.5000000000000004 17.542471885681156 2.5083563327789311 0.2133271470665932 0.60342115163803112 0.41736809909343725 1.0000000180025095e-35 5.4582648277282724 0.43069899082183843
decision_type=2 2 2 2 2 2 2 2 2 2 2 2 2 2 2 2 2 2 2 2 2 2 2 2 2 2 2 2 2 2
left_child=1 4 3 19 7 6 11 12 9 10 17 -3 -1 20 23 -6 -13 -5 -16 -2 21 -14 26 -9 -21 -22 -7 -18 -17 -8
right_child=2 5 -4 8 15 22 29 14 -10 -11 -12 16 13 -15 18 28 27 -19 -20 24 25 -23 -24 -25 -26 -27 -28 -29 -30 -31
leaf_value=-0.12678682527364837 0.31228413975464175 0.089491434643739237 1.7932007082461219 -0.022440267758052881 -0.037092502367109925 0.092222889043834827 0.066156275520982494 -0.085171073498902683 0.73645427308921185 1.1079212821796431 0.42161410730439902 0.0020989560223746472 -0.14239654917768332 0.65945659813263613 0.00083405580566774161 0.058257354516232006 -0.067039580266123139 0.12062131241512858 0.2139370507312349 0.20298308781688149 -0.066313447287253524 -0.078854919081272568 0.35373657548034615 -0.01975210831461835 0.37638818351918235 -0.012007765604377951 0.2978446554338442 0.8821094180684822 0.3506736450038756 0.18116108795359914
leaf_weight=12308 6057 2148 10817 7289 3099 6435 8108 4161 1665 1548 1976 12555 4587 326 5043 6990 15054 4119 1414 5679 46345 7426 1572 8668 2914 4617 1274 292 906 3027
leaf_count=12308 6057 2148 10817 7289 3099 6435 8108 4161 1665 1548 1976 12555 4587 326 5043 6990 15054 4119 1414 5679 46345 7426 1572 8668 2914 4617 1274 292 906 3027
internal_value=0.00115105 -0.00332877 0.0178029 0.0142583 -0.00625328 0.00280769 0.00076486 -0.00732209 0.00873953 0.00685508 0.00466228 -0.00199574 -0.00866603 -0.00769798 -0.0020533 0.00297135 -0.00314935 0.001946 0.00331268 0.0205106 -0.00784931 -0.0116449 0.0118726 -0.00475407 0.017271 -0.00695459 0.00990401 -0.00591555 0.00606383 0.00821464
internal_weight=198419 156355 42064 31247 105890 50465 41184 94895 16597 14932 13384 30049 75609 63301 19286 10995 27901 11408 6457 14650 62975 12013 9281 12829 8593 50962 7709 15346 7896 11135
internal_count=198419 156355 42064 31247 105890 50465 41184 94895 16597 14932 13384 30049 75609 63301 19286 10995 27901 11408 6457 14650 62975 12013 9281 12829 8593 50962 7709 15346 7896 11135
is_linear=0
shrinkage=0.06


Tree=17
num_leaves=31
num_cat=0
split_feature=0 0 0 11 4 23 23 11 23 6 14 11 1 21 21 4 0 1 11 23 0 3 23 23 3 0 1 14 21 14
split_gain=3810.85 746.835 401.227 319.248 305.478 216.824 184.214 178.229 160.653 133.461 128.164 128.054 98.2167 93.8023 67.8015 63.5649 63.1394 56.5475 53.0129 52.4483 52.2067 56.8711 51.6947 47.7787 45.7957 44.1671 40.7548 40.6882 39.951 39.484
threshold=14.579007625579836 8.0438809394836444 57.770694732666023 1.0000000180025095e-35 108.50000000000001 6.2427423000335702 2.0322954654693608 0.32213369011878973 6.4740757942199716 11.050000190734865 1.0000000180025095e-35 0.24962412565946582 205.00000000000003 0.39091403782367712 0.30021543800830847 30.000000000000004 27.322209358215336 224.00000000000003 0.21158529072999957 14.302666187286379 2.3591941595077519 87.000000000000014 17.542471885681156 4.7370638847351083 47.500000000000007 4.2997608184814462 68.500000000000014 1.0000000180025095e-35 0.79263004660606395 1.0000000180025095e-35
decision_type=2 2 2 2 2 2 2 2 2 2 2 2 2 2 2 2 2 2 2 2 2 2 2 2 2 2 2 2 2 2
left_child=1 3 4 6 16 7 13 9 10 15 11 17 25 20 -8 -3 18 -6 24 -16 21 -1 -7 -14 -2 26 -5 28 -15 -11
right_child=2 5 -4 12 8 22 14 -9 -10 29 -12 -13 23 27 19 -17 -18 -19 -20 -21 -22 -23 -24 -25 -26 -27 -28 -29 -30 -31
leaf_value=-0.12340922364461683 0.20192632071493474 0.099494034631159384 1.9540757159222528 -0.10729287055255515 0.067482521342175236 0.12061734821106447 -0.045986449483249404 0.10674040887295351 0.5534662541883435 -0.057043888337933293 0.89991155408028134 0.27286334022124603 0.063889548231057164 -0.050390469022975691 0.0069815249713385168 0.01833772903402708 0.48909314753664573 -0.08390042182102958 0.2913179990834821 0.26602373093397069 -0.071460617103692392 -0.089472099469073779 0.35582847308948062 0.45507936948134309 0.12400283429840822 0.015271223197596901 -0.02016252853416212 0.64192170221219724 0.10952727937437787 0.76456478460834265
leaf_weight=8483 2100 1712 8642 1447 4613 7497 11529 8403 3854 13499 1309 3481 5585 24043 8660 8774 5275 3992 3577 676 29706 14067 1456 1061 3765 6302 3814 215 567 315
leaf_count=8483 2100 1712 8642 1447 4613 7497 11529 8403 3854 13499 1309 3481 5585 24043 8660 8774 5275 3992 3577 676 29706 14067 1456 1061 3765 6302 3814 215 567 315
internal_value=0.00116556 -0.00305245 0.0175576 -0.00552426 0.0144566 0.00384002 -0.00688053 0.00157508 0.00903878 -0.00102963 0.00593281 0.00400132 0.0017711 -0.00823432 -0.00187922 0.004074 0.0208066 7.32132e-05 0.0178691 0.00192159 -0.00967697 -0.0118537 0.0121133 0.00758351 0.0143581 -0.00156966 -0.00562821 -0.00519758 -0.00542462 -0.00490372
internal_weight=198419 157811 40608 116155 31966 41656 97946 32703 17249 24300 13395 12086 18209 77081 20865 10486 14717 8605 9442 9336 52256 22550 8953 6646 5865 11563 5261 24825 24610 13814
internal_count=198419 157811 40608 116155 31966 41656 97946 32703 17249 24300 13395 12086 18209 77081 20865 10486 14717 8605 9442 9336 52256 22550 8953 6646 5865 11563 5261 24825 24610 13814
is_linear=0
shrinkage=0.06


Tree=18
num_leaves=31
num_cat=0
split_feature=0 0 0 11 4 23 23 23 14 11 11 3 1 21 23 11 1 23 14 21 23 21 23 21 21 0 11 0 0 2
split_gain=3540.51 663.941 414.229 279.4 272.451 200.344 169.789 162.576 145.677 134.682 117.189 109.285 90.4118 86.0064 68.9815 72.8701 63.7813 67.0098 63.4286 54.924 54.3725 52.535 49.4847 48.5606 46.0228 44.2806 42.9875 48.8716 42.062 54.303
threshold=14.579007625579836 8.0438809394836444 51.080162048339851 1.0000000180025095e-35 77.000000000000014 2.0322954654693608 2.7925844192504887 2.0322954654693608 1.0000000180025095e-35 0.50419721007347118 0.24962412565946582 68.500000000000014 129.50000000000003 0.16196545958518985 17.542471885681156 0.26540583372116094 128.00000000000003 9.380099296569826 1.0000000180025095e-35 0.59814637899398815 4.7370638847351083 0.37659685313701635 15.119426727294924 0.17327156662940982 0.39240394532680517 20.731276512146 0.2314923703670502 21.800677299499515 1.6419573426246645 1.5000000000000002
decision_type=2 2 2 2 2 2 2 2 2 2 2 2 2 2 2 2 2 2 2 2 2 2 2 2 2 2 2 2 2 2
left_child=1 3 4 7 25 9 8 13 10 11 24 -3 -5 -1 15 -7 -9 -18 19 28 -14 -13 26 -19 -6 -2 27 -8 29 -15
right_child=2 5 -4 12 6 14 22 16 -10 -11 -12 21 20 18 -16 -17 17 23 -20 -21 -22 -23 -24 -25 -26 -27 -28 -29 -30 -31
leaf_value=-0.10726955702099841 0.17661445150925376 0.04965473184996072 1.648867815422973 -0.026969143706495818 -0.053320741064709798 0.057823298703356465 0.052029952116153785 -0.045796721690091143 0.843248420090142 0.12017578389053328 0.24374821831311083 -0.062984947063034966 0.039178319577914837 -0.12863882523291167 0.33447876470411175 0.22112806772423793 -0.018962214612893911 -0.020120641345826602 0.58532388109912126 -0.011755007183897588 0.32619871087125185 0.0058568169599649521 0.74185348751666058 0.16983442393101089 0.074159645601091784 0.37572215802205911 0.45434924121908377 0.49457956403891018 -0.05585686531306315 -0.076771233245548437
leaf_weight=15881 4790 5750 10093 7642 5265 9234 1888 9158 1451 4352 3334 10367 9042 3243 1456 3063 8030 1226 326 6057 1525 7434 1554 2451 3401 5818 1835 1179 38377 13197
leaf_count=15881 4790 5750 10093 7642 5265 9234 1888 9158 1451 4352 3334 10367 9042 3243 1456 3063 8030 1226 326 6057 1525 7434 1554 2451 3401 5818 1835 1179 38377 13197
internal_value=0.00121395 -0.0028517 0.0170139 -0.0051823 0.0135288 0.00364701 0.00939016 -0.00645111 0.00555126 0.000725728 0.00338 -0.0010662 0.00164259 -0.00772291 0.00957391 0.00811173 -0.0017527 0.00118134 -0.00670196 -0.00684332 0.00523801 -0.00338914 0.0173885 0.00788958 -0.000297715 0.0212952 0.0144308 0.0100848 -0.0074424 -0.00998175
internal_weight=198419 157811 40608 116155 30515 41656 19907 97946 13451 27903 12000 23551 18209 77081 13753 12297 20865 11707 61200 60874 10567 17801 6456 3677 8666 10608 4902 3067 54817 16440
internal_count=198419 157811 40608 116155 30515 41656 19907 97946 13451 27903 12000 23551 18209 77081 13753 12297 20865 11707 61200 60874 10567 17801 6456 3677 8666 10608 4902 3067 54817 16440
is_linear=0
shrinkage=0.06


Tree=19
num_leaves=31
num_cat=0
split_feature=0 0 0 4 11 23 23 23 11 14 6 11 1 0 21 21 23 1 23 11 4 23 4 11 23 21 14 0 3 11
split_gain=3279.48 587.824 435.058 293.605 252.537 179.831 155.518 144.604 141.609 120.171 111.203 110.266 80.7823 78.4206 75.4387 60.7872 59.2347 57.5699 56.9242 55.5949 53.2481 48.5178 47.9259 46.9651 44.4033 44.1468 43.214 42.6617 48.5494 36.8019
threshold=14.579007625579836 8.0438809394836444 61.939558029174812 108.50000000000001 1.0000000180025095e-35 6.2427423000335702 6.4740757942199716 2.0322954654693608 0.32213369011878973 1.0000000180025095e-35 11.050000190734865 1.0000000180025095e-35 81.000000000000014 28.558251380920414 0.39091403782367712 0.30021543800830847 0.28568713366985327 224.00000000000003 7.2746057510375985 0.26540583372116094 30.000000000000004 14.302666187286379 42.000000000000007 0.2133271470665932 17.542471885681156 0.35550032556056982 1.0000000180025095e-35 1.6419573426246645 55.500000000000007 0.31268873810768133
decision_type=2 2 2 2 2 2 2 2 2 2 2 2 2 2 2 2 2 2 2 2 2 2 2 2 2 2 2 2 2 2
left_child=1 4 3 13 7 8 9 14 10 11 20 17 -6 18 27 -9 -14 -5 19 22 -3 -17 -2 -8 29 -18 -24 28 -1 -7
right_child=2 5 -4 6 12 24 23 15 -10 -11 -12 -13 16 -15 -16 21 25 -19 -20 -21 -22 -23 26 -25 -26 -27 -28 -29 -30 -31
leaf_value=-0.12604520155213961 0.17730163796668422 0.090496257075173947 1.8291523602671258 0.058915674005938855 -0.043806929789177378 0.081028337161291153 0.30276200740475012 -0.041967895675634387 0.094807109349511656 0.81070559429325073 -0.048956101014929983 0.2288654041436966 0.012625608122588634 0.45093887235366065 -0.03997739140465903 0.0076854922035804662 0.075473021981179889 -0.09283249553870343 0.30193466833809413 0.22968216984444056 0.016654679469740408 0.24084152760703767 0.037660950220408794 0.85179914079958474 0.31441003882186497 0.2367701853808506 0.71971273219456333 -0.065360801919600475 -0.086240037090024951 0.26732856676355615
leaf_weight=3870 1401 1712 7918 4551 4528 6106 2473 11529 8403 1331 13814 3869 9413 5258 24825 8660 2649 3944 2575 2496 8774 676 2996 1468 1456 1619 328 34311 14075 1391
leaf_count=3870 1401 1712 7918 4551 4528 6106 2473 11529 8403 1331 13814 3869 9413 5258 24825 8660 2649 3944 2575 2496 8774 676 2996 1468 1456 1619 328 34311 14075 1391
internal_value=0.00119731 -0.00271559 0.0164037 0.0133472 -0.00490853 0.00339927 0.00809367 -0.0061148 0.00133657 0.00507119 -0.000985185 0.00322711 0.00157999 0.0195018 -0.00731425 -0.00168368 0.0038791 -0.000596822 0.0163291 0.0135978 0.00367347 0.00191517 0.00977143 0.0185968 0.0109338 0.00974227 0.00584838 -0.00860801 -0.0109785 0.00907163
internal_weight=198419 157811 40608 32690 116155 41656 17636 97946 32703 13695 24300 12364 18209 15054 77081 20865 13681 8495 9796 7221 10486 9336 4725 3941 8953 4268 3324 52256 17945 7497
internal_count=198419 157811 40608 32690 116155 41656 17636 97946 32703 13695 24300 12364 18209 15054 77081 20865 13681 8495 9796 7221 10486 9336 4725 3941 8953 4268 3324 52256 17945 7497
is_linear=0
shrinkage=0.06


Tree=20
num_leaves=31
num_cat=0
split_feature=0 0 0 1 11 23 23 23 11 14 11 3 21 21 1 1 23 4 14 0 0 2 21 11 23 1 23 11 0 21
split_gain=3088.22 595.203 392.472 271.652 232.923 185.341 147.708 140.378 137.693 120.722 106.402 103.789 84.8389 78.6109 70.1213 65.992 66.243 63.2039 53.5632 53.5336 51.5273 55.6966 49.3993 47.2101 45.6156 42.9593 41.9043 39.5415 37.9152 37.1764
threshold=15.688108921051027 8.1695337295532244 61.939558029174812 103.00000000000001 0.3308964222669602 6.8165552616119394 2.0322954654693608 6.020177125930787 0.51942425966262828 1.0000000180025095e-35 0.24962412565946582 32.000000000000007 0.13181316107511523 0.37659685313701635 211.00000000000003 128.00000000000003 11.868320941925051 229.50000000000003 1.0000000180025095e-35 35.662218093872077 0.73626205325126659 2.5000000000000004 0.30021543800830847 0.31268873810768133 17.846974372863773 47.500000000000007 7.3470351696014413 0.2133271470665932 2.3591941595077519 0.56017047166824352
decision_type=2 2 2 2 2 2 2 2 2 2 2 2 2 2 2 2 2 2 2 2 2 2 2 2 2 2 2 2 2 2
left_child=1 4 3 19 6 8 12 9 11 10 17 -3 -1 -13 -6 28 22 -5 20 25 21 -14 -17 24 -7 -2 -27 -9 -8 -22
right_child=2 5 -4 7 14 23 15 27 -10 -11 -12 13 18 -15 -16 16 -18 -19 -20 -21 29 -23 -24 -25 -26 26 -28 -29 -30 -31
leaf_value=-0.10260085732098373 0.24164796675863784 0.086765262138382399 1.7194032186510984 0.055422781599486687 -0.0043636665064222058 0.076159119173921819 -0.094949756454535808 0.32954093847264337 0.12423400043051704 0.80723204414076055 0.26655074280433733 -0.039208007388182864 -0.11592188628561843 0.029046904657397565 0.12566546330001738 -0.040996009954026018 0.17062048244603922 -0.1273723495763926 0.55260309171745348 0.48853521912381243 -0.050188981108004425 -0.06064665024843998 0.047452499024074085 0.30966629973123583 0.25693486502321605 0.13585722657174598 0.36152914835093231 0.84689526526698289 -0.022652475566818948 -0.0097785093694623838
leaf_weight=13000 3630 2242 7918 6054 8265 6053 2585 2452 4855 1374 3348 15633 4880 11912 4865 5484 2237 2548 326 3178 48053 7994 4886 1828 1311 3827 1268 1371 7168 7874
leaf_count=13000 3630 2242 7918 6054 8265 6053 2585 2452 4855 1374 3348 15633 4880 11912 4865 5484 2237 2548 326 3178 48053 7994 4886 1828 1311 3827 1268 1371 7168 7874
internal_value=0.00123481 -0.00234703 0.0168778 0.0136503 -0.00457102 0.00362048 -0.00551753 0.00881612 0.00161076 0.00590814 0.00397155 8.35935e-05 -0.00669463 -0.000926847 0.00296116 -0.0011941 0.00167288 0.000439433 -0.00585835 0.0206141 -0.00597331 -0.00939568 -0.000347155 0.0111945 0.00905215 0.0181857 0.014632 0.0189511 -0.00490003 -0.00518551
internal_weight=198419 161451 36968 29050 117617 43834 104487 17147 34642 13324 11950 29787 82127 27545 13130 22360 12607 8602 69127 11903 68801 12874 10370 9192 7364 8725 5095 3823 9753 55927
internal_count=198419 161451 36968 29050 117617 43834 104487 17147 34642 13324 11950 29787 82127 27545 13130 22360 12607 8602 69127 11903 68801 12874 10370 9192 7364 8725 5095 3823 9753 55927
is_linear=0
shrinkage=0.06


Tree=21
num_leaves=31
num_cat=0
split_feature=0 0 0 3 11 23 23 1 14 0 23 11 1 11 21 23 14 7 14 21 21 1 6 23 0 11 0 21 0 23
split_gain=2903.58 532.275 408.44 261.008 222.973 187.368 157.05 155.561 134.829 128.348 122.612 121.516 100.955 88.3924 76.51 73.3692 67.808 67.6438 63.6733 61.5765 56.151 47.7446 46.006 39.4704 38.4762 38.3938 37.5304 30.3783 30.2542 30.1028
threshold=15.688108921051027 6.1732130050659189 61.939558029174812 74.000000000000014 0.51942425966262828 2.0322954654693608 6.4740757942199716 178.00000000000003 1.0000000180025095e-35 2.3591941595077519 8.023776054382326 0.47201801836490637 41.500000000000007 0.43672485649585729 0.48632842302322393 17.846974372863773 1.0000000180025095e-35 1.0000000180025095e-35 1.0000000180025095e-35 0.4626720398664475 0.19260819256305697 224.00000000000003 14.900000095367433 2.8841202259063725 34.128473281860359 0.2133271470665932 35.662218093872077 0.56017047166824352 21.312211990356449 17.846974372863773
decision_type=2 2 2 2 2 2 2 2 2 2 2 2 2 2 2 2 2 2 2 2 2 2 2 2 2 2 2 2 2 2
left_child=1 7 3 24 5 12 8 9 11 17 13 14 -3 16 21 19 20 -1 22 -7 -9 26 -14 -6 -2 28 -5 -22 -8 -12
right_child=2 4 -4 6 23 15 25 10 -10 -11 29 -13 18 -15 -16 -17 -18 -19 -20 -21 27 -23 -24 -25 -26 -27 -28 -29 -30 -31
leaf_value=-0.12112954461271208 0.20251312016285863 0.045178438551919574 1.6162390255320327 -0.0037253739214011183 0.096568200636411777 0.024589446020247364 0.15131316266596154 -0.083955111572585533 0.76479966948586553 -0.038021796125398431 0.090303185170602013 0.3201061615781966 -0.0094171379128260482 0.095895523198195914 0.1543551666716734 0.25465349926101843 1.0979837465498863 -0.07514637148228899 0.5600563031220569 0.1201695313586071 -0.035994730841034654 -0.1097179290882954 -0.056958056777302701 0.26463310279410468 0.4555532345256611 0.75365320075424136 0.16982169304820108 0.033522994445509803 0.51536085924640473 0.52512780162343164
leaf_weight=4825 6363 4831 7918 4062 6112 13117 1373 7488 1633 33411 2722 2357 17368 2954 3016 1697 302 21268 563 3954 18474 3188 16589 2343 2652 1634 1480 3000 1292 433
leaf_count=4825 6363 4831 7918 4062 6112 13117 1373 7488 1633 33411 2722 2357 17368 2954 3016 1697 302 21268 563 3954 18474 3188 16589 2343 2652 1634 1480 3000 1292 433
internal_value=0.00126656 -0.00220655 0.0164348 0.0131422 0.00190615 0.000581737 0.00932718 -0.00509238 0.00655058 -0.00696558 -0.00194131 0.00466071 -0.00177098 -0.00304674 0.00216584 0.00551471 -0.00404524 -0.0101188 -0.00290788 0.00433191 -0.00434017 -0.000680412 -0.00323969 0.0110101 0.0216206 0.0194906 0.00268495 -0.00278011 0.0150507 0.00934707
internal_weight=198419 161451 36968 29050 66574 58119 20035 94877 15736 59504 35373 14103 39351 32218 11746 18768 29264 26093 34520 17071 28962 8730 33957 8455 9015 4299 5542 21474 2665 3155
internal_count=198419 161451 36968 29050 66574 58119 20035 94877 15736 59504 35373 14103 39351 32218 11746 18768 29264 26093 34520 17071 28962 8730 33957 8455 9015 4299 5542 21474 2665 3155
is_linear=0
shrinkage=0.06


Tree=22
num_leaves=31
num_cat=0
split_feature=0 0 0 3 11 11 11 14 23 23 23 6 21 1 1 4 23 23 4 0 14 0 21 21 11 14 21 0 7 23
split_gain=2708.77 479.537 402.843 245.64 200.116 147.695 146.6 137.55 124.023 114.242 113.174 96.8242 84.0874 74.555 69.2736 58.0307 56.34 55.7472 46.9882 43.1695 41.6113 41.4586 37.5076 36.4732 36.0308 35.6714 33.7956 33.6115 40.9501 33.4424
threshold=15.688108921051027 8.3264079093933123 61.939558029174812 74.000000000000014 1.0000000180025095e-35 0.2133271470665932 0.51942425966262828 1.0000000180025095e-35 11.868320941925051 5.4582648277282724 14.812517642974855 10.84999990463257 0.26013524830341345 129.50000000000003 224.00000000000003 173.00000000000003 6.2427423000335702 4.7370638847351083 30.000000000000004 29.780868530273441 1.0000000180025095e-35 32.498483657836921 0.74832612276077282 0.54729878902435314 0.29716476798057562 1.0000000180025095e-35 0.47080598771572119 2.0976994037628178 1.0000000180025095e-35 17.846974372863773
decision_type=2 2 2 2 2 2 2 2 2 2 2 2 2 2 2 2 2 2 2 2 2 2 2 2 2 2 2 2 2 2
left_child=1 4 3 21 9 7 8 10 11 12 14 18 -1 -6 19 -11 -7 26 -3 -5 23 -2 25 -13 -25 27 -15 28 -14 -17
right_child=2 6 -4 5 13 16 -8 -9 -10 15 -12 20 22 17 -16 29 -18 -19 -20 -21 -22 -23 -24 24 -26 -27 -28 -29 -30 -31
leaf_value=-0.07390302595838362 0.18729717799523984 0.083002241634719143 1.5192646840001107 0.018236431730849035 -0.02140574419344915 0.25437730639339973 0.14373634907136817 0.68565490729387024 0.14015780930178753 -0.027740636401186396 0.4764408967708747 -0.04065954942500815 -0.10751142631488714 0.014269304115560953 -0.08137600237461462 0.043453742177782924 0.70427496051535277 0.29218799592978334 0.028187248588003602 0.1832367427214292 0.69528949977405208 0.41314383237066477 0.062578228112093612 0.017842165208579529 0.34182147986508138 0.44580746948507566 0.15971918022347775 -0.031959553291697966 -0.051367792378377242 0.39159694261045985
leaf_weight=35272 6124 2328 7918 4422 7946 4540 6066 1600 4303 8480 946 14869 1947 7824 4001 4691 1662 1608 11445 2864 426 2891 1090 2631 303 298 1563 34055 13886 420
leaf_count=35272 6124 2328 7918 4422 7946 4540 6066 1600 4303 8480 946 14869 1947 7824 4001 4691 1662 1608 11445 2864 426 2891 1090 2631 303 298 1563 34055 13886 420
internal_value=0.00127624 -0.00207834 0.0159267 0.0126568 -0.00402889 0.00895583 0.00340351 0.0055064 0.00196089 -0.00509861 0.0033426 0.000674958 -0.0059017 0.00162663 0.00167183 1.54514e-05 0.0166495 0.00482674 0.00447179 0.00515509 -0.00219376 0.0208819 -0.00435057 -0.0026372 0.00347648 -0.00458973 0.00305849 -0.00471336 -0.00699741 0.00506554
internal_weight=198419 161451 36968 29050 119080 20035 42371 13833 36305 100139 12233 32002 86548 18941 11287 13591 6202 10995 13773 7286 18229 9015 51276 17803 2934 50186 9387 49888 15833 5111
internal_count=198419 161451 36968 29050 119080 20035 42371 13833 36305 100139 12233 32002 86548 18941 11287 13591 6202 10995 13773 7286 18229 9015 51276 17803 2934 50186 9387 49888 15833 5111
is_linear=0
shrinkage=0.06


Tree=23
num_leaves=31
num_cat=0
split_feature=0 0 0 3 11 23 23 1 0 14 23 11 1 11 23 14 7 21 14 23 21 21 11 0 14 6 11 21 21 23
split_gain=2511.47 433.262 406.507 221.769 190.693 139.387 139.199 128.131 115.209 112.253 94.9087 94.4367 94.368 85.1174 85.0007 58.3577 57.8932 56.429 56.2371 52.4707 45.9739 43.9038 43.6143 42.046 41.5389 39.0744 37.5087 47.5393 36.1982 34.3458
threshold=15.688108921051027 6.1732130050659189 57.770694732666023 74.000000000000014 1.0000000180025095e-35 6.2427423000335702 2.68842625617981 178.00000000000003 2.0976994037628178 1.0000000180025095e-35 9.4952249526977557 0.47201801836490637 41.500000000000007 0.50419721007347118 4.7370638847351083 1.0000000180025095e-35 1.0000000180025095e-35 0.48632842302322393 1.0000000180025095e-35 14.729770660400392 0.22453764826059344 0.13758362084627154 0.67763173580169689 27.322209358215336 1.0000000180025095e-35 14.900000095367433 0.68628680706024181 0.16896060109138492 0.55524525046348583 13.873621940612795
decision_type=2 2 2 2 2 2 2 2 2 2 2 2 2 2 2 2 2 2 2 2 2 2 2 2 2 2 2 2 2 2
left_child=1 7 3 23 5 12 9 8 16 11 13 17 -3 15 22 20 -1 -5 25 24 -9 -7 28 -2 26 -14 27 -8 -6 -23
right_child=2 4 -4 6 14 21 19 10 -10 -11 -12 -13 18 -15 -16 -17 -18 -19 -20 -21 -22 29 -24 -25 -26 -27 -28 -29 -30 -31
leaf_value=-0.11006494220242523 0.16103080662703476 0.046459997647317522 1.3471130143858852 -0.027317950207979533 0.02149137077601301 -0.032350188226950044 -0.079897547240956046 -0.066469269262092123 -0.034736852894063489 0.65299173229060437 0.15752782887138 0.27548309847890395 -0.011850842527251233 0.11623105990411298 0.22668011184900208 1.0108838333371488 -0.068859615372140401 0.11777538490527063 0.51130570970193523 0.60310204327740025 -0.019371973780491686 0.05211609517350075 0.11344487437357088 0.34467032506575557 1.1609572866218212 -0.058016946237061585 0.49383211066405414 0.20055644948993054 0.16948223504260723 0.1531822149736696
leaf_weight=4451 5171 4496 8642 7513 10902 1556 719 10190 35623 1509 2291 1790 16426 2474 3526 302 19430 2543 585 1643 20116 6260 3049 3610 469 15819 432 2927 1146 2809
leaf_count=4451 5171 4496 8642 7513 10902 1556 719 10190 35623 1509 2291 1790 16426 2474 3526 302 19430 2543 585 1643 20116 6260 3049 3610 469 15819 432 2927 1146 2809
internal_value=0.00125991 -0.0019702 0.0153668 0.0118915 0.00174032 -0.000260891 0.00833308 -0.00457382 -0.00627386 0.00488581 -0.00171402 0.00292251 -0.00198682 -0.00253189 0.00689309 -0.00339715 -0.00949835 0.000662291 -0.00310326 0.0157706 -0.00365868 0.00580235 0.00493409 0.0198121 0.01245 -0.00343774 0.0105051 0.00852441 0.00331175 0.00739993
internal_weight=198419 161451 36968 28326 66574 47951 19545 94877 59504 13355 35373 11846 37326 33082 18623 30608 23881 10056 32830 6190 30306 10625 15097 8781 4547 32245 4078 3646 12048 9069
internal_count=198419 161451 36968 28326 66574 47951 19545 94877 59504 13355 35373 11846 37326 33082 18623 30608 23881 10056 32830 6190 30306 10625 15097 8781 4547 32245 4078 3646 12048 9069
is_linear=0
shrinkage=0.06


Tree=24
num_leaves=31
num_cat=0
split_feature=0 0 0 1 11 23 23 23 14 11 11 6 11 1 21 0 21 4 4 21 23 23 3 23 21 3 23 21 14 1
split_gain=2341.56 446.478 355.253 211.843 163.659 150.019 121.728 92.9079 92.8463 91.0788 78.6367 70.0493 69.3993 66.826 60.3358 56.178 52.605 51.5161 49.3983 47.0264 44.1295 41.203 39.7761 38.7623 37.2584 36.9879 33.999 33.7528 32.1682 31.4868
threshold=17.045269966125492 8.3264079093933123 65.666522979736342 103.00000000000001 1.0000000180025095e-35 2.0322954654693608 6.020177125930787 2.0322954654693608 1.0000000180025095e-35 0.51942425966262828 1.0000000180025095e-35 14.900000095367433 1.0000000180025095e-35 290.50000000000006 0.59814637899398815 35.662218093872077 0.30021543800830847 229.50000000000003 42.000000000000007 0.11071228235960008 13.873621940612795 6.4740757942199716 47.500000000000007 14.302666187286379 0.29124811291694647 32.000000000000007 0.28568713366985327 0.24617874622344973 1.0000000180025095e-35 41.500000000000007
decision_type=2 2 2 2 2 2 2 2 2 2 2 2 2 2 2 2 2 2 2 2 2 2 2 2 2 2 2 2 2 2
left_child=1 4 3 15 7 9 8 14 10 11 17 25 20 18 19 21 -9 24 -6 -1 28 22 -2 -18 -5 -3 -20 -22 29 -7
right_child=2 5 -4 6 13 12 -8 16 -10 -11 -12 -13 -14 -15 -16 -17 23 -19 26 -21 27 -23 -24 -25 -26 -27 -28 -29 -30 -31
leaf_value=-0.091709556238200221 0.1752663817259843 0.06880999087043857 1.4828299652121852 -0.04773512240484315 -0.058445355281240813 0.084257767763006267 0.46658543154912235 -0.034841387416639363 0.67262818592910945 0.094247322154130439 0.22292477897571394 -0.04457906122909458 0.19630279925262414 0.15771655828891523 0.00074749161621879168 0.39904039011815301 0.0096887006876313821 -0.13696878155872877 -0.0044947869014689166 -0.047917251453334454 -0.021117922588134875 0.28238522255294496 0.10589574280891291 0.19362463552755457 0.10056144400587808 0.011686037866403431 0.065643155970753125 0.18472543172776112 0.90159796898522881 0.014310629334077127
leaf_weight=9252 2292 1889 7194 2187 2143 1171 3267 11758 1318 4381 3217 11159 4681 2692 6323 3518 8931 2168 9921 63092 455 1963 3110 783 3090 12529 4185 2241 178 7331
leaf_count=9252 2292 1889 7194 2187 2143 1171 3267 11758 1318 4381 3217 11159 4681 2692 6323 3518 8931 2168 9921 63092 455 1963 3110 783 3090 12529 4185 2241 178 7331
internal_value=0.00125023 -0.00167812 0.015758 0.0125075 -0.00361774 0.0033413 0.0079432 -0.00458513 0.00514357 0.000833166 0.00328644 -0.000536028 0.0080208 0.00149675 -0.00553993 0.018902 -0.001087 -0.000100739 4.61567e-05 -0.00603118 0.00549051 0.0159226 0.0132173 0.00218036 0.00309835 0.00222638 0.0013356 0.0121958 0.00340783 0.00287932
internal_weight=198419 165095 33324 26130 119080 46015 15247 100139 11980 29958 10662 25577 16057 18941 78667 10883 21472 7445 16249 72344 11376 7365 5402 9714 5277 14418 14106 2696 8680 8502
internal_count=198419 165095 33324 26130 119080 46015 15247 100139 11980 29958 10662 25577 16057 18941 78667 10883 21472 7445 16249 72344 11376 7365 5402 9714 5277 14418 14106 2696 8680 8502
is_linear=0
shrinkage=0.06


Tree=25
num_leaves=31
num_cat=0
split_feature=0 0 0 3 11 23 23 0 14 11 23 11 2 11 6 21 4 21 23 4 0 0 21 21 23 1 3 21 11 21
split_gain=2158.84 394.796 369.193 190.456 145.803 131.776 121.168 103.805 100.535 89.654 88.5025 83.1663 67.3705 62.9645 62.1575 60.6742 56.3718 52.9394 44.1425 42.8776 40.9791 40.1892 37.0211 36.211 33.4779 32.8988 32.1874 29.245 26.9576 34.0552
threshold=17.045269966125492 8.3264079093933123 61.939558029174812 75.500000000000014 0.50761097669601452 2.0322954654693608 4.8467845916748056 0.73626205325126659 1.0000000180025095e-35 0.24962412565946582 8.6239829063415545 0.51942425966262828 1.5000000000000002 0.307223990559578 14.900000095367433 0.4038205891847611 77.000000000000014 0.29124811291694647 17.846974372863773 239.50000000000003 25.3781270980835 32.498483657836921 0.17327156662940982 0.30021543800830847 14.729770660400392 216.00000000000003 32.000000000000007 0.4626720398664475 1.0000000180025095e-35 0.74832612276077282
decision_type=2 2 2 2 2 2 2 2 2 2 2 2 2 2 2 2 2 2 2 2 2 2 2 2 2 2 2 2 2 2
left_child=1 4 3 21 7 11 8 12 9 17 15 14 -1 18 26 -9 -12 -5 27 -6 24 -2 -18 -19 -8 -25 -3 -7 29 -17
right_child=2 5 -4 6 19 13 20 10 -10 -11 16 -13 -14 -15 -16 28 22 23 -20 -21 -22 -23 -24 25 -26 -27 -28 -29 -30 -31
leaf_value=-0.11212218147648595 0.16881670015144598 0.064681391418212233 1.2595143115865637 -0.080757564651334546 0.020157839110528927 0.02573536726741766 0.1086200438547604 -0.0429686878513547 0.61562157419305608 0.21702945150282368 -0.043987132496153457 0.088592482824882621 -0.055364188910319627 0.21010966405492196 -0.041904317555348916 -0.021762601468672375 -0.0077191162421572021 0.34686169624059687 0.20623056275773136 0.20597740820903168 0.60287156896693006 0.34480217478026792 0.13191201004968361 0.097777986967667083 0.45568885594433506 -0.051077617893884195 0.010984875594419279 0.097493373237442213 0.040351331372451185 0.066357219856335165
leaf_weight=3873 5195 1889 7918 3512 6105 8130 1627 57464 1500 3208 2178 4381 15640 3597 11159 22686 1756 351 1435 1775 1844 2961 3626 2701 780 1727 12529 2895 2731 1246
leaf_count=3873 5195 1889 7918 3512 6105 8130 1627 57464 1500 3208 2178 4381 15640 3597 11159 22686 1756 351 1435 1775 1844 2961 3626 2701 780 1727 12529 2895 2731 1246
internal_value=0.0012336 -0.00157818 0.0151638 0.0116382 -0.00340208 0.0031418 0.00806609 -0.00396097 0.0051904 0.00328463 -0.00311527 0.000791108 -0.00793471 0.00752756 -0.000517262 -0.00367409 0.00310317 -1.08551e-05 0.00550883 0.00448477 0.0168596 0.0191932 0.00639911 0.00409918 0.0117034 0.00262873 0.00208489 0.00422041 -0.00130855 -0.00195303
internal_weight=198419 165095 33324 25406 119080 46015 17250 111200 12999 11499 91687 29958 19513 16057 25577 84127 7560 8291 12460 7880 4251 8156 5382 4779 2407 4428 14418 11025 26663 23932
internal_count=198419 165095 33324 25406 119080 46015 17250 111200 12999 11499 91687 29958 19513 16057 25577 84127 7560 8291 12460 7880 4251 8156 5382 4779 2407 4428 14418 11025 26663 23932
is_linear=0
shrinkage=0.06


Tree=26
num_leaves=31
num_cat=0
split_feature=0 0 0 4 11 11 23 1 0 1 14 0 23 23 14 23 7 14 11 11 21 3 11 21 23 23 4 21 21 14
split_gain=1994.52 375.46 350.421 187.174 161.978 114.414 112.599 104.513 96.5351 93.5157 86.4938 82.0226 77.6587 75.8936 73.3945 84.1892 58.0541 52.572 51.5134 50.3116 49.0984 48.8544 47.4293 46.8289 42.2392 41.1262 40.0715 38.3831 34.2466 34.0522
threshold=17.045269966125492 69.17972564697267 6.1732130050659189 113.00000000000001 1.0000000180025095e-35 1.0000000180025095e-35 12.026573657989504 178.00000000000003 2.8567444086074834 41.500000000000007 1.0000000180025095e-35 35.662218093872077 7.7909934520721444 15.119426727294924 1.0000000180025095e-35 13.091711521148683 1.0000000180025095e-35 1.0000000180025095e-35 0.52300366759300243 0.43672485649585729 0.48932217061519628 32.000000000000007 0.51942425966262828 0.13181316107511523 6.2427423000335702 7.2746057510375985 232.00000000000003 0.19260819256305697 0.24617874622344973 1.0000000180025095e-35
decision_type=2 2 2 2 2 2 2 2 2 2 2 2 2 2 2 2 2 2 2 2 2 2 2 2 2 2 2 2 2 2
left_child=2 3 7 11 6 14 9 8 16 -4 23 18 17 20 15 26 -1 19 21 27 22 -2 -6 -11 -7 29 -5 -9 -8 -23
right_child=1 -3 4 5 13 24 28 12 -10 10 -12 -13 -14 -15 -16 -17 -18 -19 -20 -21 -22 25 -24 -25 -26 -27 -28 -29 -30 -31
leaf_value=-0.092666802723316496 0.18213830569719944 1.457213029917737 0.044698442924005037 0.032993184073865103 0.010989821739099348 0.23585019834147256 -0.0024191599612004922 -0.06469591361301362 -0.024771433663311217 -0.0863092475656278 0.5501036146516306 0.35553873974767558 0.10187069332008673 0.58083819537403503 0.54909220147913052 0.37382191663648712 -0.055009777841488361 1.0092499048849464 0.26805591734745604 0.06514436820809609 0.15741939317056428 0.042549717365296079 0.086850910109693619 -0.016270938472335503 0.71749868318143706 0.23142819267654843 -0.13080653502674724 -0.01911293377699378 0.12730159753020878 0.50998469581313
leaf_weight=5615 1298 6474 5569 5036 8424 3042 1275 7463 28894 4469 847 4485 3407 692 1112 691 24995 324 1702 2894 3134 4062 7635 34210 1099 1351 2481 21285 3963 491
leaf_count=5615 1298 6474 5569 5036 8424 3042 1275 7463 28894 4469 847 4485 3407 692 1112 691 24995 324 1702 2894 3134 4062 7635 34210 1099 1351 2481 21285 3963 491
internal_value=0.00122151 0.0146111 -0.00148115 0.0114838 0.00173203 0.00648763 -7.9272e-05 -0.00385921 -0.0053946 -0.00104646 -0.00207205 0.0165068 -0.0012764 0.00631682 0.00280043 0.000840643 -0.00774257 -0.00219421 0.0131739 -0.00244043 0.00561298 0.0109553 0.00427237 -0.0024874 0.0147863 0.00863821 -0.00100173 -0.00319953 0.00824742 0.00591039
internal_weight=198419 33324 165095 26850 70218 13461 50333 94877 59504 45095 39526 13389 35373 19885 9320 8208 30610 31966 8904 31642 19193 7202 16059 38679 4141 5904 7517 28748 5238 4553
internal_count=198419 33324 165095 26850 70218 13461 50333 94877 59504 45095 39526 13389 35373 19885 9320 8208 30610 31966 8904 31642 19193 7202 16059 38679 4141 5904 7517 28748 5238 4553
is_linear=0
shrinkage=0.06


Tree=27
num_leaves=31
num_cat=0
split_feature=0 0 0 4 23 11 23 11 21 11 23 4 14 11 23 4 1 23 3 23 14 21 21 0 21 23 11 14 0 7
split_gain=1869.66 418.24 277.15 168.579 149.433 129.818 97.6303 81.2252 74.9696 68.4423 68.3017 66.2949 61.9769 62.0271 60.7163 59.5805 59.2513 54.6901 53.4981 51.295 48.4809 46.5319 43.2231 40.8874 37.1794 34.7467 34.6795 33.4694 30.5315 44.0688
threshold=20.731276512146 8.4944567680358904 69.17972564697267 154.50000000000003 2.0322954654693608 1.0000000180025095e-35 6.020177125930787 0.51942425966262828 0.19260819256305697 0.43968297541141516 9.380099296569826 57.000000000000007 1.0000000180025095e-35 0.24962412565946582 14.812517642974855 42.000000000000007 47.500000000000007 6.020177125930787 84.500000000000014 9.608006954193117 1.0000000180025095e-35 0.37659685313701635 0.74832612276077282 35.662218093872077 0.35063730180263525 0.56013277173042308 0.70235082507133495 1.0000000180025095e-35 3.150883793830872 1.0000000180025095e-35
decision_type=2 2 2 2 2 2 2 2 2 2 2 2 2 2 2 2 2 2 2 2 2 2 2 2 2 2 2 2 2 2
left_child=1 5 3 16 7 8 12 11 -1 14 22 -3 13 -5 20 -7 -2 23 -12 24 -6 -13 27 -18 26 -26 -17 28 29 -10
right_child=2 4 -4 6 9 15 -8 -9 10 -11 18 21 -14 -15 -16 19 17 -19 -20 -21 -22 -23 -24 -25 25 -27 -28 -29 -30 -31
leaf_value=-0.059458034459599601 0.28095930637235716 0.045054867280329002 1.3697802481226726 -0.082423360694837841 0.038292684022708093 -0.053019901997631055 0.57088159701757657 0.087402998243800448 -0.073498885277296949 0.22099278533588471 -0.049834724650976624 -0.040790069353476781 0.73134960547153349 0.23170050710454618 0.18621863314045489 -0.015445829021216752 0.10071615005336777 0.41267179380539659 0.11777223652981782 0.37700258401207265 0.87984685837470233 0.019532042684097091 0.066060339058688008 0.24516158417008441 0.031089002642624111 0.14120971290967549 0.10369511529387403 0.45143340331387566 -0.021938853272066797 -0.037548411773863588
leaf_weight=27736 3503 5464 6474 3673 12007 2191 1262 4835 3710 3083 1255 13402 574 1261 3085 9150 3934 2053 3014 849 310 9636 1347 3319 4229 1715 1219 346 37092 26691
leaf_count=27736 3503 5464 6474 3673 12007 2191 1262 4835 3710 3083 1255 13402 574 1261 3085 9150 3934 2053 3014 849 310 9636 1347 3319 4229 1715 1219 346 37092 26691
internal_value=0.00119883 -0.00106552 0.0161797 0.0126212 0.00344217 -0.00300338 0.00496307 0.00104299 -0.00386447 0.007769 -0.00286094 -0.00017683 0.00151416 -0.000656668 0.00613557 0.00149899 0.0166687 0.0141651 0.00450457 0.0026885 0.00425022 -0.00158608 -0.00331541 0.0117179 0.00194017 0.00572342 -0.000228566 -0.00352673 -0.00362215 -0.00503174
internal_weight=198419 172366 26053 19579 51822 120544 6770 33337 101191 18485 73455 28502 5508 4934 15402 19353 12809 9306 4269 17162 12317 23038 69186 7253 16313 5944 10369 67839 67493 30401
internal_count=198419 172366 26053 19579 51822 120544 6770 33337 101191 18485 73455 28502 5508 4934 15402 19353 12809 9306 4269 17162 12317 23038 69186 7253 16313 5944 10369 67839 67493 30401
is_linear=0
shrinkage=0.06


Tree=28
num_leaves=31
num_cat=0
split_feature=0 0 0 4 11 23 11 0 23 4 23 14 1 11 3 21 4 23 14 21 4 0 23 21 23 15 21 11 11 21
split_gain=1747.02 374.592 281.559 167.931 130.921 127.922 101.183 93.5284 91.7258 88.6893 81.2831 74.3207 58.963 58.5437 58.5044 56.2891 55.0535 54.5202 53.0664 50.5302 47.2881 47.2338 40.2781 34.3576 33.4557 29.9404 29.23 28.8607 27.596 27.584
threshold=20.731276512146 9.4515752792358416 72.193359375000014 155.50000000000003 0.50761097669601452 13.349164962768556 0.51942425966262828 0.73626205325126659 6.020177125930787 42.000000000000007 8.6239829063415545 1.0000000180025095e-35 41.500000000000007 0.24962412565946582 52.500000000000007 0.4718859344720841 87.500000000000014 6.020177125930787 1.0000000180025095e-35 0.12140886485576631 142.50000000000003 35.662218093872077 17.846974372863773 0.54729878902435314 0.28568713366985327 1.0000000180025095e-35 0.16196545958518985 0.41736809909343725 0.46633338928222662 0.54243248701095592
decision_type=2 2 2 2 2 2 2 2 2 2 2 2 2 2 2 2 2 2 2 2 2 2 2 2 2 2 2 2 2 2
left_child=1 4 3 12 7 6 9 14 13 -3 15 19 -2 18 -1 26 -12 21 29 -11 -6 28 25 -21 -22 -18 -9 -7 -14 -5
right_child=2 5 -4 8 20 27 -8 10 -10 11 16 -13 17 -15 -16 -17 22 -19 -20 23 24 -23 -24 -25 -26 -27 -28 -29 -30 -31
leaf_value=-0.09352781029242338 0.28305964501657532 0.071686350724338502 1.4124953955155859 -0.11965498733868848 0.00071252073496698822 0.14850545504605858 0.11255797953420348 -0.054024440156612508 0.53664122751644361 -0.098162660059520096 -0.032491996475767913 0.47561292565598845 0.053552586434763967 0.28464228744450515 -0.047021083566631906 -0.0018700682365958075 0.041611278241983123 0.39640767873447785 0.57854488299339624 -0.0052149144412142684 0.073832955042290496 0.2426046012108167 0.31690787352859923 0.061704009844888524 0.31000087850074565 0.30540520872709104 -0.027137800989743149 0.49684406379583262 0.22941386619675491 0.11170919727327884
leaf_weight=4126 3348 4047 5754 3149 4624 3522 6139 16732 1283 2757 2873 1075 3284 1381 15387 20445 4932 2199 480 20371 3064 3718 848 4488 1392 237 54678 629 790 667
leaf_count=4126 3348 4047 5754 3149 4624 3522 6139 16732 1283 2757 2873 1075 3284 1381 15387 20445 4932 2199 480 20371 3064 3718 848 4488 1392 237 54678 629 790 667
internal_value=0.00119641 -0.000992423 0.0156777 0.0123568 -0.00260573 0.00385702 0.00278802 -0.00313027 0.00480172 0.00146252 -0.00239387 0.000289638 0.0162988 0.00152722 -0.0069323 -0.00292407 0.00308436 0.0139896 -0.00192737 -0.000312862 0.00434141 0.011635 0.00634702 0.000541856 0.00875224 0.00435868 -0.00371881 0.0138689 0.00717231 -0.00429245
internal_weight=198419 172366 26053 20299 129338 43028 38877 120258 6960 32738 100745 28691 13339 5677 19513 91855 8890 9991 4296 27616 9080 7792 6017 24859 4456 5169 71410 4151 4074 3816
internal_count=198419 172366 26053 20299 129338 43028 38877 120258 6960 32738 100745 28691 13339 5677 19513 91855 8890 9991 4296 27616 9080 7792 6017 24859 4456 5169 71410 4151 4074 3816
is_linear=0
shrinkage=0.06


Tree=29
num_leaves=31
num_cat=0
split_feature=0 0 0 4 23 11 11 23 11 11 21 3 23 1 14 0 21 14 23 14 21 23 4 4 23 1 23 0 23 21
split_gain=1617.99 335.747 274.634 156.944 126.1 104.804 98.9755 77.7484 65.3616 65.2883 63.7673 55.2373 52.626 50.8388 50.3956 47.4481 42.0294 36.8864 36.2394 35.9498 37.2435 42.0481 35.1098 34.9994 33.0002 32.3089 38.871 31.401 29.8213 28.7502
threshold=20.731276512146 8.3264079093933123 72.193359375000014 108.50000000000001 2.0322954654693608 0.25478133559226995 1.0000000180025095e-35 2.68842625617981 0.51942425966262828 0.2133271470665932 0.26013524830341345 61.500000000000007 2.1170724630355839 290.50000000000006 1.0000000180025095e-35 35.662218093872077 0.13181316107511523 1.0000000180025095e-35 15.119426727294924 1.0000000180025095e-35 0.24617874622344973 14.302666187286379 232.00000000000003 42.000000000000007 6.020177125930787 128.00000000000003 14.245416641235353 0.92909860610961925 14.207778453826906 0.79263004660606395
decision_type=2 2 2 2 2 2 2 2 2 2 2 2 2 2 2 2 2 2 2 2 2 2 2 2 2 2 2 2 2 2
left_child=1 6 3 15 8 7 10 14 11 19 27 -3 29 23 22 24 -13 -18 -11 20 -6 -22 -5 -8 -2 -14 -27 -1 -25 -12
right_child=2 4 -4 5 9 -7 13 -9 -10 18 12 16 25 -15 -16 -17 17 -19 -20 -21 21 -23 -24 28 -26 26 -28 -29 -30 -31
leaf_value=-0.068862787504718997 0.11551617657696929 0.038687978147400909 1.3277456717846507 0.015720766134839595 -0.0092089852279608666 0.4088118999660254 -0.049028739262902264 0.27705622120383833 0.077949449058243386 0.13535620744415366 -0.027631422790087672 -0.10162682836751968 -0.01786250554404736 0.13221017785988717 0.41023814297608679 0.31586945475901451 -0.011965977797934001 0.37074349102391019 0.46703341996808262 0.79522362367237087 0.036989659172481752 0.1610229388592101 -0.22042237635391401 0.0063236379356788313 0.26346631988792379 0.029038953574220053 0.23635140504008706 -0.039207244435995658 0.37652257983688753 0.10390838221993574
leaf_weight=10195 3857 6091 5754 3538 3605 2815 2143 1963 4920 4843 45241 2543 5343 2692 765 4560 20104 703 847 255 6946 2429 1537 13859 1264 6235 782 31756 247 587
leaf_count=10195 3857 6091 5754 3538 3605 2815 2143 1963 4920 4843 45241 2543 5343 2692 765 4560 20104 703 847 255 6946 2429 1537 13859 1264 6235 782 31756 247 587
internal_value=0.00115649 -0.000949955 0.0150927 0.0118129 0.00300867 0.00677529 -0.00272136 0.00319493 0.000842525 0.00694161 -0.00347367 -0.000227234 -0.00218808 0.00125601 -0.000277397 0.0173381 -0.0015546 -0.00066468 0.0123163 0.0046309 0.0041926 0.0061856 -0.00244138 -9.23134e-06 0.0133743 0.00128641 0.00396323 -0.00525685 0.00107614 -0.00312516
internal_weight=198419 172366 26053 20299 53286 10618 119080 7803 34361 18925 100139 29441 58188 18941 5840 9681 23350 20807 5690 13235 12980 9375 5075 16249 5121 12360 7017 41951 14106 45828
internal_count=198419 172366 26053 20299 53286 10618 119080 7803 34361 18925 100139 29441 58188 18941 5840 9681 23350 20807 5690 13235 12980 9375 5075 16249 5121 12360 7017 41951 14106 45828
is_linear=0
shrinkage=0.06


Tree=30
num_leaves=31
num_cat=0
split_feature=0 0 0 4 0 23 23 3 11 11 11 14 3 23 0 14 21 21 1 4 23 3 21 21 1 14 11 16 6 23
split_gain=1490.7 299.481 268.48 159.928 107.775 104.363 103.75 88.2675 81.7462 81.1533 70.6762 64.653 65.9027 58.3104 54.156 47.2175 42.2546 40.8485 40.2095 39.67 36.3349 34.9654 34.0547 33.4013 30.1732 30.0133 31.2032 27.2892 27.0881 25.5355
threshold=20.731276512146 9.4515752792358416 75.529083251953139 108.50000000000001 2.5083563327789311 6.020177125930787 13.349164962768556 52.500000000000007 0.23054748773574832 0.50761097669601452 0.25478133559226995 1.0000000180025095e-35 34.000000000000007 2.0322954654693608 53.801986694335945 1.0000000180025095e-35 0.30095402896404272 0.12140886485576631 290.50000000000006 232.00000000000003 5.032947540283204 32.000000000000007 0.35550032556056982 0.57403510808944713 156.00000000000003 1.0000000180025095e-35 0.25478133559226995 18.500000000000004 18.349999427795414 0.28568713366985327
decision_type=2 2 2 2 2 2 2 2 2 2 2 2 2 2 2 2 2 2 2 2 2 2 2 2 2 2 2 2 2 2
left_child=1 4 3 14 7 10 8 -1 11 13 15 12 -3 23 20 19 27 -14 -9 -5 21 -2 -10 -6 -11 26 -23 -15 -19 -26
right_child=2 6 -4 5 9 -7 -8 18 22 24 -12 -13 17 16 -16 -17 -18 28 -20 -21 -22 25 -24 -25 29 -27 -28 -29 -30 -31
leaf_value=-0.071679299103737312 0.20445824356454173 0.067870017165171381 1.403024779133822 0.03339347681248462 -0.027950899018717324 0.42795008559754633 0.17167453153454051 -0.038643489571734621 0.042067085437528191 0.0095908759918023178 0.3002152806231404 0.38073249814453181 -0.098159728273972569 -0.025918841899742411 0.43231082039358754 0.39699858660898535 0.040447946950286813 0.014200467305724124 0.021680397649815351 -0.19855603601800231 0.27918203335516328 0.051579252383847488 0.12233250285640285 0.010702874262733388 0.073265132356838944 0.50060372756763161 0.20264272319226245 0.051325046492643071 -0.033644201303494832 0.29899240519291181
leaf_weight=8046 1118 2032 5032 4087 51904 2175 4151 30342 7132 3788 2161 1152 2295 8759 2033 818 9753 13663 4363 1772 2000 2989 5370 7081 2551 702 1166 1643 7233 1108
leaf_count=8046 1118 2032 5032 4087 51904 2175 4151 30342 7132 3788 2161 1152 2295 8759 2033 818 9753 13663 4363 1772 2000 2989 5370 7081 2551 702 1166 1643 7233 1108
internal_value=0.00112172 -0.000900178 0.0144985 0.0115185 -0.0023427 0.00652956 0.0034359 -0.00480761 0.00247318 -0.00112569 0.00363204 0.000578957 -5.59014e-05 -0.00168916 0.0170084 0.000579602 0.001097 -0.000963736 -0.00349489 -0.00130568 0.0147799 0.0124368 0.00646936 -0.00264118 0.00486236 0.0102347 0.00829603 -0.00156316 -0.000129211 0.00874829
internal_weight=198419 172366 26053 21021 129338 11013 43028 42751 38877 86587 8838 26375 25223 79140 10008 6677 20155 23191 34705 5859 7975 5975 12502 58985 7447 4857 4155 10402 20896 3659
internal_count=198419 172366 26053 21021 129338 11013 43028 42751 38877 86587 8838 26375 25223 79140 10008 6677 20155 23191 34705 5859 7975 5975 12502 58985 7447 4857 4155 10402 20896 3659
is_linear=0
shrinkage=0.06


Tree=31
num_leaves=31
num_cat=0
split_feature=0 0 0 4 23 14 11 0 3 7 11 11 21 23 23 4 14 14 23 21 11 11 21 0 4 23 21 3 2 21
split_gain=1406.44 348.632 196.855 157.225 121.034 109.17 111.782 95.9442 89.5476 83.8955 77.9599 64.469 58.0694 54.4061 48.2149 44.6171 39.9233 39.0902 42.5192 35.4437 34.5823 31.5214 31.2814 31.1988 30.7918 30.7444 45.0797 30.7135 30.086 28.3416
threshold=27.322209358215336 9.4515752792358416 78.621612548828139 178.50000000000003 13.349164962768556 1.0000000180025095e-35 0.56387564539909374 3.2498396635055546 34.000000000000007 1.5000000000000002 0.20570998638868335 0.50761097669601452 0.4179298877716065 8.023776054382326 2.68842625617981 57.000000000000007 1.0000000180025095e-35 1.0000000180025095e-35 11.374407768249513 0.10818686708807947 0.25478133559226995 0.41736809909343725 0.59814637899398815 15.417643547058107 49.000000000000007 24.933436393737797 0.18130980432033542 37.500000000000007 1.5000000000000002 0.30095402896404272
decision_type=2 2 2 2 2 2 2 2 2 2 2 2 2 2 2 2 2 2 2 2 2 2 2 2 2 2 2 2 2 2
left_child=1 7 3 14 5 6 8 9 -3 27 17 13 -10 22 15 -2 19 18 -5 -11 -17 25 28 -8 -15 26 -6 -1 -9 -26
right_child=2 4 -4 10 21 -7 23 11 12 16 -12 -13 -14 24 -16 20 -18 -19 -20 -21 -22 -23 -24 -25 29 -27 -28 -29 -30 -31
leaf_value=-0.071583624728719736 0.25172751374642061 0.070168595091023925 1.4481982011382337 -0.10275004980656582 -0.16222395205417001 0.47930348389732891 0.070944236248568188 0.0044291255568376453 -0.019020756826578562 -0.061980273947772405 0.49683471071550211 0.054337115891989196 0.039315979670166305 -0.04605055639353698 0.36646024823810891 0.13370917510129218 1.0698765884425798 0.63865764842762884 0.42844287562322525 -0.013717486582447948 0.39623299775731241 0.41444145741261196 0.020514027685877421 0.16446772812522273 0.023520475097085904 0.44071786847334249 0.13418606700099189 -0.044685183193858266 -0.028940352337600891 0.1351969264681398
leaf_weight=5703 2433 3031 4312 2766 373 2129 3660 9688 21848 3913 1068 6720 11508 1176 3269 4009 236 257 234 24863 1161 824 5971 2500 3892 416 3283 19052 45699 2425
leaf_count=5703 2433 3031 4312 2766 373 2129 3660 9688 21848 3913 1068 6720 11508 1176 3269 4009 236 257 234 24863 1161 824 5971 2500 3892 416 3283 19052 45699 2425
internal_value=0.00110569 -0.000562406 0.0164032 0.0131927 0.00371581 0.00273435 0.00207089 -0.00220214 0.000805507 -0.00413953 0.00351676 -0.000823729 -9.17376e-05 -0.00137122 0.0170419 0.0144219 -0.00195023 -0.0010961 -0.00302 -0.00215179 0.0112689 0.0126716 -0.00196062 0.00954545 0.00345522 0.0105059 0.00874726 -0.00670531 -0.00240544 0.00511477
internal_weight=198419 178910 19509 15197 49572 44676 42547 129338 36387 53767 4325 75571 33356 68851 10872 7603 29012 3257 3000 28776 5170 4896 61358 6160 7493 4072 3656 24755 55387 6317
internal_count=198419 178910 19509 15197 49572 44676 42547 129338 36387 53767 4325 75571 33356 68851 10872 7603 29012 3257 3000 28776 5170 4896 61358 6160 7493 4072 3656 24755 55387 6317
is_linear=0
shrinkage=0.06


Tree=32
num_leaves=31
num_cat=0
split_feature=0 0 0 4 23 11 11 14 11 4 21 23 4 21 23 23 0 14 3 14 21 14 23 21 3 23 21 14 21 21
split_gain=1299.12 310.641 203.518 134.377 111.58 102.154 88.8937 71.5508 69.4933 68.6368 67.0998 60.3266 53.9749 49.2662 48.6727 47.4836 45.5024 39.6471 38.9121 38.5401 38.3209 35.6414 37.7259 34.3736 33.5994 33.1961 31.7354 30.914 29.502 28.6185
threshold=27.322209358215336 9.4515752792358416 78.621612548828139 178.50000000000003 17.846974372863773 0.26540583372116094 0.20880529284477237 1.0000000180025095e-35 0.20570998638868335 42.000000000000007 0.14386009424924853 8.023776054382326 77.000000000000014 0.099024470895528807 9.608006954193117 11.374407768249513 53.801986694335945 1.0000000180025095e-35 84.500000000000014 1.0000000180025095e-35 0.43069899082183843 1.0000000180025095e-35 11.374407768249513 0.74832612276077282 34.000000000000007 2.2476330995559697 0.13758362084627154 1.0000000180025095e-35 0.35063730180263525 0.54243248701095592
decision_type=2 2 2 2 2 2 2 2 2 2 2 2 2 2 2 2 2 2 2 2 2 2 2 2 2 2 2 2 2 2
left_child=1 6 3 15 5 7 10 9 21 -3 -1 17 -8 -11 28 16 24 23 -13 20 25 22 29 -12 -2 -7 -27 -26 -14 -5
right_child=2 4 -4 8 -6 19 12 -9 -10 13 11 18 14 -15 -16 -17 -18 -19 -20 -21 -22 -23 -24 -25 27 26 -28 -29 -30 -31
leaf_value=-0.053060155343655581 0.22271014951675297 0.05511977258446997 1.3613063090699393 -0.15547425252911376 0.23793207729605539 0.024867814916730919 -0.02489070459694382 0.34050302089423784 0.46702462807257189 -0.12940159487596875 -0.0244354797374652 -0.027588233653959831 0.0045109803830448488 -0.00062136372313077888 0.41878645549108917 0.45680576935478739 0.35707719486482803 0.49041416498207979 0.080129726428994241 1.0932450546082531 0.13893651001009835 0.60033818952197093 0.40273630308583169 0.054290062016546084 0.10778313784220771 0.0034968214157125566 0.16536255873687472 0.44736756410365741 0.073368657292563907 0.13841574534476209
leaf_weight=18634 879 3772 4312 2280 2541 6739 6399 1766 1068 1695 80248 2183 8836 25391 799 1231 3064 435 4963 363 4423 257 234 1455 4743 856 2026 955 5386 486
leaf_count=18634 879 3772 4312 2280 2541 6739 6399 1766 1068 1695 80248 2183 8836 25391 799 1231 3064 435 4963 363 4423 257 234 1455 4743 856 2026 955 5386 486
internal_value=0.00107968 -0.000523503 0.0157819 0.0125176 0.00351489 0.00285322 -0.00207132 0.000994973 0.00357225 0.000322769 -0.0027721 -0.00208862 0.00145938 -0.00073322 0.0034252 0.0160762 0.0146593 -0.00254864 0.00319899 0.00706115 0.00656223 -0.000782929 -0.00262 -0.00264482 0.0118458 0.00443717 0.00982651 0.0101615 0.00261567 -0.00457701
internal_weight=198419 178910 19509 15197 49572 47031 129338 32624 4325 30858 107918 89284 21420 27086 15021 10872 9641 82138 7146 14407 14044 3257 3000 81703 6577 9621 2882 5698 14222 2766
internal_count=198419 178910 19509 15197 49572 47031 129338 32624 4325 30858 107918 89284 21420 27086 15021 10872 9641 82138 7146 14407 14044 3257 3000 81703 6577 9621 2882 5698 14222 2766
is_linear=0
shrinkage=0.06


Tree=33
num_leaves=31
num_cat=0
split_feature=0 0 0 4 11 11 0 11 23 14 23 4 23 23 0 3 21 4 21 14 4 21 23 23 14 23 21 23 3 21
split_gain=1220.56 275.667 209.267 131.191 101.929 86.8202 84.1903 70.5082 61.3963 58.3745 68.0899 56.5384 50.2284 45.4231 43.7813 42.2055 41.198 40.7303 40.0355 36.4912 35.7853 34.09 32.3158 32.0077 29.2454 28.5145 30.1273 26.1951 26.169 25.8765
threshold=27.322209358215336 9.4515752792358416 78.621612548828139 113.00000000000001 0.21158529072999957 0.20570998638868335 0.73626205325126659 0.50761097669601452 15.119426727294924 1.0000000180025095e-35 12.495970249176027 30.000000000000004 8.6239829063415545 2.68842625617981 53.801986694335945 52.500000000000007 0.19260819256305697 49.000000000000007 0.48083676397800451 1.0000000180025095e-35 61.500000000000007 0.099024470895528807 0.28568713366985327 17.846974372863773 1.0000000180025095e-35 2.0322954654693608 0.43069899082183843 6.8165552616119394 34.000000000000007 0.13758362084627154
decision_type=2 2 2 2 2 2 2 2 2 2 2 2 2 2 2 2 2 2 2 2 2 2 2 2 2 2 2 2 2 2
left_child=1 6 3 14 9 13 15 12 19 10 11 -3 16 18 27 -1 -8 -14 -5 25 -9 -13 -22 -19 -18 26 -6 28 -2 -27
right_child=2 4 -4 5 8 -7 7 20 -10 -11 -12 21 17 -15 -16 -17 24 23 -20 -21 22 -23 -24 -25 -26 29 -28 -29 -30 -31
leaf_value=-0.075959407299577827 0.2054248879653037 0.062136125905383852 1.2796279305257425 -0.077640420901009005 0.021342420135180971 0.46094428551640032 -0.040114143889653488 -0.033647746671125238 0.38145807115267583 0.32007283964058353 0.089462334943407662 -0.10596303661294988 -0.05645080443233224 0.20736619245037557 0.39306441106358658 -0.035819589641041587 -0.013600754891223912 0.029229789607927398 0.17660126520507019 1.0276503513317579 0.039143147971276375 -0.0049374461639406422 0.17772347630494165 0.19856755069148574 0.48274814241136704 0.0032870121307698062 0.11710993119249469 0.30234229993380624 0.12494487372605703 0.14245161989187338
leaf_weight=4180 787 1938 4312 2936 7259 1883 22458 1769 1034 1766 4230 1671 1298 1418 2500 15749 69004 6538 1202 363 4827 23692 2068 1054 393 856 2823 1072 3399 3940
leaf_count=4180 787 1938 4312 2936 7259 1883 22458 1769 1034 1766 4230 1671 1298 1418 2500 15749 69004 6538 1202 363 4827 23692 2068 1054 393 856 2823 1072 3399 3940
internal_value=0.00106366 -0.000490302 0.0153145 0.0120043 0.00331397 0.00631133 -0.00194838 -0.00129505 0.00720553 0.00141184 0.000817291 -0.00028021 -0.00174172 0.0025378 0.0174633 -0.00553515 -0.00215851 0.00256468 -0.000637989 0.00624565 0.00389889 -0.00103497 0.00585207 0.00424394 -0.00143565 0.00578707 0.0039754 0.0143553 0.0122121 0.0095955
internal_weight=198419 178910 19509 15197 49572 7439 129338 109409 16275 33297 31531 27301 100745 5556 7758 19929 91855 8890 4138 15241 8664 25363 6895 7592 69397 14878 10082 5258 4186 4796
internal_count=198419 178910 19509 15197 49572 7439 129338 109409 16275 33297 31531 27301 100745 5556 7758 19929 91855 8890 4138 15241 8664 25363 6895 7592 69397 14878 10082 5258 4186 4796
is_linear=0
shrinkage=0.06


Tree=34
num_leaves=31
num_cat=0
split_feature=0 0 0 4 11 0 23 6 7 11 11 11 4 23 23 14 21 21 23 14 14 14 7 4 1 23 14 0 23 0
split_gain=1123.83 244.593 210.259 121.102 94.812 76.5234 70.8117 66.7211 65.2623 53.5415 52.3928 51.8925 43.6325 43.2214 42.396 38.931 37.3902 32.2276 31.9023 31.1134 30.4867 28.5746 36.298 31.1311 28.3388 28.2185 28.4815 33.3249 26.6223 25.7119
threshold=27.322209358215336 9.4515752792358416 78.621612548828139 178.50000000000003 0.51942425966262828 2.5083563327789311 14.812517642974855 10.84999990463257 1.5000000000000002 0.20570998638868335 0.50761097669601452 0.20570998638868335 42.000000000000007 9.0041098594665545 2.0322954654693608 1.0000000180025095e-35 0.12656717747449878 0.30095402896404272 4.8467845916748056 1.0000000180025095e-35 1.0000000180025095e-35 1.0000000180025095e-35 1.0000000180025095e-35 30.000000000000004 211.00000000000003 12.495970249176027 1.0000000180025095e-35 65.666522979736342 17.542471885681156 15.417643547058107
decision_type=2 2 2 2 2 2 2 2 2 2 2 2 2 2 2 2 2 2 2 2 2 2 2 2 2 2 2 2 2 2
left_child=1 5 3 11 6 8 7 21 -1 18 14 12 -2 29 -7 16 -9 -16 19 -5 28 23 -23 -3 -12 26 27 -14 -10 -6
right_child=2 4 -4 9 13 10 -8 15 20 -11 24 -13 25 -15 17 -17 -18 -19 -20 -21 -22 22 -24 -25 -26 -27 -28 -29 -30 -31
leaf_value=-0.048841508686425124 0.22460730569215506 0.062153484233509138 1.2028502546941977 -0.11612498516481273 0.048475793035046733 -0.018228802204861089 0.14652465387376326 -0.1062677082397365 -0.020812502500092707 0.41134649325723371 0.013055982514162848 0.35764669946022953 0.058851329298128613 0.31363731819563234 -0.01208636477793254 0.35335804806850846 -0.0086088142284332213 0.037227601633339782 0.21704686269982756 0.51426448739599062 0.86861595068389008 -0.063252317336248684 0.47743482236746443 0.021027095796156203 0.13322921525739531 0.33400096139333246 0.40196395378571664 0.26933141831445501 0.4230014714564625 0.13892931111541809
leaf_weight=19912 1606 2677 4312 2443 4268 58985 3190 2188 22419 1068 4769 2940 3955 1191 10402 1121 18260 9753 590 224 197 178 596 13287 2678 510 845 1016 223 2616
leaf_count=19912 1606 2677 4312 2443 4268 58985 3190 2188 22419 1068 4769 2940 3955 1191 10402 1121 18260 9753 590 224 197 178 596 13287 2678 510 845 1016 223 2616
internal_value=0.00102798 -0.000463138 0.0147024 0.0113845 0.00312031 -0.00183658 0.00196279 0.00124755 -0.00391359 0.00289249 -0.000811092 0.0147627 0.012239 0.00906873 -0.00126384 -0.00095832 -0.00155516 0.00111188 -0.000930304 -0.00372328 -0.00172468 0.00409009 0.0153488 0.00354422 0.00400027 0.00999684 0.00881018 0.00707906 -0.00192916 0.00724288
internal_weight=198419 178910 19509 15197 49572 129338 41497 38307 42751 4325 86587 10872 7932 8075 79140 21569 20448 20155 3257 2667 22839 16738 774 15964 7447 6326 5816 4971 22642 6884
internal_count=198419 178910 19509 15197 49572 129338 41497 38307 42751 4325 86587 10872 7932 8075 79140 21569 20448 20155 3257 2667 22839 16738 774 15964 7447 6326 5816 4971 22642 6884
is_linear=0
shrinkage=0.06


Tree=35
num_leaves=31
num_cat=0
split_feature=0 0 0 1 23 14 23 21 4 11 21 11 3 23 11 11 3 11 11 11 3 7 21 14 21 23 21 21 1 14
split_gain=1043.55 261.009 168.716 128.234 97.7431 92.8338 85.0738 75.4615 62.8558 59.1806 57.553 50.8324 51.1479 50.8246 48.5934 40.0505 39.3383 38.0503 37.1018 34.653 33.3863 31.6421 27.7326 27.2358 25.2337 25.0571 26.1247 24.9934 23.5919 23.1947
threshold=34.128473281860359 10.88622045516968 78.621612548828139 163.00000000000003 13.349164962768556 1.0000000180025095e-35 2.0322954654693608 0.4179298877716065 232.00000000000003 0.20570998638868335 0.13181316107511523 0.56429800391197216 36.000000000000007 17.846974372863773 0.21158529072999957 0.20570998638868335 46.000000000000007 0.2133271470665932 0.26540583372116094 0.56429800391197216 44.000000000000007 1.0000000180025095e-35 0.30021543800830847 1.0000000180025095e-35 0.093006629496812834 12.495970249176027 0.48083676397800451 0.62503737211227428 224.00000000000003 1.0000000180025095e-35
decision_type=2 2 2 2 2 2 2 2 2 2 2 2 2 2 2 2 2 2 2 2 2 2 2 2 2 2 2 2 2 2
left_child=1 6 3 15 5 7 10 11 16 25 -1 12 -3 19 23 20 -8 -6 -9 -10 -2 -7 29 27 -14 26 -5 -12 -4 -18
right_child=2 4 28 9 17 21 8 18 13 -11 14 -13 24 -15 -16 -17 22 -19 -20 -21 -22 -23 -24 -25 -26 -27 -28 -29 -30 -31
leaf_value=-0.050394237212287071 0.24995261463917132 0.053358132356255736 1.2026561177694797 -0.1148812689503525 0.10080402728911039 -0.054132783239481411 -0.039911032666538185 0.040711644445885202 0.044201322275598649 0.47220491170329482 -0.024483421629571723 0.075246842785854293 -0.11693838181360389 0.53488379846164236 0.010674874607082659 0.38808158288282724 -0.013334129251757813 0.30757909054206539 0.12595813397813543 0.42626298814600294 0.16007212473416188 0.47128529186051393 0.031358207761787132 0.32690578522240377 -0.015289576209810106 0.38558073546213761 0.16982668821100191 0.011102355548475237 0.73440668234467488 0.72627860149755097
leaf_weight=16096 1383 1852 3178 2155 3107 255 4468 8425 5721 980 69047 3578 1463 497 16050 1931 10851 1561 4062 506 4179 2235 9859 463 16424 172 774 5913 1134 100
leaf_count=16096 1383 1852 3178 2155 3107 255 4468 8425 5721 980 69047 3578 1463 497 16050 1931 10851 1561 4062 506 4179 2235 9859 463 16424 172 774 5913 1134 100
internal_value=0.00101528 -0.00026839 0.0157648 0.0119907 0.00382105 0.00282185 -0.00152718 0.00204279 0.00118868 0.00343298 -0.00233515 2.70189e-05 -0.00116571 0.00634444 -0.00175298 0.0166515 -0.000182768 0.012018 0.00580684 0.00487072 0.0140669 0.0140241 0.000913984 -0.00239092 -0.00214849 -0.000628829 -0.00193581 -0.00248052 0.0258952 -0.00116428
internal_weight=198419 182533 15886 11574 42962 38294 139571 35804 32002 4081 107569 23317 19739 6724 91473 7493 25278 4668 12487 6227 5562 2490 20810 75423 17887 3101 2929 74960 4312 10951
internal_count=198419 182533 15886 11574 42962 38294 139571 35804 32002 4081 107569 23317 19739 6724 91473 7493 25278 4668 12487 6227 5562 2490 20810 75423 17887 3101 2929 74960 4312 10951
is_linear=0
shrinkage=0.06


Tree=36
num_leaves=31
num_cat=0
split_feature=0 0 0 23 1 11 23 21 11 21 3 23 14 3 21 23 14 0 0 23 14 11 21 4 23 2 25 16 23 3
split_gain=976.712 204.664 194.535 103.182 90.3567 88.665 62.8856 61.7065 56.5783 52.2999 43.2382 42.4654 40.4872 39.8285 34.0882 33.9168 32.3936 33.9047 32.3922 32.2734 31.5049 31.2435 28.4299 28.1463 27.5687 29.1708 26.7557 33.3878 26.1267 25.2175
threshold=27.322209358215336 75.529083251953139 8.3264079093933123 2.68842625617981 224.00000000000003 0.51942425966262828 1.8355448246002199 0.19260819256305697 0.20880529284477237 0.37659685313701635 44.000000000000007 9.0041098594665545 1.0000000180025095e-35 183.50000000000003 0.18130980432033542 9.608006954193117 1.0000000180025095e-35 65.666522979736342 91.426315307617202 1.7064890861511233 1.0000000180025095e-35 0.23976726084947589 0.48632842302322393 229.50000000000003 14.812517642974855 6.5000000000000009 11.500000000000002 10.500000000000002 11.374407768249513 69.500000000000014
decision_type=2 2 2 2 2 2 2 2 2 2 2 2 2 2 2 2 2 2 2 2 2 2 2 2 2 2 2 2 2 2
left_child=2 3 7 4 10 6 9 20 19 29 -2 -7 14 -3 -8 26 17 22 21 -9 -1 -15 -12 -21 -16 -26 -10 -28 -5 -4
right_child=1 13 5 28 -6 11 12 8 15 -11 16 -13 -14 18 24 -17 -18 -19 -20 23 -22 -23 -24 -25 25 -27 27 -29 -30 -31
leaf_value=-0.037936322797623219 0.18682877349617394 1.0400934609083889 0.013418320135122811 0.20063508076960787 -0.077693165945804166 0.072889570931556902 -0.015996521327113874 -0.019538488984712728 0.028600421735806885 0.028337417448991643 0.010593660157767104 0.28486383655287639 0.62838919594350784 0.076648889985536928 0.038796036635909095 0.34749412868400298 0.4250763946055609 0.30564985564163089 1.071894124665713 -0.0053264784726824209 0.63499877087769807 1.5534692894606348 0.15409688094917001 0.075288259147010372 0.085452163899071537 0.45350233675717772 -0.11635669651050834 0.019413621935465419 0.39219965629651077 -0.037750071777336136
leaf_weight=32789 1660 3342 4597 2691 2250 7920 3294 56476 10928 14053 3228 1263 479 725 10857 512 887 896 747 12897 331 218 1341 3511 2551 624 738 898 1524 14192
leaf_count=32789 1660 3342 4597 2691 2250 7920 3294 56476 10928 14053 3228 1263 479 725 10857 512 887 896 747 12897 331 218 1341 3511 2551 624 738 898 1524 14192
internal_value=0.000985641 0.0137337 -0.000404449 0.0101105 0.00686416 0.00238676 0.00140324 -0.00180685 -0.000959051 -0.000153462 0.00984773 0.00781117 0.00427464 0.0241574 0.00379891 0.00267513 0.00759446 0.00586825 0.0166509 -0.00161105 -0.00400725 0.00925769 0.00377544 0.000731351 0.00508837 0.0100063 0.00205826 -0.0050978 0.0180142 -0.00222417
internal_weight=198419 19509 178910 14477 10262 59830 50647 119080 85960 32842 8012 9183 17805 5032 17326 13076 6352 5465 1690 72884 33120 943 4569 16408 14032 3175 12564 1636 4215 18789
internal_count=198419 19509 178910 14477 10262 59830 50647 119080 85960 32842 8012 9183 17805 5032 17326 13076 6352 5465 1690 72884 33120 943 4569 16408 14032 3175 12564 1636 4215 18789
is_linear=0
shrinkage=0.06


Tree=37
num_leaves=31
num_cat=0
split_feature=0 0 0 1 14 23 0 21 7 11 23 3 4 11 11 2 11 14 3 11 7 3 11 23 14 23 21 21 21 21
split_gain=910.659 217.431 152.419 131.061 82.8039 89.9749 74.4144 68.2192 59.4041 59.0216 48.4692 46.9841 44.3482 40.0278 38.8988 37.5289 34.6147 34.5243 33.1086 32.3099 31.8277 31.4378 30.7424 29.3645 28.7986 26.9949 26.7498 25.2737 24.6609 23.9988
threshold=35.662218093872077 10.88622045516968 82.491657257080092 151.00000000000003 1.0000000180025095e-35 13.349164962768556 3.2498396635055546 0.42025896906852728 2.5000000000000004 0.20570998638868335 8.023776054382326 64.500000000000014 63.500000000000007 0.56429800391197216 1.0000000180025095e-35 2.5000000000000004 0.20570998638868335 1.0000000180025095e-35 44.000000000000007 0.52704873681068432 1.0000000180025095e-35 37.500000000000007 0.26540583372116094 12.495970249176027 1.0000000180025095e-35 17.846974372863773 0.093006629496812834 0.54243248701095592 0.18130980432033542 0.74504846334457409
decision_type=2 2 2 2 2 2 2 2 2 2 2 2 2 2 2 2 2 2 2 2 2 2 2 2 2 2 2 2 2 2
left_child=1 6 3 16 5 7 8 12 21 23 14 -12 -3 26 15 -8 18 29 -2 28 -6 -1 -9 27 -10 -13 -14 -5 -7 -17
right_child=2 4 -4 9 20 19 10 22 24 -11 11 25 13 -15 -16 17 -18 -19 -20 -21 -22 -23 -24 -25 -26 -27 -28 -29 -30 -31
leaf_value=-0.056947851466107952 0.24974687156557657 0.033227428577118606 1.1592892540412389 -0.089712091814036513 -0.060449653593007219 -0.091154137938757734 0.0046838534539922344 0.038961442466930354 -0.0033197352874209771 0.46052577434138225 -0.032083487031242301 0.05537344773328403 -0.12957496508974148 0.073234324420047403 0.016565929254029173 -0.028864805818005115 0.36728769395964789 0.49772454130048416 0.15367120064467754 0.34365078509586983 0.44994442591243883 -0.031352074754866718 0.11711034849215053 0.46669735191111211 1.0847467117660312 0.22095152334315715 -0.021386515774556452 0.20449514102345417 0.13264633903884637 0.058969520017099659
leaf_weight=5703 1386 5864 3590 2646 268 386 19511 8491 15931 1071 2277 6601 1244 2584 16904 38033 1804 449 3869 737 2373 31965 4021 239 168 1021 14168 556 3551 1008
leaf_count=5703 1386 5864 3590 2646 268 386 19511 8491 15931 1071 2277 6601 1244 2584 16904 38033 1804 449 3869 737 2373 31965 4021 239 168 1021 14168 556 3551 1008
internal_value=0.000956007 -0.000213142 0.0150881 0.0117371 0.0034809 0.0028183 -0.00136941 0.00181128 -0.00311957 0.00375 -0.000272715 0.00367613 -7.04107e-05 -0.00154701 -0.000787695 -0.00151472 0.0168423 -0.00257837 0.0143806 0.0106547 0.0137789 -0.00442338 0.00539962 -7.84656e-05 -6.89484e-05 0.00593545 -0.00270568 -0.00159275 0.00849632 -0.00276863
internal_weight=198419 183258 15161 11571 43687 41046 139571 36372 53767 4512 85804 9899 23860 17996 75905 59001 7059 39490 5255 4674 2641 37668 12512 3441 16099 7622 15412 3202 3937 39041
internal_count=198419 183258 15161 11571 43687 41046 139571 36372 53767 4512 85804 9899 23860 17996 75905 59001 7059 39490 5255 4674 2641 37668 12512 3441 16099 7622 15412 3202 3937 39041
is_linear=0
shrinkage=0.06


Tree=38
num_leaves=31
num_cat=0
split_feature=0 0 0 1 11 0 21 23 7 11 14 1 23 1 11 2 3 14 17 21 23 11 7 14 14 1 21 11 0 11
split_gain=843.873 193.548 143.653 117.132 78.5149 64.685 55.8592 54.8975 52.5051 52.1224 45.3675 43.5674 41.3414 43.0558 35.0313 33.3168 33.2554 31.755 29.9941 29.9377 29.8492 29.2824 28.9286 27.2426 25.5325 23.9032 26.27 30.0035 23.5165 27.3296
threshold=35.662218093872077 10.88622045516968 78.621612548828139 224.00000000000003 0.21158529072999957 3.2498396635055546 0.37399552762508398 13.349164962768556 2.5000000000000004 0.20570998638868335 1.0000000180025095e-35 47.500000000000007 8.023776054382326 129.50000000000003 1.0000000180025095e-35 2.5000000000000004 178.50000000000003 1.0000000180025095e-35 2.5000000000000004 0.43069899082183843 17.846974372863773 0.20570998638868335 1.0000000180025095e-35 1.0000000180025095e-35 1.0000000180025095e-35 81.000000000000014 0.55524525046348583 0.68116891384124767 91.426315307617202 0.23976726084947589
decision_type=2 2 2 2 2 2 2 2 2 2 2 2 2 2 2 2 2 2 2 2 2 2 2 2 2 2 2 2 2 2
left_child=1 5 3 9 6 8 18 10 22 11 19 -2 14 -14 15 -7 -4 -17 23 -6 -15 -5 -1 -3 -10 -16 27 -27 29 -18
right_child=2 4 16 21 7 12 -8 -9 24 -11 -12 -13 13 20 25 17 28 -19 -20 -21 -22 -23 -24 -25 -26 26 -28 -29 -30 -31
leaf_value=-0.052939315155976191 0.2341016564378833 0.0076141637719992156 1.0279896113916966 -0.11705953982317367 0.031804026562148521 0.0044028222467527196 0.051110975161835791 0.26824364059001993 -0.003120551170175716 0.35078105989879915 0.85276959643536021 0.12313202089620759 -0.010177926169361076 0.069304717505060787 -0.013302932046051819 -0.024608115253943276 0.07990386892386056 0.46786106882245504 -0.033637718012834578 0.1119737041436091 0.31861180383828386 0.34342085634770908 -0.029364747881715478 0.32910050140411795 1.0196619090600694 0.006173293524670562 0.13764416596871903 0.11576990597684216 0.96256625089532188 1.4671172503612648
leaf_weight=6283 1442 6836 2793 1793 8401 19511 12782 1603 15931 2158 478 4890 4288 4823 4632 39041 556 449 8769 4144 788 566 31385 674 168 9020 1338 1914 784 179
leaf_count=6283 1442 6836 2793 1793 8401 19511 12782 1603 15931 2158 478 4890 4288 4823 4632 39041 556 449 8769 4144 788 566 31385 674 168 9020 1338 1914 784 179
internal_value=0.000926071 -0.000199391 0.01453 0.010848 0.00328587 -0.00129031 0.00148137 0.00687133 -0.00292205 0.0141343 0.00558166 0.0113898 -0.00026782 0.00337913 -0.000743429 -0.00143337 0.0237941 -0.00243555 -0.000849561 0.00489039 0.00683835 -0.000979228 -0.00414782 0.00193342 -5.40406e-05 0.00166469 0.00305085 0.00207975 0.0166491 0.00893878
internal_weight=198419 183258 15161 10849 43687 139571 29061 14626 53767 8490 13023 6332 85804 9899 75905 59001 4312 39490 16279 12545 5611 2359 37668 7510 16099 16904 12272 10934 1519 735
internal_count=198419 183258 15161 10849 43687 139571 29061 14626 53767 8490 13023 6332 85804 9899 75905 59001 4312 39490 16279 12545 5611 2359 37668 7510 16099 16904 12272 10934 1519 735
is_linear=0
shrinkage=0.06


Tree=39
num_leaves=31
num_cat=0
split_feature=0 0 0 1 23 14 11 11 0 23 1 23 4 0 11 21 7 11 2 23 21 21 23 14 4 21 23 24 4 21
split_gain=773.169 168.776 148.686 107.715 75.4807 73.0645 64.2759 60.3209 59.1532 48.4945 44.0459 51.5137 43.9316 43.194 40.789 40.2137 32.5038 31.0671 30.523 28.063 27.5047 26.8904 25.8679 24.9692 25.9756 24.551 34.6209 33.3174 24.0178 23.1081
threshold=35.662218093872077 10.88622045516968 82.491657257080092 137.50000000000003 17.846974372863773 1.0000000180025095e-35 0.20570998638868335 0.23054748773574832 0.80364179611206066 2.0322954654693608 193.00000000000003 17.846974372863773 30.000000000000004 65.666522979736342 0.56429800391197216 0.37399552762508398 1.0000000180025095e-35 0.68116891384124767 1.5000000000000002 12.495970249176027 0.50943857431411754 0.4038205891847611 2.68842625617981 1.0000000180025095e-35 232.00000000000003 0.23251585662364962 8.489507198333742 15644.583496093752 181.50000000000003 0.093006629496812834
decision_type=2 2 2 2 2 2 2 2 2 2 2 2 2 2 2 2 2 2 2 2 2 2 2 2 2 2 2 2 2 2
left_child=1 8 3 13 5 7 19 12 18 17 -11 14 -3 22 20 29 -7 21 -1 23 -12 -10 -2 24 -5 27 -27 -9 -4 -14
right_child=2 4 28 6 -6 16 -8 25 9 10 11 -13 15 -15 -16 -17 -18 -19 -20 -21 -22 -23 -24 -25 -26 26 -28 -29 -30 -31
leaf_value=-0.065506550618927392 0.11049844272136659 0.063453233552147492 1.098461466786893 0.025044212864141713 0.18899009854336743 -0.070183956339347084 0.40700789469690907 -0.021193903454289557 -0.020664010146409329 -0.0026028957044843893 0.011168224483003088 0.40507707953645289 -0.11381485027681111 0.37310715463159116 0.32075042189058728 0.026686783579940004 0.3919743140164737 0.052635735091533672 -0.02607288241713606 0.41729284185077603 0.12077928386087743 -0.00058955411307144874 0.22642232133136503 0.5120918055866599 -0.24893906470984475 0.060620418091489228 0.20413853415922342 0.22521150381209451 0.64294546088330373 -0.019850660022781162
leaf_weight=4056 3130 1867 2441 2330 2522 264 1282 2912 58631 18630 7826 766 1329 1846 776 10181 2314 2559 16607 272 1186 28534 1285 277 1149 8240 1196 709 1149 12153
leaf_count=4056 3130 1867 2441 2330 2522 264 1282 2912 58631 18630 7826 766 1329 1846 776 10181 2314 2559 16607 272 1186 28534 1285 277 1149 8240 1196 709 1149 12153
internal_value=0.0008792 -0.000198081 0.0139008 0.0105911 0.00305652 0.00243921 0.00430508 0.00178583 -0.0012168 -0.000701887 0.0014227 0.00451961 8.93067e-05 0.0159224 0.00334696 -0.000609813 0.0122188 -0.00139294 -0.00417994 0.000580933 0.00221039 -0.00158424 0.0126999 -0.000766773 -0.00214717 0.00510301 0.00671471 0.000903065 0.0245682 -0.00275923
internal_weight=198419 183258 15161 11571 43687 41165 5310 38587 139571 118908 29184 10554 25530 6261 9788 23663 2578 89724 20663 4028 9012 87165 4415 3756 3479 13057 9436 3621 3590 13482
internal_count=198419 183258 15161 11571 43687 41165 5310 38587 139571 118908 29184 10554 25530 6261 9788 23663 2578 89724 20663 4028 9012 87165 4415 3756 3479 13057 9436 3621 3590 13482
is_linear=0
shrinkage=0.06


Tree=40
num_leaves=31
num_cat=0
split_feature=0 14 0 23 11 4 21 0 4 11 4 3 23 7 11 11 21 0 3 23 23 23 11 0 21 7 23 16 1 6
split_gain=719.252 159.057 146.173 134.544 111.859 111.721 94.0669 53.5407 54.284 52.2567 43.7697 43.5746 41.4469 41.0484 41.021 39.731 38.9439 32.658 30.1129 27.5806 26.2557 24.9716 24.55 24.5359 24.1881 23.7043 23.5317 23.4253 22.4939 22.1971
threshold=35.662218093872077 1.0000000180025095e-35 86.781265258789077 17.846974372863773 0.43672485649585729 183.50000000000003 0.14386009424924853 6.1732130050659189 30.000000000000004 0.20570998638868335 57.000000000000007 208.50000000000003 4.1234867572784433 1.0000000180025095e-35 0.20570998638868335 0.31268873810768133 0.28280414640903478 13.411662101745607 52.500000000000007 12.495970249176027 2.7925844192504887 8.489507198333742 0.2133271470665932 65.666522979736342 0.48932217061519628 1.0000000180025095e-35 4.8467845916748056 3.5000000000000004 62.000000000000007 16.849999427795414
decision_type=2 2 2 2 2 2 2 2 2 2 2 2 2 2 2 2 2 2 2 2 2 2 2 2 2 2 2 2 2 2
left_child=1 3 5 4 6 9 -1 25 -9 10 23 17 29 -3 26 20 -6 18 -5 -12 24 -18 -20 -2 28 -8 -7 -14 -15 -10
right_child=2 13 -4 11 16 14 7 8 12 -11 19 -13 27 15 -16 -17 21 -19 22 -21 -22 -23 -24 -25 -26 -27 -28 -29 -30 -31
leaf_value=-0.04173043500314861 0.12079971030236081 -0.091245978284062695 1.1099652778031173 -0.14041090487344871 0.0083208292202616441 -0.13658923948697946 -0.032021950751156762 0.046870367692424232 0.0039820825313367789 0.35095929923531216 0.099556028878637751 0.45059651401241957 -0.036020520273735666 0.4129344435031852 0.42830878158749869 1.0660669036362487 0.056842968281750075 0.14562274255013374 -0.0027659244652726753 0.32736195281721647 0.52936359534499433 0.22569850805936539 0.26035117728203849 0.39114089710792765 0.5646729858601941 -0.011898807930268269 0.20136783162046434 0.043828195618401178 0.034106587582338081 -0.026016691420269463
leaf_weight=24146 1386 302 2871 277 10754 1977 8491 4374 24965 2314 4374 1138 1247 153 777 697 10417 1588 905 337 517 774 249 677 592 62352 448 11692 1378 16250
leaf_count=24146 1386 302 2871 277 10754 1977 8491 4374 24965 2314 4374 1138 1247 153 777 697 10417 1588 905 337 517 774 249 677 592 62352 448 11692 1378 16250
internal_value=0.000862569 -0.000176473 0.0134219 -0.000428073 -0.000680831 0.0105745 -0.00125361 -0.000611961 0.000730932 0.0139701 0.0113109 0.0102406 0.000211619 0.0122424 0.000936914 0.0141594 0.00332604 0.00646903 -0.000104822 0.0081193 0.0107955 0.00580377 0.00415945 0.0185991 0.00784268 -0.00172141 -0.00290722 0.00317412 0.00386022 -0.000718428
internal_weight=198419 183258 15161 179619 175462 12290 153517 129371 58528 9088 6774 4157 54154 3639 3202 3337 21945 3019 1431 4711 2640 11191 1154 2063 2123 70843 2425 12939 1531 41215
internal_count=198419 183258 15161 179619 175462 12290 153517 129371 58528 9088 6774 4157 54154 3639 3202 3337 21945 3019 1431 4711 2640 11191 1154 2063 2123 70843 2425 12939 1531 41215
is_linear=0
shrinkage=0.06


Tree=41
num_leaves=31
num_cat=0
split_feature=0 14 23 11 4 21 11 0 0 3 11 11 23 0 1 23 6 7 23 1 21 16 21 19 20 0 3 0 17 0
split_gain=658.983 225.79 145.909 108.09 100.416 91.3607 80.7974 79.9179 55.1525 65.5156 45.1752 43.4326 37.0019 36.0535 48.0392 35.1913 27.3813 25.9839 26.7102 29.3073 25.5345 23.1422 22.4784 22.3034 21.8888 21.7745 29.3606 21.5164 21.1393 20.3046
threshold=57.770694732666023 1.0000000180025095e-35 17.846974372863773 0.38871137797832495 108.50000000000001 0.14386009424924853 0.20570998638868335 91.426315307617202 6.6266789436340341 34.000000000000007 0.31268873810768133 0.2133271470665932 12.58334255218506 11.211744308471681 142.50000000000003 4.1234867572784433 18.349999427795414 1.0000000180025095e-35 2.7925844192504887 62.000000000000007 0.48932217061519628 3.5000000000000004 0.21874103695154193 29.413496017456058 2.5000000000000004 17.298931121826175 44.000000000000007 72.193359375000014 5.5000000000000009 25.3781270980835
decision_type=2 2 2 2 2 2 2 2 2 2 2 2 2 2 2 2 2 2 2 2 2 2 2 10 2 2 2 2 2 2
left_child=1 2 3 5 27 24 7 12 23 -10 17 25 22 14 -5 16 -11 -3 19 -19 -21 -17 -6 -7 -1 26 -4 -2 -24 -23
right_child=4 10 11 13 6 8 -8 -9 9 15 -12 -13 -14 -15 -16 21 -18 18 -20 20 -22 29 28 -25 -26 -27 -28 -29 -30 -31
leaf_value=-0.028580186099954056 0.22933889334474017 -0.037425685573942429 -0.10190046259272886 -0.018650730979885191 -0.17968902009982571 0.0040805901162562904 0.96595586211149309 0.75165975005094621 0.050925628735362008 0.0059182680988136838 0.86384731004966475 0.3335779078833625 0.50333161925743941 0.069414061699218224 0.056102645073085392 -0.036755302763819553 -0.030727203312473209 0.47486259448980866 0.54869814046544974 0.07551013686041258 0.49265435497526594 0.033061634058970703 -0.00017756117672377059 -0.018046549662543383 -0.056227033047732265 0.17347379062543819 0.082276640150596228 0.69529494393305813 0.5511587897594884 0.17490651100910098
leaf_weight=15534 1368 401 284 7357 758 15612 1207 951 4769 25734 996 1400 260 10081 8691 1246 13406 292 615 1617 637 10136 1348 58522 8600 790 1927 2525 225 1130
leaf_count=15534 1368 401 284 7357 758 15612 1207 951 4769 25734 996 1400 260 10081 8691 1246 13406 292 615 1617 637 10136 1348 58522 8600 790 1927 2525 225 1130
internal_value=0.000827189 8.93154e-05 -0.000235343 -0.00049807 0.0170308 -0.00110098 0.011175 0.00660644 -0.000474053 0.000939544 0.0132821 0.010559 0.00114628 0.0030713 0.00130484 0.000318284 -0.000567195 0.0101235 0.0119488 0.00923802 0.00692103 0.00308824 -0.00124839 -0.0015499 -0.00449242 0.00648784 0.00343284 0.0241742 0.0028417 0.00394639
internal_weight=198419 189777 185219 180818 8642 154689 4749 3542 130555 56421 4558 4401 2591 26129 16048 51652 39140 3562 3161 2546 2254 12512 2331 74134 24134 3001 2211 3893 1573 11266
internal_count=198419 189777 185219 180818 8642 154689 4749 3542 130555 56421 4558 4401 2591 26129 16048 51652 39140 3562 3161 2546 2254 12512 2331 74134 24134 3001 2211 3893 1573 11266
is_linear=0
shrinkage=0.06


Tree=42
num_leaves=31
num_cat=0
split_feature=0 14 23 11 4 21 11 23 0 11 0 1 21 11 0 0 23 21 21 7 1 23 21 24 4 3 0 11 17 25
split_gain=608.346 228.73 140.308 104.748 90.7811 86.3837 64.0596 61.0001 51.7345 45.0898 44.9936 50.7168 44.4129 43.14 33.0898 26.4101 25.4762 24.6125 23.9248 23.6718 25.1405 27.3 25.6272 22.9996 22.1007 21.3953 32.5867 20.1631 23.2242 19.6733
threshold=65.666522979736342 1.0000000180025095e-35 17.846974372863773 0.56429800391197216 129.00000000000003 0.19260819256305697 0.20570998638868335 1.7064890861511233 91.426315307617202 0.31268873810768133 15.417643547058107 220.50000000000003 0.57403510808944713 0.2133271470665932 12.764007568359377 10.650841712951662 12.58334255218506 0.21874103695154193 0.28280414640903478 1.0000000180025095e-35 62.000000000000007 2.7925844192504887 0.48932217061519628 7612.0803222656259 57.000000000000007 208.50000000000003 13.411662101745607 0.2663626372814179 5.5000000000000009 11.500000000000002
decision_type=2 2 2 2 2 2 2 2 2 2 2 2 2 2 2 2 2 2 2 2 2 2 2 2 2 2 2 2 2 2
left_child=1 2 3 5 -2 -1 8 12 16 19 11 -5 29 25 23 -14 17 -6 -13 -3 -21 22 -22 -9 -15 26 -4 28 -17 -7
right_child=4 9 13 10 6 7 -8 14 -10 -11 -12 18 15 24 -16 27 -18 -19 -20 20 21 -23 -24 -25 -26 -27 -28 -29 -30 -31
leaf_value=-0.028704987286667615 0.52461893091118905 -0.029169570456164137 -0.039220665112245992 -0.0029544420550024239 -0.22902431631024001 -0.0093360964347883255 1.1525297881175351 0.057808342791215356 0.66662824428652634 0.81126066047972489 0.11921094367079313 0.046919110190963252 0.0057321873542065301 0.028258255835113884 0.066321602532536689 0.066765124978816107 0.64849951243520121 0.06952494116026485 0.21033090477615041 0.45615685347412316 0.079750678862983468 0.53496779336637235 0.48310637473341456 0.0044897033650541113 0.41854169360546539 0.26790417969030916 0.11921058948141354 0.21134791594226757 -0.14339446429943925 -0.032584208565014997
leaf_weight=43032 3718 426 1131 7177 518 71204 812 2720 837 1043 3712 1538 10065 284 7413 3208 206 1103 1610 378 1631 550 714 21093 1138 792 1088 556 189 8533
leaf_count=43032 3718 426 1131 7177 518 71204 812 2720 837 1043 3712 1538 10065 284 7413 3208 206 1103 1610 378 1631 550 714 21093 1138 792 1088 556 189 8533
internal_value=0.000802998 0.000158609 -0.000172295 -0.000429113 0.0179316 -0.000845113 0.0109609 -4.68071e-05 0.00646396 0.0131717 0.00455012 0.00251332 -0.000811797 0.0103745 0.00225005 0.00230275 0.000804598 -0.00172116 0.00886277 0.0100649 0.0117965 0.00989637 0.00707463 0.00116029 0.0189873 0.00630687 0.00328526 0.00645839 0.00472476 -0.00135934
internal_weight=198419 191225 186483 182050 7194 168013 3476 124981 2664 4742 14037 10325 93755 4433 31226 14018 1827 1621 3148 3699 3273 2895 2345 23813 1422 3011 2219 3953 3397 79737
internal_count=198419 191225 186483 182050 7194 168013 3476 124981 2664 4742 14037 10325 93755 4433 31226 14018 1827 1621 3148 3699 3273 2895 2345 23813 1422 3011 2219 3953 3397 79737
is_linear=0
shrinkage=0.06


Tree=43
num_leaves=31
num_cat=0
split_feature=0 0 11 1 23 14 14 21 11 23 1 21 24 23 21 3 10 11 3 0 20 23 14 7 5 3 24 0 21 0
split_gain=560.489 135.994 114.311 89.2146 86.9427 72.4261 56.2248 54.4493 50.3153 49.6892 47.4852 42.6238 38.8006 37.4378 36.2088 34.7945 29.1612 28.5738 28.3901 26.9896 26.7079 24.4883 22.3489 21.8785 20.7057 20.432 19.1239 18.1179 17.9538 17.8619
threshold=34.128473281860359 86.781265258789077 1.0000000180025095e-35 205.00000000000003 15.119426727294924 1.0000000180025095e-35 1.0000000180025095e-35 0.14386009424924853 0.20570998638868335 10.00775718688965 41.500000000000007 0.43069899082183843 12847.137695312502 17.144623756408695 0.74832612276077282 161.00000000000003 1.5000000000000002 0.62687611579895031 216.50000000000003 4.2997608184814462 2.5000000000000004 4.8467845916748056 1.0000000180025095e-35 2.5000000000000004 5.5000000000000009 252.00000000000003 17921.063476562504 1.2789404988288882 0.21874103695154193 3.150883793830872
decision_type=2 2 2 2 2 2 2 2 2 2 2 2 2 2 2 2 2 2 2 2 2 2 2 2 2 2 2 2 2 2
left_child=2 3 6 8 5 11 7 20 10 14 -2 16 -13 17 26 -6 -4 22 -3 -18 -1 -12 28 -8 -14 27 29 -11 -5 -9
right_child=1 18 4 13 15 -7 23 9 -10 25 21 12 24 -15 -16 -17 19 -19 -20 -21 -22 -23 -24 -25 -26 -27 -28 -29 -30 -31
leaf_value=-0.02157661753894588 0.19335717238079767 1.0500715854303757 0.099611729998106704 -0.25864163141741203 0.10161386692501449 0.75736612949593762 0.072581394051147927 -0.019129279071100926 0.29055178177184093 -0.089440817056976749 0.069477938038744899 0.021693252773975658 0.059269702793717016 1.8427061026265712 0.057420210609486558 0.68702989819763283 -0.033760369197079983 0.4045940026855554 0.45022881139847809 0.011598508664695152 -0.051898916621350502 0.19706689142337069 0.66582778927655095 0.44298998793507094 0.23241190350584531 0.13710619607353058 -0.096089612863623955 0.029186112158896351 -0.012748199948457852 -0.0048475497124444095
leaf_weight=14134 1561 2151 1299 783 878 670 1799 34804 2468 359 4542 5870 2182 149 2190 673 6262 261 720 19567 8093 1057 137 1019 1896 1820 485 8578 2057 69955
leaf_count=14134 1561 2151 1299 783 878 670 1799 34804 2468 359 4542 5870 2182 149 2190 673 6262 261 720 19567 8093 1057 137 1019 1896 1820 485 8578 2057 69955
internal_value=0.000766711 0.0115762 -0.000174051 0.00896888 0.00269257 0.00212049 -0.000960513 -0.00112892 0.0119152 -0.000616544 0.00936872 0.00176718 0.00512666 0.000593446 -0.00100583 0.0166151 0.00053524 -0.000759728 0.023396 9.40803e-05 -0.00385342 0.00678871 -0.00242862 0.0074308 0.00962236 0.00327136 -0.00116472 0.00209131 -0.00357042 -0.00110969
internal_weight=198419 15886 182533 13015 39297 37746 143236 140418 9628 118191 7160 37076 9948 3387 107434 1551 27128 3238 2871 25829 22227 5599 2977 2818 4078 10757 105244 8937 2840 104759
internal_count=198419 15886 182533 13015 39297 37746 143236 140418 9628 118191 7160 37076 9948 3387 107434 1551 27128 3238 2871 25829 22227 5599 2977 2818 4078 10757 105244 8937 2840 104759
is_linear=0
shrinkage=0.06


Tree=44
num_leaves=31
num_cat=0
split_feature=0 14 23 11 3 21 11 0 23 7 11 23 0 4 21 3 23 23 1 21 0 0 23 21 10 17 0 3 16 24
split_gain=523.864 194.937 116.576 86.9892 81.6577 69.2509 68.1954 64.0821 49.8998 46.5652 45.1101 44.1931 37.5196 45.7005 36.8374 30.7115 27.4394 27.3786 26.9244 26.9132 25.8355 25.1919 24.4895 25.0983 23.0567 22.8518 21.5736 20.7653 20.4367 19.1183
threshold=65.666522979736342 1.0000000180025095e-35 17.846974372863773 0.56429800391197216 99.000000000000014 0.19260819256305697 0.21494740992784503 91.426315307617202 1.6508769989013674 1.0000000180025095e-35 0.31268873810768133 26.186221122741703 15.688108921051027 155.50000000000003 0.57403510808944713 208.50000000000003 2.8542082309722905 16.400203704833988 62.000000000000007 0.21874103695154193 13.411662101745607 12.943249225616457 2.7925844192504887 0.48932217061519628 1.5000000000000002 1.5000000000000002 10.650841712951662 46.000000000000007 2.5000000000000004 7612.0803222656259
decision_type=2 2 2 2 2 2 2 2 2 2 2 2 2 2 2 2 2 2 2 2 2 2 2 2 2 2 2 2 2 2
left_child=1 2 3 5 -2 -1 7 17 14 -3 18 15 13 -5 -7 20 -15 19 -11 -6 27 24 23 -20 -10 -17 -16 -4 -23 -26
right_child=4 9 11 12 6 8 -8 -9 21 10 -12 -13 -14 16 26 25 -18 -19 22 -21 -22 28 -24 -25 29 -27 -28 -29 -30 -31
leaf_value=-0.026127258377791954 0.47422625633812615 -0.04171260222380601 -0.14076618806535746 -0.009855528005555279 -0.16825536733999158 -0.011248940189551878 1.0407821618389801 0.6446434584864551 0.093541401921290901 0.41903678907559405 0.8463719544127396 0.41402866118695708 0.10819833389433554 0.054376020622629341 0.0049822464364881469 0.054381048793540283 0.24255986448021702 1.5317961412541337 0.055456407026867535 0.074495604344833877 0.091517546730130878 -0.083802159079413907 0.49746079057441439 0.44451567593236219 0.047293586363471501 0.50198305267985699 0.071086763886575477 0.0022341167502019131 0.069746198707673623 0.00025840155691923437
leaf_weight=43032 2816 538 218 6069 638 79359 1049 1033 1137 378 931 892 3574 3120 10065 403 1274 117 1631 1541 1397 441 550 714 2763 533 3953 990 6825 20438
leaf_count=43032 2816 538 218 6069 638 79359 1049 1033 1137 378 931 892 3574 3120 10065 403 1274 117 1631 1541 1397 441 550 714 2763 533 3953 990 6825 20438
internal_value=0.000744032 0.000146058 -0.000159425 -0.000393518 0.0166389 -0.000772619 0.0115121 0.0073085 -5.78488e-05 0.0121594 0.0142864 0.00945409 0.00414405 0.00233107 -0.000755325 0.00644733 0.00699135 0.00172474 0.0109716 0.000206517 0.00309789 0.00200291 0.00900518 0.00633262 0.00107733 0.0157692 0.00208018 -0.00332781 0.00510322 0.000668506
internal_weight=198419 191225 186483 182050 7194 168013 4378 3329 124981 4742 4204 4433 14037 10463 93377 3541 4394 2296 3273 2179 2605 31604 2895 2345 24338 936 14018 1208 7266 23201
internal_count=198419 191225 186483 182050 7194 168013 4378 3329 124981 4742 4204 4433 14037 10463 93377 3541 4394 2296 3273 2179 2605 31604 2895 2345 24338 936 14018 1208 7266 23201
is_linear=0
shrinkage=0.06


Tree=45
num_leaves=31
num_cat=0
split_feature=0 14 23 4 0 11 11 3 0 7 11 0 23 4 23 23 21 21 4 1 0 4 3 25 21 17 17 23 0 21
split_gain=475.029 152.705 99.5622 90.2722 83.4844 62.8055 61.7324 59.3884 53.6916 43.8351 42.4067 42.2647 42.1251 37.3524 33.8086 33.7814 30.7205 30.5475 28.0143 26.2783 25.9318 32.1725 25.4345 24.1364 25.737 23.9462 23.8172 21.8972 21.3416 20.8684
threshold=53.801986694335945 1.0000000180025095e-35 26.186221122741703 132.00000000000003 3.8548399209976201 0.20570998638868335 0.23054748773574832 34.000000000000007 96.72674942016603 1.0000000180025095e-35 0.31268873810768133 86.781265258789077 8.023776054382326 154.50000000000003 2.0322954654693608 5.6679339408874521 0.51772466301918041 0.74832612276077282 199.50000000000003 62.000000000000007 13.249187946319582 59.500000000000007 47.500000000000007 6.5000000000000009 0.22453764826059344 1.0000000180025095e-35 5.5000000000000009 2.7925844192504887 28.558251380920414 0.48932217061519628
decision_type=2 2 2 2 2 2 2 2 2 2 2 2 2 2 2 2 2 2 2 2 2 2 2 2 2 2 2 2 2 2
left_child=1 2 4 11 13 8 7 -6 15 -3 19 22 17 -1 16 26 -8 23 20 -11 21 -16 -2 -9 -25 -7 -5 29 -26 -21
right_child=3 9 -4 5 6 25 14 12 -10 10 -12 -13 -14 -15 18 -17 -18 -19 -20 27 -22 -23 -24 24 28 -27 -28 -29 -30 -31
leaf_value=-0.026113294502722831 0.2616087996840325 -0.052844622918669086 0.37639655907087233 -0.092638703687129009 0.031561248797774992 -0.027351646469617776 0.008403248373996277 -0.0035581778805170569 0.83627876366817211 0.38686919831926253 0.78308584390034008 1.0470879186362123 0.028858246588967996 -0.0023079468572382478 -0.06459366957626031 0.41092002251618387 0.087676972037888226 0.056724967025946316 0.21353448353037399 0.042971655765728228 0.07709356907242608 0.042153768062829736 0.17343426466103301 -0.048786900315737826 -0.020796963361852716 0.89170900318895008 0.4728940966041692 0.44905755663677799 0.067393475417240362 0.38932845151615336
leaf_weight=37795 1084 478 872 1977 7643 163 19401 37302 551 358 858 1458 12812 24250 989 542 2540 1587 2197 1607 3296 2488 2438 9055 20635 948 204 538 1722 631
leaf_count=37795 1084 478 872 1977 7643 163 19401 37302 551 358 858 1458 12812 24250 989 542 2540 1587 2197 1607 3296 2488 2438 9055 20635 948 204 538 1722 631
internal_value=0.000715607 6.22044e-05 -0.00020316 0.013906 -0.000299164 0.00762828 0.000614217 -0.000174534 0.00344533 0.0110201 0.0130762 0.0194337 -0.000639972 -0.00209026 0.00293002 -1.10173e-05 0.00166127 -0.00121663 0.00603344 0.00984046 0.00412373 0.00050906 0.0158773 -0.0014067 -0.00263212 0.019955 -0.0033425 0.00786744 -0.00153912 0.00525469
internal_weight=198419 189054 184584 9365 183712 4385 121667 90756 3274 4470 3992 4980 83113 62045 30911 2723 21941 70301 8970 3134 6773 3477 3522 68714 31412 1111 2181 2776 22357 2238
internal_count=198419 189054 184584 9365 183712 4385 121667 90756 3274 4470 3992 4980 83113 62045 30911 2723 21941 70301 8970 3134 6773 3477 3522 68714 31412 1111 2181 2776 22357 2238
is_linear=0
shrinkage=0.06


Tree=46
num_leaves=31
num_cat=0
split_feature=0 14 23 4 11 21 0 3 11 7 11 0 21 11 0 4 23 0 0 17 24 1 4 3 23 11 17 7 0 24
split_gain=443.331 167.263 98.1785 69.0799 67.9152 60.6069 60.1039 59.2708 50.6002 38.4504 41.4423 35.7464 35.0222 35.0114 29.9645 31.3905 29.927 28.1315 27.4286 24.9459 24.9375 24.5267 22.9758 22.646 22.5794 21.9392 21.4784 21.0186 19.732 19.2587
threshold=69.17972564697267 1.0000000180025095e-35 12.026573657989504 138.00000000000003 0.56429800391197216 0.54729878902435314 25.3781270980835 204.00000000000003 0.21494740992784503 1.0000000180025095e-35 0.31268873810768133 96.72674942016603 0.10603866726160051 0.52704873681068432 15.688108921051027 215.50000000000003 16.400203704833988 20.731276512146 91.426315307617202 1.0000000180025095e-35 17452.613281250004 62.000000000000007 67.000000000000014 17.500000000000004 24.009943008422855 0.32353574037551885 3.5000000000000004 2.5000000000000004 34.128473281860359 16617.359375000004
decision_type=2 2 2 2 2 2 2 2 2 2 2 2 2 2 2 2 2 2 2 2 2 2 2 2 2 2 2 2 2 2
left_child=1 2 4 18 5 12 7 23 11 -3 21 16 19 24 15 -6 -5 20 22 -1 25 -11 -2 -4 -9 -7 -27 28 -23 -21
right_child=3 9 6 8 14 17 -8 13 -10 10 -12 -13 -14 -15 -16 -17 -18 -19 -20 29 -22 27 -24 -25 -26 26 -28 -29 -30 -31
leaf_value=-0.06389615093415503 0.31902910269180779 -0.036498880958058914 -0.09858653961605042 -0.022970709340515327 6.3411008295597424e-05 0.0027104176900454124 0.21427957155111413 0.10472370959210882 1.180146112793524 0.3766147189248461 0.75912427519961234 0.72532328933829682 -0.0086215502845105613 0.62046351458396765 0.094460320630988817 0.12794057173123163 1.4126282897903393 0.10117793034502483 1.2255888198852338 -0.021053296521618678 0.10745847971930998 0.011072951778334072 0.21953370752363341 0.017342315506311577 0.55349838306166688 0.22604286686924022 -0.0066255871022604836 0.44057021856371364 0.2832975714396514 -0.085449905618046051
leaf_weight=1930 1139 544 411 1612 7558 16264 1347 2602 667 381 939 519 124549 358 3472 2529 118 2558 1157 12615 879 1325 1262 7519 233 569 410 1132 444 1377
leaf_count=1930 1139 544 411 1612 7558 16264 1347 2602 667 381 939 519 124549 358 3472 2529 118 2558 1157 12615 879 1325 1262 7519 233 569 410 1132 444 1377
internal_value=0.000683251 0.00016239 -0.000120205 0.016126 -0.000487322 -0.000830463 0.00502326 0.00357368 0.00927984 0.0112634 0.0131983 0.00497554 -0.00127692 0.010476 0.00359097 0.00193616 0.00083237 0.00220213 0.0217369 -0.00392664 0.00137071 0.0100183 0.01808 0.000794451 0.00824339 0.000868178 0.00959142 0.00813857 0.00405314 -0.0030446
internal_weight=198419 191945 187180 6474 174710 161151 12470 11123 2916 4765 4221 2249 140471 3193 13559 10087 1730 20680 3558 15922 18122 3282 2401 7930 2835 17243 979 2901 1769 13992
internal_count=198419 191945 187180 6474 174710 161151 12470 11123 2916 4765 4221 2249 140471 3193 13559 10087 1730 20680 3558 15922 18122 3282 2401 7930 2835 17243 979 2901 1769 13992
is_linear=0
shrinkage=0.06


Tree=47
num_leaves=31
num_cat=0
split_feature=0 14 23 4 21 11 0 3 11 23 7 11 11 23 0 0 0 2 21 25 20 17 23 4 0 1 17 24 24 16
split_gain=417.271 152.592 90.5331 67.7188 61.4317 61.4422 57.2004 55.029 48.1633 35.6473 35.3699 40.5517 34.001 28.6137 28.3164 26.0892 25.992 27.8293 24.1801 24.1422 29.3376 24.0998 22.892 22.0712 23.3377 21.6392 21.294 20.2665 22.0909 26.1132
threshold=69.17972564697267 1.0000000180025095e-35 12.026573657989504 132.00000000000003 0.28175266087055212 0.47382839024066931 25.3781270980835 204.00000000000003 0.21494740992784503 4.8467845916748056 1.0000000180025095e-35 0.31268873810768133 0.52704873681068432 2.0322954654693608 104.55176544189455 91.426315307617202 0.92909860610961925 3.5000000000000004 0.57403510808944713 4.5000000000000009 1.0000000180025095e-35 5.5000000000000009 24.009943008422855 61.500000000000007 12.457590103149416 62.000000000000007 3.5000000000000004 12004.941894531252 10617.858398437502 12.500000000000002
decision_type=2 2 2 2 2 2 2 2 2 2 2 2 2 2 2 2 2 2 2 2 2 2 2 2 2 2 2 2 2 2
left_child=1 2 4 15 16 13 7 23 9 14 -3 25 22 18 -5 -2 -1 -18 -6 20 -19 -11 -9 24 -4 -12 -21 28 -15 -30
right_child=3 10 6 8 5 -7 -8 12 -10 21 11 -13 -14 27 -16 -17 17 19 -20 26 -22 -23 -24 -25 -26 -27 -28 -29 29 -31
leaf_value=-0.03526257688485409 0.2659125233330934 -0.034308948100575359 -0.065232729079140059 -0.015759703644294232 -0.0097887874772996496 0.059447911702967177 0.20142279725804713 0.09844028701658232 1.0771005768809585 1.0976890117698233 0.35401783578935531 0.71357681868763578 0.58323570370892963 0.018413897103187526 0.91243132280043637 1.1622785228210195 0.00039657392295802115 0.04370252536935567 0.016510882139295135 -0.049124009495222526 -0.022593256522430574 -0.12708533340798439 0.52028848007796691 0.035679653027038183 0.027624317837199486 0.18088569749105304 -0.017139406361285497 0.039597410105324006 -0.09026503060442119 0.011244560969586157
leaf_weight=11703 2279 544 1477 1681 55195 9359 1347 2602 705 414 381 939 358 7546 158 1097 30724 3703 13906 12359 9200 140 233 5463 990 2901 9499 9159 1121 1236
leaf_count=11703 2279 544 1477 1681 55195 9359 1347 2602 705 414 381 939 358 7546 158 1097 30724 3703 13906 12359 9200 140 233 5463 990 2901 9499 9159 1121 1236
internal_value=0.000662084 0.000156764 -0.000113153 0.0156441 -0.000465686 0.000535264 0.00482598 0.00341185 0.00923822 0.0051776 0.0107597 0.0126155 0.0100626 4.45765e-05 0.00115824 0.0215225 -0.00173032 -0.00126487 -0.000523147 -0.00242772 -0.000369681 0.0185199 0.00786243 0.000733922 -0.00397649 0.00946984 -0.0036426 0.00210261 0.000221145 -0.00484938
internal_weight=198419 191945 187180 6474 174710 97522 12470 11123 3098 2393 4765 4221 3193 88163 1839 3376 77188 65485 69101 34761 12903 554 2835 7930 2467 3282 21858 19062 9903 2357
internal_count=198419 191945 187180 6474 174710 97522 12470 11123 3098 2393 4765 4221 3193 88163 1839 3376 77188 65485 69101 34761 12903 554 2835 7930 2467 3282 21858 19062 9903 2357
is_linear=0
shrinkage=0.06


Tree=48
num_leaves=31
num_cat=0
split_feature=0 14 23 0 3 11 11 3 23 23 23 7 7 11 0 3 0 0 21 25 17 21 4 17 0 17 1 21 20 23
split_gain=385.694 136.942 83.5877 70.6631 68.3805 55.7062 53.5221 59.1918 42.0002 34.1406 34.0743 33.9635 32.1815 34.6603 28.3094 31.8544 27.4839 24.739 24.6621 26.5929 24.6543 23.5203 23.2404 22.1087 22.0502 20.5315 20.4169 20.1295 20.0445 19.1617
threshold=69.17972564697267 1.0000000180025095e-35 26.186221122741703 3.8548399209976201 94.000000000000014 0.21494740992784503 0.23054748773574832 34.000000000000007 4.8467845916748056 2.0322954654693608 7.5326080322265634 1.0000000180025095e-35 1.0000000180025095e-35 0.31268873810768133 27.322209358215336 63.500000000000007 96.72674942016603 12.30664110183716 0.27196498215198522 4.5000000000000009 5.5000000000000009 0.57403510808944713 232.00000000000003 5.5000000000000009 21.312211990356449 1.0000000180025095e-35 62.000000000000007 0.48083676397800451 1.0000000180025095e-35 2.7925844192504887
decision_type=2 2 2 2 2 2 2 2 2 2 2 2 2 2 2 2 2 2 2 2 2 2 2 2 2 2 2 2 2 2
left_child=1 2 3 11 -2 8 7 24 16 21 18 -1 -3 26 15 17 23 -11 19 -9 -10 -8 -13 25 -5 -6 -14 29 -22 -28
right_child=4 12 -4 6 5 -7 9 10 20 14 -12 22 13 -15 -16 -17 -18 -19 -20 -21 28 -23 -24 -25 -26 -27 27 -29 -30 -31
leaf_value=-0.037223173512810633 0.42649593874718078 -0.032250411214540795 0.34521256689435781 0.023368856765055471 0.18024959823298076 0.95333421497281223 0.0087301478115946549 -0.0012583436426182892 0.96591061618369167 -0.064356575025566021 0.023822588530709794 -0.01692845592763394 0.33277676564199404 0.67076220956637767 0.16756626096568908 0.090723586236514817 0.45758479329953528 0.030254092488793596 -0.0025092871114850901 -0.037642183238416553 -0.29671242964348149 0.095930491005188634 0.010158129714025587 0.48893924892337215 0.098878553005082068 -0.097330082827995448 0.024487554857217333 0.41084838890967007 0.42337375564121771 0.31154489392238632
leaf_weight=7307 2352 544 892 6761 299 979 20161 10451 561 959 13770 43321 381 939 955 6367 501 1034 44414 16186 87 2128 11417 210 1057 1392 1631 871 93 399
leaf_count=7307 2352 544 892 6761 299 979 20161 10451 561 959 13770 43321 381 939 955 6367 501 1034 44414 16186 87 2128 11417 210 1057 1392 1631 871 93 399
internal_value=0.000646964 0.00016114 -9.45614e-05 -0.000182298 0.015051 0.010393 0.000643497 -8.3874e-05 0.00650016 0.0027756 -0.000544323 -0.00183593 0.0102057 0.0119758 0.00582609 0.00470813 0.00264779 -0.00191169 -0.00107374 -0.00251718 0.0189879 0.00150074 -0.00132303 -0.000647028 0.00491174 -0.00292726 0.00906764 0.00735264 -0.000333333 0.00407882
internal_weight=198419 191945 187180 186288 6474 4122 124243 92639 3143 31604 84821 62045 4765 4221 9315 8360 2402 1993 71051 26637 741 22289 54738 1901 7818 1691 3282 2901 180 2030
internal_count=198419 191945 187180 186288 6474 4122 124243 92639 3143 31604 84821 62045 4765 4221 9315 8360 2402 1993 71051 26637 741 22289 54738 1901 7818 1691 3282 2901 180 2030
is_linear=0
shrinkage=0.06


Tree=49
num_leaves=31
num_cat=0
split_feature=0 14 23 3 0 0 11 21 11 23 4 0 7 0 23 4 2 3 4 10 23 21 21 23 18 23 24 21 21 0
split_gain=352.255 125.705 78.1245 64.3375 63.7067 54.1724 46.6554 56.4572 46.4811 38.216 36.6009 34.5473 32.8475 36.6165 31.2428 28.3283 25.9782 25.3416 23.9358 22.7522 25.2753 22.5359 22.0672 21.6343 20.9319 20.2051 19.5959 42.869 20.1685 19.3788
threshold=69.17972564697267 1.0000000180025095e-35 26.186221122741703 74.000000000000014 13.249187946319582 91.426315307617202 0.53395166993141185 0.18244930356740954 0.24385127425193789 4.8467845916748056 30.000000000000004 1.1113420128822329 2.5000000000000004 27.322209358215336 16.400203704833988 206.50000000000003 1.5000000000000002 40.500000000000007 232.00000000000003 1.5000000000000002 6.5551292896270761 0.63282191753387462 0.21874103695154193 4.8467845916748056 3.3339608907699589 2.7925844192504887 9248.4008789062518 0.13181316107511523 0.13758362084627154 35.662218093872077
decision_type=2 2 2 2 2 2 2 2 2 2 2 2 2 2 2 2 2 2 2 2 2 2 2 2 2 2 2 2 2 2
left_child=1 2 4 -2 11 8 7 17 14 10 -9 16 13 -3 22 -7 -1 -6 -12 20 -13 26 -5 -17 -15 -14 27 -21 -29 -11
right_child=3 12 -4 5 6 15 -8 9 -10 29 18 19 25 24 -16 23 -18 -19 -20 21 -22 -23 -24 -25 -26 -27 -28 28 -30 -31
leaf_value=-0.048623927729437411 0.40707096906271262 0.017538019502284213 0.32449981288069624 -0.14439664377780145 0.054094197641386184 0.85803856591554251 0.080694974338064468 0.070833663236860744 0.5885166810840079 0.058852201265629275 0.016101637462311302 0.017020229909155971 0.42585136635867771 0.32878757665684283 1.1514062153056444 0.05444300671282562 -0.015678643543638064 -0.07037714108299116 -0.061082545183260187 -0.035595654317350074 0.15975850302217104 0.026700127541522425 0.068414047641531112 1.1266669008476822 0.09917898079833222 1.1714068985279313 -0.011085221599801239 0.11144133157677756 0.010179778826916737 0.14181861423761943
leaf_weight=4649 1855 1815 892 678 629 996 5423 1358 722 5117 13637 5022 1076 662 134 424 19536 4714 3304 5152 762 7332 1532 133 827 385 79267 653 28710 1023
leaf_count=4649 1855 1815 892 678 629 996 5423 1358 722 5117 13637 5022 1076 662 134 424 19536 4714 3304 5152 762 7332 1532 133 827 385 79267 653 28710 1023
internal_value=0.000618237 0.00015395 -9.10354e-05 0.0143837 -0.000175857 0.0105932 0.00212271 0.00119065 0.00596869 0.00241213 0.00103776 -0.000711463 0.00977754 0.00646489 0.0018686 0.0197231 -0.00278975 -0.00439641 0.000278024 -0.000315371 0.003361 -0.000490942 0.000162896 0.00888689 0.0134385 0.017269 -0.000698705 0.000494568 0.00138031 0.00650814
internal_weight=198419 191945 187180 6474 186288 4619 35205 29782 3066 24439 18299 151083 4765 3304 2344 1553 24185 5343 16941 126898 5784 121114 2210 557 1489 1461 113782 34515 29363 6140
internal_count=198419 191945 187180 6474 186288 4619 35205 29782 3066 24439 18299 151083 4765 3304 2344 1553 24185 5343 16941 126898 5784 121114 2210 557 1489 1461 113782 34515 29363 6140
is_linear=0
shrinkage=0.06


Tree=50
num_leaves=31
num_cat=0
split_feature=0 14 23 0 11 3 21 11 23 3 21 23 7 11 23 24 10 6 20 21 23 0 5 7 4 21 10 0 16 0
split_gain=325.312 114.713 71.7237 59.3124 57.9908 45.8267 40.524 40.2535 38.7803 37.9345 36.7643 32.012 31.2185 31.1378 30.9592 29.6853 27.6747 27.0092 26.9379 23.3743 20.3225 19.5737 19.3482 19.0672 19.2801 18.9502 18.7512 18.5756 21.9843 18.1831
threshold=69.17972564697267 1.0000000180025095e-35 27.01892185211182 91.426315307617202 1.0000000180025095e-35 74.000000000000014 0.14386009424924853 0.24385127425193789 15.119426727294924 213.50000000000003 0.43069899082183843 0.61584648489952099 1.0000000180025095e-35 0.31626549363136297 16.400203704833988 12847.137695312502 1.5000000000000002 14.900000095367433 2.5000000000000004 0.81262066960334789 4.8467845916748056 39.752513885498054 5.5000000000000009 3.5000000000000004 42.000000000000007 0.21874103695154193 1.5000000000000002 22.482932090759281 17.500000000000004 16.453348159790043
decision_type=2 2 2 2 2 2 2 2 2 2 2 2 2 2 2 2 2 2 2 2 2 2 2 2 2 2 2 2 2 2
left_child=1 2 4 5 6 -2 18 14 10 -5 16 19 -3 21 25 27 -6 -10 -1 -8 -11 23 -17 24 -14 -7 -13 -12 -29 -28
right_child=3 12 -4 9 8 7 11 -9 17 20 15 26 13 -15 -16 22 -18 -19 -20 -21 -22 -23 -24 -25 -26 -27 29 28 -30 -31
leaf_value=-0.014203894427458405 0.22677618093489813 -0.033268081266828987 0.42020762479637125 0.95820147701713543 0.092441244812350762 -0.13573284515113371 -0.0091176810263419884 0.55320568021896777 0.040782297191319421 0.051176426310055798 0.0071128559615324426 0.066194812637765069 0.31486098618889591 0.62331736816811767 1.0823218423873058 0.047838722317741743 -0.00011356213526335867 0.45077666856774085 -0.044107280958696482 0.11142237216792444 1.0590668867968214 0.40697875680676698 0.20146150009272012 0.72342594501700141 0.075224647792460075 0.0643092047830396 0.0027151963854602544 0.22048029848799486 -0.061896559599587418 0.042081021350001746
leaf_weight=14506 1258 544 725 1582 1340 678 83314 722 690 430 5454 1768 158 779 134 2372 26972 496 8374 696 138 487 1994 441 2356 1532 32261 576 187 5455
leaf_count=14506 1258 544 725 1582 1340 678 83314 722 690 430 5454 1768 158 779 134 2372 26972 496 8374 696 138 487 1994 441 2356 1532 32261 576 187 5455
internal_value=0.000589812 0.000143635 -9.03943e-05 0.0138184 -0.000163632 0.00976873 -0.000717341 0.00581213 0.00185849 0.0219628 0.00153259 -0.000287625 0.00933683 0.0110803 0.00199659 0.00454975 0.000404775 0.0125464 -0.00303671 -0.000949887 0.00866197 0.0086287 0.00834173 0.00679188 0.00477327 0.000298643 0.00112147 0.00188676 0.0106553 0.000838371
internal_weight=198419 191945 187180 6474 186455 4324 146374 3066 40081 2150 38895 123494 4765 4221 2344 10583 28312 1186 22880 84010 568 3442 4366 2955 2514 2210 39484 6217 763 37716
internal_count=198419 191945 187180 6474 186455 4324 146374 3066 40081 2150 38895 123494 4765 4221 2344 10583 28312 1186 22880 84010 568 3442 4366 2955 2514 2210 39484 6217 763 37716
is_linear=0
shrinkage=0.06


Tree=51
num_leaves=31
num_cat=0
split_feature=0 14 23 4 0 23 0 11 11 1 7 3 3 23 3 23 25 21 21 11 0 21 11 0 4 10 1 18 23 21
split_gain=303.24 83.4853 81.5512 77.7545 65.0548 63.5561 48.173 40.0946 36.7447 41.8346 34.6466 30.5541 29.3366 28.1701 32.4533 27.3694 23.9255 23.2738 23.1675 26.6704 22.4065 21.9421 21.6 21.3459 20.9817 19.6004 19.5626 18.8584 18.5901 18.2148
threshold=53.801986694335945 1.0000000180025095e-35 15.521236896514894 67.000000000000014 96.72674942016603 27.01892185211182 3.8548399209976201 0.31268873810768133 0.51942425966262828 41.500000000000007 2.5000000000000004 211.00000000000003 37.500000000000007 9.0041098594665545 175.00000000000003 4.1234867572784433 6.5000000000000009 0.76986923813819896 0.51284587383270275 0.3195976614952088 86.781265258789077 0.30095402896404272 0.31268873810768133 27.322209358215336 255.50000000000003 1.5000000000000002 290.50000000000006 3.3339608907699589 2.7925844192504887 0.29080203175544744
decision_type=2 2 2 2 2 2 2 2 2 2 2 2 2 2 2 2 2 2 2 2 2 2 2 2 2 2 2 2 2 2
left_child=1 5 3 20 7 6 12 11 9 -8 23 -5 -1 29 -15 16 -11 26 -18 -20 -2 25 28 -3 -6 -17 -14 -25 -12 -10
right_child=2 10 -4 4 24 -7 8 -9 13 15 22 -13 17 14 -16 21 18 -19 19 -21 -22 -23 -24 27 -26 -27 -28 -29 -30 -31
leaf_value=-0.034545397080088712 0.14590372682451758 0.0070969899128667888 1.0042315847337997 0.052740828593521555 0.9398228550664709 0.38151865270562607 0.021812300699181924 0.29191424848213782 0.002918914013935989 -0.00023888379592584385 0.2259685293913857 -0.1412580201674237 -0.014101058253225761 0.049210493003323419 0.38861051741432751 0.11952032432967229 -0.029878534755137451 0.13641567527530662 -0.0014679249180783315 0.18488954798704035 0.73182841525871545 0.038483745041492039 1.4361695655596545 0.26299075177551101 0.087798136282974032 -0.011591293157478155 0.019088129008290201 0.062770823086779823 0.74179860279535015 0.052856733988768632
leaf_weight=6586 1672 1815 802 2864 752 705 14350 1065 6963 41817 874 1428 48669 1002 552 515 23460 399 5498 483 610 11256 314 535 172 9710 6444 712 220 6175
leaf_count=6586 1672 1815 802 2864 752 705 14350 1065 6963 41817 874 1428 48669 1002 552 515 23460 399 5498 483 610 11256 314 535 172 9710 6444 712 220 6175
internal_value=0.000567436 4.53839e-05 0.0111062 0.00939274 0.00594651 -0.000150826 -0.000219764 0.00341049 0.000473719 8.76841e-05 0.00814765 0.00082479 -0.00157976 0.0032875 0.0109266 -0.000378805 -0.000944736 -0.00113057 -0.00225502 0.00107841 0.0188782 0.00149853 0.0159375 0.00456564 0.0206494 -0.000513447 -0.0012351 0.0106095 0.0119561 0.00238392
internal_weight=198419 189054 9365 8563 6281 184584 183879 5357 121781 107089 4470 4292 62098 14692 1554 92739 71258 55512 29441 5981 2282 21481 1408 3062 924 10225 55113 1247 1094 13138
internal_count=198419 189054 9365 8563 6281 184584 183879 5357 121781 107089 4470 4292 62098 14692 1554 92739 71258 55512 29441 5981 2282 21481 1408 3062 924 10225 55113 1247 1094 13138
is_linear=0
shrinkage=0.06


Tree=52
num_leaves=31
num_cat=0
split_feature=0 14 23 3 11 21 0 23 23 11 3 23 7 11 21 3 0 0 0 3 11 24 23 1 21 3 0 25 24 21
split_gain=286.777 97.027 60.2749 59.2885 48.3774 44.3613 43.3258 41.7697 36.7094 33.627 31.8028 29.7904 29.7846 31.2864 26.8598 21.7268 20.6181 20.03 19.9426 24.1084 19.911 21.7162 19.7182 22.4799 20.0867 19.4796 20.1389 19.1774 19.0965 30.5393
threshold=69.17972564697267 1.0000000180025095e-35 26.186221122741703 144.50000000000003 0.50419721007347118 0.14386009424924853 91.426315307617202 15.521236896514894 9.608006954193117 0.21494740992784503 175.00000000000003 8.6239829063415545 1.0000000180025095e-35 0.31626549363136297 0.54729878902435314 47.500000000000007 104.55176544189455 26.249145507812504 15.417643547058107 51.000000000000007 0.32353574037551885 17452.613281250004 7.2746057510375985 62.000000000000007 0.48932217061519628 252.00000000000003 26.249145507812504 11.500000000000002 14495.880371093752 0.35213015973567968
decision_type=2 2 2 2 2 2 2 2 2 2 2 2 2 2 2 2 2 2 2 2 2 2 2 2 2 2 2 2 2 2
left_child=1 2 4 6 5 -1 15 9 18 16 -10 14 -3 22 27 -2 -5 20 19 -6 21 -16 23 -14 -25 26 -13 -7 29 -20
right_child=3 12 -4 7 8 11 -8 -9 10 -11 -12 25 13 -15 17 -17 -18 -19 28 -21 -22 -23 -24 24 -26 -27 -28 -29 -30 -31
leaf_value=-0.024737539001255728 0.22349447791282812 -0.035883261115426383 0.26676851129737289 -0.018084730058485619 -0.035027520019487016 -0.0046058153995233208 0.90069743638286726 1.2127295130325233 0.051666225951406353 0.68007804506729341 0.37972414924607151 0.0076038560450772856 0.27635465392923364 0.56625114200374338 0.0015202136239075958 0.156367898641042 0.69854911023099553 0.10043821867983553 -0.049823658167230812 0.021993454710248342 0.09733843076110503 0.12384474966873943 0.45476151827305739 0.0062500733087586012 0.32115026872313784 0.1072165492772387 0.092408511573189148 -0.027192824753987415 0.13770209782796114 0.098197915284285495
leaf_weight=25772 674 544 892 1892 2120 96625 1164 250 1016 555 590 11377 327 779 16752 1751 188 1707 1207 11185 1145 544 633 1762 720 2490 1173 9855 1299 1431
leaf_count=25772 674 544 892 1892 2120 96625 1164 250 1016 555 590 11377 327 779 16752 1751 188 1707 1207 11185 1145 544 633 1762 720 2490 1173 9855 1299 1431
internal_value=0.000545361 0.000126442 -8.87915e-05 0.0129657 -0.000163296 -0.000487697 0.0181137 0.00656153 0.00271859 0.00433776 0.0113948 -7.11523e-05 0.00858132 0.0102843 -0.000371008 0.0135464 0.000836538 0.00163788 0.00191045 0.000800451 0.00106231 0.000555042 0.00782684 0.00567106 0.0037228 0.00245346 0.00149163 -0.000751127 0.00566167 0.00272934
internal_weight=198419 191945 187180 6474 186288 167440 3589 2885 18848 2635 1606 141668 4765 4221 126628 2425 2080 20148 17242 13305 18441 17296 3442 2809 2482 15040 12550 106480 3937 2638
internal_count=198419 191945 187180 6474 186288 167440 3589 2885 18848 2635 1606 141668 4765 4221 126628 2425 2080 20148 17242 13305 18441 17296 3442 2809 2482 15040 12550 106480 3937 2638
is_linear=0
shrinkage=0.06


Tree=53
num_leaves=31
num_cat=0
split_feature=0 0 23 1 23 4 11 11 23 4 11 14 21 23 24 21 11 3 23 0 0 0 0 4 21 14 11 24 10 21
split_gain=267.216 96.3983 51.7879 55.2083 49.4225 50.3329 44.7758 37.9223 30.5532 29.2486 29.315 27.5783 35.6533 26.359 22.9868 26.8479 24.2198 21.4471 19.9012 19.5359 19.3001 19.0006 18.9306 18.3289 17.4999 17.2705 17.0485 18.1011 18.4529 17.3669
threshold=75.529083251953139 17.045269966125492 14.729770660400392 41.500000000000007 4.8467845916748056 97.500000000000014 0.62840861082077037 0.21494740992784503 0.56013277173042308 265.50000000000006 0.56429800391197216 1.0000000180025095e-35 0.16896060109138492 13.091711521148683 13494.974609375002 0.11515184491872789 0.70235082507133495 37.500000000000007 14.729770660400392 51.080162048339851 104.55176544189455 91.426315307617202 5.7859416007995614 255.50000000000003 0.57403510808944713 1.0000000180025095e-35 0.52704873681068432 17749.068359375004 1.5000000000000002 0.29662616550922399
decision_type=2 2 2 2 2 2 2 2 2 2 2 2 2 2 2 2 2 2 2 2 2 2 2 2 2 2 2 2 2 2
left_child=1 8 3 -3 5 21 11 20 14 17 13 12 -5 25 16 -16 24 18 22 -4 -7 -2 -10 -14 -1 -11 27 28 -19 -30
right_child=4 2 19 6 -6 7 -8 -9 9 10 -12 -13 23 -15 15 -17 -18 26 -20 -21 -22 -23 -24 -25 -26 -27 -28 -29 29 -31
leaf_value=-0.0071003873116093352 0.1619552820979635 0.077780407857558062 0.10758031505445927 -0.087064894595290376 0.72660654199928865 -0.023966179877757978 0.12958972819614495 0.61018505174411775 -0.042556103781959106 0.012572712964466453 0.3759843220670796 0.12154539757978725 0.022062298005708383 0.20617868485530436 -0.05111512401512975 -0.014024570880687617 0.058337934719250376 0.062979725656273897 -0.10544168501873191 0.4119113885857324 0.81653520290770309 0.79398509720504673 0.0092510435236545334 -0.087318424464470468 0.021027187721979423 0.89929542298752196 0.054626289356706825 0.081353622905384254 -0.014635006787528012 0.011658496438830705
leaf_weight=66053 875 4059 2067 2722 1307 1568 2034 542 2200 4612 532 2229 12938 909 4238 32414 1684 1456 431 324 190 550 2662 1919 7555 84 3857 733 17163 18512
leaf_count=66053 875 4059 2067 2722 1307 1568 2034 542 2200 4612 532 2229 12938 909 4238 32414 1684 1456 431 324 190 550 2662 1919 7555 84 3857 733 17163 18512
internal_value=0.000527218 0.000172038 0.00340803 0.00262808 0.0141773 0.010655 0.00143393 0.00516522 -0.000382507 0.000802055 0.00469774 0.000563409 -0.000233802 0.00342016 -0.000944937 -0.00217723 -0.000345057 0.00029353 -0.00330436 0.011857 0.000887372 0.0195158 -0.00220897 0.000922797 -0.000507825 0.00160988 0.000749982 0.000362878 0.000178557 -9.16608e-05
internal_weight=198419 193387 28292 25901 5032 3725 21842 2300 165095 53151 6137 19808 17579 5605 111944 36652 75292 47014 5293 2391 1758 1425 4862 14857 73608 4696 41721 37864 37131 35675
internal_count=198419 193387 28292 25901 5032 3725 21842 2300 165095 53151 6137 19808 17579 5605 111944 36652 75292 47014 5293 2391 1758 1425 4862 14857 73608 4696 41721 37864 37131 35675
is_linear=0
shrinkage=0.06


Tree=54
num_leaves=31
num_cat=0
split_feature=0 0 23 11 1 23 3 11 23 4 11 21 1 0 0 21 23 3 14 16 16 23 23 14 3 23 23 21 0 24
split_gain=247.189 98.1064 61.7384 58.0131 59.5397 40.6469 44.2218 38.6343 32.9035 31.5077 31.1365 30.3941 29.1499 24.762 22.074 20.7813 20.0556 19.5038 18.9252 17.0008 16.9829 18.5237 16.4212 16.4183 16.3858 15.43 15.4269 14.9699 14.5148 14.2173
threshold=82.491657257080092 20.731276512146 16.804028511047367 0.62840861082077037 41.500000000000007 4.8467845916748056 104.00000000000001 0.32278057932853704 1.1273880600929262 265.50000000000006 0.47201801836490637 0.11071228235960008 282.50000000000006 104.55176544189455 35.662218093872077 0.48083676397800451 17.846974372863773 19.500000000000004 1.0000000180025095e-35 11.500000000000002 18.500000000000004 1.3322262763977053 24.933436393737797 1.0000000180025095e-35 49.000000000000007 0.56013277173042308 17.315505027771 0.16896060109138492 5.7245409488677987 13494.974609375002
decision_type=2 2 2 2 2 2 2 2 2 2 2 2 2 2 2 2 2 2 2 2 2 2 2 2 2 2 2 2 2 2
left_child=1 8 3 4 24 6 -2 13 11 17 16 29 15 -8 -4 -6 23 26 -14 -5 21 -19 27 -11 -3 -21 28 -23 -10 -1
right_child=5 2 14 19 12 -7 7 -9 9 10 -12 -13 18 -15 -16 -17 -18 20 -20 25 -22 22 -24 -25 -26 -27 -28 -29 -30 -31
leaf_value=-0.018678480959294853 0.43271699357000926 0.099727177538016881 0.12174004134854825 0.21006348658783025 0.0025832898108642155 0.81638263058029448 -0.022415387744164832 0.8735091402228764 -0.065238342134120789 0.024414488890686616 0.34693476870605605 -0.0044509251079811558 -0.16275350634644212 1.0692708606043171 0.505773706390786 0.081565879931424237 0.31013760710287241 0.060787716423910607 0.61598428468290023 0.015585107150075713 0.032681998911971225 -0.02363019711430386 0.15217891771334513 0.8207509633090927 0.0040286740523661985 0.16688476018875875 -0.14832673271588034 0.0050191203165549326 0.0049181097302812655 -0.049285410698322429
leaf_weight=8428 1021 2391 942 1013 10502 929 1132 279 914 4707 701 107969 1684 229 562 3617 375 1249 88 631 6680 7642 436 97 584 449 163 27337 1313 4355
leaf_count=8428 1021 2391 942 1013 10502 929 1132 279 914 4707 701 107969 1684 229 562 3617 375 1249 88 631 6680 7642 436 97 584 449 163 27337 1313 4355
internal_value=0.000493652 0.000206181 0.00393581 0.00309318 0.00204177 0.0160947 0.0123224 0.00621951 -0.00027987 0.000988104 0.00512245 -0.00082185 0.000583349 0.00204996 0.0156782 0.00149373 0.00351612 0.000456553 -0.00667043 0.0125705 0.000747508 0.000240563 -1.27065e-05 0.00247294 0.00983193 0.00733333 -0.00482008 -0.000156951 -0.00351594 -0.00358836
internal_weight=198419 194829 22463 20959 18866 3590 2661 1640 172366 51614 5880 120752 15891 1361 1504 14119 5179 45734 1772 2093 43344 36664 35415 4804 2975 1080 2390 34979 2227 12783
internal_count=198419 194829 22463 20959 18866 3590 2661 1640 172366 51614 5880 120752 15891 1361 1504 14119 5179 45734 1772 2093 43344 36664 35415 4804 2975 1080 2390 34979 2227 12783
is_linear=0
shrinkage=0.06


Tree=55
num_leaves=31
num_cat=0
split_feature=0 0 23 1 11 23 3 11 23 4 11 14 4 0 21 3 23 16 23 7 25 17 24 24 11 11 21 21 11 25
split_gain=229.618 87.942 54.0836 52.2911 49.0428 39.2295 38.9915 33.6439 29.6961 31.7668 35.3936 24.9627 29.0718 22.9887 22.8574 20.8672 17.8828 16.5673 16.9811 16.3703 16.2129 21.2989 32.9901 25.9694 19.1549 20.1762 16.1697 15.9928 15.9505 17.7007
threshold=82.491657257080092 20.731276512146 19.682042121887211 41.500000000000007 0.62840861082077037 4.8467845916748056 104.00000000000001 0.32278057932853704 2.0322954654693608 255.50000000000003 0.47201801836490637 1.0000000180025095e-35 232.00000000000003 104.55176544189455 0.10818686708807947 19.500000000000004 24.009943008422855 18.500000000000004 2.3893392086029057 1.5000000000000002 6.5000000000000009 1.5000000000000002 7534.7277832031259 17602.083007812504 0.64290335774421703 0.78702321648597728 0.14984684437513354 0.16896060109138492 0.2943719774484635 5.5000000000000009
decision_type=2 2 2 2 2 2 2 2 2 2 2 2 2 2 2 2 2 2 2 2 2 2 2 2 2 2 2 2 2 2
left_child=1 8 3 -3 11 6 -2 13 14 15 16 12 27 -8 -1 -10 -11 18 -17 -13 21 22 -16 -24 -22 -26 -20 -5 -28 -30
right_child=5 2 -4 4 -6 -7 7 -9 9 10 -12 19 -14 -15 20 17 -18 -19 26 -21 24 -23 23 -25 25 -27 28 -29 29 -31
leaf_value=-0.027100340798725638 0.40675397395580859 0.081592359642008463 0.26452246884500225 -0.059570735747399434 0.15561427962465629 0.76739967274547694 -0.021070464479515182 0.82109859180950362 -0.034152555194094103 0.036392712347593809 0.34451224560534344 0.02033475781330665 -0.11116093526731766 1.005114608968058 0.050820062186590804 0.06015980871199015 0.64849471028055861 0.035822223292648087 -0.02436171867155881 0.28645000977210161 -0.01530402285211787 -0.0047280944755121457 0.0017264329897676632 0.1593274172824585 0.043162883184189836 -0.24071008494552748 -0.00078489223962055368 0.025622204531571349 -0.10359784984676736 0.059810635704005466
leaf_weight=13235 1021 3427 1157 1692 1730 929 1132 279 2052 5002 698 871 2696 229 3499 1427 115 5733 5923 943 42626 49780 15262 435 2899 99 19665 9947 331 3585
leaf_count=13235 1021 3427 1157 1692 1730 929 1132 279 2052 5002 698 871 2696 229 3499 1427 115 5733 5923 943 42626 49780 15262 435 2899 99 19665 9947 331 3585
internal_value=0.000473392 0.000196326 0.00372746 0.0030414 0.00174003 0.0155097 0.0118038 0.00607317 -0.000263857 0.00107049 0.0052055 0.000711499 -0.00012766 0.00218222 -0.000728674 0.000449427 0.00347665 0.000778966 0.000229866 0.00734289 -0.000456021 0.000124391 0.00182225 0.000647895 -0.00133351 0.0033022 -7.93113e-05 0.00117278 0.000624655 0.00412155
internal_weight=198419 194829 22463 21306 17879 3590 2661 1640 172366 44531 5815 16149 14335 1361 127835 38716 5117 36664 30931 1814 114600 68976 19196 15697 45624 2998 29504 11639 23581 3916
internal_count=198419 194829 22463 21306 17879 3590 2661 1640 172366 44531 5815 16149 14335 1361 127835 38716 5117 36664 30931 1814 114600 68976 19196 15697 45624 2998 29504 11639 23581 3916
is_linear=0
shrinkage=0.06


Tree=56
num_leaves=31
num_cat=0
split_feature=0 14 23 0 23 3 23 4 11 21 11 7 0 0 11 0 2 24 21 16 24 0 10 23 21 21 23 25 24 21
split_gain=209.732 81.4547 50.8102 43.1005 40.0017 36.8236 37.3152 36.4132 35.4091 31.5116 31.441 29.6041 33.1465 26.5219 24.6234 24.5699 21.8431 20.4173 20.2628 21.9717 19.2647 18.9482 18.3741 20.3822 18.7641 16.5657 16.6374 15.8401 15.7438 27.0171
threshold=82.491657257080092 1.0000000180025095e-35 28.859872817993168 15.91614866256714 4.8467845916748056 34.000000000000007 12.037215232849123 72.500000000000014 0.62840861082077037 0.23251585662364962 0.32278057932853704 2.5000000000000004 34.128473281860359 104.55176544189455 0.31268873810768133 1.1113420128822329 1.5000000000000002 15644.583496093752 0.23912741243839267 15.500000000000002 15682.521484375002 53.801986694335945 1.5000000000000002 4.9729187488555917 0.63282191753387462 0.48083676397800451 7.2746057510375985 2.5000000000000004 9281.6254882812518 0.13181316107511523
decision_type=2 2 2 2 2 2 2 2 2 2 2 2 2 2 2 2 2 2 2 2 2 2 2 2 2 2 2 2 2 2
left_child=1 2 3 15 7 21 8 -2 9 17 13 12 -3 -9 25 16 -1 -7 -11 -20 -19 -5 23 -17 28 26 -13 -26 29 -24
right_child=4 11 -4 5 -6 6 -8 10 -10 18 -12 14 -14 -15 -16 22 -18 20 19 -21 -22 -23 24 -25 27 -27 -28 -29 -30 -31
leaf_value=-0.040725383015784405 0.41207865495205337 0.011733280691157616 0.49118448501166678 0.043817007950836789 0.72135569238074793 -0.068030284812306357 0.092487485648205442 -0.0049959574757669142 0.085196881761497922 0.26410113279790759 0.75527070985496281 0.037294671711743492 0.20258163928051387 0.94948197733797712 1.3326684787350978 0.013416619116019638 -0.0117970185548279 0.44237324619701052 0.039793659157007291 -0.019898309017515742 0.00015272550576859168 0.15657347237162611 -0.026233112035913626 0.10443897395603613 -0.022272777839836538 0.5672874695229394 0.75548429224164526 0.038462770451007162 -0.0086057710049248816 0.01074817204980639
leaf_weight=4651 725 2236 541 2220 929 4828 3132 1326 2339 250 334 678 1143 276 329 5227 19553 159 8040 6305 1356 495 5540 1141 1393 344 113 6481 84395 31940
leaf_count=4651 725 2236 541 2220 929 4828 3132 1326 2339 250 334 678 1143 276 329 5227 19553 159 8040 6305 1356 495 5540 1141 1393 344 113 6481 84395 31940
internal_value=0.000454039 0.000189243 -6.63207e-06 -5.90673e-05 0.0148245 0.00206428 0.00138021 0.0110823 0.000552906 -0.000229248 0.00678719 0.00787322 0.00478544 0.00329588 0.015 -0.000444795 -0.00220625 -0.00376005 0.00130524 0.00101011 0.00231683 0.00871823 -0.000131578 0.00301508 -0.000286014 0.0108106 0.00603034 0.00255271 -0.000469415 0.000553895
internal_weight=198419 194829 189986 189445 3590 29124 26409 2661 23277 20938 1936 4843 3379 1602 1464 160321 24204 6343 14595 14345 1515 2715 136117 6368 129749 1135 791 7874 121875 37480
internal_count=198419 194829 189986 189445 3590 29124 26409 2661 23277 20938 1936 4843 3379 1602 1464 160321 24204 6343 14595 14345 1515 2715 136117 6368 129749 1135 791 7874 121875 37480
is_linear=0
shrinkage=0.06


Tree=57
num_leaves=31
num_cat=0
split_feature=0 14 23 23 0 11 6 3 23 11 21 7 11 0 0 1 0 7 2 24 16 0 24 21 4 7 10 23 21 4
split_gain=194.279 72.6489 44.3235 38.9474 37.4567 35.2262 31.9873 30.4514 34.315 34.2607 33.7782 30.0379 30.9029 29.7153 24.1398 21.6857 21.3469 20.9121 19.6087 19.1171 17.9529 17.3538 17.3395 16.7579 16.523 16.2229 15.7214 17.6244 16.3698 15.4315
threshold=82.491657257080092 1.0000000180025095e-35 28.859872817993168 4.8467845916748056 15.91614866256714 0.31760154664516455 14.900000095367433 34.000000000000007 14.729770660400392 0.62840861082077037 0.23251585662364962 1.0000000180025095e-35 0.31268873810768133 96.72674942016603 51.080162048339851 62.000000000000007 1.1113420128822329 3.5000000000000004 1.5000000000000002 15644.583496093752 14.500000000000002 57.770694732666023 15682.521484375002 0.48083676397800451 61.500000000000007 1.5000000000000002 1.5000000000000002 8.1426835060119647 0.63282191753387462 183.50000000000003
decision_type=2 2 2 2 2 2 2 2 2 2 2 2 2 2 2 2 2 2 2 2 2 2 2 2 2 2 2 2 2 2
left_child=1 2 4 5 16 6 13 21 9 10 19 -3 15 -2 -10 -13 18 20 -1 29 23 -6 -21 -17 -4 -14 27 -18 -28 -9
right_child=3 11 24 -5 7 -7 -8 8 14 -11 -12 12 25 -15 -16 17 26 -19 -20 22 -22 -23 -24 -25 -26 -27 28 -29 -30 -31
leaf_value=-0.038281860034837349 0.081921550756569275 -0.046540742109657737 -0.012255427654164137 0.67807435083790268 0.042724146557129 0.63932202626122969 -0.019445496273743857 -0.03424256492286467 0.068130146608438261 0.082710162207774607 0.017831362478378913 0.26342208982812809 0.1446865578398133 0.83483941639565185 0.39529779008882737 0.066729585642525818 0.016998234222445511 0.50197158832820332 -0.011089197441538223 0.41583085142518988 -0.044841281849120521 0.15056374672729048 0.00014356197542246817 0.47029094698329682 0.67745614641946239 0.90458645532869508 -0.0040688431875782168 0.12222579115284526 0.023136387194285735 -0.14246307335464806
leaf_weight=4651 758 565 123 929 2277 507 965 3386 1785 2378 15381 390 366 431 343 874 5652 447 19553 159 1235 438 1356 372 418 594 121875 716 7874 1621
leaf_count=4651 758 565 123 929 2277 507 965 3386 1785 2378 15381 390 366 431 343 874 5652 447 19553 159 1235 438 1356 372 418 594 121875 716 7874 1621
internal_value=0.000425312 0.000170457 -1.45274e-05 0.0142563 -6.35013e-05 0.0105637 0.00721448 0.00191595 0.00129388 0.000653597 -8.90289e-05 0.00742721 0.00914446 0.0138015 0.00859962 0.00640145 -0.000423089 0.00463115 -0.00206495 -0.00370745 0.00247884 0.00796685 0.00219802 0.00756019 0.0171349 0.018625 -0.000131137 0.00277952 -0.000273991 -0.00549431
internal_weight=198419 194829 189986 3590 189445 2661 2154 29124 26409 24281 21903 4843 4278 1189 2128 3318 160321 2928 24204 6522 2481 2715 1515 1246 541 960 136117 6368 129749 5007
internal_count=198419 194829 189986 3590 189445 2661 2154 29124 26409 24281 21903 4843 4278 1189 2128 3318 160321 2928 24204 6522 2481 2715 1515 1246 541 960 136117 6368 129749 5007
is_linear=0
shrinkage=0.06


Tree=58
num_leaves=31
num_cat=0
split_feature=0 14 23 23 0 11 4 7 16 0 11 3 23 4 11 0 0 2 21 0 24 23 4 24 24 10 23 23 25 21
split_gain=187.836 67.9824 40.9129 40.2049 34.6565 34.3394 31.7153 29.1381 29.1229 28.1256 26.0005 26.8174 34.1717 26.1575 24.0336 20.1249 19.3526 18.2004 17.0636 16.8601 15.6733 19.5674 15.5418 14.8989 16.3609 15.8307 14.6166 14.359 14.2134 14.1232
threshold=82.491657257080092 1.0000000180025095e-35 28.859872817993168 4.8467845916748056 15.91614866256714 0.31760154664516455 88.500000000000014 2.5000000000000004 2.5000000000000004 34.128473281860359 0.62840861082077037 34.000000000000007 12.495970249176027 253.50000000000003 0.31268873810768133 104.55176544189455 1.2789404988288882 1.5000000000000002 0.48083676397800451 91.426315307617202 14918.029296875002 9.4319357872009295 90.000000000000014 17921.063476562504 17234.285156250004 1.5000000000000002 2.7925844192504887 8.1426835060119647 11.500000000000002 0.4626720398664475
decision_type=2 2 2 2 2 2 2 2 2 2 2 2 2 2 2 2 2 2 2 2 2 2 2 2 2 2 2 2 2 2
left_child=1 2 4 5 16 6 19 9 -6 -3 11 -10 13 20 18 -8 17 -1 26 -2 29 28 -4 24 25 27 -9 -18 -22 -13
right_child=3 7 22 -5 8 -7 15 14 10 -11 -12 12 -14 -15 -16 -17 23 -19 -20 -21 21 -23 -24 -25 -26 -27 -28 -29 -30 -31
leaf_value=-0.034897431182450492 0.073917314480895585 0.0059348494305523757 0.041751723285392756 0.63738988978762845 -0.069730578907757204 0.60096270468555613 -0.018972876819652526 0.015318603173133737 0.056715378127375787 0.17628148486600564 0.082004982276807567 -0.013640834287252658 0.087439517851530008 -0.095810029708861585 1.19843318269127 0.85306493544395701 0.017140069492216598 -0.0097383424197122984 0.5227022650548182 0.55193367565165974 0.079208199425368872 -0.12685148769618762 0.80968372106454067 -0.10227151406289622 0.025304162760866753 -0.0033333313527989183 0.48305625403105129 0.11750564602083947 -0.057749868673551474 0.033260287801556813
leaf_weight=5035 307 2236 195 929 1790 507 1209 627 2415 1143 2618 8670 2653 2631 329 246 5306 21351 344 392 3914 227 346 367 6498 121090 164 674 423 3783
leaf_count=5035 307 2236 195 929 1790 507 1209 627 2415 1143 2618 8670 2653 2631 329 246 5306 21351 344 392 3914 227 346 367 6498 121090 164 674 423 3783
internal_value=0.000422591 0.000171997 -6.94788e-06 0.0140223 -5.39998e-05 0.0102706 0.00696379 0.00719182 0.00185002 0.00412844 0.00233555 0.00173329 0.00108291 0.00021987 0.0142623 0.00191753 -0.000399885 -0.00188509 0.0101233 0.0174678 0.00108068 0.00408852 0.0164695 -0.000107291 -7.41195e-05 -0.000224286 0.00527181 0.0027893 0.00498732 -2.16815e-05
internal_weight=198419 194829 189986 3590 189445 2661 2154 4843 29124 3379 27334 24716 22301 19648 1464 1455 160321 26386 1135 699 17017 4564 541 133935 133568 127070 791 5980 4337 12453
internal_count=198419 194829 189986 3590 189445 2661 2154 4843 29124 3379 27334 24716 22301 19648 1464 1455 160321 26386 1135 699 17017 4564 541 133935 133568 127070 791 5980 4337 12453
is_linear=0
shrinkage=0.06


Tree=59
num_leaves=31
num_cat=0
split_feature=0 0 23 1 11 11 23 4 3 1 25 21 6 21 19 23 17 0 25 23 6 23 11 24 25 11 25 17 24 23
split_gain=176.384 84.1643 66.4463 45.2897 35.0931 31.3394 36.0284 31.7764 27.8199 26.5995 22.7767 21.6179 25.7072 21.4344 17.4311 15.4309 14.4354 13.9363 21.7624 20.8092 15.4857 20.787 16.5022 22.4586 15.0476 13.8932 13.8113 13.373 17.7274 17.675
threshold=96.72674942016603 34.128473281860359 16.673888206481937 62.000000000000007 0.69292697310447704 0.43672485649585729 13.349164962768556 59.500000000000007 239.50000000000003 184.50000000000003 11.500000000000002 0.28280414640903478 15.550000190734865 0.10603866726160051 22.688861846923832 3.2892084121704106 1.0000000180025095e-35 6.6266789436340341 6.5000000000000009 0.59309911727905285 10.84999990463257 5.4582648277282724 0.3195976614952088 8110.1960449218759 10.500000000000002 0.67763173580169689 11.500000000000002 3.5000000000000004 15289.705566406252 13.007656097412111
decision_type=2 2 2 2 2 2 2 2 2 2 2 2 2 2 10 2 2 2 2 2 2 2 2 2 2 2 2 2 2 2
left_child=1 5 3 -3 8 13 11 -8 26 -2 -6 -7 -13 16 -15 -11 -1 -16 19 -19 -20 22 -22 -24 27 -14 -5 28 -23 -29
right_child=9 2 -4 4 10 6 7 -9 -10 15 -12 12 25 14 17 -17 -18 18 20 -21 21 24 23 -25 -26 -27 -28 29 -30 -31
leaf_value=-0.044015225305555655 0.82017399686241732 0.089566031823801281 0.48153949812108393 0.050216633119241579 0.23733781828973596 -0.005270139547506129 -0.053415091734390852 0.26547508124385311 -0.10911875761820482 0.1083633264727922 -0.084438817145353798 0.0090795512034932812 0.065994650928892326 0.012071011066277464 -0.0086372697833740283 0.7022742059438366 -0.015668919828953617 0.0066053210808691707 0.0057711923824696849 0.048922327851419672 -0.047565953867048615 -0.069158755945876282 -0.13545101914516369 0.15818669956324008 0.11435761673101723 0.13699107430004676 -0.056441743684948018 -0.030700682306336047 0.10054011752469887 0.14190285628823432
leaf_weight=1914 912 2946 766 7181 486 10658 206 864 2119 381 147 6789 3024 27357 66247 137 14122 18626 12397 4961 7762 2095 167 608 1060 1290 811 996 422 968
leaf_count=1914 912 2946 766 7181 486 10658 206 864 2119 381 147 6789 3024 27357 66247 137 14122 18626 12397 4961 7762 2095 167 608 1060 1290 811 996 422 968
internal_value=0.00040233 0.000249912 0.00465689 0.00369467 0.00188757 -9.91054e-05 0.0019802 0.012729 0.00102957 0.0213986 0.0155924 0.00145168 0.00330451 -0.000396363 -0.000164131 0.0105405 -0.00247693 -0.000484657 0.000270864 0.00159622 -0.000909915 -0.00227163 -0.00412909 0.00421935 0.000590146 0.00692629 0.00265015 -0.000930596 -0.00382598 0.00278004
internal_weight=198419 196989 14456 13690 10744 182533 22831 1070 10111 1430 633 21761 11103 159702 143666 518 16036 116309 50062 23587 26475 14078 8537 775 5541 4314 7992 4481 2517 1964
internal_count=198419 196989 14456 13690 10744 182533 22831 1070 10111 1430 633 21761 11103 159702 143666 518 16036 116309 50062 23587 26475 14078 8537 775 5541 4314 7992 4481 2517 1964
is_linear=0
shrinkage=0.06


Tree=60
num_leaves=31
num_cat=0
split_feature=0 0 23 4 11 21 1 19 0 23 4 0 16 0 21 23 23 1 11 11 23 25 23 23 23 11 20 24 17 7
split_gain=171.2 75.9233 51.9838 39.5155 44.3761 32.9685 26.0923 22.7886 22.5499 23.2107 21.2108 20.3922 19.2541 17.3039 16.456 15.8477 14.9071 13.4002 22.4883 19.2284 20.4392 18.276 19.9783 17.7925 16.7985 18.5503 14.0135 13.2731 13.2692 13.0345
threshold=96.72674942016603 21.800677299499515 11.374407768249513 42.000000000000007 0.62840861082077037 0.48083676397800451 184.50000000000003 29.413496017456058 51.080162048339851 15.521236896514894 265.50000000000006 4.2997608184814462 11.500000000000002 65.666522979736342 0.49316413700580602 3.2892084121704106 0.56013277173042308 41.500000000000007 0.32213369011878973 0.32403683662414556 9.0041098594665545 6.5000000000000009 5.4582648277282724 2.1170724630355839 21.212114334106449 0.3454889208078385 3.5000000000000004 15201.062500000002 5.5000000000000009 1.0000000180025095e-35
decision_type=2 2 2 2 2 2 2 10 2 2 2 2 2 2 2 2 2 2 2 2 2 2 2 2 2 2 2 2 2 2
left_child=1 7 3 13 5 10 -2 16 -4 -10 -5 29 -6 -3 -7 -8 -1 24 21 -20 -21 23 -23 -19 25 -13 -25 -24 -14 -9
right_child=6 2 8 4 12 14 15 11 9 -11 -12 17 28 -15 -16 -17 -18 18 19 20 -22 22 27 26 -26 -27 -28 -29 -30 -31
leaf_value=0.002103540032775486 0.77096355705067199 0.049054363111924175 0.083773508101552985 -0.0042291484556236016 0.20291877342293724 0.33957872967785019 0.10186152688442433 -0.023753108376372636 0.062655137427508834 0.48490389616918544 -0.22672584928861397 0.023081344396054818 0.11401174672769457 0.15566068495112459 0.061693712243355209 0.66013775358720639 0.028291613988329398 -0.0034199558739099346 0.41053061789704509 0.0084398978864553692 0.11141491432881881 -0.029860974674015779 -0.0070968429721012605 0.056503405804437738 -0.10961486402022465 -0.014043376981186739 -0.10159859273867898 0.055405759665594086 -0.13265855154670489 -0.0092293895428604243
leaf_weight=25725 912 2205 1599 10719 794 439 381 7691 402 633 1242 9614 713 655 3603 137 13498 22148 262 13423 1308 17251 8801 3308 201 2723 249 1411 159 46213
leaf_count=25725 912 2205 1599 10719 794 439 381 7691 402 633 1242 9614 713 655 3603 137 13498 22148 262 13423 1308 17251 8801 3308 201 2723 249 1411 159 46213
internal_value=0.000377534 0.000227373 0.00345422 0.00243607 0.00137699 0.000406799 0.0210629 -0.000202616 0.0113895 0.0182899 -0.00117632 -0.000573464 0.0106963 0.00897902 0.00509154 0.0103089 0.00107004 3.01119e-05 -0.000301492 0.00175082 0.00146426 -0.000880229 -0.00195645 0.000269597 0.00183283 0.00211316 0.0042086 0.000146886 0.00454128 -0.00147707
internal_weight=198419 196989 23163 20529 17669 16003 1430 173826 2634 1035 11961 134603 1666 2860 4042 518 39223 80699 68161 14993 14731 53168 27463 25705 12538 12337 3557 10212 872 53904
internal_count=198419 196989 23163 20529 17669 16003 1430 173826 2634 1035 11961 134603 1666 2860 4042 518 39223 80699 68161 14993 14731 53168 27463 25705 12538 12337 3557 10212 872 53904
is_linear=0
shrinkage=0.06


Tree=61
num_leaves=31
num_cat=0
split_feature=0 0 23 1 23 11 1 4 21 7 11 3 3 1 10 23 25 21 23 4 23 23 17 11 3 11 20 11 0 20
split_gain=163.211 68.9454 56.9886 36.8299 29.9937 28.4354 24.7899 24.6521 24.6115 26.1081 25.8034 23.7792 18.4613 16.8038 16.526 16.27 16.1552 15.1434 14.4958 14.3079 17.7685 16.6941 15.383 14.0937 13.5997 13.2613 17.7971 13.0605 12.5017 12.1809
threshold=96.72674942016603 34.128473281860359 16.673888206481937 41.500000000000007 24.933436393737797 0.62687611579895031 184.50000000000003 178.50000000000003 0.36101733148097997 1.0000000180025095e-35 0.3195976614952088 239.50000000000003 192.50000000000003 57.500000000000007 1.5000000000000002 3.2892084121704106 11.500000000000002 0.72861218452453624 1.6508769989013674 57.000000000000007 14.302666187286379 14.096325397491457 2.5000000000000004 0.31626549363136297 206.50000000000003 0.69073551893234264 2.5000000000000004 0.3454889208078385 4.1343591213226327 2.5000000000000004
decision_type=2 2 2 2 2 2 2 2 2 2 2 2 2 2 2 2 2 2 2 2 2 2 2 2 2 2 2 2 2 2
left_child=1 4 3 -3 8 11 -2 23 14 28 17 -5 27 -4 18 -8 -7 19 -1 -11 21 -21 -22 -6 -24 26 -14 -12 -10 -13
right_child=6 2 13 5 7 16 15 -9 9 10 12 29 25 -15 -16 -17 -18 -19 -20 20 22 -23 24 -25 -26 -27 -28 -29 -30 -31
leaf_value=0.0058730067443855559 0.72470574362763129 0.092361270292246112 0.047201140692916678 0.033389222687797329 -0.020235469228568961 0.1734410860776211 0.095749835271359135 0.80732899840723993 -0.039571715180788114 0.021749405364147989 0.14358843233865276 -0.020783611357844477 0.12997328393021887 0.58784055902397336 -0.007694321075921255 0.62052948837197386 -0.089600552044548462 0.043034446198075463 0.080398961677644321 -0.0020165980956493444 -0.016056715720490437 -0.26957103548992112 0.061830254302710087 0.38647008891912138 0.30994315909550763 0.18118204318614609 -0.0088604502603016402 0.014954688056559426 -0.0076157441916846298 -0.2263947255911023
leaf_weight=3569 912 2130 189 8510 410 818 381 319 2411 5930 357 1340 1837 577 106826 137 162 2981 1382 40502 699 143 880 106 489 638 1090 6208 5756 730
leaf_count=3569 912 2130 189 8510 410 818 381 319 2411 5930 357 1340 1837 577 106826 137 162 2981 1382 40502 699 143 880 106 489 638 1090 6208 5756 730
internal_value=0.000362415 0.000215799 0.00420448 0.00331337 -0.000100091 0.00197751 0.0205594 0.0112455 -0.000152231 0.000730682 0.00115231 0.00107183 0.00392103 0.0201305 -0.000704528 0.0100772 0.0117551 0.000609019 0.00268431 0.000354625 -2.87969e-05 -0.000304835 0.00539652 0.00313953 0.00909423 0.00739691 0.00568842 0.00203351 -0.00245745 -0.00469565
internal_weight=198419 196989 14456 13690 182533 11560 1430 835 181698 69921 61754 10580 10130 766 111777 518 980 51624 4951 48643 42713 40645 2068 516 1369 3565 2927 6565 8167 2070
internal_count=198419 196989 14456 13690 182533 11560 1430 835 181698 69921 61754 10580 10130 766 111777 518 980 51624 4951 48643 42713 40645 2068 516 1369 3565 2927 6565 8167 2070
is_linear=0
shrinkage=0.06


Tree=62
num_leaves=31
num_cat=0
split_feature=0 14 23 7 23 1 11 11 11 0 7 21 24 23 3 21 0 17 7 4 0 21 16 25 10 21 4 23 21 5
split_gain=148.148 55.7289 39.7685 34.625 32.7417 32.3163 28.2355 26.6499 25.2563 28.3586 20.6143 22.0215 25.8533 22.2841 29.1903 20.4483 19.9964 19.8496 18.887 18.1854 17.2104 17.1001 20.678 16.5806 16.1422 15.9313 15.7067 14.5115 14.1984 13.8851
threshold=82.491657257080092 1.0000000180025095e-35 7.5184257030487069 1.0000000180025095e-35 28.859872817993168 72.500000000000014 0.31626549363136297 0.32278057932853704 1.0000000180025095e-35 57.770694732666023 1.0000000180025095e-35 0.42508035898208624 12248.351562500002 12.037215232849123 237.00000000000003 0.069169893860816969 41.712530136108406 1.5000000000000002 3.5000000000000004 42.000000000000007 11.563252449035646 0.32479393482208258 8.5000000000000018 11.500000000000002 1.5000000000000002 0.74832612276077282 90.000000000000014 5.4582648277282724 0.043905356898903854 6.5000000000000009
decision_type=2 2 2 2 2 2 2 2 2 2 2 2 2 2 2 2 2 2 2 2 2 2 2 2 2 2 2 2 2 2
left_child=1 4 5 -3 8 -2 16 21 15 10 20 13 -13 24 -15 28 18 -11 19 -5 27 23 -23 -7 -12 -17 -6 -10 -1 -14
right_child=2 3 -4 6 26 7 -8 -9 9 17 11 12 29 14 -16 25 -18 -19 -20 -21 -22 22 -24 -25 -26 -27 -28 -29 -30 -31
leaf_value=-0.0017386191058566158 0.3121769780774642 -0.055371896995929398 0.51248314034683828 0.26097480824186414 0.016470641876180778 0.011301483005725003 0.45242677394431191 0.544248256669007 -0.026966726051930578 -0.024913638570933046 0.069753884931272395 0.010383223137864234 0.050766583395066914 0.033900505470259433 0.33840872821465218 -0.0032677607389944852 0.36890489126120896 0.19320804161968369 0.49701481754324389 0.025949491424417343 0.010530756100132663 -0.23810635763398791 0.4252742237434522 -0.2428200757842171 -0.0033741238984689656 0.039822172514452935 0.70993784491421341 -0.17723949500776812 -0.042525611275466453 0.1648949176240822
leaf_weight=2855 687 565 679 168 195 1043 798 346 2511 327 1145 5261 2701 1463 446 138647 429 906 442 2441 1965 134 606 95 22023 2463 346 229 4570 1933
leaf_count=2855 687 565 679 168 195 1043 798 346 2511 327 1145 5261 2701 1463 446 138647 429 906 442 2441 1965 134 606 95 22023 2463 346 229 4570 1933
internal_value=0.000340038 0.000117488 0.0124178 0.00647326 -4.45296e-05 0.00936791 0.00831697 0.00585432 -8.66214e-05 0.00123344 0.000954961 0.00145659 0.00385346 0.000510827 0.00674175 -0.000450197 0.00598276 0.0101946 0.00427729 0.00233423 -0.00277365 0.00303514 0.0101351 -0.00158172 -2.58978e-06 -0.000288711 0.014695 -0.00584672 -0.00351919 0.00712128
internal_weight=198419 194829 3590 4843 189986 2911 4278 2224 189445 40910 39677 34972 9895 25077 1909 148535 3480 1233 3051 2609 4705 1878 740 1138 23168 141110 541 2740 7425 4634
internal_count=198419 194829 3590 4843 189986 2911 4278 2224 189445 40910 39677 34972 9895 25077 1909 148535 3480 1233 3051 2609 4705 1878 740 1138 23168 141110 541 2740 7425 4634
is_linear=0
shrinkage=0.06


Tree=63
num_leaves=31
num_cat=0
split_feature=0 0 23 1 0 11 1 21 25 16 19 20 0 3 5 23 25 23 4 11 0 21 23 14 1 11 23 23 25 23
split_gain=142.243 55.6152 43.5221 33.2564 33.2441 31.947 21.8364 21.0916 21.0282 19.9597 19.6197 15.7963 15.4679 15.0354 14.8186 14.4457 13.7729 13.4371 13.4366 13.2026 13.1551 12.948 12.8842 12.8487 12.3836 18.9012 17.1122 17.0478 15.5902 16.1385
threshold=96.72674942016603 21.312211990356449 15.521236896514894 41.500000000000007 51.080162048339851 0.62840861082077037 166.50000000000003 0.41560378670692449 11.500000000000002 11.500000000000002 29.413496017456058 2.5000000000000004 4.2997608184814462 49.000000000000007 7.5000000000000009 3.2892084121704106 3.5000000000000004 0.56013277173042308 253.50000000000003 0.70235082507133495 53.801986694335945 0.44214522838592535 24.933436393737797 1.0000000180025095e-35 41.500000000000007 0.50761097669601452 15.521236896514894 9.0041098594665545 6.5000000000000009 5.4582648277282724
decision_type=2 2 2 2 2 2 2 2 2 2 10 2 2 2 2 2 2 2 2 2 2 2 2 2 2 2 2 2 2 2
left_child=1 10 3 13 22 7 -2 8 18 -7 17 14 -12 20 -9 -8 -13 19 -5 -1 -3 -18 -4 -23 26 28 -14 -27 -26 -30
right_child=6 2 4 5 -6 9 15 11 -10 -11 12 16 24 -15 -16 -17 21 -19 -20 -21 -22 23 -24 -25 25 27 -28 -29 29 -31
leaf_value=-0.00037441630157471813 0.67375344391926506 0.051701748887916281 0.021123002160219426 0.0078191625193009887 0.41361184371432269 0.16448595139149524 0.12137236158567119 0.035730416335379898 -0.13099522819421835 0.031999632505764521 -0.010779155422066608 -0.080738286728248315 0.014991149058668083 -0.0024665617529594642 0.20977528938940224 0.55477837299611366 0.21334501986103907 0.026537523263983009 -0.12701800355816112 0.07818312017972659 0.13656010813083355 -0.027439466965526706 0.31620627609767776 0.28736682114569767 0.0030160749122293672 0.014406298291736057 -0.065773110844408428 0.14655981607667518 -0.026115676640462319 0.0028562829365743878
leaf_weight=24886 852 1885 889 8458 633 860 426 2471 1251 842 53904 763 11950 669 1339 152 163 13426 1279 737 882 946 325 242 28703 7986 480 784 19603 10633
leaf_count=24886 852 1885 889 8458 633 860 426 2471 1251 842 53904 763 11950 669 1339 152 163 13426 1279 737 882 946 325 242 28703 7986 480 784 19603 10633
internal_value=0.000319778 0.000182904 0.00289618 0.0021551 0.0117434 0.00115397 0.0191748 0.000365421 -0.00119039 0.00898942 -0.00019169 0.00325118 -0.00053647 0.00757858 0.00555906 0.010173 -0.000908231 0.000991831 -0.000249564 0.000186161 0.00953018 0.00273131 0.00593081 0.000555556 -7.86134e-06 -0.000327431 0.0017329 0.00227138 -0.000714128 -0.0016649
internal_weight=198419 196989 23897 22050 1847 18614 1430 16912 10988 1702 173092 5924 134043 3436 3810 578 2114 39049 9737 25623 2767 1351 1214 1188 80139 67709 12430 8770 58939 30236
internal_count=198419 196989 23897 22050 1847 18614 1430 16912 10988 1702 173092 5924 134043 3436 3810 578 2114 39049 9737 25623 2767 1351 1214 1188 80139 67709 12430 8770 58939 30236
is_linear=0
shrinkage=0.06


Tree=64
num_leaves=31
num_cat=0
split_feature=0 0 23 4 11 21 1 4 11 16 19 23 0 23 0 0 21 5 23 17 19 24 21 2 0 23 25 24 21 21
split_gain=133.007 49.3169 38.3311 31.5934 32.3624 24.6725 20.5787 19.7555 18.156 18.0012 17.3159 16.5247 14.2496 17.3982 13.8967 13.6903 13.684 13.2578 12.717 12.6401 12.354 11.938 11.6115 11.2379 11.0781 10.8578 10.8012 10.6615 14.3026 10.0334
threshold=96.72674942016603 21.312211990356449 11.374407768249513 42.000000000000007 0.62840861082077037 0.48083676397800451 106.50000000000001 265.50000000000006 0.21494740992784503 11.500000000000002 29.413496017456058 3.2892084121704106 51.080162048339851 15.521236896514894 65.666522979736342 4.2997608184814462 0.49316413700580602 5.5000000000000009 24.933436393737797 5.5000000000000009 69.400745391845717 8678.9863281250018 0.47080598771572119 1.5000000000000002 65.666522979736342 11.342735767364504 5.5000000000000009 8538.0209960937518 0.54243248701095592 0.10105558112263681
decision_type=2 2 2 2 2 2 2 2 2 2 10 2 2 2 2 2 2 2 2 2 10 2 2 2 2 2 2 2 2 2
left_child=1 10 3 14 5 7 -2 25 11 -6 18 26 17 24 -3 23 -7 -4 22 -11 -17 27 -1 -12 -14 -5 -8 28 -18 -22
right_child=6 2 12 4 9 16 8 -9 -10 19 15 -13 13 -15 -16 20 21 -19 -20 -21 29 -23 -24 -25 -26 -27 -28 -29 -30 -31
leaf_value=0.0023792497232437348 0.67782143532864036 0.039049557271804966 0.029008814239894817 -0.0019893784718890829 0.15875362665789083 0.30481020081688653 0.228785529137468 -0.20422047986625053 0.98007717765004032 0.094484537915435138 -0.019453117343798246 0.43744522062057284 0.15606978492445506 0.38879513309146346 0.1286213636622503 -0.0093896513834268881 -0.11750705696300535 0.3401525887288086 0.36893146239562319 -0.13097828540316916 -0.022328713291040889 0.079583691828207667 0.031236271389686505 -0.0068846463407558778 -0.0041735083946204555 -0.17225230122714974 -0.099079833153371336 -0.45128923784663427 0.08772472545021974 0.007528104392626407
leaf_weight=30232 565 2296 1269 10934 825 439 258 1300 191 732 10454 187 117 633 655 30654 381 411 253 169 4008 2719 8564 43450 285 122 229 82 528 45477
leaf_count=30232 565 2296 1269 10934 825 439 258 1300 191 732 10454 187 117 633 655 30654 381 411 253 169 4008 2719 8564 43450 285 122 229 82 528 45477
internal_value=0.000312823 0.000180467 0.00273549 0.00187518 0.000942899 0.000125417 0.0185455 -0.00121884 0.0127283 0.00876014 -0.000172278 0.00810089 0.00944751 0.0149855 0.0076347 -0.000496184 0.00412871 0.00603571 0.000939589 0.00289678 1.12305e-06 0.0029434 0.00085215 -0.00123553 0.00522388 -0.000396165 0.00227926 -0.00269425 -0.000825083 0.000587451
internal_weight=198419 196989 23897 21182 18231 16505 1430 12356 865 1726 173092 674 2715 1035 2951 134043 4149 1680 39049 901 80139 3710 38796 53904 402 11056 487 991 909 49485
internal_count=198419 196989 23897 21182 18231 16505 1430 12356 865 1726 173092 674 2715 1035 2951 134043 4149 1680 39049 901 80139 3710 38796 53904 402 11056 487 991 909 49485
is_linear=0
shrinkage=0.06


Tree=65
num_leaves=31
num_cat=0
split_feature=0 14 0 23 7 1 23 11 11 21 21 1 4 7 23 11 11 3 0 7 0 23 10 21 20 3 23 17 4 17
split_gain=120.077 47.2888 33.9268 39.4107 31.6347 27.9484 25.3693 24.2466 20.4739 20.4557 19.7231 19.2455 18.4032 17.0507 18.6718 16.9876 16.3036 18.0598 15.966 15.4788 14.7485 14.2677 14.1008 13.19 16.1082 13.0703 12.865 12.7467 12.5051 13.8529
threshold=96.72674942016603 1.0000000180025095e-35 65.666522979736342 17.144623756408695 1.0000000180025095e-35 67.000000000000014 28.859872817993168 0.31268873810768133 0.24962412565946582 0.48083676397800451 0.36101733148097997 161.00000000000003 90.000000000000014 1.0000000180025095e-35 0.52593147754669201 0.21494740992784503 0.43968297541141516 226.50000000000003 39.752513885498054 2.5000000000000004 34.128473281860359 3.2892084121704106 1.5000000000000002 0.21874103695154193 3.5000000000000004 69.500000000000014 1.6508769989013674 1.0000000180025095e-35 57.000000000000007 3.5000000000000004
decision_type=2 2 2 2 2 2 2 2 2 2 2 2 2 2 2 2 2 2 2 2 2 2 2 2 2 2 2 2 2 2
left_child=1 2 6 5 -3 -4 10 9 23 18 22 -2 -8 -12 28 21 20 -18 25 -9 -16 -13 26 -7 -25 -6 -1 -10 -15 -30
right_child=11 4 3 -5 7 8 12 19 27 -11 13 15 -14 14 16 -17 17 -19 -20 -21 -22 -23 -24 24 -26 -27 -28 -29 29 -31
leaf_value=0.004742981391589911 0.601976781260955 -0.055622066727788883 0.09153273615557736 0.52468297673112996 0.13865683161473172 -0.094231914529367411 -0.021071631581017554 0.21119191939844228 -0.15947891867769073 0.29283577743638578 -0.012978041880933263 -0.011065079009789258 0.64468217604032885 0.021734183806335849 0.013976726304397696 0.91919680395107517 0.046770146529399308 0.21681244541644748 0.33207992602460179 1.096438618608639 0.1227240527258958 0.42037980720534107 -0.0068728680650964862 0.053849335159302139 -0.12118323655904334 -0.02402262799535684 0.067857547076943234 0.19625413259703933 0.0081743447139100492 -0.015959760022287713
leaf_weight=3620 806 570 1137 311 337 962 189 637 111 1010 8488 375 343 5258 16736 120 2055 700 294 329 736 129 109319 1883 435 1684 1463 806 21583 15993
leaf_count=3620 806 570 1137 311 337 962 189 637 111 1010 8488 375 343 5258 16736 120 2055 700 294 329 736 129 109319 1883 435 1684 1463 806 21583 15993
internal_value=0.000298611 0.000172852 2.49833e-05 0.00460762 0.00601728 0.00339708 -0.000113737 0.0077814 0.00113653 0.00535038 -0.000151169 0.0176224 0.0129699 0.000630197 0.000970013 0.00971154 0.00247244 0.00676225 0.0022419 0.0161491 0.00179602 0.00488095 -0.000639849 -0.00107927 0.00137187 0.000341415 0.00244934 0.00906216 0.000260541 -0.000122951
internal_weight=198419 196989 192128 5645 4861 5334 186483 4291 4197 3325 185951 1430 532 71549 63061 624 20227 2755 2315 966 17472 504 114402 3280 2318 2021 5083 917 42834 37576
internal_count=198419 196989 192128 5645 4861 5334 186483 4291 4197 3325 185951 1430 532 71549 63061 624 20227 2755 2315 966 17472 504 114402 3280 2318 2021 5083 917 42834 37576
is_linear=0
shrinkage=0.06


Tree=66
num_leaves=31
num_cat=0
split_feature=0 14 0 23 7 1 7 0 23 11 1 1 21 11 23 0 11 7 25 11 11 1 11 1 25 21 23 21 21 21
split_gain=113.886 43.2768 30.8905 35.776 29.9326 23.9129 22.4082 23.7981 21.9343 18.8215 19.4117 18.4406 18.4307 18.3935 17.4629 14.9277 20.7352 14.7174 13.8231 20.2453 19.1515 15.271 13.2132 15.7413 12.2833 20.8728 13.648 12.1233 22.157 14.4045
threshold=96.72674942016603 1.0000000180025095e-35 69.17972564697267 17.144623756408695 3.5000000000000004 67.000000000000014 1.0000000180025095e-35 41.712530136108406 28.859872817993168 0.21494740992784503 108.50000000000001 142.50000000000003 0.36101733148097997 0.24962412565946582 3.2892084121704106 21.312211990356449 0.66876187920570385 1.0000000180025095e-35 11.500000000000002 0.32278057932853704 0.33720590174198156 257.50000000000006 0.31626549363136297 62.000000000000007 4.5000000000000009 0.37659685313701635 0.67645156383514415 0.61090537905693065 0.59569388628005993 0.61766910552978527
decision_type=2 2 2 2 2 2 2 2 2 2 2 2 2 2 2 2 2 2 2 2 2 2 2 2 2 2 2 2 2 2
left_child=1 2 8 5 6 -4 -3 22 12 10 -2 -10 -1 -7 -12 17 -17 -14 19 24 -21 -22 23 -8 25 -19 -27 28 -26 -29
right_child=9 4 3 -5 -6 13 7 -9 11 -11 14 -13 15 -15 -16 16 -18 18 -20 20 21 -23 -24 -25 27 26 -28 29 -30 -31
leaf_value=-0.0052472435615761089 0.45696491458844818 -0.05228474272412164 0.094514790214938388 0.49320199812726229 0.69751962577410964 -0.013520455588823097 0.18579021079454933 0.35605813139107084 0.0042337365154430269 0.91040934666818851 0.024914942963856958 0.74123394281803112 -0.015368192346643026 0.17783954180386927 0.38056168185895839 0.028656538017411675 0.15845341360064949 -0.0770244855865201 -0.023181029997519358 0.4018944918553537 0.02151311343244057 0.10848071855881462 0.23498700046625876 0.0036402081237524439 0.0093577892803286024 -0.0083767349694976179 0.0542591662316892 0.2155420973131153 -0.072573087941923353 0.033539283394563871
leaf_weight=114795 380 570 978 311 581 2883 311 605 256 381 484 276 7526 776 185 6704 429 736 4959 249 6087 1580 496 2298 23840 13995 1011 304 631 3802
leaf_count=114795 380 570 978 311 581 2883 311 605 256 381 484 276 7526 776 185 6704 429 736 4959 249 6087 1580 496 2298 23840 13995 1011 304 631 3802
internal_value=0.000289539 0.000167065 2.56079e-05 0.00470493 0.00575807 0.00338365 0.00402336 0.00572507 -9.80874e-05 0.0171608 0.0130124 0.0120677 -0.000132763 0.00115605 0.00686099 0.000620851 0.00322585 0.000333745 0.000661958 0.000949363 0.00374432 0.00321247 0.00360386 0.00189728 0.000450146 -0.000895693 -0.000411835 0.00119152 0.000685301 0.00420848
internal_weight=198419 196989 192128 4948 4861 4637 4280 3710 187180 1430 1049 532 186648 3659 669 71853 7133 64720 57194 52235 7916 7667 3105 2609 44319 15742 15006 28577 24471 4106
internal_count=198419 196989 192128 4948 4861 4637 4280 3710 187180 1430 1049 532 186648 3659 669 71853 7133 64720 57194 52235 7916 7667 3105 2609 44319 15742 15006 28577 24471 4106
is_linear=0
shrinkage=0.06


Tree=67
num_leaves=31
num_cat=0
split_feature=0 14 0 23 7 1 23 0 11 11 4 4 7 1 21 24 21 11 21 11 23 23 3 23 0 11 17 21 3 24
split_gain=105.164 37.4878 28.5079 33.6659 28.2947 22.2937 20.3132 20.2896 20.2437 19.4827 18.1036 17.8318 17.7869 20.9217 16.7059 16.195 25.9835 26.5232 16.061 15.9963 15.9345 15.4983 22.0999 20.7005 15.0089 14.9441 12.6816 12.5007 12.2192 11.6588
threshold=96.72674942016603 1.0000000180025095e-35 69.17972564697267 17.144623756408695 2.5000000000000004 67.000000000000014 28.859872817993168 57.770694732666023 0.31268873810768133 0.21494740992784503 206.50000000000003 113.00000000000001 1.0000000180025095e-35 125.50000000000001 0.19260819256305697 16952.113281250004 0.086868789047002806 0.55249637365341198 0.48083676397800451 0.24962412565946582 7.2746057510375985 2.0322954654693608 255.00000000000003 13.091711521148683 10.776923656463625 0.47201801836490637 4.5000000000000009 0.81262066960334789 17.500000000000004 9248.4008789062518
decision_type=2 2 2 2 2 2 2 2 2 2 2 2 2 2 2 2 2 2 2 2 2 2 2 2 2 2 2 2 2 2
left_child=1 2 6 5 7 -4 14 12 18 10 -2 -8 -3 24 15 -1 17 -17 20 -7 -6 27 28 25 -14 -24 -25 -16 -23 -21
right_child=9 4 3 -5 8 19 11 -9 -10 -11 -12 -13 13 -15 21 16 -18 -19 -20 29 -22 22 23 26 -26 -27 -28 -29 -30 -31
leaf_value=-0.01304837278222796 0.36071625035125787 -0.067518585761605465 0.088843902802041727 0.46360987823962657 0.0048249790977487449 -0.012709228253494017 -0.0011272077096425547 0.35863662690934206 0.99500353280783194 0.85578478586809725 -0.0067819354515447116 0.6763740153507658 -0.097213526973488049 -0.061622799471535074 -0.0019593971266532594 -0.059990858284321893 0.056441160836552019 0.27960581033333254 0.44290258389082338 0.64846460809341722 0.61723590341802048 -0.029000974471273876 0.019734603694495617 0.10862367735416832 0.16744418551368964 0.20370825979831664 0.36395848963208216 0.081171933304113458 0.0089264346395341934 0.074771877337877296
leaf_weight=43410 746 500 978 311 678 2883 240 263 329 381 303 292 261 1143 102403 1004 2695 171 344 256 113 1322 3769 666 1230 519 484 696 29509 520
leaf_count=43410 746 500 978 311 678 2883 240 263 329 381 303 292 261 1143 102403 1004 2695 171 344 256 113 1322 3769 666 1230 519 484 696 29509 520
internal_value=0.000277141 0.000159451 2.7794e-05 0.00452304 0.00536309 0.00324132 -9.10354e-05 0.00235796 0.0123361 0.0164895 0.0122688 0.0116165 0.00101468 0.00298405 -0.000124405 -0.00109898 0.00262016 -0.00482553 0.00853744 0.00109046 0.00383059 0.000206217 0.00127299 0.00479956 0.007666 0.00288246 0.0119478 -0.000169061 0.000650968 0.00873711
internal_weight=198419 196989 192128 4948 4861 4637 187180 3397 1464 1430 1049 532 3134 2634 186648 47280 3870 1175 1135 3659 791 139368 36269 5438 1491 4288 1150 103099 30831 776
internal_count=198419 196989 192128 4948 4861 4637 187180 3397 1464 1430 1049 532 3134 2634 186648 47280 3870 1175 1135 3659 791 139368 36269 5438 1491 4288 1150 103099 30831 776
is_linear=0
shrinkage=0.06


Tree=68
num_leaves=31
num_cat=0
split_feature=0 0 23 4 1 11 11 4 11 23 3 23 3 21 21 3 11 21 14 3 25 11 24 24 0 20 25 17 21 6
split_gain=95.7403 34.8379 36.558 27.4328 21.1351 19.9052 19.648 16.7583 16.3625 25.9652 34.2018 16.1554 15.477 14.8711 20.092 14.027 16.3752 14.7172 13.8378 12.6276 12.5382 14.1554 11.395 12.6563 11.1191 11.0019 10.9528 15.8962 10.9218 12.8189
threshold=96.72674942016603 34.128473281860359 16.673888206481937 205.00000000000003 93.500000000000014 0.21494740992784503 0.73034450411796581 75.000000000000014 0.43672485649585729 9.608006954193117 175.00000000000003 3.2892084121704106 34.000000000000007 0.069169893860816969 0.043905356898903854 242.50000000000003 0.68628680706024181 0.32479393482208258 1.0000000180025095e-35 44.000000000000007 11.500000000000002 0.69292697310447704 17921.063476562504 17307.462890625004 57.770694732666023 2.5000000000000004 4.5000000000000009 1.5000000000000002 0.72861218452453624 17.300000190734867
decision_type=2 2 2 2 2 2 2 2 2 2 2 2 2 2 2 2 2 2 2 2 2 2 2 2 2 2 2 2 2 2
left_child=1 8 3 12 24 7 18 -2 13 15 19 -9 -3 14 -1 -10 17 -17 25 -11 21 -14 23 28 -4 -5 27 -25 -15 -30
right_child=5 2 4 6 -6 -7 -8 11 9 10 -12 -13 20 22 -16 16 -18 -19 -20 -21 -22 -23 -24 26 -26 -27 -28 -29 29 -31
leaf_value=0.0098625625668401183 0.45497756632592484 0.073325653362885962 -0.02694978825863039 -0.033356211889161928 0.55615373688640335 0.80443769871601145 0.31306947024888626 0.033474544229228083 0.0013332630824220003 -0.06274314807465807 0.29749141534111068 0.32202763729978529 0.036995169539897288 -0.0028968297781665387 -0.038734076109586693 -0.035457616513361177 0.14623211170949418 0.10701125306341655 0.32463658336467999 0.045126132618575877 -0.037851793394025605 0.12842601058053979 -0.071963128595283213 0.11369222484074995 0.21784623633219369 -0.17574332448274638 0.0076133486774632823 0.0079595053139632291 0.0036386604807053134 0.071406880922562851
leaf_weight=2957 297 1260 190 1778 426 381 123 536 17296 243 683 216 7949 141938 4511 1478 1133 1149 111 849 1002 444 485 808 150 1023 4668 961 2218 1156
leaf_count=2957 297 1260 190 1778 426 381 123 536 17296 243 683 216 7949 141938 4511 1478 1133 1149 111 849 1002 444 485 808 150 1023 4668 961 2218 1156
internal_value=0.000265348 0.000153054 0.00298838 0.00227465 0.0157441 0.0157343 -0.00275783 0.0114681 -7.14939e-05 0.00143095 0.0084 0.00670213 0.00370812 -0.000286283 -0.00290037 0.000843465 0.00416489 0.00156452 -0.00375 0.00181319 0.00287068 0.00362802 -0.000158046 -0.000128699 0.00458824 -0.00457337 0.00247476 0.0064952 -0.000244027 0.00312982
internal_weight=198419 196989 14456 13690 766 1430 3035 1049 182533 22831 1775 752 10655 159702 7468 21056 3760 2627 2912 1092 9395 8393 152234 151749 340 2801 6437 1769 145312 3374
internal_count=198419 196989 14456 13690 766 1430 3035 1049 182533 22831 1775 752 10655 159702 7468 21056 3760 2627 2912 1092 9395 8393 152234 151749 340 2801 6437 1769 145312 3374
is_linear=0
shrinkage=0.06


Tree=69
num_leaves=31
num_cat=0
split_feature=0 0 23 1 23 4 11 14 7 7 14 21 11 20 7 17 23 21 21 21 17 21 21 23 25 25 5 19 21 24
split_gain=91.8951 40.8113 51.1784 27.2441 24.0936 25.0157 20.8051 19.1506 28.9009 17.8942 16.3225 14.8567 13.126 21.0232 19.5882 18.0584 19.5365 18.6711 12.7863 13.155 13.6622 12.7762 16.7634 12.4559 12.2879 16.9532 12.105 11.9195 14.0089 11.7673
threshold=104.55176544189455 57.770694732666023 17.144623756408695 69.500000000000014 24.933436393737797 155.50000000000003 0.31268873810768133 1.0000000180025095e-35 3.5000000000000004 1.0000000180025095e-35 1.0000000180025095e-35 0.19260819256305697 0.23054748773574832 2.5000000000000004 1.5000000000000002 2.5000000000000004 8.489507198333742 0.4582433700561524 0.21333827078342441 0.26112917065620428 5.5000000000000009 0.54243248701095592 0.56469395756721508 5.315803289413453 9.5000000000000018 2.5000000000000004 7.5000000000000009 71.675411224365249 0.74504846334457409 17307.462890625004
decision_type=2 2 2 2 2 2 2 2 2 2 2 2 2 2 2 2 2 2 2 2 2 2 2 2 2 2 2 8 2 2
left_child=1 4 3 -3 7 -6 10 11 9 -9 18 29 27 14 -14 16 17 24 -5 20 -20 -21 -23 -17 25 -16 -2 -13 -29 -1
right_child=26 2 -4 6 5 -7 -8 8 -10 -11 -12 12 13 -15 15 23 -18 -19 19 21 -22 22 -24 -25 -26 -27 -28 28 -30 -31
leaf_value=-0.012000897577766902 0.68119327710224353 0.08210521136783086 0.43832376478165913 -0.078341958700728465 0.02218369188659796 0.62375895408757676 0.15612447244287919 -0.064637386881183118 0.61455356758123003 0.067063876144888568 0.43063034344346063 -0.0088288744816177583 0.0030597797515536482 -0.0084949374488292942 0.12065013888418398 0.0089593706142576494 0.32340323956399736 0.17101022249910489 0.049199837075374543 -0.043947110921134465 0.77897945575199956 0.42827372592436003 -0.0079552949588726565 0.12684455343172557 0.15219937496984365 -0.02994749623092291 0.32772554095914302 0.0016828590840709623 0.04655840063049814 0.028705797812233733
leaf_weight=44064 520 1845 491 1224 588 414 1073 492 545 3398 144 38000 8133 10401 566 4476 381 1149 441 1908 135 207 464 1143 553 1395 190 69669 1901 2509
leaf_count=44064 520 1845 491 1224 588 414 1073 492 545 3398 144 38000 8133 10401 566 4476 381 1149 441 1908 135 207 464 1143 553 1395 190 69669 1901 2509
internal_value=0.000255671 0.000178292 0.00439486 0.00315683 2.05504e-06 0.00928144 0.00107219 -4.7199e-05 0.00384893 0.00203599 -0.000709706 -0.000140935 0.000172247 0.00132674 0.00257923 0.00440546 0.00746291 0.00611794 -0.00136332 0.000656101 0.00885417 -0.00117487 0.00594635 0.00220502 0.00322196 0.000994391 0.0218028 -0.000124852 0.000331144 -0.00106736
internal_weight=198419 197709 7932 7441 189777 1002 5596 188775 4435 3890 4523 184340 137767 28197 17796 9663 4044 3663 4379 3155 576 2579 671 5619 2514 1961 710 109570 71570 46573
internal_count=198419 197709 7932 7441 189777 1002 5596 188775 4435 3890 4523 184340 137767 28197 17796 9663 4044 3663 4379 3155 576 2579 671 5619 2514 1961 710 109570 71570 46573
is_linear=0
shrinkage=0.06


Tree=70
num_leaves=31
num_cat=0
split_feature=0 0 23 3 14 7 11 11 23 3 4 21 7 1 7 0 23 21 0 6 24 25 23 21 24 3 23 11 23 7
split_gain=86.9914 38.2015 46.7902 26.0186 21.5909 29.5687 21.4633 19.5558 16.8408 16.6595 16.324 15.5216 14.0578 18.2068 15.0821 14.3271 13.0895 12.9746 12.9589 12.7352 13.163 11.622 11.5497 14.2389 11.8437 11.7756 20.7689 13.224 12.4158 11.5105
threshold=104.55176544189455 57.770694732666023 15.521236896514894 34.000000000000007 1.0000000180025095e-35 2.5000000000000004 0.31268873810768133 0.31268873810768133 28.859872817993168 211.00000000000003 168.00000000000003 0.48083676397800451 1.0000000180025095e-35 125.50000000000001 1.5000000000000002 9.9253177642822283 7.2746057510375985 0.19260819256305697 20.203450202941898 11.84999990463257 16044.857421875002 1.5000000000000002 0.52593147754669201 0.2010445445775986 17921.063476562504 266.50000000000006 13.349164962768556 0.56995591521263134 0.83848387002944957 1.5000000000000002
decision_type=2 2 2 2 2 2 2 2 2 2 2 2 2 2 2 2 2 2 2 2 2 2 2 2 2 2 2 2 2 2
left_child=1 4 3 -3 8 12 9 11 17 -5 18 16 -6 14 15 -14 -7 -1 -10 -2 -21 -11 24 -24 -19 28 27 -27 -25 -15
right_child=19 2 -4 6 5 7 -8 -9 10 21 -12 -13 13 29 -16 -17 -18 22 -20 20 -22 -23 23 25 -26 26 -28 -29 -30 -31
leaf_value=-0.0092865953853071264 0.65090578045458303 0.10413449892955071 0.29544840509890891 0.024652303657210124 -0.062181301351781001 -0.0084270472618760903 0.13662091099034626 0.89966956596769199 -0.084878877211391701 -0.36850015149613824 0.94422281432674326 0.4349041214994494 -0.15715442932179238 -0.27195804079618496 0.39138429208013065 0.10740468209784346 0.56424097235191484 -0.0015561460984777709 0.1839795188329795 0.70853000571679525 -0.04787333408996005 -0.060912042013442545 0.10887352668678638 0.049161145170652537 -0.076360921812116969 0.008666912953572704 0.2311837068216461 0.22361383447529931 0.0018886656843850602 0.00096315574821474563
leaf_weight=46740 372 641 615 3897 500 678 1286 327 180 232 198 307 208 259 243 1040 112 91774 141 233 105 1261 549 2199 376 4273 867 463 37459 884
leaf_count=46740 372 641 615 3897 500 678 1286 327 180 232 198 307 208 259 243 1040 112 91774 141 233 105 1261 549 2199 376 4273 867 463 37459 884
internal_value=0.000246902 0.000171616 0.00425113 0.00291513 1.10656e-06 0.00408074 0.00180647 0.01125 -9.92879e-05 0.000144712 0.0106936 0.00741112 0.000823229 0.00257403 0.00694165 0.00427885 0.00296203 -0.000129616 0.00233645 0.0212113 0.0127811 -0.00524447 0.000163091 0.000941716 -0.000223983 0.000825214 0.00339996 0.00183699 0.000461445 -0.00312336
internal_weight=198419 197709 7932 7317 189777 4558 6676 1424 185219 5390 519 1097 3134 2634 1491 1248 790 184700 321 710 338 1493 137960 45810 92150 45261 5603 4736 39658 1143
internal_count=198419 197709 7932 7317 189777 4558 6676 1424 185219 5390 519 1097 3134 2634 1491 1248 790 184700 321 710 338 1493 137960 45810 92150 45261 5603 4736 39658 1143
is_linear=0
shrinkage=0.06


Tree=71
num_leaves=31
num_cat=0
split_feature=0 23 14 7 1 0 11 23 3 21 17 0 21 20 0 2 24 3 24 0 23 20 21 0 25 7 21 16 25 11
split_gain=80.7679 31.1604 28.0803 26.7457 25.8905 18.0462 16.3419 26.5952 37.8981 17.7921 16.858 16.9006 17.1511 19.1509 16.3133 15.3017 14.2759 13.2485 13.1441 15.4826 12.884 12.6728 12.6202 12.5908 22.5437 12.5812 12.3401 15.3974 11.9239 11.6759
threshold=86.781265258789077 17.144623756408695 1.0000000180025095e-35 3.5000000000000004 76.000000000000014 27.322209358215336 0.41736809909343725 9.608006954193117 175.00000000000003 0.14386009424924853 3.5000000000000004 20.731276512146 0.066865954548120513 1.5000000000000002 104.55176544189455 4.5000000000000009 16236.231445312502 44.000000000000007 6487.3454589843759 8.7351169586181658 10.00775718688965 1.0000000180025095e-35 0.07383566722273828 57.770694732666023 4.5000000000000009 1.0000000180025095e-35 0.48083676397800451 14.500000000000002 10.500000000000002 0.32278057932853704
decision_type=2 2 2 2 2 2 2 2 2 2 2 2 2 2 2 2 2 2 2 2 2 2 2 2 2 2 2 2 2 2
left_child=2 4 6 5 -2 26 9 23 17 10 15 12 -12 22 21 -1 -13 -9 -17 28 -15 29 -14 -8 -25 -7 -4 -28 -20 -6
right_child=1 -3 3 -5 14 25 7 8 -10 -11 11 16 13 20 -16 18 -18 -19 19 -21 -22 -23 -24 24 -26 -27 27 -29 -30 -31
leaf_value=-0.012495928164377518 0.25206359786553323 0.66120854955782304 -0.041182156932520614 0.57818597636206881 0.066181384048132091 -0.017012885220643949 0.0049450449989929535 -0.055188884274163567 0.29853558740068753 0.00016766557581963324 -0.019575097108792627 -0.12106507095183509 0.13092737502923921 0.0087111099648081221 0.38343905241587095 0.035912190785049147 0.1296924988529716 0.046619228340587959 -0.038263807786475777 -0.11802725495917868 -0.060667606662864478 -0.018071181529329863 0.054443364615795388 0.62745432762171072 -0.0018141557459830436 0.176449791103647 0.35274516162150149 -0.038701788132255784 0.026187903282599106 0.47136957091822762
leaf_weight=8525 631 293 1867 581 212 336 22610 313 784 139985 3703 715 237 3060 440 526 93 1045 3642 1280 494 1195 2331 367 541 1434 297 337 445 100
leaf_count=8525 631 293 1867 581 212 336 22610 313 784 139985 3703 715 237 3060 440 526 93 1045 3642 1280 494 1195 2331 367 541 1434 297 337 445 100
internal_value=0.000239342 0.0102299 9.26627e-05 0.00460016 0.00812258 0.00295715 -2.20246e-05 0.00138659 0.00778711 -0.000241038 -0.0017137 9.87492e-05 0.000784733 0.0027344 0.00469954 -0.00305035 -0.00824257 0.00172312 -0.00540132 -0.00628843 -0.000118177 0.00173192 0.00668224 0.00080364 0.00773128 0.00759322 -0.00032387 0.00690852 -0.00448495 0.0125
internal_weight=198419 2871 195548 4852 2578 4271 190696 25660 2142 165036 25051 10633 9825 6122 1947 14418 808 1358 5893 5367 3554 1507 2568 23518 908 1770 2501 634 4087 312
internal_count=198419 2871 195548 4852 2578 4271 190696 25660 2142 165036 25051 10633 9825 6122 1947 14418 808 1358 5893 5367 3554 1507 2568 23518 908 1770 2501 634 4087 312
is_linear=0
shrinkage=0.06


Tree=72
num_leaves=31
num_cat=0
split_feature=0 0 23 1 23 11 4 21 7 14 17 2 21 25 11 21 24 17 25 11 6 23 14 16 24 24 0 4 6 11
split_gain=78.9367 31.812 41.2196 23.5357 16.391 20.8373 15.2299 14.5644 18.7033 19.7169 17.5146 17.2741 14.9876 23.6244 16.617 17.928 25.1582 16.0612 14.358 14.2298 13.9915 13.8174 12.757 12.1239 11.187 11.1288 11.0095 10.977 10.4146 10.3709
threshold=104.55176544189455 53.801986694335945 17.144623756408695 81.000000000000014 24.933436393737797 0.31626549363136297 227.50000000000003 0.46803893148899084 1.0000000180025095e-35 1.0000000180025095e-35 1.0000000180025095e-35 6.5000000000000009 0.48841498792171484 11.500000000000002 0.3195976614952088 0.51284587383270275 9401.8671875000018 2.5000000000000004 2.5000000000000004 0.68628680706024181 11.84999990463257 0.70826485753059398 1.0000000180025095e-35 17.500000000000004 1867.9168701171877 16044.857421875002 14.579007625579836 265.50000000000006 9.2500000000000018 0.70355731248855602
decision_type=2 2 2 2 2 2 2 2 2 2 2 2 2 2 2 2 2 2 2 2 2 2 2 2 2 2 2 2 2 2
left_child=1 4 3 -3 7 6 -6 -1 -9 10 -10 -11 13 -12 15 16 -14 23 21 22 -2 -17 24 -16 -5 -22 -18 -26 -4 -19
right_child=20 2 28 19 5 -7 -8 8 9 11 12 -13 14 -15 17 18 26 29 -20 -21 25 -23 -24 -25 27 -27 -28 -29 -30 -31
leaf_value=-0.0030016352406405386 0.59656982002695702 0.06528542485515991 0.14548030913959137 -0.30888827805558861 -0.022091934728247935 0.83937737617153141 0.41523110288076359 -0.016973828800567033 0.057140262300656525 0.088657306726900378 0.049510312093606859 0.53758172682189509 0.013216832664957073 -0.10228329261633025 0.17268808872244709 -0.034255828751812163 -0.087088020472035482 0.0065580271402551739 0.0099484595044462762 0.15079725119205448 0.64301186222883555 0.11862141662589473 0.42819447133372557 -0.028977712901917058 0.011622979725726451 -0.068007277189514631 0.095310380686336627 -0.17026767738584367 0.6028731927248947 0.34189914569079982
leaf_weight=146975 372 2474 233 119 561 259 140 4848 3845 770 3992 262 1555 314 814 3185 1827 2379 16641 287 233 177 146 192 4313 105 171 751 332 147
leaf_count=146975 372 2474 233 119 561 259 140 4848 3845 770 3992 262 1555 314 814 3185 1827 2379 16641 287 233 177 146 192 4313 105 171 751 332 147
internal_value=0.000226944 0.000155228 0.00371231 0.00261805 -7.61687e-06 0.0078125 0.00243937 -4.75294e-05 0.000950655 0.00141849 0.00117909 0.00959302 0.000710964 0.00399907 0.000188275 -0.000387163 -0.00431466 0.00402605 0.000310453 0.000470085 0.0201972 -0.00326591 -0.000230813 0.0104374 -0.000723519 0.0113609 -0.00876877 -0.000296209 0.0193805 0.00147268
internal_weight=198419 197709 8655 8090 189054 960 701 188094 41119 36271 35239 1032 31394 4306 27088 23556 3553 3532 20003 5616 710 3362 5329 1006 5183 338 1998 5064 565 2526
internal_count=198419 197709 8655 8090 189054 960 701 188094 41119 36271 35239 1032 31394 4306 27088 23556 3553 3532 20003 5616 710 3362 5329 1006 5183 338 1998 5064 565 2526
is_linear=0
shrinkage=0.06


Tree=73
num_leaves=31
num_cat=0
split_feature=0 23 4 11 11 14 7 4 0 23 18 0 4 0 11 0 2 1 11 23 1 0 21 0 4 23 3 11 0 23
split_gain=73.4518 22.7227 26.0933 21.6983 17.587 16.1451 23.7737 15.9239 15.3543 14.1152 14.0295 14.4623 13.4649 13.0726 14.5237 11.1934 12.1889 11.5576 18.712 22.1069 23.5638 15.0492 14.7877 14.6193 12.5097 12.1743 11.9198 11.8847 18.4553 12.3827
threshold=96.72674942016603 23.276655197143558 49.000000000000007 0.31626549363136297 0.21494740992784503 1.0000000180025095e-35 3.5000000000000004 75.000000000000014 31.149155616760257 3.2892084121704106 -1.7351899147033689 65.666522979736342 227.50000000000003 82.491657257080092 0.26825551688671118 0.80364179611206066 1.5000000000000002 41.500000000000007 0.41736809909343725 9.608006954193117 193.00000000000003 4.5494661331176767 0.14386009424924853 13.606397628784181 173.00000000000003 18.059432983398441 49.000000000000007 0.3454889208078385 13.952573776245119 7.8740422725677499
decision_type=2 2 2 2 2 2 2 2 2 2 2 2 2 2 2 2 2 2 2 2 2 2 2 2 2 2 2 2 2 2
left_child=1 5 -3 8 7 13 10 -2 12 -9 -7 -12 -4 15 -15 16 -1 21 22 -20 -21 -17 23 -19 -25 26 27 -23 29 -29
right_child=4 2 3 -5 -6 6 -8 9 -10 -11 11 -13 -14 14 -16 17 -18 18 19 20 -22 25 -24 24 -26 -27 -28 28 -30 -31
leaf_value=-0.030055853687640244 0.35651530815866322 -0.074010840712999126 -0.012925560865766385 0.96775915827738734 0.63843080051941881 0.15467500649004479 0.50420771494786476 -0.007334895637330305 0.35767588747507045 0.25020149187350782 -0.004617417427322152 0.48197160606065803 0.22117070914676892 0.024296634132050486 0.23242354349073935 -0.007332282157709322 -0.0062830457398705252 -0.011095520548878638 0.010221618236665222 0.025205572622928114 0.2323880257691337 0.028224216507687708 -0.0012436147377462702 -0.030115555336511477 -0.11966934765279795 -0.06317689816488116 -0.010427603557582809 -0.014603441744372106 0.034961364171300385 -0.11775305329337815
leaf_weight=4047 297 238 586 303 381 770 558 536 132 216 3283 80 197 1701 416 7031 16521 14665 19581 1021 609 10311 106607 1620 1122 407 2215 1647 1165 156
leaf_count=4047 297 238 586 303 381 770 558 536 132 216 3283 80 197 1701 416 7031 16521 14665 19581 1021 609 10311 106607 1620 1122 407 2215 1647 1165 156
internal_value=0.000213034 0.000114676 0.00758242 0.011133 0.0137622 5.90693e-05 0.00353656 0.00975214 0.00652459 0.00510638 0.00196709 0.00029438 0.00333333 -2.64093e-05 0.00466226 -7.90038e-05 -0.00140023 8.26014e-05 -0.000115063 0.00153175 0.0082454 0.00133438 -0.000396729 -0.00201815 -0.00603939 0.00235646 0.00262553 0.00330522 -4.04313e-05 -0.00384359
internal_weight=198419 196989 1456 1218 1430 195533 4691 1049 915 752 4133 3363 783 190842 2117 188725 20568 168157 145225 21211 1630 22932 124014 17407 2742 15901 15494 13279 2968 1803
internal_count=198419 196989 1456 1218 1430 195533 4691 1049 915 752 4133 3363 783 190842 2117 188725 20568 168157 145225 21211 1630 22932 124014 17407 2742 15901 15494 13279 2968 1803
is_linear=0
shrinkage=0.06


Tree=74
num_leaves=31
num_cat=0
split_feature=0 14 7 0 11 7 4 23 21 23 0 6 23 11 2 20 24 23 24 23 21 0 6 23 16 21 0 4 23 0
split_gain=69.5038 20.6215 22.832 16.4572 16.3058 15.553 14.3941 14.1152 14.063 14.3432 12.3752 15.1481 30.5154 24.3702 21.5834 15.4103 14.4834 13.9046 13.0916 13.9838 12.8751 12.3831 12.0701 11.9426 11.8209 17.2532 11.8104 11.7812 10.8171 10.7815
threshold=96.72674942016603 1.0000000180025095e-35 3.5000000000000004 65.666522979736342 0.21494740992784503 1.0000000180025095e-35 75.000000000000014 3.2892084121704106 0.75626978278160106 28.859872817993168 3.2498396635055546 10.84999990463257 12.026573657989504 0.68628680706024181 6.5000000000000009 1.0000000180025095e-35 17602.083007812504 10.529996871948244 9378.7553710937518 11.342735767364504 0.48547562956810003 53.801986694335945 15.449999809265138 20.568109512329105 14.500000000000002 0.47451655566692358 27.322209358215336 243.00000000000003 10.667915344238283 10.519749164581301
decision_type=2 2 2 2 2 2 2 2 2 2 2 2 2 2 2 2 2 2 2 2 2 2 2 2 2 2 2 2 2 2
left_child=1 8 3 5 6 -3 -2 -8 10 -10 22 21 13 15 -14 16 18 -17 20 28 -13 23 -1 -12 -19 29 -7 -15 -20 -26
right_child=4 2 -4 -5 -6 26 7 -9 9 -11 11 12 14 27 -16 17 -18 24 19 -21 -22 -23 -24 -25 25 -27 -28 -29 -30 -31
leaf_value=-0.012097576763341373 0.33512438966914343 -0.056093118483907599 0.51342245299791134 0.50390506986255978 0.60012495248825382 0.013559766158715689 -0.006894801899090623 0.23518940236109712 0.025709777038322962 0.54321995642849097 0.0073574252086545484 0.015122119422608681 0.0094256293959105973 0.025001655469747915 0.1327165152393644 -0.014683130676492481 0.086766691755819428 -0.17075520657522752 -0.0085298969735146373 -0.22405668939076037 0.14235298869892291 0.037996361359245723 0.0025939407959711946 -0.050581264136811653 0.017271779396506728 0.46626502892087679 0.13463420803070583 0.15465593556652354 0.12841504778235827 -0.241368912340194
leaf_weight=32833 297 538 581 119 381 2271 536 216 2343 191 56419 3928 3827 2413 2509 49194 538 417 10544 105 712 3360 20187 993 263 87 1352 848 218 199
leaf_count=32833 297 538 581 119 381 2271 536 216 2343 191 56419 3928 3827 2413 2509 49194 538 417 10544 105 712 3360 20187 993 263 87 1352 848 218 199
internal_value=0.000204567 0.000108889 0.00396832 0.00245327 0.0133846 0.00182408 0.00952336 0.00510638 1.12425e-05 0.00445146 -4.81028e-05 0.000253928 -0.000311865 -0.000675438 0.00367424 -0.000924855 0.000693674 -0.00144258 0.000357903 -0.000781264 0.00302586 0.000959652 -0.000826103 0.000752456 -0.00857143 -0.00278689 0.00323765 0.00438822 -0.000568668 -0.0074026
internal_weight=198419 196989 4861 4280 1430 4161 1049 752 192128 2534 189594 136574 75802 69466 6336 66205 16045 50160 15507 10867 4640 60772 53020 57412 966 549 3623 3261 10762 462
internal_count=198419 196989 4861 4280 1430 4161 1049 752 192128 2534 189594 136574 75802 69466 6336 66205 16045 50160 15507 10867 4640 60772 53020 57412 966 549 3623 3261 10762 462
is_linear=0
shrinkage=0.06


Tree=75
num_leaves=31
num_cat=0
split_feature=0 0 23 6 21 14 7 11 23 1 21 7 3 21 25 5 11 21 0 24 16 16 11 21 21 17 25 20 25 21
split_gain=66.4059 23.5514 33.6828 17.1398 17.7348 14.2827 21.4443 28.2095 20.4457 19.7975 15.8484 13.7604 13.6281 12.3668 14.2622 17.81 22.0892 14.5575 13.5761 13.0843 12.6419 12.0604 11.9496 14.9279 14.1106 17.9824 11.9305 21.0573 12.987 13.2987
threshold=104.55176544189455 69.17972564697267 17.144623756408695 11.550000190734865 0.2010445445775986 1.0000000180025095e-35 1.5000000000000002 0.31268873810768133 7.2746057510375985 103.00000000000001 0.48932217061519628 1.0000000180025095e-35 34.000000000000007 0.54729878902435314 2.5000000000000004 3.5000000000000004 1.0000000180025095e-35 0.55524525046348583 23.120385169982914 13624.778320312502 15.500000000000002 15.500000000000002 0.24962412565946582 0.56469395756721508 0.21874103695154193 1.0000000180025095e-35 2.5000000000000004 2.5000000000000004 10.500000000000002 0.26112917065620428
decision_type=2 2 2 2 2 2 2 2 2 2 2 2 2 2 2 2 2 2 2 2 2 2 2 2 2 2 2 2 2 2
left_child=1 5 12 -2 -5 13 9 8 10 11 -8 -7 -3 -1 19 -16 17 20 -18 -15 -17 -12 24 -24 25 -14 27 -26 29 -28
right_child=3 2 -4 4 -6 6 7 -9 -10 -11 21 -13 22 14 15 16 18 -19 -20 -21 -22 -23 23 -25 26 -27 28 -29 -30 -31
leaf_value=-0.0023476766895593479 0.51943504668409046 0.09022350669703541 0.31501692628899464 -0.099884245166296071 0.55809570393335228 -0.046876114530921741 -0.046431624485432824 0.59707879030575173 0.44110923925173229 -0.25481679412817126 0.38929748543210568 0.079346577373785004 0.25633337678131879 0.0095022019290484754 -0.0028996437907256832 0.3936167292316255 0.091948966605834806 0.01511282027079666 0.29434954731311536 -0.052586821366410783 -0.043631768148605428 -0.0097427750112458258 0.16792574640991489 -0.22550392333359864 0.11903262356811752 -0.089461468442554509 0.24430902832786103 -0.24232521928762124 -0.073477863296942156 0.049348555073313628
leaf_weight=164556 361 456 442 124 225 525 1232 591 300 418 284 1195 95 1650 7980 185 2183 8850 405 1282 89 220 897 80 174 985 387 270 456 1522
leaf_count=164556 361 456 442 124 225 525 1232 591 300 418 284 1195 95 1650 7980 185 2183 8850 405 1282 89 220 897 80 174 985 387 270 456 1522
internal_value=0.000190355 0.000124577 0.00390354 0.018507 0.00902579 1.10969e-05 0.00325498 0.00688618 0.00353635 -0.00120674 0.00103687 0.00163953 0.00258174 -7.1482e-05 0.00124381 0.00182511 0.00331455 0.00192679 0.00820711 -0.0026603 0.0155474 0.01 0.00165228 0.00758444 0.000161995 -0.00566667 0.00240299 -0.00662162 0.00409725 0.0062703
internal_weight=198419 197709 5764 710 349 191945 4765 2627 2036 2138 1736 1720 5322 187180 22624 19692 11712 9124 2588 2932 274 504 4866 977 3889 1080 2809 444 2365 1909
internal_count=198419 197709 5764 710 349 191945 4765 2627 2036 2138 1736 1720 5322 187180 22624 19692 11712 9124 2588 2932 274 504 4866 977 3889 1080 2809 444 2365 1909
is_linear=0
shrinkage=0.06


Tree=76
num_leaves=31
num_cat=0
split_feature=0 0 23 4 6 3 21 14 3 11 21 21 25 21 0 2 25 25 25 11 23 23 4 23 18 24 24 24 0 25
split_gain=64.0399 20.0585 32.9555 23.1127 21.4835 17.4202 15.9952 14.5026 11.7506 11.6026 10.6402 21.1223 12.3851 14.9238 16.2275 15.6687 12.6671 12.6132 13.3307 10.6602 10.6114 18.1029 13.3731 15.9846 13.1006 14.3958 26.7902 16.4028 18.6094 16.967
threshold=104.55176544189455 39.752513885498054 16.914893150329593 205.00000000000003 9.2500000000000018 117.50000000000001 0.2010445445775986 1.0000000180025095e-35 42.000000000000007 0.73091167211532604 0.57403510808944713 0.57957762479782116 2.5000000000000004 0.61090537905693065 15.688108921051027 5.5000000000000009 11.500000000000002 6.5000000000000009 11.500000000000002 1.0000000180025095e-35 1.1273880600929262 1.3322262763977053 265.50000000000006 13.349164962768556 8.1126699447631854 9248.4008789062518 10257.641113281252 7791.9338378906259 32.498483657836921 8.5000000000000018
decision_type=2 2 2 2 2 2 2 2 2 2 2 2 2 2 2 2 2 2 2 2 2 2 2 2 2 2 2 2 2 2
left_child=1 10 3 8 -4 -2 -7 9 -3 -5 20 -12 -13 14 17 -15 19 -14 -19 -17 24 -22 -23 -24 25 27 -27 29 -29 -1
right_child=5 2 4 7 -6 6 -8 -9 -10 -11 11 12 13 15 -16 16 -18 18 -20 -21 21 22 23 -25 -26 26 -28 28 -30 -31
leaf_value=0.0058265192286492606 0.48826894388304481 0.059552728362006063 0.047757898097572707 -0.082258555962063648 0.51624408082246986 -0.08834178211756466 0.52460996169735152 0.46202403623704269 0.025742801097270628 0.28822965224823066 0.096830797043648609 -0.024858159298504726 0.023521921493604728 0.0097768787274883084 0.09440036766087076 0.060263608694715899 -0.07211864174780426 -0.059770717215257584 0.026240228300729054 0.28967794862961171 0.051867074803494555 -0.00051018359318834251 0.016789548619360897 0.18723098525531817 -0.068544589972704836 -0.034187002361868953 -0.0043056396394133677 0.024915626587041759 -0.21363757883900625 -0.024148305833052674
leaf_weight=15812 353 1596 317 2648 407 127 230 87 7844 105 1230 2551 862 7363 560 2359 384 1778 520 576 1997 45068 4578 957 1713 8953 69113 10936 148 7247
leaf_count=15812 353 1596 317 2648 407 127 230 87 7844 105 1230 2551 862 7363 560 2359 384 1778 520 576 1997 45068 4578 957 1713 8953 69113 10936 148 7247
internal_value=0.000181585 0.00011699 0.00239465 0.00166124 0.0148343 0.018169 0.00882353 -0.00308451 0.00308898 -0.00384671 -4.33664e-05 0.00133476 0.000783932 0.00146646 -0.00180645 0.00260625 0.00602892 -0.00347468 -0.00579634 0.00736968 -0.000193848 0.000511027 0.000289904 0.00307317 -0.000519303 -0.000439804 -0.000889248 0.000587822 0.00248466 -0.000323952
internal_weight=198419 197709 13004 12280 724 710 357 2840 9440 2753 184705 18183 16953 14402 3720 10682 3319 3160 2298 2935 166522 52600 50603 5535 113922 112209 78066 34143 11084 23059
internal_count=198419 197709 13004 12280 724 710 357 2840 9440 2753 184705 18183 16953 14402 3720 10682 3319 3160 2298 2935 166522 52600 50603 5535 113922 112209 78066 34143 11084 23059
is_linear=0
shrinkage=0.06


Tree=77
num_leaves=31
num_cat=0
split_feature=0 0 23 0 3 6 21 16 16 20 24 21 25 21 21 25 7 21 25 16 21 24 21 5 6 19 17 24 21 0
split_gain=61.0981 19.0907 30.4597 20.521 20.0827 16.8715 15.6007 20.7436 20.1213 17.7234 15.5696 15.4353 14.8034 17.8373 14.5672 17.0232 14.3765 13.7866 15.1493 14.3513 13.6508 15.6264 15.826 12.9766 12.5263 10.7675 10.5776 11.7363 13.1285 10.4351
threshold=104.55176544189455 21.800677299499515 4.8467845916748056 82.491657257080092 59.500000000000007 10.84999990463257 0.48083676397800451 7.5000000000000009 10.500000000000002 2.5000000000000004 14918.029296875002 0.17327156662940982 7.5000000000000009 0.36736646294593817 0.61766910552978527 11.500000000000002 1.5000000000000002 0.10818686708807947 11.500000000000002 16.500000000000004 0.089744016528129592 15180.743652343752 0.17096395045518878 7.5000000000000009 11.050000190734865 29.413496017456058 2.5000000000000004 13528.464843750002 0.46524071693420416 32.498483657836921
decision_type=2 2 2 2 2 2 2 2 2 2 2 2 2 2 2 2 2 2 2 2 2 2 2 2 2 10 2 2 2 2
left_child=1 25 4 12 -3 -2 10 -8 9 14 26 -7 23 20 -9 -16 -15 -12 19 -19 -14 22 -22 -4 -23 -1 -6 28 -28 -11
right_child=5 2 3 -5 6 11 7 8 -10 29 17 -13 13 16 15 -17 -18 18 -20 -21 21 24 -24 -25 -26 -27 27 -29 -30 -31
leaf_value=0.0070730865709447595 0.45897280725006223 0.031093148005897395 0.066994209474013008 0.1731062800441279 -0.0055586982108276218 -0.083041275190510647 -0.16548983157066985 0.45456304719706769 0.0061226134064195038 0.17347691301106627 0.27123846724296724 0.49798760762850858 0.17375993213635382 0.020059575920321322 0.26931423091045803 -0.20047949404673926 0.2268442048229079 0.084151614438390962 -0.13031471222622321 -0.046374937451953605 -0.18132458138911631 -0.023456240027425537 0.034503095980245889 0.38465157525816196 -0.21953049398692351 -0.0031366087101066475 -0.065843359345012398 -0.13546398893751846 0.20034544637541032 -0.054673799717114377
leaf_weight=39223 331 4062 1385 727 3486 131 326 485 1971 174 132 248 227 622 272 104 492 1377 304 616 241 270 958 417 262 134603 4003 541 124 305
leaf_count=39223 331 4062 1385 727 3486 131 326 485 1971 174 132 248 227 622 272 104 492 1377 304 616 241 270 958 417 262 134603 4003 541 124 305
internal_value=0.00017705 0.000113955 0.00170456 0.00557579 0.000518543 0.0177465 -0.000544304 0.00284575 0.00426759 0.0099403 -0.00170935 0.0091029 0.00417316 0.00164062 0.0150871 0.0062234 0.00770197 0.0025072 0.0014236 0.00332664 -0.00180797 -0.00362218 0.000175146 0.00849057 -0.0121805 -0.000104587 -0.00296542 -0.0048329 -0.00374364 0.000688935
internal_weight=198419 197709 23883 5601 18282 710 14220 3637 3311 1340 10583 379 4874 3072 861 376 1114 2429 2297 1993 1958 1731 1199 1802 532 173826 8154 4668 4127 479
internal_count=198419 197709 23883 5601 18282 710 14220 3637 3311 1340 10583 379 4874 3072 861 376 1114 2429 2297 1993 1958 1731 1199 1802 532 173826 8154 4668 4127 479
is_linear=0
shrinkage=0.06


Tree=78
num_leaves=31
num_cat=0
split_feature=0 23 4 0 0 23 7 21 0 20 3 11 14 7 18 25 16 21 11 24 21 11 24 21 21 24 24 23 0 21
split_gain=55.4621 18.5443 22.1648 17.0956 14.6667 18.5061 13.5165 14.2411 13.287 12.8855 13.3259 10.9205 10.878 17.4211 13.4466 11.1151 12.9321 14.3514 10.2731 9.26463 12.3478 20.7226 12.2134 12.3615 13.4674 16.6991 22.2311 15.8271 13.9781 12.0802
threshold=104.55176544189455 23.276655197143558 136.50000000000003 57.770694732666023 82.491657257080092 4.8467845916748056 1.5000000000000002 0.2010445445775986 18.96811676025391 1.0000000180025095e-35 34.000000000000007 0.32278057932853704 1.0000000180025095e-35 3.5000000000000004 -1.7351899147033689 3.5000000000000004 14.500000000000002 0.077198345214128508 0.31268873810768133 16890.026367187504 0.086868789047002806 0.55249637365341198 16617.359375000004 0.19260819256305697 0.20761293917894366 9248.4008789062518 9939.3471679687518 1.7708882093429568 10.024745941162111 0.17327156662940982
decision_type=2 2 2 2 2 2 2 2 2 2 2 2 2 2 2 2 2 2 2 2 2 2 2 2 2 2 2 2 2 2
left_child=1 4 3 -3 12 9 -2 -8 -4 11 -11 -6 19 14 -14 -16 17 -17 -18 22 21 -21 23 -1 25 28 -27 -28 -25 -22
right_child=6 2 8 -5 5 -7 7 -9 -10 10 -12 -13 13 -15 15 16 18 -19 -20 20 29 -23 -24 24 -26 26 27 -29 -30 -31
leaf_value=-0.0093349722087109881 0.45096621734546671 -0.031258163959144693 0.12168761310324928 0.27148468513777629 0.052423578895175633 0.14476557878059565 -0.076028198244721346 0.46015676546743806 0.77805195534193972 0.14399924744304257 -0.025146913406329359 0.43251500292739081 0.13259934585357555 0.43496325041095335 -0.11314445271347263 -0.26051636394218691 -0.08102475930395521 0.11551005411291121 0.10907164698296458 -0.051589952087216763 0.053696573380002888 0.24520633669726083 -0.038133554689731466 0.09257105692257496 0.0001811724854012553 -0.13733820631675528 0.0018750605345587922 0.098573238448360745 -0.019878920317728699 0.0095246970415542795
leaf_weight=43019 348 690 450 111 294 672 129 233 228 137 1595 127 770 558 484 117 1023 1406 322 1004 1784 172 2796 1060 121750 373 2834 1054 266 12613
leaf_count=43019 348 690 450 111 294 672 129 233 228 137 1595 127 770 558 484 117 1023 1406 322 1004 1784 172 2796 1060 121750 373 2834 1054 266 12613
internal_value=0.00016193 0.000101816 0.00679513 3.74532e-05 5.13683e-05 0.00434336 0.0169014 0.00878453 0.0147788 0.00163028 -0.000658199 0.0110451 -1.13234e-05 0.00284615 0.00149927 -0.000143198 0.00127615 0.00506238 -0.00301115 -8.21831e-05 0.00131959 -0.00459184 -0.000208256 -0.000143699 0.000153373 0.00303383 0.00120394 0.0025463 0.00891403 0.00180246
internal_weight=198419 197709 1479 801 196230 2825 710 362 678 2153 1732 421 193405 4680 4122 3352 2868 1523 1345 188725 15573 1176 173152 170356 127337 5587 4261 3888 1326 14397
internal_count=198419 197709 1479 801 196230 2825 710 362 678 2153 1732 421 193405 4680 4122 3352 2868 1523 1345 188725 15573 1176 173152 170356 127337 5587 4261 3888 1326 14397
is_linear=0
shrinkage=0.06


Tree=79
num_leaves=31
num_cat=0
split_feature=0 23 4 0 21 0 23 20 6 6 11 1 21 21 25 17 25 21 24 15 7 0 11 24 24 24 21 20 25 21
split_gain=53.8304 16.8135 20.9372 19.8109 13.4602 12.7185 17.5051 12.3315 12.1951 12.0412 10.8539 10.1942 9.60855 16.3482 19.8417 14.6523 13.4442 17.7217 16.2038 15.4243 13.8042 13.6458 13.6361 12.4827 18.2955 26.6465 16.3739 14.2853 18.0914 14.6984
threshold=104.55176544189455 23.276655197143558 49.000000000000007 18.96811676025391 0.16896060109138492 82.491657257080092 4.8467845916748056 1.0000000180025095e-35 10.299999713897707 23.19999980926514 0.32278057932853704 76.000000000000014 0.46803893148899084 0.48841498792171484 11.500000000000002 1.0000000180025095e-35 2.5000000000000004 0.51284587383270275 9401.8671875000018 1.0000000180025095e-35 1.0000000180025095e-35 14.349258899688722 0.60109820961952221 11153.663085937502 10617.858398437502 10352.190429687502 0.53411453962326061 1.5000000000000002 11.500000000000002 0.66943460702896129
decision_type=2 2 2 2 2 2 2 2 2 2 2 2 2 2 2 2 2 2 2 2 2 2 2 2 2 2 2 2 2 2
left_child=1 5 -3 9 8 12 7 10 -2 -4 -7 -9 -1 14 -14 -15 -17 18 19 -18 -19 -21 -20 24 25 -22 -25 29 -29 -28
right_child=4 2 3 -5 -6 6 -8 11 -10 -11 -12 -13 13 15 -16 16 17 20 22 21 23 -23 -24 26 -26 -27 27 28 -30 -31
leaf_value=-0.0021966411805061804 0.3479040892729483 -0.069957289592543145 -0.0093193661446031219 0.33521857873459809 0.48101909784878499 0.049278164161465271 0.13607964405376008 0.063909655473283061 -0.078451662408904776 0.29368965377165018 0.40656410275174748 -0.040663487417507437 0.044242612047774278 0.0402113864449678 -0.080259803286036061 -0.023970380315772939 0.095285637688228092 -0.019947694909921265 -0.070897665076727234 -0.00075777759764792839 0.00052102101089886328 -0.18053675926444063 0.065540056542814321 0.075847138781355475 -0.074121029161487773 0.15098685114502303 0.015368788434447941 -0.0012152783154229141 -0.23539740608606788 0.090189773510887278
leaf_weight=150794 88 242 534 497 487 294 672 416 135 206 127 1316 5318 4498 358 5170 656 2723 2202 1056 7167 189 360 2328 1208 566 3082 3875 135 1720
leaf_count=150794 88 242 534 497 487 294 672 416 135 206 127 1316 5318 4498 358 5170 656 2723 2202 1056 7167 189 360 2328 1208 566 3082 3875 135 1720
internal_value=0.000156487 9.72642e-05 0.00647059 0.00962813 0.0166479 4.92279e-05 0.00404602 0.00140734 0.00443946 0.00340541 0.0106176 -0.000831409 -9.15178e-06 0.000786417 0.00378436 0.000325707 -0.000119308 0.000412587 -0.00304504 0.00115203 0.00108928 -0.00277108 -0.00615925 0.00163289 -3.69086e-05 0.00103582 0.00297307 0.00179074 -0.000852868 0.00399833
internal_weight=198419 197709 1479 1237 710 196230 2825 2153 223 740 421 1732 193405 42611 5676 36935 32437 27267 4463 1901 22804 1245 2562 20081 8941 7733 11140 8812 4010 4802
internal_count=198419 197709 1479 1237 710 196230 2825 2153 223 740 421 1732 193405 42611 5676 36935 32437 27267 4463 1901 22804 1245 2562 20081 8941 7733 11140 8812 4010 4802
is_linear=0
shrinkage=0.06


Tree=80
num_leaves=31
num_cat=0
split_feature=0 0 23 4 21 23 23 25 7 14 11 3 23 24 21 5 20 17 11 23 5 21 25 23 0 16 21 21 21 23
split_gain=49.008 15.115 27.5295 13.5062 14.5127 11.0173 12.4417 19.3175 12.1737 16.6332 16.4501 19.2076 22.3758 13.6221 13.8634 15.1131 13.1195 22.8568 21.2781 12.9771 11.7335 11.3384 16.2754 15.9211 12.0343 16.8997 11.335 10.7836 11.9036 11.1454
threshold=104.55176544189455 69.17972564697267 17.144623756408695 73.500000000000014 0.16896060109138492 0.52593147754669201 0.35717251896858221 8.5000000000000018 1.0000000180025095e-35 1.0000000180025095e-35 0.52704873681068432 226.50000000000003 9.608006954193117 17749.068359375004 0.29802435636520391 6.5000000000000009 1.5000000000000002 3.5000000000000004 0.27093729376792913 17.315505027771 5.5000000000000009 0.31370750069618231 8.5000000000000018 10.667915344238283 13.411662101745607 12.500000000000002 0.30095402896404272 0.043905356898903854 0.099024470895528807 12.229872703552248
decision_type=2 2 2 2 2 2 2 2 2 2 2 2 2 2 2 2 2 2 2 2 2 2 2 2 2 2 2 2 2 2
left_child=1 5 -3 -2 -5 6 -1 -8 19 10 13 -12 -13 14 15 -10 17 -17 -19 -7 -15 22 23 24 -16 -26 -27 -18 -29 -30
right_child=3 2 -4 4 -6 8 7 -9 9 -11 11 12 -14 20 21 16 27 18 -20 -21 -22 -23 -24 -25 25 26 -28 28 29 -31
leaf_value=-0.0024026776614365273 0.44871937379761501 0.021877730429622062 0.24375586427831733 -0.041842645024924817 0.40454921125640536 -0.0069980892085815503 0.00088244872622345483 -0.11534080973927242 0.0049247260717191653 0.16456666635877282 0.018001079854672922 0.087739919388107171 0.3136260177085608 0.004280005894348537 0.10179302509454739 -0.034979405226753704 0.20054015737784064 0.075449110183979665 -0.24361961001464338 -0.064490804587343575 0.14371224474962999 0.0078146799706458204 -0.041900217496917538 0.19328873849505637 0.079208262966385112 0.10358935086458874 -0.33791123458811606 -0.079312298988151841 -0.058670402339141815 0.03544336734364812
leaf_weight=126252 223 5322 442 165 322 7015 748 544 13263 1218 4758 1200 401 629 1048 2617 125 1414 140 575 645 23014 580 276 188 84 166 907 3350 788
leaf_count=126252 223 5322 442 165 322 7015 748 544 13263 1218 4758 1200 401 629 1048 2617 125 1414 140 575 645 23014 580 276 188 84 166 907 3350 788
internal_value=0.000151951 9.54433e-05 0.00312283 0.0158873 0.0102875 4.53255e-06 -0.000318478 -0.00617647 0.000644245 0.000945768 0.000793805 0.00366567 0.00935041 0.000422878 0.000260217 -0.000820209 -0.00266888 -0.000165428 0.00559846 -0.00161265 0.00654631 0.00122338 0.00520068 0.00807037 0.00561238 -0.00273973 -0.01296 -0.00468859 -0.00511992 -0.00375544
internal_weight=198419 197709 5764 710 487 191945 127544 1292 64401 56811 55593 6359 1601 49234 47960 22604 9341 4171 1554 7590 1274 25356 2342 1762 1486 438 250 5170 5045 4138
internal_count=198419 197709 5764 710 487 191945 127544 1292 64401 56811 55593 6359 1601 49234 47960 22604 9341 4171 1554 7590 1274 25356 2342 1762 1486 438 250 5170 5045 4138
is_linear=0
shrinkage=0.06


Tree=81
num_leaves=31
num_cat=0
split_feature=0 23 3 11 24 21 0 23 20 16 11 15 3 19 14 21 18 7 0 16 25 24 16 25 16 24 21 24 21 24
split_gain=46.9729 14.1456 18.1587 15.2216 13.9994 15.5459 12.1829 16.0212 12.0264 10.859 10.3708 9.74637 9.27326 8.43006 10.9166 10.7897 9.56712 13.0948 8.41189 15.6795 14.3941 13.8363 14.765 13.613 14.0562 12.6701 13.9568 10.7697 13.3135 11.6268
threshold=104.55176544189455 24.933436393737797 59.500000000000007 0.31626549363136297 16044.857421875002 0.16896060109138492 82.491657257080092 4.8467845916748056 1.0000000180025095e-35 11.500000000000002 0.32278057932853704 1.0000000180025095e-35 29.000000000000004 70.678337097167983 1.0000000180025095e-35 0.19260819256305697 -1.7640731930732725 3.5000000000000004 16.453348159790043 16.500000000000004 11.500000000000002 10257.641113281252 3.5000000000000004 9.5000000000000018 9.5000000000000018 8538.0209960937518 0.50751915574073803 9248.4008789062518 0.20257904380559924 10150.854003906252
decision_type=2 2 2 2 2 2 2 2 2 2 2 2 2 8 2 2 2 2 2 2 2 2 2 2 2 2 2 2 2 2
left_child=1 6 -3 -4 5 -2 13 8 10 -6 -8 -9 -10 -1 15 -15 -16 -18 27 20 21 -20 -23 -24 -25 26 -22 28 -17 -29
right_child=4 2 3 -5 9 -7 7 11 12 -11 -12 -13 -14 14 16 18 17 -19 19 -21 25 22 23 24 -26 -27 -28 29 -30 -31
leaf_value=-0.0051636521613638558 0.00081850022020901747 -0.061783642135036163 0.076943957129992024 0.86244937753933826 0.23716398049155871 0.52313424121578067 0.04500881048600007 0.069145472295049609 0.14126851861893983 -0.20777960513927354 0.38085759276086545 0.35092030939868435 -0.022041846328073121 -0.0070842330917775054 0.1683499665985255 0.065965046950883427 -0.0058598665126537242 0.44057209125470109 0.0038999938778127327 -0.010204822925910051 -0.076970510537885201 -0.018263907472853589 0.064326098892317357 0.26145935206676485 0.057316365059868334 -0.084456866609615766 0.14789720955115904 -0.021191707419860401 0.0091931813046305811 0.0013831315551311896
leaf_weight=66355 106 228 574 289 82 420 294 539 111 102 127 161 1621 31662 665 740 1361 334 2143 4419 160 715 3486 446 510 690 186 6326 21962 51605
leaf_count=66355 106 228 574 289 82 420 294 539 111 102 127 161 1621 31662 665 740 1361 334 2143 4419 160 715 3486 446 510 690 186 6326 21962 51605
internal_value=0.000144089 8.87668e-05 0.00690192 0.0108806 0.0155493 0.0205323 5.09618e-05 0.00394322 0.00137947 0.00130435 0.0104751 0.0118286 -0.000831409 -6.3479e-06 0.000279256 0.000202959 0.00432203 0.0019292 0.000527477 0.00195923 0.00349088 0.00443014 0.00611402 0.00740207 0.0137448 -0.00312741 0.00624277 0.000300993 0.00140869 -0.000133089
internal_weight=198419 197709 1091 863 710 526 196618 2853 2153 184 421 700 1732 193765 127410 125050 2360 1695 93388 12755 8336 7300 5157 4442 956 1036 346 80633 22702 57931
internal_count=198419 197709 1091 863 710 526 196618 2853 2153 184 421 700 1732 193765 127410 125050 2360 1695 93388 12755 8336 7300 5157 4442 956 1036 346 80633 22702 57931
is_linear=0
shrinkage=0.06


Tree=82
num_leaves=31
num_cat=0
split_feature=0 4 0 23 21 23 23 25 7 14 11 3 23 23 24 21 16 21 23 23 24 25 23 24 23 21 17 24 11 17
split_gain=43.9353 14.1927 13.3531 25.6814 12.6029 9.77108 12.1291 18.2634 11.1952 14.3561 14.4724 16.9461 20.74 12.4968 12.0636 11.4037 15.1064 18.8018 14.9657 19.8391 12.6875 15.4608 17.5824 15.3447 16.8638 14.0084 12.6716 14.9933 12.6241 15.8112
threshold=104.55176544189455 73.500000000000014 69.17972564697267 17.144623756408695 0.16896060109138492 0.52593147754669201 0.35717251896858221 8.5000000000000018 1.0000000180025095e-35 1.0000000180025095e-35 0.52704873681068432 226.50000000000003 13.349164962768556 18.396212577819828 17749.068359375004 0.29662616550922399 10.500000000000002 0.28979149460792547 14.603480815887453 9.8196783065795916 15180.743652343752 8.5000000000000018 4.534365415573121 14065.137695312502 10.801472187042238 0.17628498375415805 5.5000000000000009 7911.5646972656259 0.27093729376792913 2.5000000000000004
decision_type=2 2 2 2 2 2 2 2 2 2 2 2 2 2 2 2 2 2 2 2 2 2 2 2 2 2 2 2 2 2
left_child=2 -2 5 -4 -3 6 -1 -8 13 10 14 -12 -13 -7 15 16 17 20 19 28 21 23 -23 24 25 26 27 -10 -18 -30
right_child=1 4 3 -5 -6 8 7 -9 9 -11 11 12 -14 -15 -16 -17 18 -19 -20 -21 -22 22 -24 -25 -26 -27 -28 -29 29 -31
leaf_value=-0.0022544447379481934 0.3938467350770537 -0.035569564618096759 0.018912238294934554 0.22334240683824516 0.3488882041080737 -0.006834238764578675 4.0305522316481652e-05 -0.1079953071694094 0.20130800792021439 0.14791451427268962 0.016984559735829893 0.093869936189557981 0.41219069583211421 -0.062925296982101309 0.059410658145813658 0.011443281999259409 0.0050965415286591195 -0.11084307231178173 -0.055383579410402742 0.05198979434160373 -0.076536135704967354 -0.022656444866776971 0.05100779213181747 0.046321808035421783 -0.090649279013331654 0.057009417755599645 -0.2998949584836515 -0.046293715696242937 0.050674493775660065 -0.10479838680916785
leaf_weight=126252 223 165 5322 442 322 7099 748 544 152 1218 4758 1324 277 491 1274 25512 7652 355 1279 3239 1565 1279 2254 582 1035 693 130 1144 358 731
leaf_count=126252 223 165 5322 442 322 7099 748 544 152 1218 4758 1324 277 491 1274 25512 7652 355 1279 3239 1565 1279 2254 582 1035 693 130 1144 358 731
internal_value=0.000143484 0.0150423 8.99807e-05 0.00293546 0.00930185 4.53255e-06 -0.000299661 -0.00608359 0.000606978 0.000896129 0.000754951 0.00344866 0.00878826 -0.00155731 0.000407036 0.000253962 -0.000732359 -0.00260202 0.000563391 0.00122204 -0.00205796 -0.00100289 0.00184263 -0.00369379 -0.00534559 -0.00227938 -0.00568022 -0.00388889 -0.000264272 -0.00630854
internal_weight=198419 710 197709 5764 487 191945 127544 1292 64401 56811 55593 6359 1601 7590 49234 47960 22448 9189 13259 11980 8834 7269 3533 3736 3154 2119 1426 1296 8741 1089
internal_count=198419 710 197709 5764 487 191945 127544 1292 64401 56811 55593 6359 1601 7590 49234 47960 22448 9189 13259 11980 8834 7269 3533 3736 3154 2119 1426 1296 8741 1089
is_linear=0
shrinkage=0.06


Tree=83
num_leaves=31
num_cat=0
split_feature=0 4 23 4 21 11 0 23 23 11 24 15 0 1 21 21 25 7 25 21 17 24 21 21 21 16 21 16 24 24
split_gain=42.0288 14.3493 13.5045 18.0848 11.2695 10.5372 10.4554 14.8502 11.1023 14.1127 10.1705 9.9431 9.30994 8.87376 7.96807 13.9947 17.136 11.4539 11.3682 13.0079 13.7578 13.4914 18.585 21.0444 14.8583 12.33 11.7876 11.6985 12.336 11.1686
threshold=104.55176544189455 73.500000000000014 24.933436393737797 155.50000000000003 0.16896060109138492 0.31626549363136297 82.491657257080092 1.953548312187195 1.0000000180025095e-35 0.32278057932853704 15093.737304687502 1.0000000180025095e-35 37.445917129516609 72.500000000000014 0.46803893148899084 0.48841498792171484 11.500000000000002 1.5000000000000002 2.5000000000000004 0.51284587383270275 1.5000000000000002 11153.663085937502 0.54243248701095592 0.52246257662773143 0.53120040893554699 12.500000000000002 0.52405381202697765 15.500000000000002 1287.2454223632815 7031.1650390625009
decision_type=2 2 2 2 2 2 2 2 2 2 2 2 2 2 2 2 2 2 2 2 2 2 2 2 2 2 2 2 2 2
left_child=2 -2 6 12 -3 -5 14 8 9 13 -10 -9 -4 -8 -1 16 17 -16 -17 20 -20 22 23 -21 25 -23 -27 28 -24 -22
right_child=1 4 3 5 -6 -7 7 11 10 -11 -12 -13 -14 -15 15 18 -18 -19 19 21 29 24 27 -25 -26 26 -28 -29 -30 -31
leaf_value=-0.0019028794229113898 0.37021593097243083 -0.033435390741010734 -0.034438123983414816 0.18269018864119885 0.32795491186158898 1.3390521113459142 0.078507062956927595 0.061381067150137199 -0.1458221314338968 0.20283990173907568 0.013967226658830611 0.32873035653706723 0.17121629901913904 -0.029157050777543388 0.010712218674142305 -0.015968151811354445 -0.075716378623188668 0.073934517333591646 0.055108046425678854 0.015872433619376736 0.01031706339270518 0.085823037437748578 0.32803449480524677 -0.11656123734615781 0.017584809629112373 -0.016422592479528347 0.1203893615336271 -0.019795926912398832 0.021175048147836151 -0.051820226653721942
leaf_weight=151154 223 165 492 283 322 144 306 607 212 295 140 161 172 1132 2423 5601 358 2895 721 523 1428 1013 95 719 11955 746 401 4449 6385 2899
leaf_count=151154 223 165 492 283 322 144 306 607 212 295 140 161 172 1132 2423 5601 358 2895 721 523 1428 1013 95 719 11955 746 401 4449 6385 2899
internal_value=0.000132296 0.0147042 7.9966e-05 0.00673694 0.00893224 0.01637 4.30276e-05 0.00364879 0.00102158 0.00299481 -0.00869318 0.0107812 0.000542169 0.00054242 -1.00637e-05 0.000714604 0.00348837 0.00434374 0.000288344 0.000733389 -0.00205626 0.00126912 -0.000194725 -0.00714976 0.00253135 0.00711111 0.00285092 0.000595663 0.00222222 -0.00333487
internal_weight=198419 710 197709 1091 487 427 196618 2853 2085 1733 352 768 664 1438 193765 42611 5676 5318 36935 31334 5048 26286 12171 1242 14115 2160 1147 10929 6480 4327
internal_count=198419 710 197709 1091 487 427 196618 2853 2085 1733 352 768 664 1438 193765 42611 5676 5318 36935 31334 5048 26286 12171 1242 14115 2160 1147 10929 6480 4327
is_linear=0
shrinkage=0.06


Tree=84
num_leaves=31
num_cat=0
split_feature=0 4 23 4 11 16 11 11 3 23 14 1 0 4 3 23 23 0 0 19 11 21 21 21 18 23 25 23 2 23
split_gain=39.2239 14.2786 12.0284 16.7411 13.2264 10.9183 11.7167 9.10195 16.8008 22.084 15.8893 15.7609 22.8882 16.6481 13.3792 12.5184 12.2686 11.5828 11.0249 12.3658 10.6661 11.0771 10.4195 13.2216 11.3758 9.77856 9.15603 19.474 14.3685 13.3188
threshold=104.55176544189455 73.500000000000014 24.933436393737797 111.50000000000001 0.31626549363136297 11.500000000000002 0.21494740992784503 1.0000000180025095e-35 257.50000000000006 9.608006954193117 1.0000000180025095e-35 41.500000000000007 5.452667474746705 42.000000000000007 17.500000000000004 3.5130198001861577 10.667915344238283 4.4991183280944833 57.770694732666023 33.193977355957038 0.68628680706024181 0.48547562956810003 0.069169893860816969 0.043905356898903854 8.1126699447631854 2.3285199403762822 7.5000000000000009 13.091711521148683 6.5000000000000009 5.4582648277282724
decision_type=2 2 2 2 2 2 2 2 2 2 2 2 2 2 2 2 2 2 2 10 2 2 2 2 2 2 2 2 2 2
left_child=2 -2 7 -4 -5 -3 -7 11 14 10 20 12 16 -14 15 17 -1 -9 -16 -20 21 -10 23 25 26 -13 27 -24 -29 -28
right_child=1 5 3 4 -6 6 -8 8 9 -11 -12 22 13 -15 18 -17 -18 -19 19 -21 -22 -23 24 -25 -26 -27 29 28 -30 -31
leaf_value=-0.0019631370798460111 0.34800297511408473 0.29192374727707332 -0.019666060855592915 0.11566537975274592 1.044986510977159 -0.15218259082932803 0.30939478939110415 -0.073194772142234146 -0.0093022523047610588 0.26043580524209614 0.75194732616572801 -0.0037064224693451916 0.030400103118142459 -0.0093479381037878534 0.0032280038039377689 -0.094564053467299541 -0.07901512234795012 0.0066379734482871194 -0.055155776169380173 0.11458069162106738 0.12337089154033548 0.13163251694919917 0.00050761021919862868 -0.03427467908847065 -0.057888694538731557 0.15327323149241201 -0.013493515555193961 0.041973056969114561 0.33372680553294487 0.0088690908426544007
leaf_weight=10558 223 206 499 393 199 177 104 285 3618 528 107 2361 8469 2228 33052 325 269 939 328 1265 966 883 69749 4135 2460 155 37752 1335 466 14385
leaf_count=10558 223 206 499 393 199 177 104 285 3618 528 107 2361 8469 2228 33052 325 269 939 328 1265 966 883 69749 4135 2460 155 37752 1335 466 14385
internal_value=0.000119898 0.0141972 6.93443e-05 0.00635197 0.0131757 0.00843943 0.000747331 3.44831e-05 0.000814261 0.00372665 0.00261572 -0.000179236 0.00132689 0.00329532 0.000323258 -0.00513234 -0.0006179 -0.00235294 0.000567181 0.00544256 0.00216755 0.000939791 -0.00042335 -0.00273793 -0.000301315 0.000691574 -0.000220961 0.000219706 0.00637979 -0.000825709
internal_weight=198419 710 197709 1091 592 487 281 196618 42296 6102 5574 154322 21524 10697 36194 1549 10827 1224 34645 1593 5467 4501 132798 6651 126147 2516 123687 71550 1801 52137
internal_count=198419 710 197709 1091 592 487 281 196618 42296 6102 5574 154322 21524 10697 36194 1549 10827 1224 34645 1593 5467 4501 132798 6651 126147 2516 123687 71550 1801 52137
is_linear=0
shrinkage=0.06


Tree=85
num_leaves=31
num_cat=0
split_feature=0 23 4 14 7 0 7 11 21 18 21 21 6 24 18 25 23 23 21 4 23 7 1 11 0 0 1 2 24 24
split_gain=36.0773 16.4254 15.2146 10.5794 16.7036 15.5437 13.4142 12.3493 9.62036 9.25317 9.43701 9.13132 9.42676 8.71469 8.63791 10.2238 11.9433 8.48212 8.26384 7.94716 7.91353 9.12103 8.17928 10.6096 9.65901 7.61579 8.80161 7.98663 7.61509 10.8665
threshold=96.72674942016603 15.119426727294924 73.500000000000014 1.0000000180025095e-35 1.0000000180025095e-35 41.712530136108406 3.5000000000000004 0.31268873810768133 0.53120040893554699 -2.0496711730957027 0.72861218452453624 0.75626978278160106 15.449999809265138 10965.451660156252 2.2804424762725835 1.5000000000000002 1.4496549367904665 6.2878470420837411 0.44827167689800268 42.000000000000007 7.2746057510375985 1.5000000000000002 125.50000000000001 0.38462381064891821 11.824396133422853 0.32593482732772833 3.5000000000000004 1.5000000000000002 16890.026367187504 16700.229492187504
decision_type=2 2 2 2 2 2 2 2 2 2 2 2 2 2 2 2 2 2 2 2 2 2 2 2 2 2 2 2 2 2
left_child=3 2 -2 11 -5 6 9 18 -7 -6 19 25 -13 -14 15 -4 -17 -15 -8 -11 22 -22 24 -24 -21 27 -27 -1 29 -28
right_child=1 -3 14 4 5 8 7 -9 -10 10 -12 12 13 17 -16 16 -18 -19 -20 20 21 -23 23 -25 -26 26 28 -29 -30 -31
leaf_value=-0.02869609051130648 0.18816217950019648 0.50352018607768778 0.23694646555953 -0.046181007061222308 0.1397885637026304 0.36847875985566003 0.0052965436619992088 1.0548355101787077 -0.0077399244807550361 0.11289226848038129 0.26475199463230581 0.0039944925752854665 0.0032405726279630628 0.086428895733709488 0.23564426915339837 -0.095441987106015341 0.17798338781231576 0.41658828943216919 0.50396942906803632 -0.14818608977172337 -0.097613195990237073 0.29495461752453478 -0.16409692283654684 0.15012591220159371 0.10363421787656943 0.035336234422471802 -0.00047734951381688261 -0.0062850936559263014 0.011359200610497635 -0.040344027547218775
leaf_weight=3138 340 218 82 570 560 501 273 127 138 114 109 1551 348 485 162 478 150 150 147 158 191 321 1018 180 454 863 157222 12283 14131 1957
leaf_count=3138 340 218 82 570 560 501 273 127 138 114 109 1551 348 485 162 478 150 150 147 158 191 321 1018 180 454 863 157222 12283 14131 1957
internal_value=0.00011264 0.00960839 0.00688119 4.3708e-05 0.00280806 0.00408996 0.00257941 0.0112431 0.012723 0.00105314 -0.000483301 -2.62325e-05 0.0035517 0.00814852 0.00268349 -0.000169014 -0.0027707 0.0123307 0.00628571 -0.00125616 -0.0020155 0.00457031 -0.00387845 -0.00676127 0.00176471 -7.4053e-05 3.90991e-05 -0.00135205 9.00121e-06 -0.000109499
internal_weight=198419 1430 1212 196989 4861 4291 3652 547 639 3105 2545 192128 2534 983 872 710 628 635 420 2436 2322 512 1810 1198 612 189594 174173 15421 173310 159179
internal_count=198419 1430 1212 196989 4861 4291 3652 547 639 3105 2545 192128 2534 983 872 710 628 635 420 2436 2322 512 1810 1198 612 189594 174173 15421 173310 159179
is_linear=0
shrinkage=0.06


Tree=86
num_leaves=31
num_cat=0
split_feature=0 4 23 4 11 21 11 7 0 1 0 4 23 1 23 21 21 18 24 21 21 16 21 20 21 16 25 23 11 23
split_gain=34.2871 12.7658 11.8591 15.5413 12.6064 11.3397 8.1141 15.6957 14.7286 13.8638 20.0352 15.2929 11.9033 11.505 10.559 9.53376 12.5473 10.1042 8.92548 18.0653 17.1723 14.034 13.6023 13.5733 23.2438 16.2811 18.0484 13.0655 14.3732 16.5015
threshold=104.55176544189455 73.500000000000014 24.933436393737797 111.50000000000001 0.31626549363136297 0.2010445445775986 1.0000000180025095e-35 1.0000000180025095e-35 4.1343591213226327 41.500000000000007 5.452667474746705 42.000000000000007 10.667915344238283 355.50000000000006 5.0825912952423105 0.069169893860816969 0.057964274659752853 8.1126699447631854 11920.465332031252 0.42508035898208624 0.36421258747577673 16.500000000000004 0.35550032556056982 3.5000000000000004 0.25664508342742925 14.500000000000002 6.5000000000000009 12.037215232849123 0.56429800391197216 7.650088071823121
decision_type=2 2 2 2 2 2 2 2 2 2 2 2 2 2 2 2 2 2 2 2 2 2 2 2 2 2 2 2 2 2
left_child=2 -2 6 -4 -5 -3 9 8 -8 10 12 -12 -1 18 -15 16 -11 -17 -9 20 22 -22 23 27 -25 26 -26 28 29 -20
right_child=1 5 3 4 -6 -7 7 13 -10 15 11 -13 -14 14 -16 17 -18 -19 19 -21 21 -23 -24 24 25 -27 -28 -29 -30 -31
leaf_value=-0.0017793171050785061 0.30219244792292954 -0.043252976118473896 -0.018725766758774683 0.10875409793841015 0.96459004326705744 0.29328099871677676 -0.062000090797360539 0.00025763323723910326 -0.0062500100730844641 -0.0075417360969461718 0.028604737901882976 -0.0089728282706265355 -0.074245574036244072 0.042885304856932205 0.28314301954054982 -0.0020144716198865352 -0.051320906076416026 -0.055377539013264428 -0.014118786126560198 0.06300233832373138 -0.093199581949999 0.03666445795518352 0.21221258881421065 0.11040605950425067 0.16938692965594984 -0.082346694892710501 -0.038434598048798715 0.067174148561960911 0.034789250254897243 -0.13066322617904019
leaf_weight=10558 223 167 499 393 199 320 710 18308 4320 4688 8469 2228 269 1572 345 123687 1963 2460 3915 4941 1009 468 152 1393 296 606 374 748 2534 605
leaf_count=10558 223 167 499 393 199 320 710 18308 4320 4688 8469 2228 269 1572 345 123687 1963 2460 3915 4941 1009 468 152 1393 296 606 374 748 2534 605
internal_value=0.000105988 0.0132676 5.87227e-05 0.00629698 0.0128716 0.00782341 2.41077e-05 0.000760356 -0.00238569 -0.00017768 0.0012349 0.00307656 -0.000584649 0.00118499 0.00571205 -0.000406633 -0.00262066 -0.0002899 0.000939489 0.0019277 0.000679339 -0.00538253 0.00152217 0.00126349 0.00495691 -0.000893417 0.00555224 0 -0.000799546 -0.00282743
internal_weight=198419 710 197709 1091 592 487 196618 42296 5030 154322 21524 10697 10827 37266 1917 132798 6651 126147 35349 17041 12100 1477 10623 10471 2669 1276 670 7802 7054 4520
internal_count=198419 710 197709 1091 592 487 196618 42296 5030 154322 21524 10697 10827 37266 1917 132798 6651 126147 35349 17041 12100 1477 10623 10471 2669 1276 670 7802 7054 4520
is_linear=0
shrinkage=0.06


Tree=87
num_leaves=31
num_cat=0
split_feature=0 3 21 14 0 7 11 23 1 1 21 16 7 0 0 23 15 20 21 16 0 0 24 25 0 21 11 25 24 24
split_gain=31.7402 11.5821 11.6833 10.7657 15.5091 17.9424 21.9121 15.9483 15.4355 14.9168 13.5346 11.6326 10.1172 8.4519 7.90547 15.8538 10.0204 9.23258 10.4767 9.78261 7.48774 9.56528 9.53246 8.97764 7.77633 7.72015 7.36121 6.92809 11.7432 20.9182
threshold=104.55176544189455 68.500000000000014 0.2010445445775986 1.0000000180025095e-35 65.666522979736342 1.5000000000000002 0.31268873810768133 7.2746057510375985 103.00000000000001 129.50000000000003 0.72861218452453624 14.500000000000002 1.0000000180025095e-35 9.9253177642822283 82.491657257080092 4.8467845916748056 1.0000000180025095e-35 1.0000000180025095e-35 0.086868789047002806 4.5000000000000009 9.7368164062500018 21.312211990356449 11234.955566406252 10.500000000000002 6.2991905212402353 0.48932217061519628 0.32278057932853704 11.500000000000002 10728.933593750002 7751.2326660156259
decision_type=2 2 2 2 2 2 2 2 2 2 2 2 2 2 2 2 2 2 2 2 2 2 2 2 2 2 2 2 2 2
left_child=3 -2 -3 14 5 8 7 9 12 -7 20 -9 -5 -14 27 17 -17 26 -19 -20 24 25 -23 -24 -11 -22 -16 -1 29 -29
right_child=1 2 -4 4 -6 6 -8 11 -10 10 -12 -13 13 -15 15 16 -18 18 19 -21 21 22 23 -25 -26 -27 -28 28 -30 -31
leaf_value=0.00042742834459190247 0.2953398368020308 -0.038721778184659571 0.27896076133099168 -0.042748000793595649 0.46320472022347986 0.29707535216994213 0.47487583501104841 0.6854574950255492 -0.24927196473876093 -0.017206897141568832 0.4593135444592174 0.072505975210589393 -0.13864596362710635 0.085946365216694146 0.039812099848632841 0.050844200320726854 0.29590142117179624 -0.36278432316070192 -0.16728635610796744 0.011508437561290918 -0.25894000018325053 -0.11633759167918768 0.28255847050302801 -0.041577584882247574 0.62532463597970012 0.092520563649502632 0.33783935027250322 -0.027320586940060367 -0.027645718987028806 0.027922899175832766
leaf_weight=173900 197 173 340 519 135 170 590 146 415 264 95 154 171 1015 294 548 169 87 174 1447 428 273 166 105 104 127 127 4232 7244 4610
leaf_count=173900 197 173 340 519 135 170 590 146 415 264 95 154 171 1015 294 548 169 87 174 1447 428 273 166 105 104 127 127 4232 7244 4610
internal_value=9.72185e-05 0.0127606 0.0080117 5.17427e-05 0.00283576 0.00226487 0.00558352 0.00262795 -0.00183962 0.000415704 -0.00142125 0.0154 0.000686217 0.00374368 -1.86691e-05 0.00312017 0.0108368 0.000521372 -0.00144028 -0.000351635 -0.00284254 -0.00532302 0.000330882 0.00830258 0.00456522 -0.0108649 0.00847981 -6.56891e-05 -0.00125699 0.00021036
internal_weight=198419 710 513 197709 4877 4742 2622 2032 2120 1732 1562 300 1705 1186 192832 2846 717 2129 1708 1621 1467 1099 544 271 368 555 421 189986 16086 8842
internal_count=198419 710 513 197709 4877 4742 2622 2032 2120 1732 1562 300 1705 1186 192832 2846 717 2129 1708 1621 1467 1099 544 271 368 555 421 189986 16086 8842
is_linear=0
shrinkage=0.06


Tree=88
num_leaves=31
num_cat=0
split_feature=0 4 21 14 7 11 16 23 1 21 7 0 21 0 23 15 20 21 16 19 26 27 7 0 0 21 6 24 21 11
split_gain=30.0742 11.7142 10.2641 10.018 14.5686 18.1854 16.6854 16.092 15.217 12.5249 11.0515 9.26582 9.25116 7.78718 15.5976 9.59916 8.58308 9.84658 8.38458 7.70747 7.54421 6.80645 6.79276 6.76596 7.71451 6.63777 10.3246 6.78925 9.85009 17.0203
threshold=104.55176544189455 73.500000000000014 0.2010445445775986 1.0000000180025095e-35 1.5000000000000002 0.31268873810768133 15.500000000000002 7.2746057510375985 103.00000000000001 0.48932217061519628 1.0000000180025095e-35 9.9253177642822283 0.41394232213497167 82.491657257080092 4.8467845916748056 1.0000000180025095e-35 1.0000000180025095e-35 0.086868789047002806 4.5000000000000009 97.384357452392592 8.3512415885925311 19.686540603637699 3.5000000000000004 20.203450202941898 9.0571827888488787 0.75626978278160106 22.94999980926514 16890.026367187504 0.086868789047002806 0.55249637365341198
decision_type=2 2 2 2 2 2 2 2 2 2 2 2 2 2 2 2 2 2 2 8 2 2 2 2 2 2 2 2 2 2
left_child=3 -2 -3 13 8 6 7 9 10 12 -5 -12 23 25 16 -16 21 -18 -19 -8 -4 -15 -7 24 -6 27 -27 -1 29 -29
right_child=1 2 20 4 5 22 19 -9 -10 -11 11 -13 -14 14 15 -17 17 18 -20 -21 -22 -23 -24 -25 -26 26 -28 28 -30 -31
leaf_value=-0.0019102540059314909 0.26634051083943178 -0.038334490860285939 -0.04585870096120729 -0.037382427911089304 0.20734070755251977 0.34146191996211156 -0.11639412491125732 0.51859301912430855 -0.22451368172395475 0.40840010681910299 -0.13032720580948001 0.093000875959334234 -0.23511440366179179 0.1702575684849171 0.04779354830148335 0.27814733590148877 -0.34101726377106018 -0.15724917474148953 0.010817931307613549 0.12713835449123351 0.35931865331140639 -0.081301069937477738 1.001067796340342 0.13994688137387101 -0.13842732719351361 0.010294941114623269 0.12230102989737666 -0.045876780367243498 0.0130409822444319 0.22401928160662277
leaf_weight=171948 223 167 82 553 157 461 616 196 427 298 171 1068 127 339 548 169 87 174 1447 215 238 82 134 247 207 1999 466 1004 14397 172
leaf_count=171948 223 167 82 553 157 461 616 196 427 298 171 1068 127 339 548 169 87 174 1447 215 238 82 134 247 207 1999 466 1004 14397 172
internal_value=9.6009e-05 0.0124225 0.00720739 5.17427e-05 0.00273734 0.00573363 0.00306835 0.0075 -0.000851735 0.00451737 0.00157366 0.00472155 0.000325203 -1.61799e-05 0.00309909 0.0107531 0.000521372 -0.00137002 -0.000314621 -0.00350181 0.0135 0.00819477 0.0149748 0.00338789 -0.00181319 -6.28467e-05 0.00303043 -0.000103508 0.00109613 -0.00418367
internal_weight=198419 710 487 197709 4877 2658 2063 1232 2219 1036 1792 1239 738 192832 2846 717 2129 1708 1621 831 320 421 595 611 364 189986 2465 187521 15573 1176
internal_count=198419 710 487 197709 4877 2658 2063 1232 2219 1036 1792 1239 738 192832 2846 717 2129 1708 1621 831 320 421 595 611 364 189986 2465 187521 15573 1176
is_linear=0
shrinkage=0.06


Tree=89
num_leaves=31
num_cat=0
split_feature=0 4 24 21 0 23 4 24 2 24 24 16 19 24 16 25 21 21 0 20 24 21 0 17 19 24 24 25 16 11
split_gain=29.2566 11.5093 10.608 11.631 9.32061 21.9467 20.0452 16.2898 19.0188 23.5392 12.7879 10.8171 8.79964 8.70528 14.1377 14.9661 13.7055 12.7875 17.6457 13.1416 12.7468 10.7775 9.40838 8.45785 7.47229 9.39132 12.801 9.29901 13.6179 21.8462
threshold=104.55176544189455 73.500000000000014 16044.857421875002 0.23404077440500262 27.322209358215336 4.8467845916748056 265.50000000000006 15093.737304687502 4.5000000000000009 7232.7141113281259 16008.479003906252 10.500000000000002 75.154262542724624 10965.451660156252 16.500000000000004 11.500000000000002 0.30095402896404272 0.21874103695154193 46.076341629028327 1.5000000000000002 10728.933593750002 0.46803893148899084 37.445917129516609 1.0000000180025095e-35 22.688861846923832 9540.3764648437518 10257.641113281252 7.5000000000000009 14.500000000000002 0.307223990559578
decision_type=2 2 2 2 2 2 2 2 2 2 2 2 8 2 2 2 2 2 2 2 2 2 2 2 10 2 2 2 2 2
left_child=4 -2 3 -3 24 6 13 8 11 12 -9 -7 -10 17 15 -15 -16 18 -6 -20 -19 -18 -23 -21 -1 -26 27 28 29 -27
right_child=1 2 -4 -5 5 7 -8 10 9 -11 -12 -13 -14 14 16 -17 21 20 19 23 -22 22 -24 -25 25 26 -28 -29 -30 -31
leaf_value=0.0068457369053861504 0.25036008018906614 -0.045111681557395117 -0.10108992652610424 0.34097568117717997 -0.13465015722957219 -0.016121193779036248 -0.16675112992919394 -0.083115102018669521 0.16373405309706526 0.25154671397399991 0.055906475850449056 0.077396010095891296 -0.39603892898793175 0.058974895753085191 0.032668637297937834 -0.066346427858812965 -0.094255823317117224 0.014254894722772846 0.1433782396784852 0.12114114898994544 -0.17612418725059675 0.24844740588086481 -0.042846733668766603 -0.096714298976917371 0.0032609831062202586 -0.043436136009218591 -0.0035872839545281554 -0.003095168763230802 -0.084604475458472939 0.087373171893838072
leaf_weight=34418 223 88 140 259 690 805 1264 495 84 836 713 1374 82 4004 1232 372 757 4582 242 137 207 151 328 444 48044 1632 89844 2429 1997 546
leaf_count=34418 223 88 140 259 690 805 1264 495 84 836 713 1374 82 4004 1232 372 757 4582 242 137 207 151 328 444 48044 1632 89844 2429 1997 546
internal_value=9.57066e-05 0.0122535 0.00708419 0.0127089 5.20462e-05 0.00132294 0.000191534 0.00503759 0.00729016 0.0141317 -0.00089404 0.0041441 -0.00650602 0.00088544 0.00236704 0.00441499 -0.00126418 -0.00072358 -0.00553206 0.000400972 0.000795573 -0.00572816 0.00131524 -0.00449225 -8.14935e-05 -0.000270742 -0.000612143 -0.00316172 -0.00487904 -0.0015978
internal_weight=198419 710 487 347 197709 18799 14410 4389 3181 1002 1208 2179 166 13146 6844 4376 2468 6302 1513 823 4789 1236 479 581 178910 144492 96448 6604 4175 2178
internal_count=198419 710 487 347 197709 18799 14410 4389 3181 1002 1208 2179 166 13146 6844 4376 2468 6302 1513 823 4789 1236 479 581 178910 144492 96448 6604 4175 2178
is_linear=0
shrinkage=0.06


Tree=90
num_leaves=31
num_cat=0
split_feature=0 4 16 11 14 7 0 11 23 18 21 24 0 0 21 0 23 5 21 21 21 23 20 16 1 21 5 16 0 18
split_gain=26.8895 12.5664 9.84927 11.6836 9.4055 14.338 14.3375 13.5517 10.2685 9.60206 7.47787 8.26636 7.53953 14.0712 7.32273 14.4582 17.989 15.0312 12.7181 13.869 27.1944 12.3585 16.9144 14.5358 14.4223 13.3307 12.6631 11.9337 13.925 11.256
threshold=104.55176544189455 73.500000000000014 11.500000000000002 0.21494740992784503 1.0000000180025095e-35 2.5000000000000004 57.770694732666023 0.31268873810768133 7.2746057510375985 -1.7351899147033689 0.48932217061519628 9452.7729492187518 20.203450202941898 9.7368164062500018 0.36101733148097997 21.312211990356449 3.8235820531845097 6.5000000000000009 0.32596074044704443 0.33763845264911657 0.34174674749374395 1.0181506872177126 2.5000000000000004 10.500000000000002 224.00000000000003 0.43918706476688391 7.5000000000000009 16.500000000000004 69.17972564697267 20.082914352416996
decision_type=2 2 2 2 2 2 2 2 2 2 2 2 2 2 2 2 2 2 2 2 2 2 2 2 2 2 2 2 2 2
left_child=4 -2 -3 -4 14 6 9 8 10 -6 12 -12 13 -7 18 -16 21 -18 29 -20 -21 22 23 25 -24 -17 -27 28 -23 -1
right_child=1 2 3 -5 5 7 -8 -9 -10 -11 11 -13 -14 -15 15 16 17 -19 19 20 -22 27 24 -25 -26 26 -28 -29 -30 -31
leaf_value=-0.00048963275466872068 0.23533847537772201 0.21158032462772183 -0.16379047306573113 0.22020545558181681 0.080715308537620836 0.21001892457156912 0.22667539278994622 0.57868029158073842 0.405692482195881 -0.033074419694269892 -0.030343396105791242 0.45756111333979949 0.10298844128302689 -0.18989796792677816 0.0011751727107515108 -0.029746191165748604 0.05091883164181752 0.23366396189318794 -0.046887921542132976 0.093196986566331366 -0.018573159694504779 0.085132187161803902 0.0054675349357190582 0.011373075073093375 -0.12333165441926582 0.058890864872228471 0.28625868179266944 -0.13017933470180934 -0.13431768041882178 -0.074640922023096148
leaf_weight=106638 223 206 177 104 587 200 270 329 171 2547 116 170 201 286 64924 370 1639 522 3209 731 7341 308 1976 1958 633 791 704 296 178 614
leaf_count=106638 223 206 177 104 587 200 270 329 171 2547 116 170 201 286 64924 370 1639 522 3209 731 7341 308 1976 1958 633 791 704 296 178 614
internal_value=9.08683e-05 0.0117465 0.00634497 -0.000960854 4.90114e-05 0.00265122 0.000511163 0.00759674 0.00451049 -0.00063178 0.00212744 0.0102797 -0.00126638 -0.00530864 -1.68022e-05 0.000450208 0.0026528 0.00745488 -0.000309534 -0.00222587 -0.000899405 0.00121431 0.00208022 0.00462202 -0.00164431 0.00841287 0.0109365 -0.00590793 -0.000123457 -0.00010797
internal_weight=198419 710 487 281 197709 4877 3404 1473 1144 3134 973 286 687 486 192832 74299 9375 2161 118533 11281 8072 7214 6432 3823 2609 1865 1495 782 486 107252
internal_count=198419 710 487 281 197709 4877 3404 1473 1144 3134 973 286 687 486 192832 74299 9375 2161 118533 11281 8072 7214 6432 3823 2609 1865 1495 782 486 107252
is_linear=0
shrinkage=0.06


Tree=91
num_leaves=31
num_cat=0
split_feature=0 4 14 7 0 11 16 23 24 24 18 16 11 21 7 1 0 11 23 1 11 3 24 21 0 24 24 24 20 25
split_gain=25.3674 10.5119 8.98108 13.9167 13.836 10.5914 9.19122 12.7677 11.4806 18.4384 10.2105 8.5037 9.96912 7.9906 7.33187 6.87344 8.39813 6.74701 12.3316 33.9827 10.633 9.68945 8.80718 16.2268 20.8655 23.9502 11.5988 13.7483 15.2994 17.1896
threshold=104.55176544189455 73.500000000000014 1.0000000180025095e-35 3.5000000000000004 69.17972564697267 0.31626549363136297 14.500000000000002 11.868320941925051 8784.4453125000018 6791.8967285156259 -1.5385415554046629 11.500000000000002 0.21494740992784503 0.077198345214128508 1.5000000000000002 125.50000000000001 8.9045305252075213 0.41736809909343725 13.349164962768556 178.00000000000003 0.40978467464447027 44.000000000000007 13103.602539062502 0.42508035898208624 15.417643547058107 13807.777343750002 10660.973144531252 10257.641113281252 2.5000000000000004 1.5000000000000002
decision_type=2 2 2 2 2 2 2 2 2 2 2 2 2 2 2 2 2 2 2 2 2 2 2 2 2 2 2 2 2 2
left_child=2 -2 17 4 6 -5 8 13 9 -4 -10 -3 -13 -8 -12 -15 -17 20 22 21 -1 -20 26 24 25 -24 27 28 -19 -30
right_child=1 11 3 5 -6 -7 7 -9 10 -11 14 12 -14 15 -16 16 -18 18 19 -21 -22 -23 23 -25 -26 -27 -28 -29 29 -31
leaf_value=-0.0010863503541422514 0.22121816685505905 0.19888550515005873 0.15600277320455802 0.17534059237909475 0.4783638886008228 0.90530137466995575 0.1960574098245518 0.48901363780537793 0.24575546020652894 -0.15331006369957839 -0.0046311377451520742 -0.15396304468178726 0.20699312824690763 -0.0078990973728021163 0.1573235982455671 0.080865981188890421 -0.19463235006407559 0.017743012841926118 -0.069383451544143562 0.2906831399041499 -0.058853701300600761 0.02821200284114269 0.14101870547023698 0.070119657448975234 0.062708069564105559 -0.024046937026898051 -0.026780427897855823 0.16392058681593075 0.20701519961129286 -0.036838168794579462
leaf_weight=166210 223 206 225 474 107 112 152 135 265 405 654 177 104 852 613 157 726 6273 204 533 709 682 494 2124 1794 5249 3564 541 292 4163
leaf_count=166210 223 206 225 474 107 112 152 135 265 405 654 177 104 852 613 157 726 6273 204 533 709 682 494 2124 1794 5249 3564 541 292 4163
internal_value=8.7542e-05 0.0114085 4.68871e-05 0.00258971 0.00140527 0.0112628 0.000860421 -0.00204748 0.00358002 -0.0032381 0.00638381 0.00646817 -0.000320285 -0.00332273 0.00414365 -0.00447839 -0.008188 -1.74245e-05 0.00088334 0.00632135 -0.000157262 -0.000880361 0.000568302 0.00197806 0.000672681 -0.00109176 -0.000349896 0.000593664 0.000123043 -0.00256566
internal_weight=198419 710 197709 4877 4291 586 4184 2022 2162 630 1532 487 281 1887 1267 1735 883 192832 25913 1419 166919 886 24494 9661 7537 5743 14833 11269 10728 4455
internal_count=198419 710 197709 4877 4291 586 4184 2022 2162 630 1532 487 281 1887 1267 1735 883 192832 25913 1419 166919 886 24494 9661 7537 5743 14833 11269 10728 4455
is_linear=0
shrinkage=0.06


Tree=92
num_leaves=31
num_cat=0
split_feature=0 24 21 23 3 11 16 19 21 0 24 16 25 16 21 26 24 24 24 21 24 24 18 23 16 11 0 25 23 24
split_gain=23.1783 9.73636 11.7985 8.62782 15.7968 10.9119 7.39705 7.29897 8.20384 7.99173 11.481 14.0935 12.8751 14.5317 17.4264 12.1726 10.8373 10.79 9.68527 12.6191 10.2431 10.1783 9.10328 8.72399 8.61803 8.50766 10.7989 8.40784 8.34407 7.85591
threshold=104.55176544189455 16044.857421875002 0.16896060109138492 24.933436393737797 59.500000000000007 0.31626549363136297 11.500000000000002 70.678337097167983 0.19260819256305697 16.453348159790043 10352.190429687502 15.500000000000002 11.500000000000002 4.5000000000000009 0.48083676397800451 25.132062911987308 11920.465332031252 6223.2419433593759 9248.4008789062518 0.20257904380559924 10150.854003906252 10617.858398437502 -0.27562019228935236 13.007656097412111 11.500000000000002 0.70235082507133495 12.045402526855471 9.5000000000000018 18.906799316406254 11298.403320312502
decision_type=2 2 2 2 2 2 2 8 2 2 2 2 2 2 2 2 2 2 2 2 2 2 2 2 2 2 2 2 2 2
left_child=3 2 -2 7 -5 -6 -3 -1 -9 18 17 12 13 -12 27 23 -17 -11 19 -10 -20 -22 -14 -13 -16 -21 -27 -15 -25 -23
right_child=1 6 -4 4 5 -7 -8 8 9 10 11 15 22 14 24 16 -18 -19 20 25 21 29 -24 28 -26 26 -28 -29 -30 -31
leaf_value=-0.0045224598033503224 -0.021617295114880475 0.1550349803590447 0.31823563726102616 -0.062679466534288145 0.05639041042933314 0.63100450021955823 -0.19371990677846937 -0.0047045336742065078 0.062291327144234215 0.06535876502135067 -0.0050472087215842534 0.0087804251623693833 0.019877165460685207 0.03938993922647293 0.22742424302942554 0.065678873691044262 -0.091998977717508049 -0.014826128096568957 -0.019100134624687591 0.0078400925410844913 0.031352666144012227 -0.017688447555925756 -0.099968450409588849 0.1947336784048381 0.041765365618808656 0.12717430506416497 -0.027414132994728248 0.12689220700288897 0.0061753702240386586 0.0024313636721940311
leaf_weight=67357 106 82 420 228 574 289 102 32929 759 869 1008 2712 292 2408 994 224 719 4441 6442 21749 3255 5996 222 211 234 288 127 538 163 42681
leaf_count=67357 106 82 420 228 574 289 102 32929 759 869 1008 2712 292 2408 994 224 719 4441 6442 21749 3255 5996 222 211 234 288 127 538 163 42681
internal_value=7.99823e-05 0.0109014 0.015057 4.1121e-05 0.00536205 0.009073 -0.000978261 1.15961e-05 0.000275489 0.000554956 0.00182574 0.0030509 0.00497191 0.00587032 0.00743172 0.000335071 -0.00563097 -0.000418079 0.000319938 0.001365 -9.04512e-05 0.000189479 -0.0040856 0.00215813 0.0134365 0.00110449 0.00961446 0.00492872 0.0107487 -2.77338e-05
internal_weight=198419 710 526 197709 1091 863 184 196618 129261 96332 15035 9725 5696 5182 4174 4029 943 5310 81297 22923 58374 51932 514 3086 1228 22164 415 2946 374 48677
internal_count=198419 710 526 197709 1091 863 184 196618 129261 96332 15035 9725 5696 5182 4174 4029 943 5310 81297 22923 58374 51932 514 3086 1228 22164 415 2946 374 48677
is_linear=0
shrinkage=0.06


Tree=93
num_leaves=31
num_cat=0
split_feature=0 23 3 18 27 23 24 23 4 3 0 19 0 11 3 3 0 23 0 17 0 0 20 23 3 21 21 23 19 3
split_gain=20.5699 17.9271 15.5407 6.78565 9.07756 8.24589 10.3368 6.72029 16.6368 7.88576 9.43446 6.81192 7.8303 8.9023 12.3447 10.4281 18.1878 17.8093 10.5531 10.1235 9.64085 11.3503 10.2138 8.49639 10.956 8.03519 7.85583 14.4543 7.70097 7.42984
threshold=91.426315307617202 19.41494178771973 74.000000000000014 2.2804424762725835 11.96977758407593 1.4496549367904665 12463.331054687502 24.933436393737797 218.50000000000003 46.000000000000007 25.3781270980835 70.678337097167983 1.1635948419570925 0.69073551893234264 111.00000000000001 144.50000000000003 4.450169801712037 16.804028511047367 5.3415167331695566 1.5000000000000002 16.753225326538089 12.30664110183716 1.0000000180025095e-35 13.117848396301271 14.000000000000002 0.76986923813819896 0.14386009424924853 12.537551403045656 85.118759155273452 17.500000000000004
decision_type=2 2 2 2 2 2 2 2 2 2 2 8 2 2 2 2 2 2 2 2 2 2 2 2 2 2 2 2 10 2
left_child=7 2 -2 5 -5 -4 -7 11 9 -9 -11 -1 25 15 -15 16 -14 18 28 20 21 22 -19 24 -18 -13 27 -20 -17 -25
right_child=1 -3 3 4 -6 6 -8 8 -10 10 -12 12 13 14 -16 17 23 19 26 -21 -22 -23 -24 29 -26 -27 -28 -29 -30 -31
leaf_value=-0.0046894897330598618 0.10742791358452407 0.30692232145978166 -0.047503077649663085 0.26105730609570882 -0.0048801106072421871 0.19532734775703489 -0.038708426580191996 -0.067499991945691312 0.65766090896697371 -0.022894745035144534 0.22987310130912553 -0.008173562352141079 -0.0056199408942933984 -0.0045755323644525699 0.074406609118750744 0.01247453431403275 0.036137051703124499 -0.15242448092270133 -0.025286889125666186 0.21769423556424006 0.19888237623936553 -0.2792868710498474 0.12039372043453958 -0.075220167473251859 0.014313040539803942 0.24666762561072764 -0.0082265118386084159 -0.2354206708398637 -0.011069183467340692 -0.0081956907905004778
leaf_weight=66846 506 252 882 120 130 99 161 160 242 426 246 18274 16324 1720 2387 13863 2033 91 4180 648 101 84 253 244 34061 94 26459 175 5279 2079
leaf_count=66846 506 252 882 120 130 99 161 160 242 426 246 18274 16324 1720 2387 13863 2033 91 4180 648 101 84 253 244 34061 94 26459 175 5279 2079
internal_value=7.93775e-05 0.00591628 0.00391992 0.000646552 0.0096 -0.00131349 0.00807692 1.5438e-05 0.0047486 0.000721154 0.00357143 -1.06048e-05 0.000245191 0.000436712 0.0031775 0.000330393 0.000905902 -0.000285725 -0.000457603 0.00700935 0.000850662 -0.00308411 0.00174419 0.00161881 0.00184518 -0.000901568 -0.00114493 -0.00350631 0.000648835 -0.00189841
internal_weight=198419 2150 1898 1392 250 1142 260 196269 1074 832 672 195195 128349 109981 4107 105874 54741 51133 49956 1177 529 428 344 38417 36094 18368 30814 4355 19142 2323
internal_count=198419 2150 1898 1392 250 1142 260 196269 1074 832 672 195195 128349 109981 4107 105874 54741 51133 49956 1177 529 428 344 38417 36094 18368 30814 4355 19142 2323
is_linear=0
shrinkage=0.06


Tree=94
num_leaves=31
num_cat=0
split_feature=0 23 4 14 7 0 7 11 21 3 16 23 24 24 21 24 16 25 11 6 16 24 21 21 0 24 21 11 21 0
split_gain=18.7309 9.80256 8.90841 7.13738 13.641 16.1348 10.8583 10.4049 7.34483 7.54425 6.62275 13.9699 10.9057 10.204 8.94898 8.34952 7.17454 6.32919 10.953 11.4115 10.0807 29.443 18.8544 15.5575 11.5 11.362 12.1392 13.711 12.8306 21.7859
threshold=104.55176544189455 19.41494178771973 73.500000000000014 1.0000000180025095e-35 1.0000000180025095e-35 53.801986694335945 3.5000000000000004 0.31268873810768133 0.72861218452453624 42.000000000000007 13.500000000000002 11.868320941925051 10761.519042968752 6791.8967285156259 0.077198345214128508 16008.479003906252 3.5000000000000004 11.500000000000002 0.74782049655914318 22.94999980926514 14.500000000000002 1429.7474365234377 0.69118657708168041 0.16470228880643847 75.529083251953139 1867.9168701171877 0.22167993336915973 0.75611737370491039 0.30021543800830847 25.3781270980835
decision_type=2 2 2 2 2 2 2 2 2 2 2 2 2 2 2 2 2 2 2 2 2 2 2 2 2 2 2 2 2 2
left_child=3 2 -2 17 -5 6 8 -8 9 -6 12 14 13 -11 -12 16 -14 18 -1 -20 21 -19 25 -22 -25 -23 -27 28 29 -28
right_child=1 -3 -4 4 5 -7 7 -9 -10 10 11 -13 15 -15 -16 -17 -18 20 19 -21 23 22 -24 24 -26 26 27 -29 -30 -31
leaf_value=0.00021776774235223505 0.15402480974815005 0.92158417876874665 0.027213067164170324 -0.044858865266392059 0.12962767754296259 0.34253245104607655 0.1309969256933092 0.81093767542189266 0.22262426548733472 0.15771170794962891 0.22910121078655549 0.56559163581680705 -0.060970973076691019 -0.14211600929068974 -0.095316738767376633 -0.20837392124679247 0.19038583150396665 0.14207225053001626 0.013966233040174884 0.16053359546103926 0.059163853812814776 -0.10189305682717739 -0.21508879294805086 -0.010646251444242241 0.35041962696450096 -0.050552912496172907 0.0679714229265624 -0.18985894174461843 -0.017709488283026511 -0.16493950841759378
leaf_weight=173901 185 97 428 572 194 313 434 131 143 166 125 111 154 540 1298 116 580 426 2143 494 1437 441 254 6789 83 2202 1120 179 3240 123
leaf_count=173901 185 97 428 572 194 313 434 131 143 166 125 111 154 540 1298 116 580 426 2143 494 1437 441 254 6789 83 2202 1120 179 3240 123
internal_value=7.48416e-05 0.00980282 0.00699837 3.99071e-05 0.00230675 0.00346341 0.00243487 0.0101416 0.00116428 0.000584653 -0.000135922 -0.00293351 0.00262211 -0.00288952 -0.00453268 0.0072 0.00956403 -1.74245e-05 8.70068e-05 0.00392491 -0.00114889 -0.00267126 -0.00353618 0.000314117 -0.000873108 -0.00297741 -0.00237762 -0.000643501 6.69195e-06 0.00518906
internal_weight=198419 710 613 197709 4877 4305 3992 565 3427 3284 3090 1534 1556 706 1423 850 734 192832 176538 2637 16294 7985 7559 8309 6872 7305 6864 4662 4483 1243
internal_count=198419 710 613 197709 4877 4305 3992 565 3427 3284 3090 1534 1556 706 1423 850 734 192832 176538 2637 16294 7985 7559 8309 6872 7305 6864 4662 4483 1243
is_linear=0
shrinkage=0.06


Tree=95
num_leaves=31
num_cat=0
split_feature=0 23 4 18 27 23 24 25 19 23 23 25 24 23 2 0 23 24 20 6 24 16 23 0 21 21 21 20 25 10
split_gain=16.5065 13.4647 11.0238 6.67196 8.66167 6.81769 9.65714 6.83069 7.88178 6.43287 15.4941 11.4066 11.2453 19.3615 17.7031 13.2546 12.4946 16.2117 15.4601 15.9783 13.3162 13.1242 21.9737 20.0209 16.6274 15.8632 12.3303 11.598 10.934 10.882
threshold=91.426315307617202 19.41494178771973 67.000000000000014 2.2804424762725835 11.96977758407593 1.3482347726821902 12463.331054687502 1.5000000000000002 47.393001556396491 0.43482093513011938 0.35717251896858221 6.5000000000000009 14462.160644531252 0.67645156383514415 5.5000000000000009 8.41143846511841 14.812517642974855 9570.1909179687518 2.5000000000000004 9.0000000000000018 12519.222167968752 12.500000000000002 4.9729187488555917 13.952573776245119 0.15157151222229007 0.15157151222229007 0.14386009424924853 2.5000000000000004 9.5000000000000018 1.5000000000000002
decision_type=2 2 2 2 2 2 2 2 10 2 2 2 2 2 2 2 2 2 2 2 2 2 2 2 2 2 2 2 2 2
left_child=9 2 -2 5 -5 7 -7 -4 -9 10 -1 12 13 -11 -14 -16 17 26 19 -18 29 25 24 -24 -23 -22 -15 -27 -12 -19
right_child=1 -3 3 4 -6 6 -8 8 -10 11 28 -13 14 16 15 -17 18 20 -20 -21 21 22 23 -25 -26 27 -28 -29 -30 -31
leaf_value=-0.0015233380907464778 0.1009691727049109 0.24081218682341954 0.067011722775609989 0.25258910162028969 -0.0030073767873101077 0.18359464082707178 -0.014245452570485071 0.022955056293255893 -0.10450137606656312 0.11428102581056515 -0.024098169828918683 0.00022916121237130047 0.017381414666916759 -0.04381184615013077 0.059961032308188132 0.28566539532618596 -0.0009148046470654769 0.075719137456886978 -0.057511693720886679 0.26600114534567237 -0.056725349096009264 0.030599809647240624 0.17730892510757917 -0.15898790741486432 -0.090059092027382423 0.099768278429166482 0.030343268695683632 -0.064075024025965432 -0.09961028905372199 -0.047129577257664985
leaf_weight=128901 466 252 139 126 136 105 210 275 441 900 723 48916 2552 898 547 579 384 151 346 663 311 289 283 94 760 855 4409 92 350 3266
leaf_count=128901 466 252 139 126 136 105 210 275 441 900 723 48916 2552 898 547 579 384 151 346 663 311 289 283 94 760 855 4409 92 350 3266
internal_value=7.36321e-05 0.00530233 0.00357218 0.000963687 0.00961832 -0.000974359 0.00657143 -0.00375439 -0.00611732 1.63551e-05 -0.000228969 0.000497323 0.00181771 0.00102693 0.00476346 0.0110302 0.000428873 -0.000226157 0.00579325 0.00942693 -0.00233568 0.000827124 -0.0031136 0.00931034 -0.00757865 0.00529412 0.00219898 0.00915523 -0.00740913 -0.00482002
internal_weight=198419 2150 1898 1432 262 1170 315 855 716 196269 129974 66295 17379 13701 3678 1126 12801 11408 1393 1047 6101 2684 1426 377 1049 1258 5307 947 1073 3417
internal_count=198419 2150 1898 1432 262 1170 315 855 716 196269 129974 66295 17379 13701 3678 1126 12801 11408 1393 1047 6101 2684 1426 377 1049 1258 5307 947 1073 3417
is_linear=0
shrinkage=0.06


Tree=96
num_leaves=31
num_cat=0
split_feature=0 23 6 14 7 23 0 11 1 7 19 23 7 20 0 0 21 20 11 25 24 24 23 16 21 23 21 21 23 21
split_gain=15.9541 9.28249 6.80549 6.57867 12.7041 11.2043 11.0009 10.103 9.65114 19.6796 10.0972 8.30133 6.8742 6.76325 7.1922 10.2066 6.42486 6.0111 12.3211 17.8759 19.547 18.6609 15.0491 14.5492 17.8464 18.1048 16.8732 18.6829 15.9963 13.9853
threshold=104.55176544189455 19.41494178771973 10.299999713897707 1.0000000180025095e-35 2.5000000000000004 7.2746057510375985 69.17972564697267 0.38462381064891821 125.50000000000001 1.5000000000000002 112.9177932739258 7.2746057510375985 1.0000000180025095e-35 1.0000000180025095e-35 21.800677299499515 14.796993255615236 0.44827167689800268 2.5000000000000004 0.43672485649585729 6.5000000000000009 7534.7277832031259 7612.0803222656259 9.380099296569826 14.500000000000002 0.11913262307643892 8.489507198333742 0.62503737211227428 0.69118657708168041 7.5326080322265634 0.41394232213497167
decision_type=2 2 2 2 2 2 2 2 2 2 8 2 2 2 2 2 2 2 2 2 2 2 2 2 2 2 2 2 2 2
left_child=3 2 -2 17 6 7 8 13 9 10 12 -10 -5 -6 15 16 -15 18 19 22 -21 -22 -1 29 25 28 -26 -28 -25 -23
right_child=1 -3 -4 4 5 -7 -8 -9 11 -11 -12 -13 -14 14 -16 -17 -18 -19 -20 20 21 23 -24 24 26 -27 27 -29 -30 -31
leaf_value=0.004928999094562272 0.13600128395432051 0.85184039683321622 0.0054783079478877995 -0.030391391029514984 -0.32950692060376241 0.46759481299617595 0.34152672305328124 0.37248412040451773 -0.14672062360643395 0.29688517792983043 -0.14857811176219599 0.11944013824190332 0.055900262130961949 -0.034626408242248309 0.14834925067487731 -0.12015169103050226 0.37020175646206199 -0.0045053433781565922 0.018573604537213073 -0.030126870369999378 0.094081438865370584 -0.0018384826211953252 0.070651061082523031 0.031921231401328298 -0.021763648821884321 -0.034039208387522162 0.12946823763810736 -0.0022579664715256342 0.13661998347282911 0.031200563160552006
leaf_weight=53049 266 97 347 494 159 334 100 166 952 254 219 254 1131 222 213 198 181 69708 14509 7243 367 16443 1642 1360 19763 758 460 986 351 6193
leaf_count=53049 266 97 347 494 159 334 100 166 952 254 219 254 1131 222 213 198 181 69708 14509 7243 367 16443 1642 1360 19763 758 460 986 351 6193
internal_value=6.4258e-05 0.00904225 0.00631321 3.20168e-05 0.00220832 0.00686354 0.00019389 0.00402985 -0.000399516 0.0020591 -9.76139e-05 -0.00467662 0.00153231 0.00169579 0.00390663 0.000549085 0.00602978 -2.30252e-05 0.000229037 9.66717e-06 -0.000765522 -0.000315546 0.000773985 -0.000422334 -0.00146212 0.00336574 -0.00202414 0.00423237 0.00678551 0.000665312
internal_weight=198419 710 613 197709 4877 1473 3404 1139 3304 2098 1844 1206 1625 973 814 601 403 192832 123124 108615 53924 46681 54691 46314 23678 2469 21209 1446 1711 22636
internal_count=198419 710 613 197709 4877 1473 3404 1139 3304 2098 1844 1206 1625 973 814 601 403 192832 123124 108615 53924 46681 54691 46314 23678 2469 21209 1446 1711 22636
is_linear=0
shrinkage=0.06


Tree=97
num_leaves=31
num_cat=0
split_feature=0 23 14 7 0 7 11 16 24 24 18 23 21 1 25 2 11 7 4 21 21 21 21 0 23 2 19 7 23 20
split_gain=15.0877 9.5574 6.31684 12.2306 16.1261 8.43352 8.66984 8.56897 11.7911 15.8015 8.83791 8.38766 7.51453 7.56013 7.09679 6.57042 6.43015 6.2256 6.1417 5.81644 11.8167 12.9274 23.0968 11.0408 13.3818 14.5168 11.426 10.8114 10.5818 14.22
threshold=104.55176544189455 19.41494178771973 1.0000000180025095e-35 1.0000000180025095e-35 69.17972564697267 3.5000000000000004 0.31268873810768133 14.500000000000002 8784.4453125000018 6791.8967285156259 -1.5385415554046629 11.868320941925051 0.077198345214128508 132.00000000000003 3.5000000000000004 2.5000000000000004 0.73034450411796581 1.5000000000000002 67.000000000000014 0.36101733148097997 0.32596074044704443 0.33763845264911657 0.34174674749374395 21.312211990356449 3.8235820531845097 5.5000000000000009 110.43948364257814 1.0000000180025095e-35 1.0181506872177126 2.5000000000000004
decision_type=2 2 2 2 2 2 2 2 2 2 2 2 2 2 2 2 2 2 2 2 2 2 2 2 2 2 10 2 2 2
left_child=2 18 19 -4 5 7 -7 8 9 -5 -10 12 -9 17 -12 -11 -16 -14 -2 20 -1 -22 -23 27 26 -26 28 -21 29 -25
right_child=1 -3 3 4 -6 6 -8 11 10 15 14 -13 13 -15 16 -17 -18 -19 -20 23 21 22 -24 24 25 -27 -28 -29 -30 -31
leaf_value=-0.00078971596835858632 0.14036080049412702 0.80072997302322357 -0.041321962588498094 0.16813591053629173 0.56473938775870247 0.1122677178124718 0.77043573899678763 0.21531933136680265 0.31084770337675888 0.015744553021165474 -0.21018907029840378 0.4560797704805567 -0.035957524704096744 -0.1272214599735933 0.12620471614411194 -0.22880589385914063 -0.075106362133848137 0.16069068730747083 0.025920687875051553 -0.013295129890687053 -0.043497360208190353 0.088249426786919688 -0.017568361135249556 0.042348039068842769 0.045123920208371825 0.22956896935881752 0.14319210089363602 0.0034059475555428343 -0.050034650608696718 -0.020833125016660146
leaf_weight=107252 160 97 572 194 84 447 134 134 230 92 99 120 583 784 856 259 134 155 453 7541 3209 731 7341 3714 1713 448 180 57383 775 2545
leaf_count=107252 160 97 572 194 84 447 134 134 230 92 99 120 583 784 856 259 134 155 453 7541 3209 731 7341 3714 1713 448 180 57383 775 2545
internal_value=5.79078e-05 0.00878873 2.65542e-05 0.00215911 0.00325436 0.00273632 0.00944923 0.00166484 0.00450644 -0.00291743 0.00757392 -0.00131757 -0.00242754 -0.00362681 0.0053168 -0.0105128 0.00684848 0.000731707 0.00601958 -2.73813e-05 -0.000288274 -0.00213545 -0.000854807 0.000388834 0.0023136 0.00645534 0.00107291 0.000110899 0.00069093 0.00150983
internal_weight=198419 710 197709 4877 4305 4221 581 3640 1864 545 1319 1776 1656 1522 1089 351 990 738 613 192832 118533 11281 8072 74299 9375 2161 7214 64924 7034 6259
internal_count=198419 710 197709 4877 4305 4221 581 3640 1864 545 1319 1776 1656 1522 1089 351 990 738 613 192832 118533 11281 8072 74299 9375 2161 7214 64924 7034 6259
is_linear=0
shrinkage=0.06


Tree=98
num_leaves=31
num_cat=0
split_feature=0 11 25 24 23 24 4 26 11 19 21 11 14 26 26 18 1 4 20 23 4 25 11 0 23 23 0 17 21 23
split_gain=12.8318 16.9525 11.4742 8.99367 6.22719 10.0396 8.74308 5.63573 6.56858 6.26078 6.44956 6.32093 6.22118 8.80556 7.45335 6.0088 8.90186 5.93662 5.90275 7.3403 10.2865 6.63306 12.7683 10.9032 10.6476 12.3402 10.471 6.93653 7.41307 7.23576
threshold=82.491657257080092 0.21494740992784503 7.5000000000000009 11020.954589843752 1.3482347726821902 10940.824707031252 218.50000000000003 719.49838256835949 0.67122200131416332 70.678337097167983 0.74504846334457409 0.77332714200019848 1.0000000180025095e-35 18.015957832336429 20.02668380737305 -1.4211946129798887 290.50000000000006 184.50000000000003 2.5000000000000004 24.933436393737797 136.50000000000003 7.5000000000000009 0.30820882320404058 69.17972564697267 1.7708882093429568 14.603480815887453 51.080162048339851 4.5000000000000009 0.20761293917894366 6.4740757942199716
decision_type=2 2 2 2 2 2 2 2 2 8 2 2 2 2 2 2 2 2 2 2 2 2 2 2 2 2 2 2 2 2
left_child=7 4 3 -3 6 -6 -2 9 -9 18 11 12 -11 -14 -15 -16 -17 -12 19 21 -21 26 23 24 -23 27 -1 28 -26 -29
right_child=1 2 -4 -5 5 -7 -8 8 -10 10 17 -13 13 14 15 16 -18 -19 -20 20 -22 22 -24 -25 25 -27 -28 29 -30 -31
leaf_value=0.00290190550987365 0.015176251328199726 0.1486940752302584 0.32087076118079139 -0.047830101113870711 0.13651078460540489 0.011528425669852708 -0.1577870381300906 -0.015470063541605033 -0.1190760520183296 0.0011595111704145156 0.011019487071413767 0.055986186694807531 -0.002067014090462109 0.26622819939860481 0.12185175363997991 -0.023569012122240378 0.38062462133704172 0.07796242791250789 -0.011317951067547929 0.0054403662079962343 0.48624211977050691 -0.02498885734211324 0.019202308891278504 -0.13821984218787917 0.034010540901271515 -0.057990582398679033 0.084183911569107997 -0.0055012213118170727 -0.016175913353411259 0.086484140248699784
leaf_weight=23665 1323 359 440 146 254 605 463 3561 184 119940 1561 813 1292 154 323 458 134 721 23742 281 192 7587 3734 179 938 783 862 414 2554 757
leaf_count=23665 1323 359 440 146 254 605 463 3561 184 119940 1561 813 1292 154 323 458 134 721 23742 281 192 7587 3734 179 938 783 862 414 2554 757
internal_value=5.54886e-05 0.00361003 0.0105079 0.00433663 0.00114556 0.00534342 -0.00087346 -1.00088e-05 -0.00231509 3.51678e-05 0.000283741 0.000225157 0.000190105 0.00324015 0.00726848 0.00521311 0.00162162 0.00344435 -0.00043935 -1.14433e-05 0.00742072 -9.62072e-05 -0.00100909 -0.00188465 -0.00168265 0.000341535 0.000534513 0.0015119 0.000171821 0.00550811
internal_weight=198419 3590 945 505 2645 859 1786 194829 3745 191084 125396 123114 122301 2361 1069 915 592 2282 65688 41946 473 41473 16946 13212 13033 5446 24527 4663 3492 1171
internal_count=198419 3590 945 505 2645 859 1786 194829 3745 191084 125396 123114 122301 2361 1069 915 592 2282 65688 41946 473 41473 16946 13212 13033 5446 24527 4663 3492 1171
is_linear=0
shrinkage=0.06


Tree=99
num_leaves=31
num_cat=0
split_feature=0 23 1 3 7 23 0 11 23 7 3 11 25 25 16 0 0 11 21 0 11 21 23 23 16 21 21 25 20 21
split_gain=11.3155 7.5853 6.02141 5.97366 5.89103 12.7445 11.1302 10.8213 23.351 20.542 15.2673 11.7034 11.4018 22.9736 12.18 13.9125 12.0671 21.4753 10.6719 21.2515 16.1836 10.6624 10.6582 13.1111 10.5122 11.2809 11.8774 15.4188 12.6072 17.0865
threshold=104.55176544189455 19.41494178771973 3.5000000000000004 66.500000000000014 1.0000000180025095e-35 13.117848396301271 12.605771541595461 0.24962412565946582 19.682042121887211 2.5000000000000004 59.500000000000007 0.25478133559226995 9.5000000000000018 11.500000000000002 13.500000000000002 21.800677299499515 9.2881016731262225 0.47230209410190588 0.2010445445775986 48.56915473937989 0.32213369011878973 0.35213015973567968 1.7064890861511233 1.4673189520835879 18.500000000000004 0.033042430877685554 0.29802435636520391 11.500000000000002 1.5000000000000002 0.21138186007738116
decision_type=2 2 2 2 2 2 2 2 2 2 2 2 2 2 2 2 2 2 2 2 2 2 2 2 2 2 2 2 2 2
left_child=2 3 -1 -2 5 -4 -7 10 11 -10 -6 -9 18 -14 16 -16 17 21 19 20 -13 -15 23 -12 25 -24 28 -28 29 -27
right_child=1 -3 4 -5 7 6 -8 8 9 -11 22 12 13 14 15 -17 -18 -19 -20 -21 -22 -23 24 -25 -26 26 27 -29 -30 -31
leaf_value=0.025609759616618516 0.12624015878932851 0.73343392897098314 -0.0037653022868235375 0.024052834145064421 0.012072965218641282 -0.11047473263364702 -0.0099756919074430062 0.10700333068276829 0.058251434913586878 0.54177538283735915 -0.0059928159079571759 -0.1074916616255593 0.053610412846711482 0.079223024191641622 0.038582487579131922 -0.15672213075635164 0.015719198957801161 -0.13813561938167682 0.0083840993353376716 0.16751274446012643 -0.022854671374194238 -0.10763984016476415 0.21587745450128668 -0.058676418541545976 0.031979342340774437 0.031277457333722732 0.011774952834726874 0.53750418698180313 -0.027692171845065418 -0.027383832182454042
leaf_weight=1034 158 97 21227 455 17944 464 724 482 597 325 87681 588 5098 253 1610 305 686 611 18244 340 5593 199 114 548 4791 3814 14377 121 7315 2624
leaf_count=1034 158 97 21227 455 17944 464 724 482 597 325 87681 588 5098 253 1610 305 686 611 18244 340 5593 199 114 548 4791 3814 14377 121 7315 2624
internal_value=4.46026e-05 0.00760563 1.74499e-05 0.00513866 -6.55904e-06 -0.00092215 -0.0069697 0.000111213 0.00105551 0.0104772 -0.00012553 0.000800082 0.000666627 0.00252682 -0.00109716 0.00220888 -0.00471698 -0.0087206 8.47971e-06 -0.00207484 -0.00287818 0.00119469 -0.000367014 -0.000711671 0.000550127 0.000111052 3.5043e-05 0.00123327 -0.0012281 0.000708295
internal_weight=198419 710 197709 613 196675 22415 1188 174260 34931 922 139329 34009 33527 8762 3664 1915 1749 1063 24765 6521 6181 452 121385 88229 33156 28365 28251 14498 13753 6438
internal_count=198419 710 197709 613 196675 22415 1188 174260 34931 922 139329 34009 33527 8762 3664 1915 1749 1063 24765 6521 6181 452 121385 88229 33156 28365 28251 14498 13753 6438
is_linear=0
shrinkage=0.06


Tree=100
num_leaves=31
num_cat=0
split_feature=0 11 23 23 21 16 24 17 25 17 0 26 26 25 24 24 21 11 21 0 11 2 0 5 20 21 16 21 24 16
split_gain=9.7858 14.0805 10.4795 7.00023 5.59928 13.4093 14.3367 8.06574 7.14673 6.08241 6.20011 5.69627 4.98991 5.0619 4.88253 11.9248 8.76111 12.8318 12.5725 16.5829 11.8576 8.27211 7.57896 7.27531 6.94843 9.7977 7.7522 6.86928 6.67464 12.9628
threshold=82.491657257080092 0.21494740992784503 15.119426727294924 1.0241547226905825 0.40094302594661718 3.5000000000000004 16044.857421875002 3.5000000000000004 11.500000000000002 1.0000000180025095e-35 104.55176544189455 340.11991882324224 3.2087447643280034 1.5000000000000002 16890.026367187504 16556.795898437504 0.086868789047002806 0.55249637365341198 0.17327156662940982 8.2435984611511248 0.52300366759300243 5.5000000000000009 9.2881016731262225 4.5000000000000009 1.5000000000000002 0.293117105960846 14.500000000000002 0.14853189885616305 17028.370117187504 10.500000000000002
decision_type=2 2 2 2 2 2 2 2 2 2 2 2 2 2 2 2 2 2 2 2 2 2 2 2 2 2 2 2 2 2
left_child=14 4 3 -3 8 -6 7 -7 9 -2 11 12 -11 -14 15 -1 17 22 19 20 -18 -17 -16 -19 -23 26 -26 -21 29 -20
right_child=1 2 -4 -5 5 6 -8 -9 -10 10 -12 -13 13 -15 16 21 18 23 28 27 -22 24 -24 -25 25 -27 -28 -29 -30 -31
leaf_value=-0.0003069339384482905 0.10768766365095317 0.12095789853940203 0.56289512132010544 -0.020108574800625546 -0.17537782546667016 0.0076683378308555917 -0.15965099351355191 0.14116111277063409 -0.17762155817720823 0.095263263286909414 0.13962622201318339 0.083448944585404375 -0.22567054150263799 -0.028772858535001972 -0.02719098047023407 -0.01619067637661617 0.030295433397191988 -0.0092946838356964181 0.1115417911064966 0.19901744824666365 -0.13041461722117284 -0.088855458523855083 -0.14061573607931388 0.35068950983194835 -0.17925875236399824 0.047044158948915109 -0.017494765183050178 0.0068774975068879212 0.0017338578631397271 -0.0031781434133755847
leaf_weight=175742 284 586 204 155 142 154 110 428 118 98 205 83 169 854 849 2439 961 87 752 520 162 553 155 85 119 256 147 141 10818 1043
leaf_count=175742 284 586 204 155 142 154 110 428 118 98 205 83 169 854 849 2439 961 87 752 520 162 553 155 85 119 256 147 141 10818 1043
internal_value=3.795e-05 0.00314206 0.00942857 0.00611336 0.00089603 0.00496403 0.0084104 0.0121649 -0.000977361 1.772e-05 -0.00159688 -0.0032392 -0.00436218 -0.00560117 -1.92476e-05 -0.000107779 0.000999807 -0.00397959 0.00140654 0.00612108 0.00168299 -0.00356858 -0.00657371 0.0111628 -0.00795349 -0.00298851 -0.0110526 0.0136611 0.000739713 0.00412813
internal_weight=198419 3590 945 741 2645 834 692 582 1811 1693 1409 1204 1121 1023 194829 179256 15573 1176 14397 1784 1123 3514 1004 172 1075 522 266 661 12613 1795
internal_count=198419 3590 945 741 2645 834 692 582 1811 1693 1409 1204 1121 1023 194829 179256 15573 1176 14397 1784 1123 3514 1004 172 1075 522 266 661 12613 1795
is_linear=0
shrinkage=0.06


Tree=101
num_leaves=31
num_cat=0
split_feature=0 23 15 23 24 11 6 19 24 21 25 24 26 1 25 17 21 24 24 11 16 0 23 21 24 16 24 20 20 11
split_gain=9.30129 11.8199 13.8096 9.94459 8.4213 8.41456 6.88886 5.27463 5.24081 9.3588 7.208 6.09566 5.78828 5.0207 4.93979 16.4994 21.7968 22.484 17.2191 12.0493 31.1075 12.694 11.3427 13.0134 11.5942 26.782 14.5972 14.8486 14.6369 11.7724
threshold=82.491657257080092 1.4496549367904665 1.0000000180025095e-35 0.39329834282398229 15345.807617187502 0.21494740992784503 25.349999427795414 106.98156738281251 8496.8959960937518 0.30225856602191931 6.5000000000000009 11057.514648437502 22.933567047119144 220.50000000000003 6.5000000000000009 1.5000000000000002 0.10105558112263681 7534.7277832031259 17602.083007812504 0.65231239795684826 15.500000000000002 8.2435984611511248 0.31413850188255316 0.11515184491872789 8911.6054687500018 14.500000000000002 15472.451660156252 1.5000000000000002 1.0000000180025095e-35 0.56714195013046276
decision_type=2 2 2 2 2 2 2 8 2 2 2 2 2 2 2 2 2 2 2 2 2 2 2 2 2 2 2 2 2 2
left_child=14 3 -3 5 -5 6 7 8 9 -2 11 -10 -13 -7 15 16 19 -18 22 21 -21 -1 23 -19 25 -25 -26 28 -28 -27
right_child=1 2 -4 4 -6 13 -8 -9 10 -11 -12 12 -14 -15 -16 -17 17 18 -20 20 -22 -23 -24 24 26 29 27 -29 -30 -31
leaf_value=-0.018943277073897296 -0.021976736812679858 0.041664069376288068 0.25899792654395354 -0.16201411625377715 0.048245471636158895 0.083058684433183594 -0.21680166342892249 0.082959270251286618 -0.18611604985166891 0.13356924840564319 -0.12250359092510678 0.082294438918150664 -0.05852259544383457 0.24543377082427867 -0.0028754281530965998 -0.0018341190276134434 0.046688249209484702 0.10631108437207235 0.11981659477141374 0.19532076864652695 -0.099423393228574491 -0.095604725859285117 0.042012262343123337 0.030533483203042378 0.013718790899152551 -0.088364011994462616 -0.051298430963756414 -0.054200798818243391 0.052544888964203708 0.24189859903125427
leaf_weight=1864 194 823 237 171 88 451 242 346 84 140 320 244 115 135 98042 69605 4328 380 541 196 136 449 3921 843 10570 742 562 1715 841 94
leaf_count=1864 194 823 237 171 88 451 242 346 84 140 320 244 115 135 98042 69605 4328 380 541 196 136 449 3921 843 10570 742 562 1715 841 94
internal_value=3.22046e-05 0.0030585 0.00837736 0.00083004 -0.0103089 0.0021004 -5.34125e-05 0.00151767 -0.000519599 0.0057485 -0.00326343 0.001693 0.00509749 0.00829352 -2.35591e-05 0.000280513 0.0015341 0.00209194 0.00125142 -0.00364083 0.00704819 -0.0051751 0.000960952 0.000241951 -2.92835e-05 -0.00473496 0.000547925 -0.00305965 0.00151818 -0.0123445
internal_weight=198419 3590 1060 2530 259 2271 1685 1443 1097 334 763 443 359 586 194829 96787 27182 24537 20209 2645 332 2313 19668 15747 15367 1679 13688 3118 1403 836
internal_count=198419 3590 1060 2530 259 2271 1685 1443 1097 334 763 443 359 586 194829 96787 27182 24537 20209 2645 332 2313 19668 15747 15367 1679 13688 3118 1403 836
is_linear=0
shrinkage=0.06


Tree=102
num_leaves=31
num_cat=0
split_feature=0 11 23 24 2 21 21 24 16 5 21 1 7 23 0 14 0 21 21 21 25 24 24 18 23 20 2 21 21 24
split_gain=8.9058 11.9763 12.3712 8.1728 5.23827 5.21433 8.67168 7.72751 9.32834 7.41131 6.20682 5.01618 5.9522 10.8664 9.96711 8.81822 10.295 8.8999 8.66506 8.53788 11.607 13.0741 15.8775 10.7919 10.7327 10.2434 9.84998 9.56858 13.2594 18.4511
threshold=82.491657257080092 0.26825551688671118 15.119426727294924 10965.451660156252 5.5000000000000009 0.32325446605682379 0.26112917065620428 15805.925292968752 3.5000000000000004 7.5000000000000009 0.43721179664134985 3.5000000000000004 1.0000000180025095e-35 13.117848396301271 12.605771541595461 1.0000000180025095e-35 41.712530136108406 0.72861218452453624 0.42600551247596746 0.36421258747577673 1.5000000000000002 11020.954589843752 15345.807617187502 20.082914352416996 28.859872817993168 3.5000000000000004 4.5000000000000009 0.32596074044704443 0.293117105960846 8110.1960449218759
decision_type=2 2 2 2 2 2 2 2 2 2 2 2 2 2 2 2 2 2 2 2 2 2 2 2 2 2 2 2 2 2
left_child=11 5 3 4 -3 6 -2 8 10 -10 -7 -1 13 18 -15 19 17 -17 -13 23 21 -21 26 27 -22 -24 -23 28 -14 -30
right_child=1 2 -4 -5 -6 7 -8 -9 9 -11 -12 12 15 14 -16 16 -18 -19 -20 20 24 22 25 -25 -26 -27 -28 -29 29 -31
leaf_value=0.023861546961543162 0.019454431899333713 0.12169196204837959 0.6852330876996795 -0.007973228081456795 0.51583078593809006 0.047833322602547808 -0.047931346963902395 -0.062245952632899414 0.046003136592600954 0.2044647199728199 -0.28679105399620908 0.00059255764834652107 -0.0031748648718195513 -0.10365530695013553 -0.0070625029809856694 0.01330076398147142 0.17004967586628394 0.27035482730043087 -0.017965535540648305 0.011831479291794822 0.0066616144606238149 -0.03779574739078085 -0.033434075022692196 -0.11233285738646877 0.25453197754544765 0.11802482253972854 -0.10923344200747573 -0.018998264354999943 0.052250923504816575 0.0048639499383557805
leaf_weight=1022 1229 181 174 299 83 86 488 214 480 250 106 15082 79818 464 678 3503 626 149 5885 1890 58960 882 657 493 324 491 757 10434 2363 10351
leaf_count=1022 1229 181 174 299 83 86 488 214 480 250 106 15082 79818 464 678 3503 626 149 5885 1890 58960 882 657 493 324 491 757 10434 2363 10351
internal_value=3.03902e-05 0.00299164 0.00981004 0.00548845 0.0131818 0.00123028 -0.000856144 0.0043838 0.0067679 0.00986301 -0.005 -2.4175e-05 -4.62832e-05 -0.000972907 -0.0066725 7.30352e-05 0.00276297 0.00154436 -0.00066247 4.30056e-06 0.000549241 -0.00232842 -0.0049408 -0.000332596 0.000776263 0.000470383 -0.00873093 -0.000290193 -9.59668e-05 0.00170363
internal_weight=198419 3590 737 563 264 2853 1717 1136 922 730 192 194829 193807 22109 1142 171698 4278 3652 20967 167420 63961 4677 2787 103459 59284 1148 1639 102966 92532 12714
internal_count=198419 3590 737 563 264 2853 1717 1136 922 730 192 194829 193807 22109 1142 171698 4278 3652 20967 167420 63961 4677 2787 103459 59284 1148 1639 102966 92532 12714
is_linear=0
shrinkage=0.06


Tree=103
num_leaves=31
num_cat=0
split_feature=0 11 23 24 19 0 4 21 3 23 11 0 0 11 23 3 21 16 7 11 19 14 16 27 11 3 3 18 11 0
split_gain=7.77597 9.40421 8.89452 7.42157 5.06021 6.1016 7.8188 8.68793 6.09452 18.5019 15.6858 12.5704 11.3917 11.0672 9.48013 8.07519 7.63231 7.06708 6.92753 6.85258 6.78511 6.14231 5.95402 6.2928 5.95128 5.89334 5.81351 6.72212 5.80253 8.46032
threshold=82.491657257080092 0.26825551688671118 15.119426727294924 10965.451660156252 69.996173858642592 1.1635948419570925 30.000000000000004 0.76986923813819896 144.50000000000003 15.119426727294924 0.68116891384124767 4.450169801712037 5.3415167331695566 0.31626549363136297 15.521236896514894 14.000000000000002 0.26759469509124761 7.5000000000000009 1.5000000000000002 0.38871137797832495 85.118759155273452 1.0000000180025095e-35 15.500000000000002 13.453821182250978 0.64290335774421703 261.50000000000006 79.000000000000014 -3.6190689802169795 1.0000000180025095e-35 11.824396133422853
decision_type=2 2 2 2 8 2 2 2 2 2 2 2 2 2 2 2 2 2 2 2 10 2 2 2 2 2 2 2 2 2
left_child=4 -2 3 -3 -1 6 -6 24 11 10 12 17 20 16 15 19 22 -7 26 -13 -10 -20 23 -11 -8 -18 -17 -28 -14 -30
right_child=1 2 -4 -5 5 8 7 -9 9 13 -12 14 28 -15 -16 18 25 -19 21 -21 -22 -23 -24 -25 -26 -27 27 -29 29 -31
leaf_value=-0.0042820655528713657 0.011795507474671752 0.21088838351567984 0.64411910243769832 -0.0074948343965695581 -0.028315649604259134 0.017283812618605107 -0.002741006522239786 0.25351899276229267 0.011737324971678866 -0.07317631578282062 0.057653107812554186 0.038065761808641123 -0.017426609367356526 0.29731159278369418 -0.030769682718162859 0.011871972957409644 0.049195879400776472 -0.0085686585553698246 0.025900094152864397 -0.0081684649253475072 -0.010280481664779408 0.20743864883067559 -0.11326282485288597 0.17221832855595265 -0.092358576894737407 0.25033470373361461 -0.034832241607245303 0.0033068461931204493 0.022219289394086451 -0.033293627901838541
leaf_weight=65063 2853 264 174 299 1966 2757 16290 88 13920 126 2048 1799 23822 321 1630 19474 736 14130 7492 401 5259 228 158 98 246 355 1452 8360 3937 2673
leaf_count=65063 2853 264 174 299 1966 2757 16290 88 13920 126 2048 1799 23822 321 1630 19474 736 14130 7492 401 5259 228 158 98 246 355 1452 8360 3937 2673
internal_value=2.404e-05 0.00279109 0.00883311 0.00516874 -2.69467e-05 0.000189572 -0.000816568 -0.000393407 0.000357811 -0.00010383 -0.000311853 0.000785302 -0.000524279 0.00588629 0.00135469 0.00154109 0.00368635 -0.000591579 0.00133114 0.00507273 0.000620992 0.00293005 -0.00361257 0.00267857 -0.000493469 0.00624198 0.00090965 -0.000281288 -0.00124606 0.000326778
internal_weight=198419 3590 737 563 194829 129766 18590 16624 111176 53453 51659 57723 49611 1794 40836 39206 1473 16887 37006 2200 19179 7720 382 224 16536 1091 29286 9812 30432 6610
internal_count=198419 3590 737 563 194829 129766 18590 16624 111176 53453 51659 57723 49611 1794 40836 39206 1473 16887 37006 2200 19179 7720 382 224 16536 1091 29286 9812 30432 6610
is_linear=0
shrinkage=0.06


Tree=104
num_leaves=31
num_cat=0
split_feature=0 11 18 25 3 25 26 11 23 23 25 10 25 24 23 5 0 23 24 4 20 17 17 24 24 20 16 24 24 24
split_gain=7.29362 9.15921 8.49408 6.73473 5.56053 5.13721 4.82643 6.37294 5.45589 12.782 10.4016 9.14107 8.78693 13.6756 19.9116 15.6187 12.8489 10.8729 12.4507 11.898 14.2341 10.1846 9.52717 9.40307 9.18725 21.7745 19.0675 18.1775 13.3461 13.3094
threshold=82.491657257080092 0.21494740992784503 -0.2470712214708328 3.5000000000000004 296.00000000000006 1.5000000000000002 719.49838256835949 0.67122200131416332 0.43482093513011938 0.35717251896858221 9.5000000000000018 1.5000000000000002 6.5000000000000009 14462.160644531252 0.67645156383514415 9.5000000000000018 8.4944567680358904 14.812517642974855 7534.7277832031259 90.000000000000014 2.5000000000000004 5.5000000000000009 1.5000000000000002 15889.216796875002 7534.7277832031259 3.5000000000000004 10.500000000000002 7339.4455566406259 7612.0803222656259 6432.6215820312509
decision_type=2 2 2 2 2 2 2 2 2 2 2 2 2 2 2 2 2 2 2 2 2 2 2 2 2 2 2 2 2 2
left_child=6 4 -3 5 -2 -4 8 -8 9 -1 -11 -10 13 14 -13 -15 23 18 -16 -19 22 -20 -21 -17 25 26 -14 -28 -26 -27
right_child=1 2 3 -5 -6 -7 7 -9 11 10 -12 12 24 15 17 16 -18 19 21 20 -22 -23 -24 -25 28 29 27 -29 -30 -31
leaf_value=-0.0013576656207523129 0.013903330086009759 -0.0076491369607278158 0.52604687274709505 0.27977141829091606 -0.15987337389261341 -0.010703851915913986 -0.014634040618127767 -0.11132552270985732 0.037595865009286765 -0.019774561609917789 -0.092177788375344155 0.10995266507764739 -0.084357461333385508 0.028634039124606919 0.028285013226935156 -0.036214341379257949 0.30103861094072265 -0.014702165142569106 -0.010744003765573829 0.59366462986139812 -0.058983905536137617 -0.061390697613354528 0.14271100319596286 0.32108294089846678 0.086863803736996648 0.24848124353464326 0.017427406610764196 -0.085967530721430305 0.00094888256808541623 0.032469198236023546
leaf_weight=125510 2400 298 81 408 245 158 3561 184 2833 691 350 853 1908 2600 2282 229 432 470 7602 200 206 686 410 202 328 173 2026 469 39777 847
leaf_count=125510 2400 298 81 408 245 158 3561 184 2833 691 350 853 1908 2600 2282 229 432 470 7602 200 206 686 410 202 328 173 2026 469 39777 847
internal_value=2.76687e-05 0.00270752 0.00777778 0.0116383 0.00089603 0.00364017 -2.17113e-05 -0.00215487 2.00959e-05 -0.000208849 -0.00682997 0.000469062 0.000316045 0.00151744 0.000606657 0.00485995 0.011854 -3.03644e-05 -0.000664144 0.00517885 0.00955882 -0.00174469 0.0141639 0.00452436 -0.000110701 -0.00242855 -0.00425846 -0.000805611 0.000202718 0.00547059
internal_weight=198419 3590 945 647 2645 239 194829 3745 191084 126551 1041 64533 61700 16172 12709 3463 863 11856 10570 1286 816 8288 610 431 45528 5423 4403 2495 40105 1020
internal_count=198419 3590 945 647 2645 239 194829 3745 191084 126551 1041 64533 61700 16172 12709 3463 863 11856 10570 1286 816 8288 610 431 45528 5423 4403 2495 40105 1020
is_linear=0
shrinkage=0.06


Tree=105
num_leaves=31
num_cat=0
split_feature=0 23 15 23 24 24 1 11 24 19 24 21 17 24 24 5 4 23 0 11 21 11 11 19 0 11 3 23 11 0
split_gain=6.32416 9.09245 11.0561 8.23529 8.10638 7.31778 6.52324 4.72676 6.02317 8.42422 7.58136 11.0667 9.57865 6.19954 6.27169 5.48017 4.50762 8.38818 8.85075 5.40602 5.18106 5.28143 4.91577 4.38677 5.3944 7.93863 6.78188 11.5834 10.9235 10.5355
threshold=82.491657257080092 1.4496549367904665 1.0000000180025095e-35 0.43482093513011938 15345.807617187502 15876.365722656252 118.50000000000001 0.32278057932853704 11817.410156250002 30.865610122680668 8285.8154296875018 0.42260582745075231 4.5000000000000009 10456.151855468752 11445.069335937502 5.5000000000000009 309.50000000000006 11.868320941925051 11.101244926452638 0.63009357452392589 0.46803893148899084 0.72573435306549083 0.26825551688671118 69.996173858642592 1.1635948419570925 0.69596979022026073 144.50000000000003 16.804028511047367 0.68116891384124767 4.450169801712037
decision_type=2 2 2 2 2 2 2 2 2 10 2 2 2 2 2 2 2 2 2 2 2 2 2 8 2 2 2 2 2 2
left_child=16 3 -3 5 -5 7 -7 8 10 -10 11 12 -2 -12 15 -15 23 18 20 -20 21 -18 -19 -1 25 -25 29 28 -28 -26
right_child=1 2 -4 4 -6 6 -8 -9 9 -11 13 -13 -14 14 -16 -17 17 22 19 -21 -22 -23 -24 24 26 -27 27 -29 -30 -31
leaf_value=-0.0044082471507043757 0.093279720669436586 0.039245052800315532 0.22120993333932659 -0.16399862222719264 0.046684693902182488 0.033110109398372028 -0.24063917402297705 0.11084695465158347 0.28135541798977298 0.01659910839316325 -0.13762473194002636 0.18338639932392439 -0.13286340531988755 0.095856229334879403 -0.19418510377529813 -0.030795048500978337 0.0064644657794229714 0.12575543980684742 -0.049948973458382652 0.18380291591466721 0.057828652475779431 0.21255576031443787 0.43341412930877682 -0.0060157512410896532 -0.0039243923188695181 -0.1034995412199958 -0.0052558408841971802 0.080643622867445794 0.042506386046045605 0.010859803257674132
leaf_weight=64030 251 823 237 159 88 84 118 377 123 332 317 156 136 157 84 148 3834 389 1440 94 1135 104 103 17804 16887 175 44815 1298 1885 40836
leaf_count=64030 251 823 237 159 88 84 118 377 123 332 317 156 136 157 84 148 3834 389 1440 94 1135 104 103 17804 16887 175 44815 1298 1885 40836
internal_value=2.82735e-05 0.00252368 0.00718868 0.00056917 -0.00983806 0.00169514 -0.00920792 0.00275348 0.00140845 0.00731868 -0.000744596 0.00458564 -0.000852713 -0.00484419 0.000231362 0.00422951 -1.77078e-05 0.0014664 0.000903587 -0.00308996 0.00211118 0.00108177 0.00902439 -7.38294e-05 0.000134842 -0.000825964 0.000298238 -0.00022876 -0.000384154 0.000736448
internal_weight=198419 3590 1060 2530 247 2283 202 2081 1704 455 1249 543 387 706 389 305 194829 7099 6607 1534 5073 3938 492 187730 123700 17979 105721 47998 46700 57723
internal_count=198419 3590 1060 2530 247 2283 202 2081 1704 455 1249 543 387 706 389 305 194829 7099 6607 1534 5073 3938 492 187730 123700 17979 105721 47998 46700 57723
is_linear=0
shrinkage=0.06


Tree=106
num_leaves=31
num_cat=0
split_feature=0 11 23 24 6 4 23 24 6 19 24 27 21 24 24 21 24 16 20 2 6 25 17 14 23 4 26 21 25 25
split_gain=5.748 9.33382 7.97806 5.67008 5.54187 4.67676 5.00104 6.87783 5.50654 6.73742 5.41563 8.18135 4.26623 10.838 11.6999 17.0135 15.1468 11.9695 12.1156 8.1938 6.74224 6.39481 6.03757 7.43763 6.55697 7.11945 5.95473 5.85413 5.65901 5.38936
threshold=82.491657257080092 0.26825551688671118 15.119426727294924 10965.451660156252 10.150000095367433 30.000000000000004 1.4496549367904665 10833.450195312502 28.10000038146973 45.992685317993171 11719.077636718752 11.96977758407593 0.63282191753387462 15152.826660156252 12867.219238281252 0.81262066960334789 12779.738281250002 14.500000000000002 2.5000000000000004 3.5000000000000004 11.299999713897707 9.5000000000000018 1.0000000180025095e-35 1.0000000180025095e-35 28.859872817993168 136.50000000000003 2.0685122013092045 0.66943460702896129 8.5000000000000018 6.5000000000000009
decision_type=2 2 2 2 2 2 2 2 2 10 2 2 2 2 2 2 2 2 2 2 2 2 2 2 2 2 2 2 2 2
left_child=12 5 3 -3 -4 -2 8 -8 9 10 -7 -12 29 14 16 17 21 28 27 -15 -17 22 -14 24 -24 -26 -21 -19 -16 -1
right_child=1 2 4 -5 -6 6 7 -9 -10 -11 11 -13 13 19 15 20 -18 18 -20 26 -22 -23 23 -25 25 -27 -28 -29 -30 -31
leaf_value=0.0021879504690456874 0.070180856044574816 0.17487436608005111 0.20671538861712874 -0.011623419515199771 0.85968359022919649 0.0013981574190449918 0.10605577433524729 0.0050306965423867209 -0.20273383289890232 -0.021262836525461636 0.27441456307359274 -0.005808642812304185 -0.048236707725708691 0.0082192002441906099 -0.055484451329670212 0.030200425350074819 0.13141792385942722 -0.16833900591991302 0.046102199922460584 0.21222890982057135 1.1265703851296622 0.044486529714079029 -0.0079123578748684798 0.17553057989530998 -0.041662979961644024 0.98040970622794765 0.074410700610269984 -0.0329238660463766 -0.096505867729088007 -0.0036652422520793326
leaf_weight=90278 196 264 84 299 90 341 237 522 225 1118 120 94 584 1366 625 82 380 97 389 84 95 1614 3454 211 85 84 1430 562 327 93082
leaf_count=90278 196 264 84 299 90 341 237 522 225 1118 120 94 584 1366 625 82 380 97 389 84 95 1614 3454 211 85 84 1430 562 327 93082
internal_value=2.76687e-05 0.00240669 0.00842605 0.0049556 0.0196552 0.000851735 0.000191946 0.0043083 -0.00145416 -0.000268978 0.00513514 0.0126168 -1.6168e-05 0.00110646 3.84212e-05 -0.00376206 0.00132876 -0.00534 -0.000916031 0.00429167 0.0140678 0.000596817 -0.000583975 0.00028169 -0.000356059 0.0111834 0.00733157 -0.00587253 -0.0102101 -8.63874e-05
internal_weight=198419 3590 737 563 174 2853 2657 759 1898 1673 555 214 194829 11469 8589 2177 6412 2000 1048 2880 177 6032 4418 3834 3623 169 1514 659 952 183360
internal_count=198419 3590 737 563 174 2853 2657 759 1898 1673 555 214 194829 11469 8589 2177 6412 2000 1048 2880 177 6032 4418 3834 3623 169 1514 659 952 183360
is_linear=0
shrinkage=0.06


Tree=107
num_leaves=31
num_cat=0
split_feature=0 23 15 3 24 6 19 21 25 21 17 16 18 27 5 24 24 2 21 11 21 0 11 20 21 16 5 0 2 24
split_gain=5.20212 7.84412 9.74251 7.85254 6.90837 7.56349 9.38965 5.41536 6.33966 5.10819 9.38301 8.30339 4.9553 4.38133 4.14516 4.13667 10.7377 7.72655 7.2998 11.1064 9.80456 13.3233 10.8452 6.97629 8.49 6.94324 6.46683 6.37546 6.23058 6.06211
threshold=82.491657257080092 1.4496549367904665 1.0000000180025095e-35 29.000000000000004 9401.8671875000018 25.349999427795414 25.207819938659672 0.16614678502082827 6.5000000000000009 0.42260582745075231 2.5000000000000004 16.500000000000004 -1.5696794390678404 11.96977758407593 4.5000000000000009 16890.026367187504 16556.795898437504 5.5000000000000009 0.086868789047002806 0.55249637365341198 0.17628498375415805 8.2435984611511248 0.52300366759300243 1.5000000000000002 0.293117105960846 14.500000000000002 4.5000000000000009 9.2881016731262225 3.5000000000000004 17028.370117187504
decision_type=2 2 2 2 2 2 10 2 2 2 2 2 2 2 2 2 2 2 2 2 2 2 2 2 2 2 2 2 2 2
left_child=15 3 -3 -2 9 6 13 -8 -9 10 11 -5 -13 -6 -4 16 -1 -18 19 27 21 22 -20 -19 25 -25 -21 -17 -23 -22
right_child=1 2 14 4 5 -7 7 8 -10 -11 -12 12 -14 -15 -16 18 17 23 20 26 29 28 -24 24 -26 -27 -28 -29 -30 -31
leaf_value=-0.00028471351956989023 0.091520551972575956 0.036040572436146188 0.11667079563106937 0.88242921132023777 0.19847554813117738 -0.17180318661871141 -0.14506689259543576 0.010028090665870905 -0.10507666441107971 0.17193815839614388 -0.10386994281935556 0.10070582163969305 -0.073377031931065623 0.008561071854178549 0.25065731803751218 -0.024483209346742502 -0.01494503921579882 -0.08429121597994868 0.023933389727770198 -0.0069845193732504642 0.03844341428898005 0.052271648206395939 -0.12004659250461591 -0.16745580929740916 0.045585886313447323 -0.015397661347317992 0.31226203547309911 -0.12578041479937183 0.30070487328186768 0.00092221222380253645
leaf_weight=175742 164 823 135 141 139 222 157 580 318 227 223 84 119 156 102 849 2439 553 1107 87 1795 339 162 119 256 147 85 155 370 10624
leaf_count=175742 164 823 135 141 139 222 157 580 318 227 223 84 119 156 102 849 2439 553 1107 87 1795 339 162 119 256 147 85 155 370 10624
internal_value=2.64592e-05 0.00228969 0.00662264 0.000474308 -0.000405748 -0.00270992 -0.00102222 -0.00366825 -0.00187082 0.00415617 0.00111111 0.00732558 -0.00044335 0.00844068 0.0173418 -1.52441e-05 -9.67332e-05 -0.00338076 0.000922751 -0.00362245 0.00129402 0.00521739 0.00153664 -0.0076186 -0.00264368 -0.0101504 0.0104651 -0.00603586 0.0118054 0.000669136
internal_weight=198419 3590 1060 2530 2366 1572 1350 1055 898 794 567 344 203 295 237 194829 179256 3514 15573 1176 14397 1978 1269 1075 522 266 172 1004 709 12419
internal_count=198419 3590 1060 2530 2366 1572 1350 1055 898 794 567 344 203 295 237 194829 179256 3514 15573 1176 14397 1978 1269 1075 522 266 172 1004 709 12419
is_linear=0
shrinkage=0.06


Tree=108
num_leaves=31
num_cat=0
split_feature=0 11 1 18 25 26 23 6 24 17 19 27 26 24 0 26 1 26 27 11 3 23 27 24 27 11 21 5 25 21
split_gain=4.98098 7.91336 7.38139 6.32065 5.81193 4.59013 4.57077 7.71757 5.46514 5.22153 5.19826 6.27251 5.63501 4.59333 4.11307 4.08621 5.96024 5.22111 5.52757 6.32581 5.19803 5.43913 4.87575 4.855 4.7348 4.65275 4.60388 7.26896 6.11329 10.3352
threshold=82.491657257080092 0.21494740992784503 226.50000000000003 0.79141938686370861 8.5000000000000018 514.96118164062511 1.3482347726821902 23.94999980926514 10940.824707031252 3.5000000000000004 45.992685317993171 12.612927436828615 22.825154304504398 11719.077636718752 104.55176544189455 719.49838256835949 275.50000000000006 29.350804328918461 14.759797573089601 0.70530927181243908 357.50000000000006 14.812517642974855 20.504293441772464 17540.340820312504 10.599985599517824 0.55806332826614391 0.27196498215198522 5.5000000000000009 7.5000000000000009 0.26759469509124761
decision_type=2 2 2 2 2 2 2 2 2 2 10 2 2 2 2 2 2 2 2 2 2 2 2 2 2 2 2 2 2 2
left_child=15 5 3 -3 -4 6 7 10 9 -8 13 -12 -13 -2 -5 17 25 20 19 23 24 -22 -18 -19 26 -17 27 -1 29 -29
right_child=1 2 4 14 -6 -7 8 -9 -10 -11 11 12 -14 -15 -16 16 22 18 -20 -21 21 -23 -24 -25 -26 -27 -28 28 -30 -31
leaf_value=0.0050249759100608488 0.0074200778964015508 -0.012278438506127856 0.070235165540225353 0.054380205010689332 0.40653862991582712 0.079877828916947349 0.0084269567419292448 -0.1757322121632805 0.0036449827548710799 0.11318539226498245 -0.067313388856408377 0.046004909843758809 -0.09311100461876734 0.19701207320941364 0.38337581276197341 -0.0023064205640993449 -0.081732588873033987 0.00028572683192588098 0.020580377654750164 0.071656969323061759 0.018536509916459838 0.42714201557397996 0.040899156176976155 -0.06262103246696761 -0.0031110233285545517 -0.084713183362351993 0.0064591339717897161 0.0014014812945462296 -0.027750074532389042 -0.11288220907244415
leaf_weight=15416 282 404 101 206 103 135 117 321 576 133 454 355 132 140 131 2994 378 8070 7371 215 2628 106 118 260 107651 255 36735 7066 5388 178
leaf_count=15416 282 404 101 206 103 135 117 321 576 133 454 355 132 140 131 2994 378 8070 7371 215 2628 106 118 260 107651 255 36735 7066 5388 178
internal_value=2.49472e-05 0.00223955 0.00695238 0.00417004 0.0170588 0.000555766 -2.39044e-05 -0.0018171 0.00363196 0.01104 0.000154072 -0.00232731 0.00240246 0.0056872 0.0102374 -1.58601e-05 -0.00197864 2.26079e-05 0.00106308 2.45758e-05 -7.19309e-05 0.00252377 -0.00810484 -0.000237695 -0.000113087 -0.0010434 0.000292206 -0.000286651 -0.0013537 -0.000215351
internal_weight=198419 3590 945 741 204 2645 2510 1684 826 250 1363 941 487 422 337 194829 3745 191084 15916 8545 175168 2734 496 8330 172434 3249 64783 28048 12632 7244
internal_count=198419 3590 945 741 204 2645 2510 1684 826 250 1363 941 487 422 337 194829 3745 191084 15916 8545 175168 2734 496 8330 172434 3249 64783 28048 12632 7244
is_linear=0
shrinkage=0.06


Tree=109
num_leaves=31
num_cat=0
split_feature=0 11 23 6 24 2 21 24 24 24 17 21 16 21 2 16 17 24 24 24 23 21 1 16 25 20 2 14 2 2
split_gain=4.61479 6.56675 8.24554 6.70567 5.13131 3.94396 3.87365 11.2435 10.9327 14.3754 14.0608 9.64822 11.0402 9.93971 8.51511 7.19076 13.925 10.2636 8.20815 10.7849 7.27314 6.66184 6.48743 8.73423 6.39626 5.62035 5.35453 5.32597 5.06591 5.06012
threshold=82.491657257080092 0.26825551688671118 15.119426727294924 10.150000095367433 10965.451660156252 5.5000000000000009 0.64188274741172802 15152.826660156252 12867.219238281252 12779.738281250002 5.5000000000000009 0.81262066960334789 14.500000000000002 0.66943460702896129 5.5000000000000009 15.500000000000002 4.5000000000000009 1287.2454223632815 11513.559570312502 11952.073242187502 8.4409470558166522 0.6846919357776643 72.500000000000014 19.500000000000004 3.5000000000000004 3.5000000000000004 3.5000000000000004 1.0000000180025095e-35 3.5000000000000004 3.5000000000000004
decision_type=2 2 2 2 2 2 2 2 2 2 2 2 2 2 2 2 2 2 2 2 2 2 2 2 2 2 2 2 2 2
left_child=6 -2 4 -4 5 -3 -1 8 9 15 11 12 25 -14 -9 17 18 -8 22 -20 27 -18 -17 24 -24 -10 -13 -19 -22 -11
right_child=1 2 3 -5 -6 -7 7 14 10 29 -12 26 13 -15 -16 16 21 20 19 -21 28 -23 23 -25 -26 -27 -28 -29 -30 -31
leaf_value=-0.00066143941824139409 0.0061049273567476805 0.053698882296693853 0.18633684178920659 0.78622266601066781 -0.012404587352899057 0.41134442699093537 0.30144326598830812 0.022878060189566795 -0.038766968699221992 0.048386109977043325 -0.13488124186768344 0.0151920214897134 -0.15803492135383077 0.029427630121990962 0.11096627342109884 0.0015896038051943151 0.093983564237316533 0.003008110828705295 0.1915042383407986 -0.038837112711946863 0.014918406468908074 0.020106632901655229 0.007830358797546691 0.0060796995370224578 -0.14638650412493903 -0.079564643170389318 1.064873195648794 0.15706748067650628 0.59451466175090317 0.27242324415925584
leaf_weight=184100 2853 181 84 90 299 83 95 1729 570 180 318 84 97 766 774 303 145 2829 152 296 99 509 99 204 602 249 93 212 124 200
leaf_count=184100 2853 181 84 90 299 83 95 1729 570 180 318 84 97 766 774 303 145 2829 152 296 99 509 99 204 602 249 93 212 124 200
internal_value=2.43424e-05 0.00215599 0.00720488 0.0186207 0.00367673 0.00977273 -1.49362e-05 0.0010933 2.18818e-05 0.0013341 -0.00362425 -0.00162991 -0.0030321 0.00170336 0.00461446 0.000576821 -0.002 0.00234891 -0.00492754 0.00200893 0.00178309 0.00541284 -0.0075 -0.0100442 -0.013224 -0.00802198 0.0116949 0.00101611 0.0122422 0.0126316
internal_weight=198419 3590 737 174 563 264 194829 10729 8226 6049 2177 1859 1682 863 2503 5669 2310 3359 1656 448 3264 654 1208 905 701 819 177 3041 223 380
internal_count=198419 3590 737 174 563 264 194829 10729 8226 6049 2177 1859 1682 863 2503 5669 2310 3359 1656 448 3264 654 1208 905 701 819 177 3041 223 380
is_linear=0
shrinkage=0.06


Tree=110
num_leaves=31
num_cat=0
split_feature=14 7 0 7 11 0 24 24 16 24 24 19 21 25 7 23 21 18 27 20 23 17 17 23 2 3 20 6 0 3
split_gain=4.46927 11.3304 17.8215 8.02464 8.89388 7.66882 7.94812 7.76916 6.86382 12.1948 9.96406 7.50663 6.82956 6.67404 5.88989 5.11386 5.14351 4.90184 5.53577 4.24856 9.91942 18.01 8.56381 8.03451 31.7972 9.99376 9.42583 7.78986 16.548 11.2608
threshold=1.0000000180025095e-35 1.0000000180025095e-35 69.17972564697267 3.5000000000000004 0.31268873810768133 35.662218093872077 8347.2670898437518 8784.4453125000018 10.500000000000002 8784.4453125000018 16008.479003906252 67.430042266845717 0.13758362084627154 5.5000000000000009 1.5000000000000002 2.7925844192504887 0.44827167689800268 5.2188830375671396 15.337466716766359 1.0000000180025095e-35 21.212114334106449 1.5000000000000002 5.5000000000000009 16.804028511047367 5.5000000000000009 62.500000000000007 2.5000000000000004 10.84999990463257 4.1343591213226327 14.000000000000002
decision_type=2 2 2 2 2 2 2 2 2 2 2 10 2 2 2 2 2 2 2 2 2 2 2 2 2 2 2 2 2 2
left_child=19 -2 3 5 15 8 -7 -8 9 12 11 13 -3 -11 -9 16 -5 18 -10 20 -1 -22 -23 27 25 -25 -26 28 -21 -30
right_child=1 2 -4 4 -6 6 7 14 17 10 -12 -13 -14 -15 -16 -17 -18 -19 -20 23 21 22 -24 24 26 -27 -28 -29 29 -31
leaf_value=0.0055339331119806934 -0.042837327586729611 -0.26029039463720438 0.57165485928544613 -0.093526591846981685 0.71089258530793231 0.33456373290642516 -0.087986098431248508 0.052962596355674164 -0.063057115601553734 -0.12517752158908377 -0.21780865794311863 0.22010027646606858 -0.0047046748671041878 0.10837210014563986 0.26587293263798373 0.35963288901517648 0.32402739158759641 -0.17597105313331973 0.059560260095247841 -0.0074433052650843034 -0.11798585999079243 -0.019437453680168203 0.19395790894649056 -0.048427960627457405 0.22152906745444936 0.018915222095443624 0.052449909960849403 -0.0065657128847405755 0.029365540857272644 0.0062052294780144332
leaf_weight=45436 577 102 98 222 134 127 172 348 648 140 92 339 248 295 199 88 137 406 524 22713 338 545 192 901 726 1827 502 78990 1909 39444
leaf_count=45436 577 102 98 222 134 127 172 348 648 140 92 339 248 295 199 88 137 406 524 22713 338 545 192 901 726 1827 502 78990 1909 39444
internal_value=2.34353e-05 0.00181373 0.00286872 0.00228145 0.0088296 0.00123626 0.00624113 0.00379694 -0.00027917 0.00310855 0.00692841 0.00914729 -0.00634286 0.00393103 0.00729433 0.0047651 0.00158774 -0.00288973 -0.000921502 -2.18579e-05 0.000477951 -0.0052186 4.07056e-05 -0.000179985 0.00248736 -0.0011217 0.0105049 -0.000253747 0.00023788 0.000952531
internal_weight=198419 4896 4319 4221 581 3640 846 719 2794 1216 866 774 350 435 547 447 359 1578 1172 193523 46511 1075 737 147012 3956 2728 1228 143056 64066 41353
internal_count=198419 4896 4319 4221 581 3640 846 719 2794 1216 866 774 350 435 547 447 359 1578 1172 193523 46511 1075 737 147012 3956 2728 1228 143056 64066 41353
is_linear=0
shrinkage=0.06


Tree=111
num_leaves=31
num_cat=0
split_feature=19 21 26 19 19 0 16 16 25 21 26 26 24 21 21 5 11 21 24 24 21 20 18 24 24 24 0 24 24 23
split_gain=4.06193 5.26352 7.50428 6.15608 6.71266 5.98574 9.52017 15.02 13.2836 17.8164 11.9749 11.8696 11.5172 9.09631 10.5859 8.97262 8.69588 8.89475 8.63327 8.43915 9.70107 8.07453 8.06594 7.81368 8.56818 7.58501 7.22003 7.03993 9.28384 7.66975
threshold=69.996173858642592 0.19260819256305697 1.1521776318550112 77.505538940429702 76.438472747802749 16.453348159790043 2.5000000000000004 15.500000000000002 11.500000000000002 0.44997850060462957 25.132062911987308 546.48699951171886 8496.8959960937518 0.52006244659423839 0.30543017387390142 4.5000000000000009 0.406288892030716 0.63282191753387462 7495.5214843750009 9248.4008789062518 0.20257904380559924 2.5000000000000004 -1.1232076883316038 10150.854003906252 10617.858398437502 10456.151855468752 86.781265258789077 7676.5393066406259 8036.8220214843759 9.608006954193117
decision_type=8 2 2 8 10 2 2 2 2 2 2 2 2 2 2 2 2 2 2 2 2 2 2 2 2 2 2 2 2 2
left_child=-1 2 -2 4 -4 19 13 8 9 26 -9 -12 -10 14 -7 -11 17 22 -17 20 -3 -15 -14 -21 25 -25 -8 29 -29 -22
right_child=1 5 3 -5 -6 6 7 10 12 15 11 -13 16 21 -16 18 -18 -19 -20 23 27 -23 -24 24 -26 -27 -28 28 -30 -31
leaf_value=-0.0034121316579289562 -0.034034928340969876 0.056257279045874048 0.0039498250120487289 -0.0058218589888804437 0.05088744791943816 -0.12014863403063791 0.030445477073289737 0.012382930127551787 0.097120623200281739 0.042638471980682623 -0.084843069345257621 0.073632387924844236 0.01781396063961406 -0.066396010454566959 0.031422680825468202 0.0058881806697775292 0.054723704568048849 -0.26307184095555991 0.23055947529522711 -0.016718169144349725 -0.0016697284239979026 -0.37755328173506442 -0.14895255652119621 0.0011674743369318374 -0.00091072494642716159 0.050036304908604688 -0.063167331414386754 0.05327477893311066 0.0096220439080539847 0.070267443577106015
leaf_weight=66356 1200 759 5599 25722 1196 344 4183 5155 233 1219 1203 312 251 190 551 188 118 138 1089 6594 12771 106 205 1651 49580 1621 174 2322 6793 596
leaf_count=66356 1200 759 5599 25722 1196 344 4183 5155 233 1219 1203 312 251 190 551 188 118 138 1089 6594 12771 106 205 1651 49580 1621 174 2322 6793 596
internal_value=1.40612e-05 0.000206492 -0.000440431 -0.000268475 0.00133775 0.000428284 0.00150393 0.00192839 0.00371634 0.00463593 -0.000161919 -0.00485149 -0.00295238 -0.00365239 -0.000636872 0.00867788 -0.00674157 -0.00969697 0.0121926 0.000224582 0.00119401 -0.0127703 -0.00565789 -0.000154426 8.85492e-05 0.00306235 0.0023204 0.000968775 0.00225453 9.20177e-05
internal_weight=198419 132063 33717 32517 6795 98346 15659 14468 7798 6853 6670 1515 945 1191 895 2496 712 594 1277 82687 23241 296 456 59446 52852 3272 4357 22482 9115 13367
internal_count=198419 132063 33717 32517 6795 98346 15659 14468 7798 6853 6670 1515 945 1191 895 2496 712 594 1277 82687 23241 296 456 59446 52852 3272 4357 22482 9115 13367
is_linear=0
shrinkage=0.06


Tree=112
num_leaves=31
num_cat=0
split_feature=0 23 3 14 21 23 16 21 21 21 17 16 17 17 23 4 0 2 16 11 24 19 20 23 17 17 24 0 16 11
split_gain=3.93056 10.8828 14.2275 10.5116 9.23973 7.93893 8.87627 8.60574 11.9149 7.68076 13.1711 13.0961 11.4672 9.10635 11.5518 9.81073 6.82055 6.78076 6.4177 7.12446 6.47264 4.62873 4.58556 9.47033 17.3061 8.36108 23.7318 14.4597 23.6363 13.2422
threshold=69.17972564697267 17.144623756408695 87.000000000000014 1.0000000180025095e-35 0.07383566722273828 11.342735767364504 17.500000000000004 0.56469395756721508 0.69118657708168041 0.54243248701095592 5.5000000000000009 10.500000000000002 4.5000000000000009 2.5000000000000004 9.1458992958068865 232.00000000000003 82.491657257080092 5.5000000000000009 17.500000000000004 0.54383811354637157 6609.9169921875009 45.332105636596687 1.0000000180025095e-35 21.212114334106449 1.5000000000000002 1.0000000180025095e-35 6952.7482910156259 17.298931121826175 11.500000000000002 0.70189699530601513
decision_type=2 2 2 2 2 2 2 2 2 2 2 2 2 2 2 2 2 2 2 2 2 10 2 2 2 2 2 2 2 2
left_child=22 3 -3 4 17 7 16 9 -9 10 13 -11 -13 18 15 -15 -7 -2 19 -6 -20 -12 23 25 -25 26 -1 29 -29 -28
right_child=1 2 -4 -5 5 6 -8 8 -10 11 21 12 -14 14 -16 -17 -18 -19 20 -21 -22 -23 -24 24 -26 -27 27 28 -30 -31
leaf_value=0.067894302810219326 -0.026475999159198692 -0.02783215580348198 0.26292736326538035 0.46603491744118369 0.037257051643395302 -0.12695463491372991 0.11444692552620139 -0.17956946950485117 0.027994850192007162 0.46855443289361542 0.08382996180199441 0.082546750950296538 -0.075755260809684158 -0.011188004342006081 0.11019264800116219 -0.22030226092137864 0.0016513537453127468 -0.44167600193541939 0.14964728339817895 0.96749083523841883 -0.022661203413905467 0.35480218005023828 -0.0016183881315846803 -0.11070198049186918 0.001671149688300737 0.0083224827602125014 -0.04539168054071805 0.2119135476675483 -0.064047837880628289 0.099212512377181872
leaf_weight=716 188 212 332 95 1037 222 98 294 227 157 172 106 150 1327 165 307 124 89 93 130 663 286 145676 338 660 39221 4188 456 433 257
leaf_count=716 188 212 332 95 1037 222 98 294 227 157 172 106 150 1327 165 307 124 89 93 130 663 286 145676 338 660 39221 4188 456 433 257
internal_value=1.95042e-05 0.00147359 0.00959559 0.000728499 0.00040617 0.000939187 -0.00675676 0.00160735 -0.00570058 0.00243632 0.00166507 0.0102421 0.001875 0.000483611 -0.00258477 -0.00411261 -0.0112717 -0.0102888 0.00335413 0.00614396 -0.000952381 0.0112664 -2.95397e-05 0.000490825 -0.00529058 0.000618277 -0.00145785 -0.00283465 0.00415073 -0.00423172
internal_weight=198419 6474 544 5930 5835 5558 444 5114 521 4593 4180 413 256 3722 1799 1634 346 277 1923 1167 756 458 191945 46269 998 45271 6050 5334 889 4445
internal_count=198419 6474 544 5930 5835 5558 444 5114 521 4593 4180 413 256 3722 1799 1634 346 277 1923 1167 756 458 191945 46269 998 45271 6050 5334 889 4445
is_linear=0
shrinkage=0.06


Tree=113
num_leaves=31
num_cat=0
split_feature=25 24 24 23 0 16 21 16 24 11 2 3 21 24 21 16 7 24 24 20 6 5 17 21 21 0 17 21 17 17
split_gain=3.8082 8.25023 16.2091 10.8298 11.4819 14.1339 12.4159 10.471 11.0444 11.2688 10.7159 10.7063 10.6478 10.0354 11.391 13.8375 8.58533 8.45972 8.26108 8.03341 7.30932 7.24392 6.98595 6.62326 7.08494 6.60288 9.82324 6.95157 6.32207 8.50545
threshold=11.500000000000002 10728.933593750002 10484.014160156252 1.0181506872177126 35.662218093872077 16.500000000000004 0.39492434263229376 13.500000000000002 15313.875976562502 0.30906003713607794 4.5000000000000009 211.00000000000003 0.30021543800830847 7751.2326660156259 0.50751915574073803 11.500000000000002 2.5000000000000004 1429.7474365234377 8003.4028320312509 2.5000000000000004 10.449999809265138 5.5000000000000009 1.0000000180025095e-35 0.59814637899398815 0.27196498215198522 4.0413975715637216 2.5000000000000004 0.20761293917894366 5.5000000000000009 4.5000000000000009
decision_type=2 2 2 2 2 2 2 2 2 2 2 2 2 2 2 2 2 2 2 2 2 2 2 2 2 2 2 2 2 2
left_child=-1 2 3 4 13 16 -7 11 9 10 -9 28 -12 14 20 -16 -6 -17 -15 21 -2 -20 -23 24 -10 26 27 -22 29 -3
right_child=1 7 -4 -5 5 6 -8 8 23 -11 12 -13 -14 18 15 17 -18 -19 19 -21 25 22 -24 -25 -26 -27 -28 -29 -30 -31
leaf_value=0.00082208217299844838 0.00056117453485107663 -0.022169489773976418 0.15770089707522544 -0.1521559800305636 -0.088572988610655434 -0.18260544343828314 0.21879179268751756 -0.020892805742027034 0.048006962530496883 0.019104869473982305 -0.065438589493477292 -0.082607126690007082 -0.15227981504177335 0.1373156473407558 0.11341628399891517 -0.055463777911277247 -0.40613484079614942 0.047063688584490122 0.011957368974468894 -0.011861586386482017 0.05769842418707382 0.10364922294881836 0.071584619225152898 0.11895490741630249 -0.022094415723127234 -0.087005718669460302 0.053243926206242548 -0.10471003820625227 -0.075358220690381075 0.059274530123398603
leaf_weight=181601 1077 1954 355 183 334 139 195 739 778 912 300 772 225 181 530 397 128 279 1402 1441 116 139 996 202 738 803 309 210 572 412
leaf_count=181601 1077 1954 355 183 334 139 195 739 778 912 300 772 225 181 530 397 128 279 1402 1441 116 139 996 202 738 803 309 210 572 412
internal_value=1.46659e-05 -0.00084909 0.000358151 -0.000145615 0.000159059 -0.00670854 0.00269461 -0.00231194 -0.000138675 -0.00297794 -0.00664557 -0.00459299 -0.0132 0.000852792 -0.00141091 0.00338308 -0.0135065 -0.00230769 0.0028781 0.00230769 -0.00370974 0.00433977 0.00790308 0.00345751 0.00209763 -0.00650904 -0.00193701 -0.00920245 -0.00294078 -0.00157227
internal_weight=198419 16818 9214 8859 8676 796 334 7604 3894 2176 1264 3710 525 7880 3721 1206 462 676 4159 3978 2515 2537 1135 1718 1516 1438 635 326 2938 2366
internal_count=198419 16818 9214 8859 8676 796 334 7604 3894 2176 1264 3710 525 7880 3721 1206 462 676 4159 3978 2515 2537 1135 1718 1516 1438 635 326 2938 2366
is_linear=0
shrinkage=0.06


Tree=114
num_leaves=31
num_cat=0
split_feature=25 16 24 21 21 21 24 20 24 16 2 24 17 24 16 24 0 24 23 21 3 23 24 4 20 21 21 3 20 20
split_gain=4.00856 6.94868 22.3796 15.1003 14.4384 10.9835 16.6758 13.5583 16.5823 10.4653 9.72608 9.36022 15.6436 12.9166 14.3197 13.5314 12.5631 16.9296 11.3043 10.3955 12.0182 9.47112 9.30343 8.6246 7.87785 7.73958 9.93565 7.56466 7.52096 7.38489
threshold=11.500000000000002 13.500000000000002 1429.7474365234377 0.69118657708168041 0.16470228880643847 0.21537154167890551 10809.746093750002 1.0000000180025095e-35 8725.8950195312518 18.500000000000004 6.5000000000000009 16952.113281250004 4.5000000000000009 14462.160644531252 4.5000000000000009 7751.2326660156259 13.952573776245119 8811.9062500000018 1.1002950072288515 0.54729878902435314 104.00000000000001 1.3482347726821902 2039.013854980469 136.50000000000003 3.5000000000000004 0.37800039350986486 0.28577227890491491 144.50000000000003 1.0000000180025095e-35 3.5000000000000004
decision_type=2 2 2 2 2 2 2 2 2 2 2 2 2 2 2 2 2 2 2 2 2 2 2 2 2 2 2 2 2 2
left_child=-1 2 -2 11 9 6 -6 8 -7 22 -10 13 -13 15 -15 19 17 24 -19 20 -4 -18 -3 -16 -17 26 -22 -9 -8 -21
right_child=1 4 3 -5 5 7 28 27 10 -11 -12 12 -14 14 23 16 21 18 -20 29 25 -23 -24 -25 -26 -27 -28 -29 -30 -31
leaf_value=0.000772757242618538 0.12125956232314188 -0.032642904093157919 -0.011769355829852616 -0.19639002607388431 -0.18329650067457046 -0.068359524368666991 -0.0841237076555688 0.0080679527113134246 0.047775131555003111 -0.010223583567796339 0.21851622926772399 -0.022935226280838678 0.23238076263714783 0.037254555197715145 -0.047111350328035609 0.14632471453526438 -0.062767106965333122 0.011075085661932587 -0.10121678805018498 -0.03300519257969331 -0.11115550335126054 0.096276778249110573 0.1265279089517462 -0.10746244775051313 -0.0092048755146192547 -0.15022168535182659 0.062914919403483024 -0.033150767954701017 0.024025018781644304 0.27002502070385587
leaf_weight=181601 426 140 608 254 264 181 190 2502 782 440 219 250 194 295 794 338 1150 1918 107 186 294 154 858 619 93 345 136 2438 558 85
leaf_count=181601 426 140 608 254 264 181 190 2502 782 440 219 250 194 295 794 338 1150 1918 107 186 294 154 858 619 93 345 136 2438 558 85
internal_value=4.98944e-06 -0.000881199 -0.00212467 -0.00285422 0.000314979 -0.00079058 -0.00658103 0.000166612 0.00593909 0.00579972 0.00896104 -0.00237113 0.00608108 -0.00289806 -0.00744731 -0.00146287 0.000526596 0.00305375 0.000755556 -0.00598549 -0.00809111 -0.00423313 0.0091984 -0.00995754 0.0138515 -0.0130452 -0.00767442 -0.00121457 -0.00200535 0.00476015
internal_weight=198419 16818 8246 7820 8572 7134 1012 6122 1182 1438 1001 7566 444 7122 1708 5414 3760 2456 2025 1654 1383 1304 998 1413 431 775 430 4940 748 271
internal_count=198419 16818 8246 7820 8572 7134 1012 6122 1182 1438 1001 7566 444 7122 1708 5414 3760 2456 2025 1654 1383 1304 998 1413 431 775 430 4940 748 271
is_linear=0
shrinkage=0.06


Tree=115
num_leaves=31
num_cat=0
split_feature=19 21 26 21 20 16 19 27 11 0 24 24 16 23 25 16 21 21 26 0 23 24 21 24 24 21 15 24 17 23
split_gain=3.87792 4.71605 5.75116 5.36226 9.66786 8.4335 5.43504 5.34413 5.56019 5.14788 9.31698 12.3049 8.37402 11.8583 9.05772 14.5971 13.7416 9.74852 7.96691 8.57329 7.94676 7.65254 8.57138 7.43729 7.54744 7.30362 7.92983 7.18112 14.2714 7.57716
threshold=69.996173858642592 0.19260819256305697 1.1521776318550112 0.1898603290319443 2.5000000000000004 14.500000000000002 71.675411224365249 24.845652580261234 0.40978467464447027 16.453348159790043 9096.0834960937518 8347.2670898437518 15.500000000000002 13.007656097412111 11.500000000000002 4.5000000000000009 0.44827167689800268 0.52405381202697765 25.132062911987308 82.491657257080092 1.3322262763977053 9248.4008789062518 0.20257904380559924 10150.854003906252 10617.858398437502 0.3180158287286759 1.0000000180025095e-35 11298.403320312502 5.5000000000000009 22.919845581054691
decision_type=8 2 2 2 2 2 8 2 2 2 2 2 2 2 2 2 2 2 2 2 2 2 2 2 2 2 2 2 2 2
left_child=-1 2 -2 6 -5 -6 -4 9 -9 21 11 20 14 18 15 17 -17 -12 -14 -20 -11 22 -3 -23 -25 -16 -27 28 -26 -29
right_child=1 7 3 4 5 -7 -8 8 -10 10 12 -13 13 -15 25 16 -18 -19 19 -21 -22 23 -24 24 27 26 -28 29 -30 -31
leaf_value=-0.0032596825019753427 -0.032058277225724137 0.05226363020731712 0.036158562104112058 -0.14718960690153413 -0.084146016088030476 0.077416282226136696 -0.0026969213643079581 0.052329229884318325 -0.0357758646786073 0.022757978707554683 0.007243054481879483 -0.090539140934692702 0.0053080983043454922 0.083915694901064555 -0.10058345122037032 0.033255600741097915 0.12045337740639787 -0.17632205297219114 -0.079955460260493369 0.061150031296140522 -0.054958682318666373 -0.01667035752873687 0.0070741629596862855 0.026394185397708769 -0.0044045294235559359 0.099291260148026195 -0.038308906655103919 0.0016173901139540491 -0.064569685180351472 -0.088485228574025104
leaf_weight=66356 1200 756 1185 237 176 189 30730 656 134 2445 951 800 3369 576 261 3030 1801 249 878 112 699 6525 22339 3240 4732 177 192 42858 1343 223
leaf_count=66356 1200 756 1185 237 176 189 30730 656 134 2445 951 800 3369 576 261 3030 1801 249 878 112 699 6525 22339 3240 4732 177 192 42858 1343 223
internal_value=3.47749e-06 0.0001915 -0.000420856 -0.00027032 -0.0058804 0.000246575 -0.000164499 0.00040144 0.00531646 0.000361638 0.00136293 -0.00115619 0.00221973 0.000346505 0.00360757 0.00432267 0.00579383 -0.0016 -0.000722643 -0.00545455 0.000534351 0.000171918 0.00109764 -0.000190934 4.69501e-05 -0.0032381 0.00219512 -0.000137928 -0.00206914 0.000134398
internal_weight=198419 132063 33717 32517 602 365 31915 98346 790 97556 15540 3944 11596 4935 6661 6031 4831 1200 4359 990 3144 82016 23095 58921 52396 630 369 49156 6075 43081
internal_count=198419 132063 33717 32517 602 365 31915 98346 790 97556 15540 3944 11596 4935 6661 6031 4831 1200 4359 990 3144 82016 23095 58921 52396 630 369 49156 6075 43081
is_linear=0
shrinkage=0.06


Tree=116
num_leaves=31
num_cat=0
split_feature=23 4 4 0 11 26 20 18 16 21 11 14 16 23 24 11 0 0 25 7 21 21 18 25 16 23 5 20 25 17
split_gain=4.0324 14.3204 7.89454 7.50817 6.86517 5.34528 4.76107 4.47471 7.10455 7.42394 6.2212 5.86333 8.56584 13.3649 9.57445 8.05636 8.7435 7.93525 8.31399 7.34896 6.66183 7.11139 5.86268 5.62073 9.0456 6.30404 7.94503 5.43369 4.77138 4.65486
threshold=24.933436393737797 199.50000000000003 30.000000000000004 25.3781270980835 0.31626549363136297 14.964596271514894 2.5000000000000004 8.1126699447631854 19.500000000000004 0.066865954548120513 0.26759324967861181 1.0000000180025095e-35 12.500000000000002 8.3458485603332537 11817.410156250002 0.31268873810768133 13.095165252685549 12.045402526855471 5.5000000000000009 1.5000000000000002 0.077198345214128508 0.72861218452453624 1.9322378635406496 4.5000000000000009 21.500000000000004 1.3482347726821902 7.5000000000000009 2.5000000000000004 10.500000000000002 4.5000000000000009
decision_type=2 2 2 2 2 2 2 2 2 2 2 2 2 2 2 2 2 2 2 2 2 2 2 2 2 2 2 2 2 2
left_child=7 2 -2 6 5 -3 -4 11 9 -9 -10 -1 13 14 17 20 -17 -13 22 -16 -14 23 27 29 25 26 -25 -19 -21 -22
right_child=1 4 3 -5 -6 -7 -8 8 10 -11 -12 12 15 -15 19 16 -18 18 -20 28 21 -23 -24 24 -26 -27 -28 -29 -30 -31
leaf_value=-0.00010194455549767944 -0.15412575885395896 0.36604181692678545 -0.0063963664151917496 0.12283313670622163 1.2156851546339595 -0.0094361506991908328 -0.1367480282143787 0.16409621166432908 -0.10119943458600164 -0.016892246939996216 0.012419244609762216 -0.12536863859588379 0.25799375876290193 -0.23130535065333163 0.080810293985387138 0.49073775493696892 0.01068213939198202 -0.036020497073769024 0.18241617835099502 0.48041924681100262 0.088720201099202062 0.22287529352148935 -0.18391837347964649 -0.11568702361571777 0.21931414743363234 -0.022655131416955212 -0.46644477625913056 0.15115880933039241 0.092904718907931214 -0.084959658975145055
leaf_weight=189576 84 92 345 285 97 98 94 128 341 3633 121 221 130 111 276 134 198 138 241 239 222 85 100 326 92 339 181 146 104 242
leaf_count=189576 84 92 345 285 97 98 94 128 341 3633 121 221 130 111 276 134 198 138 241 239 222 85 100 326 92 339 181 146 104 242
internal_value=1.28516e-05 0.00364384 -0.000445545 0.00157459 0.0151568 0.00852632 -0.00334852 -7.29764e-06 -0.00193938 -0.00107684 -0.00896104 3.49558e-05 0.00245957 0.00574873 0.00726962 -0.000200103 0.00831325 0.00312057 0.006576 0.0129402 -0.00194805 -0.00308675 0.00109375 -0.00410842 -0.00678038 -0.0087234 -0.0129586 0.00549296 0.0188047 0.0012931
internal_weight=198419 1095 808 724 287 190 439 197324 4223 3761 462 193101 3525 1576 1465 1949 332 846 625 619 1617 1487 384 1402 938 846 507 284 343 464
internal_count=198419 1095 808 724 287 190 439 197324 4223 3761 462 193101 3525 1576 1465 1949 332 846 625 619 1617 1487 384 1402 938 846 507 284 343 464
is_linear=0
shrinkage=0.06


Tree=117
num_leaves=31
num_cat=0
split_feature=23 3 0 6 20 1 7 3 23 21 21 10 24 25 24 24 16 23 24 21 17 25 17 23 0 25 24 24 16 24
split_gain=4.14616 13.6698 9.28653 9.4673 4.70188 4.18306 4.58887 10.286 9.95877 11.648 9.50667 13.2756 12.498 11.1013 11.1026 23.6148 20.675 29.3727 25.9947 14.4176 13.6499 13.2302 12.1615 12.0578 10.5952 10.2258 10.8292 10.1973 11.0289 10.1194
threshold=24.933436393737797 239.50000000000003 18.96811676025391 9.2500000000000018 2.5000000000000004 3.5000000000000004 1.0000000180025095e-35 59.500000000000007 2.1170724630355839 0.043905356898903854 0.29662616550922399 1.5000000000000002 6487.3454589843759 11.500000000000002 11188.384277343752 10617.858398437502 10.500000000000002 5.0265502929687509 7303.7951660156259 0.32325446605682379 4.5000000000000009 7.5000000000000009 5.5000000000000009 16.914893150329593 10.88622045516968 9.5000000000000018 7676.5393066406259 13494.974609375002 15.500000000000002 12583.756347656252
decision_type=2 2 2 2 2 2 2 2 2 2 2 2 2 2 2 2 2 2 2 2 2 2 2 2 2 2 2 2 2 2
left_child=5 2 4 -4 -2 -1 -7 -8 -9 -10 11 -11 -12 14 15 16 17 -14 -18 -19 29 22 -20 25 -24 -21 -27 -22 -29 -16
right_child=1 -3 3 -5 -6 6 7 8 9 10 12 -13 13 -15 20 -17 18 19 21 23 27 -23 24 -25 -26 26 -28 28 -30 -31
leaf_value=0.022274762183919682 -0.022004328402784594 0.48933149955264521 -0.028431405893413739 0.24289651430764309 -0.18404185826921107 -0.0051792722874639116 0.009798222909297178 -0.0035611345079762111 0.20908417024323209 0.071101783133308047 -0.084981676082409113 -0.0063370380123436874 0.15456195074860896 0.35535530765078643 -0.034120755978610737 -0.073141188412463046 0.12674354357184836 0.2247616171031605 -0.10305088778212459 -0.055163197114220457 0.11388649311953941 0.00099591554130771696 0.044025934345990475 0.074176310565689199 -0.10248039773562076 -0.049365578409528384 0.2561252544567752 0.065466385544950573 -0.047919495182822014 0.028312348131667091
leaf_weight=1033 330 216 233 225 91 22383 22396 112331 273 844 274 18190 1015 141 1564 1406 727 281 1152 949 1779 1734 351 346 141 120 167 687 393 6647
leaf_count=1033 330 216 233 225 91 22383 22396 112331 273 844 274 18190 1015 141 1564 1406 727 281 1152 949 1779 1734 351 346 141 120 167 687 393 6647
internal_value=1.67827e-05 0.00369863 0.000375427 0.00628821 -0.00605701 -3.64882e-06 -2.36893e-05 8.03873e-05 -9.7022e-05 0.000726628 0.000639971 -0.000318378 0.00155781 0.00173571 0.00161416 -3.2185e-05 0.00139625 0.00529534 -0.00133739 0.000821256 0.00286179 -0.0035524 -0.00740876 -0.00140329 0.000487805 -0.00417476 0.00574913 0.00643232 0.00183333 0.00161856
internal_weight=198419 1095 879 458 421 197324 196291 173908 151512 39181 38908 19034 19874 19600 19459 8389 6983 2878 4105 1863 11070 3378 1644 1582 492 1236 287 2859 1080 8211
internal_count=198419 1095 879 458 421 197324 196291 173908 151512 39181 38908 19034 19874 19600 19459 8389 6983 2878 4105 1863 11070 3378 1644 1582 492 1236 287 2859 1080 8211
is_linear=0
shrinkage=0.06


Tree=118
num_leaves=31
num_cat=0
split_feature=14 7 0 23 4 7 19 23 7 11 7 0 21 24 21 26 24 27 27 0 0 17 3 10 23 0 23 25 17 24
split_gain=3.77972 10.5707 10.5607 8.24277 7.34295 13.8349 8.35631 8.98972 8.17201 6.94714 6.62678 10.6983 6.29428 10.1391 7.844 6.29762 5.6465 5.59024 7.08426 5.29112 5.10681 4.86493 4.55085 3.86019 9.80118 7.43274 7.14004 5.68547 10.6246 16.1837
threshold=1.0000000180025095e-35 2.5000000000000004 34.128473281860359 7.2746057510375985 110.50000000000001 1.5000000000000002 64.463558197021499 7.2746057510375985 1.5000000000000002 0.38462381064891821 1.0000000180025095e-35 69.17972564697267 0.48932217061519628 9452.7729492187518 0.3982848078012467 24.84729099273682 8347.2670898437518 14.566906452178957 7.9835624694824228 48.56915473937989 15.91614866256714 1.5000000000000002 157.00000000000003 1.5000000000000002 6.2427423000335702 24.521744728088382 18.396212577819828 6.5000000000000009 1.5000000000000002 7534.7277832031259
decision_type=2 2 2 2 2 2 10 2 2 2 2 2 2 2 2 2 2 2 2 2 2 2 2 2 2 2 2 2 2 2
left_child=23 2 4 9 5 6 -2 21 -6 12 19 16 14 -14 15 17 -12 18 -3 -4 -16 -8 -10 24 25 -1 -26 28 29 -25
right_child=1 3 10 -5 8 -7 7 -9 22 -11 11 -13 13 -15 20 -17 -18 -19 -20 -21 -22 -23 -24 27 26 -27 -28 -29 -30 -31
leaf_value=0.007310703438788692 -0.092489167849917564 0.024140838754512756 0.031027446398051734 0.37776452459743759 -0.53935063804533123 0.25288405154316707 0.15738074881667102 -0.13922285735664722 0.010384798260664211 0.30471511093244175 0.23288650959790502 0.44159603286223159 -0.02229937260115946 0.36636622323035883 -0.033245407169366567 0.29876368110761603 0.039147763582028643 0.10129032137270363 -0.32408635034336775 -0.050694060238223523 -0.2533608807150679 0.031309243165971591 -0.17480685033426083 0.035304518814579855 0.07731084894318023 -0.076298301070324745 -0.053953543960027162 -0.0035184571935167239 -0.0014469179686332643 0.0043170603485738817
leaf_weight=6655 598 124 140 334 117 197 111 112 331 166 119 85 116 170 80 105 698 194 102 144 83 395 375 4791 1267 536 165 93013 65501 21595
leaf_count=6655 598 124 140 334 117 197 111 112 331 166 119 85 116 170 80 105 698 194 102 144 83 395 375 4791 1267 536 165 93013 65501 21595
internal_value=8.01335e-06 0.00165441 -0.000175336 0.00590231 -0.00260286 2.12314e-05 -0.00236842 0.00252427 -0.00710814 0.00347368 0.00440135 0.00691796 0.00154004 0.00902098 -0.00156977 0.002 0.00481028 -0.00128571 -0.00769912 -0.00359155 -0.0130675 0.00592885 -0.00467422 -3.36394e-05 0.00120724 0.000304547 0.00574022 -9.15089e-05 0.000243234 0.00125976
internal_weight=198419 4896 3422 1474 2236 1413 1216 618 823 1140 1186 902 974 286 688 525 817 420 226 284 163 506 706 193523 8623 7191 1432 184900 91887 26386
internal_count=198419 4896 3422 1474 2236 1413 1216 618 823 1140 1186 902 974 286 688 525 817 420 226 284 163 506 706 193523 8623 7191 1432 184900 91887 26386
is_linear=0
shrinkage=0.06


Tree=119
num_leaves=31
num_cat=0
split_feature=23 4 0 7 18 16 21 11 14 16 23 24 7 11 0 21 17 21 17 24 21 25 23 2 21 1 17 21 0 17
split_gain=3.46487 11.4284 8.90171 10.6462 4.18259 6.4471 6.46058 5.81336 5.03165 7.88419 9.89503 8.6225 7.54239 7.19893 9.77925 7.53933 6.52581 7.68003 6.7275 5.60701 5.53231 5.33735 6.18398 6.03748 5.28465 7.95932 4.95694 4.90268 4.77691 5.29114
threshold=24.933436393737797 265.50000000000006 18.96811676025391 1.5000000000000002 8.1126699447631854 19.500000000000004 0.066865954548120513 0.26759324967861181 1.0000000180025095e-35 14.500000000000002 8.3458485603332537 11817.410156250002 1.5000000000000002 0.31268873810768133 13.095165252685549 0.077198345214128508 3.5000000000000004 0.48932217061519628 5.5000000000000009 13807.777343750002 0.72861218452453624 4.5000000000000009 1.3482347726821902 7.5000000000000009 0.3982848078012467 132.00000000000003 4.5000000000000009 0.54243248701095592 13.769601821899416 4.5000000000000009
decision_type=2 2 2 2 2 2 2 2 2 2 2 2 2 2 2 2 2 2 2 2 2 2 2 2 2 2 2 2 2 2
left_child=4 2 -2 -4 8 6 -6 -7 -1 10 11 16 -13 15 -15 -11 24 18 -18 -14 21 26 23 -23 -10 -26 -17 28 29 -8
right_child=1 -3 3 -5 5 7 27 -9 9 13 -12 12 19 14 -16 20 17 -19 -20 -21 -22 22 -24 -25 25 -27 -28 -29 -30 -31
leaf_value=-0.00014093154163647979 -0.052979031033005414 0.61422177529181021 -0.0012188857860946456 0.32290739187067702 0.14887352091363265 -0.097511398434600341 -0.0038817231148163245 0.014154951371433099 0.24839998541409186 0.27787916029854842 -0.19938341077352645 0.06938168917229276 0.43776118770098604 0.44486245994209228 -0.0092873992872482339 0.093683043053820247 -0.013807011212565215 0.23108846965460195 -0.28545438999883549 0.073811748825794929 0.21078291258853174 -0.13823506778408357 -0.010129452750852579 -0.60621490858424032 0.081884783168071101 -0.08017717298201063 -0.10736553185949378 0.046580037827532374 -0.035486637195606859 0.16393134055554184
leaf_weight=189576 493 119 298 185 128 341 327 121 151 124 117 307 247 134 185 213 275 117 101 96 80 451 357 93 138 109 230 482 2711 113
leaf_count=189576 493 119 298 185 128 341 327 121 151 124 117 307 247 134 185 213 275 117 101 96 80 451 357 93 138 109 230 482 2711 113
internal_value=4.08227e-06 0.00336986 0.00122951 0.00701863 -1.45953e-05 -0.00188255 -0.00106089 -0.00857143 2.62557e-05 0.00227234 0.00528347 0.00656067 0.0118154 -0.000401714 0.00780564 -0.00209302 0.00272727 -0.00188641 -0.00606383 0.01793 -0.00332865 -0.00424107 -0.00689234 -0.0109191 0.00844221 0.00303644 0.00115124 -0.00152766 -0.00238972 0.00340909
internal_weight=198419 1095 976 483 197324 4223 3761 462 193101 3525 1658 1541 650 1867 319 1548 891 493 376 343 1424 1344 901 544 398 247 443 3633 3151 440
internal_count=198419 1095 976 483 197324 4223 3761 462 193101 3525 1658 1541 650 1867 319 1548 891 493 376 343 1424 1344 901 544 398 247 443 3633 3151 440
is_linear=0
shrinkage=0.06


Tree=120
num_leaves=31
num_cat=0
split_feature=0 23 3 4 14 16 16 25 21 21 21 0 23 17 5 0 23 3 27 16 20 16 20 16 21 0 0 27 5 0
split_gain=3.55655 11.2135 12.8777 9.06724 11.0653 6.78378 5.82313 5.80824 8.8555 14.7359 7.89539 7.04538 7.82939 16.9594 8.04112 7.4563 6.94182 6.36865 7.22452 6.16544 5.93771 16.3544 20.04 14.5229 8.26342 13.4321 9.75107 7.40697 7.12083 6.89723
threshold=57.770694732666023 17.144623756408695 87.000000000000014 30.000000000000004 1.0000000180025095e-35 22.500000000000004 12.500000000000002 10.500000000000002 0.49316413700580602 0.42260582745075231 0.07383566722273828 61.939558029174812 11.342735767364504 5.5000000000000009 5.5000000000000009 72.193359375000014 1.953548312187195 257.50000000000006 20.406469345092777 17.500000000000004 2.5000000000000004 11.500000000000002 1.5000000000000002 10.500000000000002 0.27196498215198522 82.491657257080092 78.621612548828139 16.407568931579593 7.5000000000000009 104.55176544189455
decision_type=2 2 2 2 2 2 2 2 2 2 2 2 2 2 2 2 2 2 2 2 2 2 2 2 2 2 2 2 2 2
left_child=-1 3 -3 -2 5 7 -6 10 9 17 16 -12 13 20 -14 -15 -5 18 -9 -17 21 22 -13 -22 26 -26 -25 -28 -24 -23
right_child=1 2 -4 4 6 -7 -8 8 -10 -11 11 12 14 15 -16 19 -18 -19 -20 -21 23 29 28 24 25 -27 27 -29 -30 -31
leaf_value=-0.00041908327505407961 0.048864911738536132 -0.024099652217119995 0.24505540771956247 -0.3267831822039784 0.46180542147657916 -0.23915375257567431 0.022087623599921714 -0.083633569979702574 -0.16123608750732699 0.23086835936105329 0.085505825428317903 -0.003491881915684942 0.0061960862243196141 0.23100892148724675 -0.12525620116262629 0.047348855468273429 -0.0058703337293411545 -0.31927361047706565 0.086857580373074936 0.67144660497890141 -0.11295116394071811 -0.017627583379450158 0.067642519758770017 0.27243516971551657 -0.15075196810293603 0.053624042781205784 -0.046675507810431324 0.14657500966135045 0.39259849703541178 -0.13665453985267362
leaf_weight=189777 623 234 359 131 133 115 124 335 216 169 448 662 274 210 263 289 139 81 93 90 796 1068 300 169 324 179 239 126 316 137
leaf_count=189777 623 234 359 131 133 115 124 335 216 169 448 662 274 210 263 289 139 81 93 90 796 1068 300 169 324 179 239 126 316 137
internal_value=3.77988e-06 0.00119417 0.00915683 0.000607529 2.42392e-05 -0.000414284 0.0122568 -0.000178622 -0.00469799 -0.00132743 0.000477273 0.000937182 0.000341786 0.0010948 -0.00653631 0.0106452 -0.00955556 -0.00642436 -0.00350467 0.00562005 -0.000208526 0.00170358 0.00643192 -0.00279869 0.00188042 -0.00363817 0.00707865 0.00156164 0.0142208 -0.0033112
internal_weight=198419 8642 593 8049 7426 7169 257 7054 894 678 6160 5890 5442 4905 537 589 270 509 428 379 4316 2483 1278 1833 1037 503 534 365 616 1205
internal_count=198419 8642 593 8049 7426 7169 257 7054 894 678 6160 5890 5442 4905 537 589 270 509 428 379 4316 2483 1278 1833 1037 503 534 365 616 1205
is_linear=0
shrinkage=0.06


Tree=121
num_leaves=31
num_cat=0
split_feature=19 0 0 20 23 23 16 23 23 11 25 23 0 21 25 21 24 16 23 23 0 25 21 24 24 25 24 0 19 11
split_gain=3.41252 4.98317 5.80178 5.09445 5.8114 6.25688 8.10287 6.0862 7.28134 5.17635 7.34623 8.6684 8.88568 9.59289 17.8791 8.93338 8.69067 8.17425 9.19562 14.4863 10.9929 11.7527 9.13498 8.27293 12.9584 8.18184 7.92735 7.61507 7.57831 7.30673
threshold=70.678337097167983 57.770694732666023 61.939558029174812 2.5000000000000004 19.986104011535648 14.302666187286379 11.500000000000002 12.876709938049318 12.229872703552248 0.43672485649585729 6.5000000000000009 9.380099296569826 18.613037109375004 0.31370750069618231 1.5000000000000002 0.28979149460792547 6487.3454589843759 13.500000000000002 14.446452617645265 1.384432911872864 23.120385169982914 8.5000000000000018 0.11913262307643892 14828.272460937502 7534.7277832031259 9.5000000000000018 10728.933593750002 17.58416843414307 62.615329742431648 0.66876187920570385
decision_type=8 2 2 2 2 2 2 2 2 2 2 2 2 2 2 2 2 2 2 2 2 2 2 2 2 2 2 2 10 2
left_child=1 3 -3 9 5 7 -7 8 -5 10 11 12 13 15 16 27 -15 23 19 -19 21 26 -23 24 25 -12 -21 -1 -14 -11
right_child=-2 2 -4 4 -6 6 -8 -9 -10 29 17 -13 28 14 -16 -17 -18 18 -20 20 -22 22 -24 -25 -26 -27 -28 -29 -30 -31
leaf_value=0.011608851616183972 0.0015712220351938909 0.10600550011657567 0.012176337689876533 -0.011087450972140136 -0.068687001408381007 -0.018546065551006699 0.13668614725285078 -0.07990783842605316 0.12410458384971089 0.031049175999718796 0.018216424625875919 0.074502907389197445 -0.019879582698776339 0.010062309329802144 0.0019710393286631023 0.073344030719462203 -0.079920894565963643 -0.032556223956884824 -0.08154835868928377 -0.074598444097879191 0.11694981370370908 0.098900055032286271 0.013313879347468419 -0.02418237660877769 0.02043759602347478 -0.07145103675901672 -0.00021286474272377731 0.18244771323156295 -0.12527446805267936 -0.011370850664039835
leaf_weight=7008 130141 222 2892 22051 368 232 306 232 252 3754 507 758 1564 213 6774 674 682 4450 783 645 302 251 1594 2238 5529 742 765 106 331 2053
leaf_count=7008 130141 222 2892 22051 368 232 306 232 252 3754 507 758 1564 213 6774 674 682 4450 783 645 302 251 1594 2238 5529 742 765 106 331 2053
internal_value=2.57032e-06 -0.000340959 0.00200385 -0.000453011 -0.00116079 -0.00104148 0.00535316 -0.00119414 -0.00109357 -5.53651e-05 -0.00032409 0.000526781 0.00025242 0.000727826 -0.000778459 0.00221109 -0.0087486 -0.00118949 -0.00249147 -0.0018846 0.000969918 -4.60829e-05 0.00310569 7.9858e-05 0.00112423 -0.00439552 -0.00417021 0.00158561 -0.00362533 0.00160668
internal_weight=198419 68278 3114 65164 23441 23073 538 22535 22303 41723 35916 18110 17352 15457 7669 7788 895 17806 8790 8007 3557 3255 1845 9016 6778 1249 1410 7114 1895 5807
internal_count=198419 68278 3114 65164 23441 23073 538 22535 22303 41723 35916 18110 17352 15457 7669 7788 895 17806 8790 8007 3557 3255 1845 9016 6778 1249 1410 7114 1895 5807
is_linear=0
shrinkage=0.06


Tree=122
num_leaves=31
num_cat=0
split_feature=21 25 25 0 24 5 11 11 16 24 11 21 6 27 0 14 17 23 4 19 18 16 16 24 24 0 25 16 24 24
split_gain=3.52233 10.7235 11.4739 14.5742 11.2801 9.14632 9.37676 7.7353 8.40879 6.73572 9.56897 5.78857 5.11126 5.05433 5.29238 4.72658 5.40677 4.66843 5.85568 4.61501 4.52989 5.40674 4.72064 4.99034 4.38938 12.701 13.0182 15.6981 16.5628 13.8679
threshold=0.64188274741172802 9.5000000000000018 11.500000000000002 7.078780174255372 17452.613281250004 5.5000000000000009 0.32353574037551885 0.40412232279777532 14.500000000000002 12867.219238281252 0.40412232279777532 0.79263004660606395 9.0000000000000018 12.221400737762453 5.8890068531036386 1.0000000180025095e-35 1.0000000180025095e-35 28.859872817993168 142.50000000000003 74.013202667236342 0.79141938686370861 10.500000000000002 16.500000000000004 12847.137695312502 9248.4008789062518 9.6231088638305682 7.5000000000000009 12.500000000000002 8003.4028320312509 6278.3269042968759
decision_type=2 2 2 2 2 2 2 2 2 2 2 2 2 2 2 2 2 2 2 8 2 2 2 2 2 2 2 2 2 2
left_child=24 4 5 7 15 20 11 8 -4 -5 -11 13 -6 -7 -15 16 -2 19 -19 -18 22 -22 -3 -24 25 -1 -27 28 -28 -29
right_child=1 2 3 9 12 6 -8 -9 -10 10 -12 -13 -14 14 -16 -17 17 18 -20 -21 21 -23 23 -25 -26 26 27 29 -30 -31
leaf_value=0.0083808539697630465 -0.083185170816989812 -0.022960905708206861 0.24136369989437312 0.076589629147699095 0.0025900657688096994 0.22117507407875012 0.51613950995968405 -0.20134367939735581 -0.076618623050085252 -0.20130990032599944 0.029412029544372106 -0.044924201985016371 0.099605479048914577 0.16373673568186287 0.013629740417279379 0.056707682997345327 -0.02781751325779723 -0.053224432611776104 0.87927513766059506 0.0030234023852904277 0.18572295879748296 0.048448039796910508 -0.036022225711312271 0.1002813337559315 -0.0021109816575698125 0.004234579117290309 -0.078451804809637163 0.080065723649993162 0.0029316463294931693 -0.0149039123998047
leaf_weight=37490 426 477 80 466 140 309 169 154 137 116 112 87 237 126 285 384 2464 97 80 3820 122 274 121 203 131201 11069 2902 902 1291 2678
leaf_count=37490 426 477 80 466 140 309 169 154 137 116 112 87 237 126 285 384 2464 97 80 3820 122 274 121 203 131201 11069 2902 902 1291 2678
internal_value=3.47749e-06 0.00105273 0.00394688 -0.00115493 -0.000172594 0.00644731 0.0107582 -0.0107547 -0.00345622 0.00397695 -0.00447368 0.00806691 0.00994695 0.00983333 0.00547445 -0.000697291 -0.00105852 -0.000626838 0.00898305 -0.000897518 0.00293233 0.00818182 0.000337079 0.00592593 -5.74299e-05 0.000385571 -0.000885256 -0.00276727 -0.00525876 0.000150838
internal_weight=198419 10886 3238 1065 7648 2173 976 371 217 694 228 807 377 720 411 7271 6887 6461 177 6284 1197 396 801 324 187533 56332 18842 7773 4193 3580
internal_count=198419 10886 3238 1065 7648 2173 976 371 217 694 228 807 377 720 411 7271 6887 6461 177 6284 1197 396 801 324 187533 56332 18842 7773 4193 3580
is_linear=0
shrinkage=0.06


Tree=123
num_leaves=31
num_cat=0
split_feature=1 7 23 1 3 23 1 11 21 21 23 0 0 23 23 11 25 25 16 0 0 11 11 21 20 21 23 21 21 21
split_gain=3.41415 4.67562 9.41296 8.65393 8.49859 10.37 19.2224 19.4064 11.4459 8.21981 7.41632 7.34417 7.32927 7.12077 6.6113 6.29756 11.0605 17.944 12.3793 13.3986 12.8256 19.7611 15.7902 12.6732 11.6277 10.7824 10.7785 10.5689 9.33747 11.606
threshold=3.5000000000000004 1.0000000180025095e-35 11.313849925994875 54.000000000000007 59.500000000000007 14.812517642974855 252.00000000000003 0.24385127425193789 0.26759469509124761 0.42600551247596746 14.446452617645265 2.5959763526916508 0.32593482732772833 14.302666187286379 14.096325397491457 1.0000000180025095e-35 9.5000000000000018 11.500000000000002 10.500000000000002 21.800677299499515 7.4673056602478036 0.47230209410190588 0.56387564539909374 0.21138186007738116 3.5000000000000004 0.14208472520112994 13.512108802795412 0.67921254038810741 0.4582433700561524 0.67921254038810741
decision_type=2 2 2 2 2 2 2 2 2 2 2 2 2 2 2 2 2 2 2 2 2 2 2 2 2 2 2 2 2 2
left_child=-1 2 9 -4 11 10 -7 8 -8 12 13 -3 -2 15 -13 -6 26 27 20 25 21 23 -22 -19 -25 -20 28 -18 -17 -30
right_child=1 4 3 -5 5 6 7 -9 -10 -11 -12 14 -14 -15 -16 16 17 18 19 -21 22 -23 -24 24 -26 -27 -28 -29 29 -31
leaf_value=0.01862359621880259 -0.020243761893630984 -0.0053397698928301729 -0.049023718667931676 0.0051865504365022725 -0.0034220462113237903 0.0036849370701257556 -0.065510504012779636 0.39775902944553276 0.16542318983758114 -0.016231475199433874 -0.082867131443123396 0.016018167657045987 0.0045889736135048586 0.11421194070727408 -0.018853170180602098 -0.0058957388648538962 0.041791494434190765 0.24403726293494751 0.2460385049732379 -0.13807359596883834 -0.097047759097834557 -0.16557914262727899 0.084313193861420208 -0.10257529238853409 0.054992080003633759 0.021275019466770989 -0.12690289300882804 0.32259161204057396 0.048770908445303379 -0.043131320098670864
leaf_weight=1039 1676 5273 1067 600 114457 4364 330 367 851 5866 436 16283 13295 138 966 17941 4702 91 276 336 333 380 327 165 98 1340 137 292 4186 807
leaf_count=1039 1676 5273 1067 600 114457 4364 330 367 851 5866 436 16283 13295 138 966 17941 4702 91 276 336 333 380 327 165 98 1340 137 292 4186 807
internal_value=5.59422e-06 -1.24633e-05 -0.00082652 -0.00516497 9.2294e-05 -6.85246e-05 0.00239513 0.00813953 0.00439458 -0.000479436 -0.000167985 0.00118018 0.000266515 -0.000144652 0.00177923 -0.00015754 0.000595014 0.00246763 -0.000932457 0.00215164 -0.00525108 -0.0107084 0.000818182 -0.000508475 -0.00718631 0.00441832 -8.1921e-05 0.00474569 1.83134e-05 0.00231324
internal_weight=198419 197380 22504 1667 174876 152354 5912 1548 1181 20837 146442 22522 14971 146006 17249 145868 31411 8340 3346 1952 1394 734 660 354 263 1616 23071 4994 22934 4993
internal_count=198419 197380 22504 1667 174876 152354 5912 1548 1181 20837 146442 22522 14971 146006 17249 145868 31411 8340 3346 1952 1394 734 660 354 263 1616 23071 4994 22934 4993
is_linear=0
shrinkage=0.06


Tree=124
num_leaves=31
num_cat=0
split_feature=24 24 2 24 11 0 20 23 1 21 21 16 24 16 21 24 23 21 16 0 17 24 16 0 24 0 25 24 17 16
split_gain=3.27331 11.5291 8.71837 6.23191 5.75867 5.59786 7.31665 5.19662 8.30058 8.27643 10.5621 10.2041 8.95611 11.2373 15.0332 12.3052 11.4942 10.131 8.99754 8.4828 11.4337 8.02149 12.8322 7.46923 7.44909 8.3142 11.5088 8.43455 7.35619 6.994
threshold=16890.026367187504 16700.229492187504 3.5000000000000004 17007.569335937504 0.65956410765647899 11.824396133422853 3.5000000000000004 17.846974372863773 181.00000000000003 0.086868789047002806 0.23711710423231128 11.500000000000002 17540.340820312504 11.500000000000002 0.41394232213497167 17827.022460937504 0.52593147754669201 0.27748249471187597 11.500000000000002 10.650841712951662 1.0000000180025095e-35 17041.088867187504 14.500000000000002 61.939558029174812 17307.462890625004 18.613037109375004 4.5000000000000009 17413.000000000004 3.5000000000000004 10.500000000000002
decision_type=2 2 2 2 2 2 2 2 2 2 2 2 2 2 2 2 2 2 2 2 2 2 2 2 2 2 2 2 2 2
left_child=1 -1 -3 -2 5 6 -4 9 -9 29 11 19 17 14 -14 -15 -16 18 -12 20 -11 22 -19 -21 -13 26 -26 -28 -29 -5
right_child=3 2 4 7 -6 -7 -8 8 -10 10 12 24 13 15 16 -17 -18 21 -20 23 -22 -23 -24 -25 25 -27 27 28 -30 -31
leaf_value=-0.0001249387143734726 0.043638740099833366 -0.0048575880843555377 -0.070481474536679467 0.0063936178012835394 0.086283571896573638 -0.15564113033570068 0.054466831589266761 0.0041335200110800942 0.24111580355699516 -0.090071312637209244 0.16731540865813976 -0.036283712341878049 -0.079084212243162033 0.024782764494947429 -0.044549899835522093 -0.055908197040830797 0.12713452652920887 -0.1207857751120039 0.035178956624670958 0.13542565560039299 0.061269121705780721 0.0094106058483039001 0.011859767463488725 -0.032273182284669702 0.065965816006752498 -0.20842886676609329 0.34309842649646982 -0.082347404437803862 0.022283678269526774 -0.052177416337013782
leaf_weight=180587 1397 1039 679 423 101 242 117 346 192 269 153 608 674 1210 583 611 231 250 208 647 752 4590 293 81 551 86 88 366 389 656
leaf_count=180587 1397 1039 679 423 101 242 117 346 192 269 153 608 674 1210 583 611 231 250 208 647 752 4590 293 81 551 86 88 366 389 656
internal_value=2.87271e-06 -6.84486e-05 -0.00440771 0.000835569 -0.00803336 -0.00936416 -0.00693467 0.000460826 0.00624535 0.000233982 0.000664557 0.00329163 -0.000480518 -0.00294651 -0.00681452 0.000214168 -0.00132678 0.00100473 0.0107202 0.00667238 0.00314398 0.000321449 -0.00657459 0.0116209 0.00045977 0.00275676 0.00387374 -0.000533808 -0.00258278 -0.00481001
internal_weight=198419 182765 2178 15654 1139 1038 796 14257 538 13719 12640 3837 8803 3309 1488 1821 814 5494 361 1749 1021 5133 543 728 2088 1480 1394 843 755 1079
internal_count=198419 182765 2178 15654 1139 1038 796 14257 538 13719 12640 3837 8803 3309 1488 1821 814 5494 361 1749 1021 5133 543 728 2088 1480 1394 843 755 1079
is_linear=0
shrinkage=0.06


Tree=125
num_leaves=31
num_cat=0
split_feature=4 23 0 11 11 14 21 11 1 0 23 11 4 11 0 4 23 23 3 3 0 23 23 3 1 1 21 11 23 7
split_gain=3.31227 8.81141 10.1345 5.01023 4.88256 4.32847 4.1464 3.42668 3.40145 10.765 10.7791 10.415 8.06997 11.4303 9.02167 7.34062 7.32237 6.48348 7.09403 6.43297 5.68533 5.48404 5.02604 4.90727 4.86451 7.49378 6.42979 6.11981 13.6454 16.1975
threshold=309.50000000000006 14.812517642974855 11.101244926452638 0.63009357452392589 0.2133271470665932 1.0000000180025095e-35 0.74832612276077282 0.67970821261405956 41.500000000000007 4.4991183280944833 18.396212577819828 0.27093729376792913 42.000000000000007 0.55806332826614391 12.457590103149416 30.000000000000004 0.28568713366985327 2.9929676055908208 24.000000000000004 17.500000000000004 10.776923656463625 11.556233406066896 5.5688123703002939 14.000000000000002 60.000000000000007 62.000000000000007 0.42600551247596746 0.24962412565946582 15.119426727294924 2.5000000000000004
decision_type=2 2 2 2 2 2 2 2 2 2 2 2 2 2 2 2 2 2 2 2 2 2 2 2 2 2 2 2 2 2
left_child=8 2 5 -4 -3 6 7 -2 9 11 12 17 13 20 16 -12 -15 -1 -19 -13 21 23 -14 -11 26 -26 -10 -27 -29 -30
right_child=1 4 3 -5 -6 -7 -8 -9 24 10 15 19 22 14 -16 -17 -18 18 -20 -21 -22 -23 -24 -25 25 27 -28 28 29 -31
leaf_value=0.0013726759268890686 0.011805739849205684 0.165840334924161 -0.046398537133046834 0.16586463449260683 0.55493670767869241 0.41965259005938582 0.14229442514713134 0.13869373833947896 -0.0035841925707180964 0.034898971527365576 -0.073142126926456261 -0.081485915553218796 -0.014540337929299794 -0.020923821965873477 0.0090622407295850131 0.00604203722616262 -0.092770710182633526 -0.064936285958459378 -0.0032587514028586282 -0.024358028673683023 0.028180372841824522 -0.032795985966958693 0.026423963429144451 0.010782840295407147 0.022556789172940749 -0.0030153982518772902 -0.030984452687631909 0.0039193910842098842 0.022716435661645669 0.27566410125554025
leaf_weight=8350 4834 203 1616 101 81 106 90 203 5196 1220 333 278 2836 470 799 289 236 527 711 530 5296 347 761 4705 3091 122460 1994 29502 824 430
leaf_count=8350 4834 203 1616 101 81 106 90 203 5196 1220 333 278 2836 470 799 289 236 527 711 530 5296 347 761 4705 3091 122460 1994 29502 824 430
internal_value=4.53586e-07 0.00126071 0.00083741 -0.00316249 0.0116197 0.00214982 0.0019017 0.00167362 -4.72317e-05 0.000567755 0.00148508 -0.000958061 0.00177445 0.00246692 -0.00245183 -0.0062701 -0.00739377 -0.000406758 -0.0044588 -0.0075 0.00310685 0.00188457 -0.000742285 0.00231392 -0.000151379 -8.11864e-05 -0.00167733 -0.000140194 0.000616465 0.00674641
internal_weight=198419 7234 6950 1717 284 5233 5127 5037 191185 27688 17292 10396 16670 13073 1505 622 706 9588 1238 808 11568 6272 3597 5925 163497 156307 7190 153216 30756 1254
internal_count=198419 7234 6950 1717 284 5233 5127 5037 191185 27688 17292 10396 16670 13073 1505 622 706 9588 1238 808 11568 6272 3597 5925 163497 156307 7190 153216 30756 1254
is_linear=0
shrinkage=0.06


Tree=126
num_leaves=31
num_cat=0
split_feature=1 7 23 0 21 21 25 16 25 21 17 24 5 11 24 11 0 0 24 21 21 21 16 16 0 16 21 0 16 20
split_gain=3.30254 3.60188 7.63812 8.91475 6.66909 11.612 14.5438 15.7906 9.28062 11.4586 13.2928 10.9566 9.89177 13.019 9.51663 9.40691 10.2271 6.48819 6.2435 11.3031 12.0338 8.80065 8.23158 8.34984 8.0713 7.00261 6.22084 6.73789 6.17398 9.67074
threshold=3.5000000000000004 1.0000000180025095e-35 13.117848396301271 12.605771541595461 0.46803893148899084 0.48841498792171484 9.5000000000000018 17.500000000000004 2.5000000000000004 0.51284587383270275 1.5000000000000002 7031.1650390625009 10.500000000000002 1.0000000180025095e-35 6703.2258300781259 0.60109820961952221 18.96811676025391 15.020546913146974 11153.663085937502 0.54243248701095592 0.52246257662773143 0.53120040893554699 2.5000000000000004 15.500000000000002 12.943249225616457 11.500000000000002 0.24158938974142077 0.47237035632133489 17.500000000000004 2.5000000000000004
decision_type=2 2 2 2 2 2 2 2 2 2 2 2 2 2 2 2 2 2 2 2 2 2 2 2 2 2 2 2 2 2
left_child=-1 2 26 -4 -3 6 -6 -8 -7 10 -10 14 18 -14 17 28 -17 -12 19 20 -11 25 24 -24 -21 -20 27 -2 -13 -30
right_child=1 4 3 -5 5 8 7 -9 9 12 11 15 13 -15 -16 16 -18 -19 21 22 -22 -23 23 -25 -26 -27 -28 -29 29 -31
leaf_value=0.016366172011970263 -0.02288064521483172 -0.0011085735920688933 -0.089736342629958776 -0.0052822328390974603 0.045777922107089461 -0.014990352089952648 -0.063203996616051611 0.13381637290495776 0.062195740256965157 0.011094757617989615 -0.00015106761952616841 -0.070667595086688267 0.023725617185043558 0.15470488566060947 0.091585071720832703 0.14681211911535846 -0.10142139485659597 -0.13143873888084237 0.080079673816792055 -0.018239963390264187 -0.10012308759811787 0.0092889588352452444 0.026498141108688172 -0.011979616368983032 -0.17704350761223064 0.028675650627706249 -0.0076846507536064475 0.010569519065429852 -0.074067030874148287 0.071869308423754719
leaf_weight=1039 1068 136447 464 742 4123 5030 741 184 691 367 832 1777 4016 914 325 198 119 114 658 409 494 8559 3671 3644 218 871 13520 6710 251 223
leaf_count=1039 1068 136447 464 742 4123 5030 741 184 691 367 832 1777 4016 914 325 198 119 114 658 409 494 8559 3671 3644 218 871 13520 6710 251 223
internal_value=4.38466e-06 -1.33752e-05 -0.000727871 -0.00537313 7.857e-05 0.000776757 0.0034588 -0.00334054 0.000371169 0.000792565 -0.00197351 -0.00335244 0.00131858 0.00371197 0.00120378 -0.00560748 0.0040694 -0.00183932 0.000693981 -0.000473702 -0.00700348 0.00171293 0.000234198 0.000799727 -0.00636364 0.00590582 -0.000464832 0.000887118 -0.00697024 -0.000886076
internal_weight=198419 197380 22504 1206 174876 38429 5048 925 33381 28351 4530 3839 23821 4930 1271 2568 317 946 18891 8803 861 10088 7942 7315 627 1529 21298 7778 2251 474
internal_count=198419 197380 22504 1206 174876 38429 5048 925 33381 28351 4530 3839 23821 4930 1271 2568 317 946 18891 8803 861 10088 7942 7315 627 1529 21298 7778 2251 474
is_linear=0
shrinkage=0.06


Tree=127
num_leaves=31
num_cat=0
split_feature=26 11 17 18 26 26 11 21 27 18 14 1 0 21 21 18 18 27 18 19 18 4 11 0 19 21 23 0 25 21
split_gain=3.3606 5.70044 4.7868 5.57764 4.35256 5.32648 4.80767 4.89237 4.61139 4.59711 6.81638 6.68555 6.65117 6.11529 5.8484 5.53247 4.90949 4.58749 4.46285 6.88247 6.27498 7.10523 7.42843 8.8373 6.25747 5.67109 5.00959 7.84194 7.07016 9.57377
threshold=719.49838256835949 0.67122200131416332 5.5000000000000009 -1.8284381628036497 29.350804328918461 29.227758407592777 0.70530927181243908 0.24617874622344973 10.693534374237062 9.0773310661315936 1.0000000180025095e-35 275.50000000000006 25.3781270980835 0.18244930356740954 0.18244930356740954 -2.0496711730957027 -0.2221587002277374 21.769858360290531 0.46471825242042547 88.441215515136733 3.5072878599166875 142.50000000000003 1.0000000180025095e-35 5.7859416007995614 75.990840911865249 0.42600551247596746 1.8355448246002199 1.4155208468437197 6.5000000000000009 0.59814637899398815
decision_type=2 2 2 2 2 2 2 2 2 2 2 2 2 2 2 2 2 2 2 10 2 2 2 2 10 2 2 2 2 2
left_child=4 2 -2 -4 5 8 -6 -8 18 10 -10 12 13 -12 -14 -15 -17 -7 26 20 21 -20 23 -23 25 -24 28 -28 -1 -30
right_child=1 -3 3 -5 6 17 7 -9 9 -11 11 -13 14 15 -16 16 -18 -19 19 -21 -22 22 24 -25 -26 -27 27 -29 29 -31
leaf_value=0.0081168734606726824 -0.0022621309039330571 -0.097958004883209854 0.029903970989394173 -0.062195265358871481 0.0066621482952190104 -0.022516540798549565 0.099221201656749483 0.0091273743995731842 -0.0024877226641619511 -0.034721422027387802 -0.10489178933688365 0.28180007045123984 0.20130970165132425 0.18497807398032165 0.036324566874302348 -0.15368242759803044 0.025225332251112675 -0.12647115170800141 -0.0011827194783914673 0.058214813759472787 0.012190988261666823 -0.0067810145488233784 -0.044017459220723081 -0.060919728522864328 0.075390335778834652 0.03531544718899042 -0.019705174183813765 0.020951505988275016 -0.010158969965965667 0.041789674992266282
leaf_weight=21663 3084 184 159 406 15751 679 194 300 105912 2017 409 288 211 163 523 83 408 101 8588 360 5715 1601 688 2434 480 297 1371 9917 13442 991
leaf_count=21663 3084 184 159 406 15751 679 194 300 105912 2017 409 288 211 163 523 83 408 101 8588 360 5715 1601 688 2434 480 297 1371 9917 13442 991
internal_value=-1.66315e-06 -0.00176102 -0.00124144 -0.00631858 3.29931e-05 -5.26519e-05 0.000973223 0.00680162 -3.0919e-05 -0.000270511 -0.000217506 0.00317986 0.0018197 -0.00121355 0.00621253 0.00238532 -0.000794297 -0.005 0.000359305 -0.000388335 -0.000537797 -0.00121806 -0.00290182 -0.00423048 0.000757679 -0.0019797 0.000677444 0.00178065 0.000332447 -0.000696321
internal_weight=198419 3833 3649 565 194586 178341 16245 494 177561 110014 107997 2085 1797 1063 734 654 491 780 67547 20163 19803 14088 5500 4035 1465 985 47384 11288 36096 14433
internal_count=198419 3833 3649 565 194586 178341 16245 494 177561 110014 107997 2085 1797 1063 734 654 491 780 67547 20163 19803 14088 5500 4035 1465 985 47384 11288 36096 14433
is_linear=0
shrinkage=0.06


Tree=128
num_leaves=31
num_cat=0
split_feature=3 23 0 24 0 23 6 24 20 16 24 21 0 24 25 11 23 24 25 16 17 11 11 20 0 23 16 16 25 25
split_gain=3.28981 5.91047 5.40272 3.29915 13.2989 11.3504 10.4858 9.22915 17.9814 13.4375 12.199 18.6364 11.5001 8.78644 9.87726 10.0586 14.0988 12.5632 20.1376 9.95773 10.135 9.84382 9.47959 9.24647 9.08704 8.6975 8.41238 13.7822 13.2119 8.74152
threshold=357.50000000000006 11.69450902938843 11.101244926452638 13528.464843750002 10.989459514617922 12.037215232849123 10.150000095367433 13103.602539062502 1.0000000180025095e-35 8.5000000000000018 12934.763671875002 0.2516866028308869 14.796993255615236 13677.886718750002 4.5000000000000009 0.25291927158832556 1.1887561678886416 16086.083007812502 2.5000000000000004 15.500000000000002 4.5000000000000009 0.2663626372814179 0.28311835229396826 1.0000000180025095e-35 10.311299324035646 21.212114334106449 2.5000000000000004 10.500000000000002 11.500000000000002 9.5000000000000018
decision_type=2 2 2 2 2 2 2 2 2 2 2 2 2 2 2 2 2 2 2 2 2 2 2 2 2 2 2 2 2 2
left_child=3 2 -2 7 5 13 -7 10 9 -9 -1 25 -11 -5 15 16 -15 18 -17 -20 -21 23 -23 -16 -24 -12 29 28 -28 -6
right_child=1 -3 -4 4 26 6 -8 8 -10 12 11 -13 -14 14 21 17 -18 -19 19 20 -22 22 24 -25 -26 -27 27 -29 -30 -31
leaf_value=0.00091307104615462537 0.024960100389546137 0.23645712408249664 -0.043787686971687445 -0.04316877866192266 -0.066128062453286132 -0.020885993254834003 0.12337762041141907 0.049625597062342555 0.037716017280034084 -0.023528604169560041 -0.067314894660216257 0.0022916475051767901 -0.11015994582702564 -0.0040951006511611076 0.011337204119918218 0.075286808693057053 0.16410147491876281 0.10481071833795581 -0.070801623501175553 0.080239146809843939 -0.16699933722755958 -0.16595439251155064 -0.028629871026329991 -0.013742213066342188 -0.14686965298628293 -0.14599973560039059 0.044514785819259862 -0.00017598805931974936 -0.064443487865849039 0.045380021973548512
leaf_weight=121870 2173 217 711 1673 920 474 819 432 5360 1004 1088 1659 306 10623 4998 767 144 566 428 184 120 279 4603 18555 191 167 6304 11161 329 294
leaf_count=121870 2173 217 711 1673 920 474 819 432 5360 1004 1088 1659 306 10623 4998 767 144 566 428 184 120 279 4603 18555 191 167 6304 11161 329 294
internal_value=-1.37588e-05 0.00192519 0.00120666 -4.45427e-05 -0.000400114 -0.000968395 0.00457077 0.000126473 0.00223036 -0.00306544 6.73163e-06 -0.00382979 -0.0060916 -0.00113445 -0.00096242 0.000420823 -0.000314851 0.00425666 0.00138092 -0.0057377 0.00256579 -0.00158248 -0.00397989 -0.00106611 -0.00335419 -0.00934661 0.00092803 0.00125773 0.00342379 -0.00390445
internal_weight=198419 3101 2884 195318 63432 44424 1293 131886 7102 1742 124784 2914 1310 43131 41458 12832 10767 2065 1499 732 304 28626 5073 23553 4794 1255 19008 17794 6633 1214
internal_count=198419 3101 2884 195318 63432 44424 1293 131886 7102 1742 124784 2914 1310 43131 41458 12832 10767 2065 1499 732 304 28626 5073 23553 4794 1255 19008 17794 6633 1214
is_linear=0
shrinkage=0.06


Tree=129
num_leaves=31
num_cat=0
split_feature=26 11 17 18 25 26 27 27 23 1 0 19 19 26 26 18 11 21 21 24 26 3 27 0 0 23 18 20 17 27
split_gain=3.19008 5.37895 5.02084 4.441 3.90121 5.80986 4.90783 4.84399 6.32655 5.47153 4.37614 5.20374 3.98381 3.82286 5.14219 4.74724 4.94737 5.76226 4.83655 4.74427 5.83404 4.52722 4.31477 6.62649 8.76388 5.57361 8.07615 4.94399 4.50711 4.19842
threshold=719.49838256835949 0.67122200131416332 5.5000000000000009 -1.8284381628036497 9.5000000000000018 866.69552612304699 10.044438362121584 6.00893259048462 0.31413850188255316 275.50000000000006 12.045402526855471 79.560016632080092 71.077262878417983 29.350804328918461 29.227758407592777 4.0124847888946542 0.59399461746215831 0.56469395756721508 0.45558665692806249 6851.4042968750009 29.845494270324711 79.000000000000014 10.044438362121584 16.453348159790043 39.752513885498054 7.7909934520721444 0.2480607405304909 1.5000000000000002 2.5000000000000004 21.769858360290531
decision_type=2 2 2 2 2 2 2 2 2 2 2 8 8 2 2 2 2 2 2 2 2 2 2 2 2 2 2 2 2 2
left_child=13 2 4 -4 5 7 -7 8 -2 10 11 -9 -12 14 -1 16 17 22 -18 -19 -21 -17 23 25 -25 -15 27 -27 -26 -16
right_child=1 -3 3 -5 -6 6 -8 9 -10 -11 12 -13 -14 15 29 21 18 19 -20 20 -22 -23 -24 24 28 26 -28 -29 -30 -31
leaf_value=-0.00032122039808388789 0.077496468520415404 -0.092135308852986486 0.025132196906289969 -0.058299689430156128 0.037728669193248125 -0.063798144724801206 0.052450079378094261 0.022108771583335185 -0.068974099569975522 -0.10678949086661636 -0.15025055718383823 -0.051172668992662977 -0.025200266192422872 -0.0080833836135314561 -0.021220332613405866 0.011268719291867093 0.058919860043505246 0.11795295465288411 -0.028242016322921726 0.094212601889502548 0.012729495494446902 -0.057181110639041605 0.012489780605636693 -0.12029027383176487 0.13987898608601596 0.25667056196701332 -0.036644733885825433 0.036549763416681744 -0.064302978564010405 -0.1188413813540153
leaf_weight=177561 238 184 159 406 741 125 372 518 105 191 177 402 215 3362 679 396 714 141 151 307 1312 719 8208 345 118 95 133 129 115 101
leaf_count=177561 238 184 159 406 741 125 372 518 105 191 177 402 215 3362 679 396 714 141 151 307 1312 719 8208 345 118 95 133 129 115 101
internal_value=-1.55731e-05 -0.00172972 -0.00122499 -0.00642478 -0.000272374 -0.00147247 0.00428571 -0.00302275 0.00341108 -0.00449102 -0.00310976 -0.000847826 -0.00841837 1.81925e-05 -6.20721e-05 0.000899354 0.00117779 0.00091062 0.00558382 0.004125 0.00320568 -0.00287892 0.000458217 -0.00108215 -0.00705882 -0.000153267 0.00697479 0.0139286 0.00193133 -0.00492308
internal_weight=198419 3833 3649 565 3084 2343 497 1846 343 1503 1312 920 392 194586 178341 16245 15130 14265 865 1760 1619 1115 12505 4297 578 3719 357 224 233 780
internal_count=198419 3833 3649 565 3084 2343 497 1846 343 1503 1312 920 392 194586 178341 16245 15130 14265 865 1760 1619 1115 12505 4297 578 3719 357 224 233 780
is_linear=0
shrinkage=0.06


Tree=130
num_leaves=31
num_cat=0
split_feature=18 26 0 19 14 3 18 16 23 24 25 11 0 21 0 4 19 27 17 27 27 0 26 24 26 18 24 25 21 0
split_gain=2.85315 7.76379 7.42711 6.66546 6.22406 7.59944 6.36818 5.67077 6.95725 6.38976 5.1372 4.80875 6.25145 5.83725 4.79196 4.35897 4.80795 4.19222 4.03708 3.92055 5.7598 9.38127 6.7113 5.82153 6.23683 5.81145 5.72422 5.49125 4.94045 5.74888
threshold=1.3295233249664309 0.13842912763357165 69.17972564697267 62.876670837402351 1.0000000180025095e-35 339.50000000000006 0.75620982050895702 12.500000000000002 8.3458485603332537 10761.519042968752 10.500000000000002 0.31268873810768133 13.095165252685549 0.077198345214128508 26.249145507812504 155.50000000000003 91.996013641357436 21.672670364379886 3.5000000000000004 10.599985599517824 12.612927436828615 61.939558029174812 2.7127850055694585 1867.9168701171877 13.250994682312013 -0.82019302248954762 6054.3205566406259 8.5000000000000018 0.27196498215198522 10.13441848754883
decision_type=2 2 2 10 2 2 2 2 2 2 2 2 2 2 2 2 8 2 2 2 2 2 2 2 2 2 2 2 2 2
left_child=4 -2 3 -3 19 6 7 8 9 18 15 13 -13 -9 17 16 -11 -15 -6 28 21 22 -21 24 -24 -23 -25 -27 -1 -30
right_child=1 2 -4 -5 5 -7 -8 11 -10 10 -12 12 -14 14 -16 -17 -18 -19 -20 20 -22 25 23 26 -26 27 -28 -29 29 -31
leaf_value=-0.0012871454666996372 -0.11635453850379436 -0.01289840705847661 0.043521675288502162 0.0013721209699023972 0.095591811249730263 0.66463439303538507 0.15992778557617987 0.36123688280772748 -0.17614504003376397 0.21395190203404443 0.019905414060679263 0.36956846336716798 -0.016911493562697614 -0.10228998772027843 0.03203059618500731 0.44283488859901154 0.049267513062477571 0.054567832296723143 -0.05255054101920198 -0.041037552045832926 9.2148697413145788e-05 -0.12874624268311266 0.29289060107905013 -0.082329322878825439 0.0013397311110762854 -0.072564530010550785 -0.0050983478432500015 0.15276622155435263 0.0036375739598740872 0.020969465124324137
leaf_weight=25320 202 18697 1356 23105 190 97 174 95 99 96 126 120 127 696 256 113 118 92 228 1058 81888 327 119 145 157 198 11227 98 22270 9625
leaf_count=25320 202 18697 1356 23105 190 97 174 95 99 96 126 120 127 696 256 113 118 92 228 1058 81888 327 119 145 157 198 11227 98 22270 9625
internal_value=-1.25492e-05 -0.000442804 -0.000387877 -0.00052964 0.000107765 0.00300343 0.00237154 0.00155348 0.00507216 0.0067853 0.0117219 -0.000909091 0.00668016 -0.00255487 -0.00385057 0.0156881 0.0106542 -0.00616751 0.00143541 5.78619e-05 -0.000178014 -0.00133468 -0.000982213 -0.000566621 0.00804348 -0.00852327 -0.000775589 -0.00243243 0.000450406 0.00094717
internal_weight=198419 43360 43158 41802 155059 2627 2530 2356 970 871 453 1386 247 1139 1044 327 214 788 418 152432 95217 13329 12706 11648 276 623 11372 296 57215 31895
internal_count=198419 43360 43158 41802 155059 2627 2530 2356 970 871 453 1386 247 1139 1044 327 214 788 418 152432 95217 13329 12706 11648 276 623 11372 296 57215 31895
is_linear=0
shrinkage=0.06


Tree=131
num_leaves=31
num_cat=0
split_feature=1 0 23 27 7 23 1 21 3 23 4 11 23 16 23 23 24 20 24 20 24 24 16 17 24 11 24 0 0 17
split_gain=2.69315 3.57551 4.94157 3.95493 3.53199 7.27688 7.46155 7.15318 6.29544 8.77201 8.19196 15.2102 13.9526 9.54675 11.5403 8.92336 11.6418 8.6093 18.9892 13.9333 12.3424 19.3343 11.4522 12.0437 16.8198 14.5163 13.9365 11.6556 11.5502 11.07
threshold=3.5000000000000004 3.5393987894058232 5.315803289413453 11.519917011260988 1.0000000180025095e-35 11.313849925994875 54.000000000000007 0.42600551247596746 59.500000000000007 2.1170724630355839 255.50000000000003 1.0000000180025095e-35 15.119426727294924 18.500000000000004 6.2878470420837411 3.2032675743103032 14462.160644531252 2.5000000000000004 6278.3269042968759 3.5000000000000004 12762.763671875002 14736.229980468752 14.500000000000002 2.5000000000000004 7303.7951660156259 0.2943719774484635 11872.411621093752 17.045269966125492 6.6918683052062997 1.5000000000000002
decision_type=2 2 2 2 2 2 2 2 2 2 2 2 2 2 2 2 2 2 2 2 2 2 2 2 2 2 2 2 2 2
left_child=1 3 -3 -1 5 7 -7 -2 -6 -10 13 -12 -13 15 -15 16 -11 22 -19 -20 -21 -22 23 25 -25 26 29 -26 -27 -17
right_child=4 2 -4 -5 8 6 -8 -9 9 10 11 12 -14 14 -16 17 -18 18 19 20 21 -23 -24 24 27 28 -28 -29 -30 -31
leaf_value=0.02529191572415487 0.0015324442423101559 0.04407998755467165 -0.021458975623676081 -0.03830458292163124 0.0080899317159905618 -0.04234743219777215 0.0047119820383398547 -0.015706308360562245 -0.0030167039762011602 0.0088388703087311209 0.0094443012660846652 0.084022008927289518 0.36111511246961986 -0.010845275452557828 0.058600202589562396 0.048548003956904041 0.072838288150876992 0.31210503606455264 -0.045091515410535299 0.043519466967756271 -0.073752176823858193 0.026656306858234551 -0.017144834055430564 -0.061987980334898794 0.067458880350181216 -0.071002288899331037 -0.065370514399147067 -0.00099003429678518268 0.08675241656655211 -0.03673473599374117
leaf_weight=128 14971 518 167 226 22522 1067 600 5866 112331 3076 4877 1296 273 1804 2981 1123 784 99 4004 1939 935 830 6973 395 3697 178 1790 1570 788 611
leaf_count=128 14971 518 167 226 22522 1067 600 5866 112331 3076 4877 1296 273 1804 2981 1123 784 99 4004 1939 935 830 6973 395 3697 178 1790 1570 788 611
internal_value=-1.49683e-05 0.00303176 0.00556204 -0.00186441 -3.10062e-05 -0.000738535 -0.00455309 -0.000433364 6.00425e-05 -7.83701e-05 0.000684356 0.0026435 0.00778203 0.000308247 0.00278997 -0.000104196 0.00258031 -0.000519814 -0.00217113 -0.00250649 0.000145788 -0.00348442 0.000232993 0.00151891 0.00335924 -0.000801782 -0.00258797 0.00425479 0.00571429 0.00124567
internal_weight=198419 1039 685 354 197380 22504 1667 20837 174876 152354 40023 6446 1569 33577 4785 28792 3860 24932 7807 7708 3704 1765 17125 10152 5662 4490 3524 5267 966 1734
internal_count=198419 1039 685 354 197380 22504 1667 20837 174876 152354 40023 6446 1569 33577 4785 28792 3860 24932 7807 7708 3704 1765 17125 10152 5662 4490 3524 5267 966 1734
is_linear=0
shrinkage=0.06


Tree=132
num_leaves=31
num_cat=0
split_feature=14 0 7 7 11 17 0 18 16 11 25 25 0 23 21 0 25 23 24 21 18 26 27 7 27 0 7 0 3 25
split_gain=2.60839 9.36187 9.42857 9.18113 8.76023 5.23712 6.55037 6.20968 5.94543 4.86213 6.25657 4.5049 4.73599 4.47977 4.5016 4.31797 6.26212 4.71409 4.05068 5.13611 3.95495 3.24896 3.21478 3.68118 3.11823 3.09013 3.54191 8.22478 5.59342 4.62244
threshold=1.0000000180025095e-35 53.801986694335945 1.0000000180025095e-35 3.5000000000000004 0.31268873810768133 3.5000000000000004 25.3781270980835 -1.7351899147033689 14.500000000000002 0.38462381064891821 4.5000000000000009 4.5000000000000009 16.453348159790043 2.7925844192504887 0.44827167689800268 12.30664110183716 6.5000000000000009 1.3482347726821902 12170.886718750002 0.24008239060640338 -0.11322305724024771 23.730710029602054 21.672670364379886 1.5000000000000002 11.324356079101564 3.4419653415679936 1.5000000000000002 8.9830675125122088 74.000000000000014 7.5000000000000009
decision_type=2 2 2 2 2 2 2 2 2 2 2 2 2 2 2 2 2 2 2 2 2 2 2 2 2 2 2 2 2 2
left_child=-1 3 -3 5 13 6 8 11 9 10 -2 -7 -13 14 24 17 -17 -10 19 -4 -8 22 23 -22 -5 -9 28 -28 29 -27
right_child=1 2 18 4 -6 7 20 25 15 -11 -12 12 -14 -15 -16 16 -18 -19 -20 -21 21 -23 -24 -25 -26 26 27 -29 -30 -31
leaf_value=-0.00032596748652270692 -0.087804497090658976 -0.03459500129911177 0.35349113208628885 -0.27602430114591653 0.53502879631375533 0.11612743348692951 0.10212710612413169 -0.1906927455178738 -0.10300503130338101 -0.15396380566709711 0.13723954269148689 0.25269227807191247 -0.081209961754481905 0.28252184359468635 0.30209604794707551 0.084074947729500443 -0.15472522924118456 0.18977953291373231 0.39404364612438314 0.0047013671610753247 0.061975784451523595 -0.033399843065792398 -0.012650526523243144 0.28175030449711269 0.075569495404768636 0.028273989884491611 0.2224562783018256 -0.07287821093129046 -0.20794096149593441 -0.060550389350123482
leaf_weight=193523 116 99 144 109 131 173 156 89 114 96 310 82 192 88 124 91 272 85 87 96 210 145 95 157 113 251 128 620 323 200
leaf_count=193523 116 99 144 109 131 173 156 89 114 96 310 82 192 88 124 91 272 85 87 96 210 145 95 157 113 251 128 620 323 200
internal_value=-7.40856e-06 0.00136029 0.00985915 0.000550336 0.00769912 -0.000483995 0.00183541 -0.0025656 -0.00116236 0.00344828 0.00619718 0.00369128 -0.00109489 0.00359447 0.000520231 -0.00544484 -0.00933884 0.00165829 0.0147706 0.01075 0.00609436 0.00390445 0.00636364 0.00891008 -0.00459459 -0.00430168 -0.00366623 -0.000721925 -0.00651163 -0.00219512
internal_weight=198419 4896 426 4470 565 3905 1847 2058 1084 522 426 447 274 434 346 562 363 199 327 240 763 607 462 367 222 1611 1522 748 774 451
internal_count=198419 4896 426 4470 565 3905 1847 2058 1084 522 426 447 274 434 346 562 363 199 327 240 763 607 462 367 222 1611 1522 748 774 451
is_linear=0
shrinkage=0.06


Tree=133
num_leaves=31
num_cat=0
split_feature=18 0 26 16 19 14 3 18 16 24 21 24 21 11 0 16 19 21 18 17 0 21 0 21 4 21 7 0 21 14
split_gain=2.58833 7.04838 7.56806 5.90356 5.46247 4.77259 6.28728 5.93724 5.40541 6.94928 5.93358 5.18216 4.52883 4.94022 5.38997 3.90126 3.84273 4.07855 8.29238 5.80432 5.73509 5.26028 4.28615 5.44985 3.86583 4.60773 3.84818 4.47048 3.82687 3.73015
threshold=1.3295233249664309 104.55176544189455 0.13842912763357165 17.500000000000004 62.876670837402351 1.0000000180025095e-35 339.50000000000006 0.75620982050895702 14.500000000000002 10761.519042968752 0.13758362084627154 13807.777343750002 0.077198345214128508 0.31268873810768133 13.095165252685549 17.500000000000004 23.791120529174808 0.3831049799919129 20.082914352416996 2.5000000000000004 51.080162048339851 0.32596074044704443 20.203450202941898 0.4582433700561524 75.000000000000014 0.75626978278160106 1.5000000000000002 14.579007625579836 0.41277636587619787 1.0000000180025095e-35
decision_type=2 2 2 2 10 2 2 2 2 2 2 2 2 2 2 2 10 2 2 2 2 2 2 2 2 2 2 2 2 2
left_child=5 2 -2 -3 16 -1 7 8 9 10 -7 -11 -10 15 -15 -14 17 18 19 21 -20 -4 -19 -24 28 26 27 -26 -18 -28
right_child=1 3 4 -5 -6 6 -8 -9 12 11 -12 -13 13 14 -16 -17 24 22 20 -21 -22 -23 23 -25 25 -27 29 -29 -30 -31
leaf_value=0.00048171881583876526 -0.11177640963792582 0.19194322148966989 0.078680756348715894 -0.023951456627922026 0.0018578857574672546 -0.2054095638271308 0.60681156881500953 0.15558028725522355 0.41402359385718424 0.20695170499765878 0.033047306996673742 -0.012397729613539639 -0.085591837948749722 0.34348294010889407 -0.021440588652834405 0.011853008239347318 0.0074661225713410669 0.018887812308042342 -0.16979052697704822 -0.030650741157078297 0.0080361021575497196 -0.035172935011843376 0.24197899359325994 0.038623957687928083 -0.021629048258517469 0.059690860193181053 -0.020273284516989128 -0.065995173019722408 -0.016608515666413925 0.047234794238149358
leaf_weight=152432 196 181 365 81 23479 84 97 174 89 374 433 145 634 120 118 359 3894 631 157 630 88 111 118 139 1919 213 7433 1254 1937 534
leaf_count=152432 196 181 365 81 23479 84 97 174 89 374 433 145 634 120 118 359 3894 631 157 630 88 111 118 139 1919 213 7433 1254 1937 534
internal_value=-1.22468e-05 -0.000422048 -0.000481693 0.00938931 -0.000427952 0.000102348 0.00263799 0.00206324 0.00127334 0.00451737 -0.00040619 0.00942197 -0.00127273 -0.00221771 0.00554622 -0.00407855 -0.00117232 0.0011657 -0.000910437 0.00130199 -0.010898 0.00630252 0.00432432 0.010856 -0.00147696 -0.00212191 -0.00228905 -0.0040561 -0.000221231 -0.00158529
internal_weight=198419 43360 43098 262 42902 155059 2627 2530 2356 1036 517 519 1320 1231 238 993 19423 2239 1351 1106 245 476 888 257 17184 11353 11140 3173 5831 7967
internal_count=198419 43360 43098 262 42902 155059 2627 2530 2356 1036 517 519 1320 1231 238 993 19423 2239 1351 1106 245 476 888 257 17184 11353 11140 3173 5831 7967
is_linear=0
shrinkage=0.06


Tree=134
num_leaves=31
num_cat=0
split_feature=20 23 23 17 16 16 17 24 24 24 23 23 15 23 16 0 24 24 25 25 16 20 24 24 24 16 25 24 24 23
split_gain=2.56939 7.55881 14.7553 7.19296 7.85968 14.6252 6.39543 7.73768 15.2836 11.2161 10.7326 18.6848 13.5628 28.7373 14.0782 12.9313 11.8384 11.7191 9.94356 8.84066 8.7578 17.3733 14.7609 15.6778 15.1835 14.6979 16.3539 12.623 13.5894 11.6699
threshold=1.0000000180025095e-35 21.212114334106449 21.848299980163578 5.5000000000000009 18.500000000000004 11.500000000000002 2.5000000000000004 14224.153808593752 12583.756347656252 14462.160644531252 0.26935572922229772 2.7502787113189702 1.0000000180025095e-35 8.8680715560913104 14.500000000000002 13.769601821899416 16492.236328125004 15853.948730468752 1.5000000000000002 6.5000000000000009 14.500000000000002 3.5000000000000004 7111.3327636718759 10150.854003906252 1429.7474365234377 4.5000000000000009 7.5000000000000009 7339.4455566406259 8811.9062500000018 40.624979019165046
decision_type=2 2 2 2 2 2 2 2 2 2 2 2 2 2 2 2 2 2 2 2 2 2 2 2 2 2 2 2 2 2
left_child=1 -1 -3 4 5 -4 7 8 20 -9 16 -12 13 19 -15 -14 17 -11 -18 -13 21 22 24 25 -2 -24 27 -27 -29 -22
right_child=6 2 3 -5 -6 -7 -8 9 -10 10 11 12 15 14 -16 -17 18 -19 -20 -21 29 -23 23 -25 -26 26 -28 28 -30 -31
leaf_value=0.004263024800820467 0.14608349173136859 -0.14434571586460823 0.0067578053931990206 0.12583272901570428 0.063124122598444146 -0.11618447974620792 -0.0041437048509803589 -0.071536713098835969 0.024375856948712575 -0.014131638069944595 0.068601887856841556 -0.11561579948369582 0.16236616639654519 -0.027873697490388698 0.085371132337875397 -0.0074877120355287723 -0.069112015888874598 -0.055340102517210353 0.0089943899422916113 -0.044557987231996846 -0.0063498817315037967 0.042193004652505764 -0.027804509206649806 -0.010648744341334754 -0.028707983419104577 0.14801562391865494 -3.7879898823804936e-05 0.01092439793783484 0.090705185471096988 0.68878759216401364
leaf_weight=46513 175 170 317 192 129 267 85632 566 8564 3597 1472 342 451 934 1008 451 171 1929 3976 1465 20390 4104 1053 5336 3201 368 2142 1627 1786 91
leaf_count=46513 175 170 317 192 129 267 85632 566 8564 3597 1472 342 451 934 1008 451 171 1929 3976 1465 20390 4104 1053 5336 3201 368 2142 1627 1786 91
internal_value=-1.49683e-05 0.000369421 -0.00460465 -0.00155801 -0.0043338 -0.00729452 -0.000136245 0.000311508 0.000689846 -0.000817748 -0.000520385 0.00144537 -0.000419265 -0.00200854 0.0030587 0.00618625 -0.00176471 -0.00358306 0.000658307 -0.00745434 0.000200382 0.00110044 0.000191229 0.00115497 -0.00332346 0.00302752 0.00418876 0.00656176 0.00542338 -0.000669401
internal_weight=198419 47588 1075 905 713 584 150831 65199 48837 16362 15796 6123 4651 3749 1942 902 9673 5526 4147 1807 40273 19792 15688 12312 3376 6976 5923 3781 3413 20481
internal_count=198419 47588 1075 905 713 584 150831 65199 48837 16362 15796 6123 4651 3749 1942 902 9673 5526 4147 1807 40273 19792 15688 12312 3376 6976 5923 3781 3413 20481
is_linear=0
shrinkage=0.06


Tree=135
num_leaves=31
num_cat=0
split_feature=18 26 0 19 23 16 19 24 20 16 24 23 1 17 16 3 14 6 3 0 11 21 24 21 0 26 11 26 19 20
split_gain=2.66436 6.27955 5.60748 5.27737 4.73397 7.39206 5.97862 4.56894 6.52161 5.97961 4.94779 7.55299 5.70233 5.26436 4.34984 4.33428 4.21158 5.9566 9.15891 8.21542 7.59027 7.69952 8.71878 7.0241 6.15855 5.46743 4.16489 3.85688 4.52903 3.83028
threshold=1.3295233249664309 0.13842912763357165 57.770694732666023 62.876670837402351 20.401210784912113 3.5000000000000004 74.692401885986342 11153.663085937502 1.5000000000000002 17.500000000000004 10037.717773437502 9.3504877090454119 128.00000000000003 2.5000000000000004 9.5000000000000018 122.00000000000001 1.0000000180025095e-35 9.3499999046325701 112.50000000000001 9.7368164062500018 0.31626549363136297 0.48083676397800451 9452.7729492187518 0.17814790457487109 9.8272161483764666 18.531196594238285 0.31268873810768133 21.78813457489014 78.641563415527358 2.5000000000000004
decision_type=2 2 2 10 2 2 10 2 2 2 2 2 2 2 2 2 2 2 2 2 2 2 2 2 2 2 2 2 8 2
left_child=16 -2 3 -3 -5 -6 29 10 14 -10 13 12 -12 15 -9 -4 -1 19 -19 -18 21 23 -23 27 -25 -26 -21 28 -20 -7
right_child=1 2 7 4 5 6 -8 8 9 -11 11 -13 -14 -15 -16 -17 17 18 20 26 -22 22 -24 24 25 -27 -28 -29 -30 -31
leaf_value=0.00047473554518930424 -0.10270972432376772 -0.011708452614030591 0.020610987202129252 0.0022771699899875484 0.12827116164732699 0.0011859281126950804 -0.10052009494156273 0.11485447705388793 0.17395544544499472 0.00047473097874267011 -0.026405779788335478 0.10937347086386694 -0.16007673699473854 -0.030366338911980505 -0.036531529018873528 0.21940181869889472 -0.14541659267834386 0.34642209973824972 0.31084168175797261 0.031689029789871162 0.34577829257032977 -0.065811518121132118 0.28758001465225802 0.081218742054581794 -0.31880737841130191 -0.02077411390260174 -0.069488003859819888 0.37855424674771609 -0.1418329804156889 -0.11212085931513187
leaf_weight=152432 202 18445 201 22148 87 383 228 89 403 158 84 111 95 203 276 142 212 157 101 668 248 121 227 146 206 154 151 99 137 105
leaf_count=152432 202 18445 201 22148 87 383 228 89 403 158 84 111 95 203 276 142 212 157 101 668 248 121 227 146 206 154 151 99 137 105
internal_value=-2.0109e-05 -0.000435886 -0.000386487 -0.000527587 7.97351e-05 -0.00444583 -0.00645251 0.00292849 0.00583153 0.00989305 -0.000287081 -0.00662069 -0.0142458 0.00307692 -0.000410959 0.00760933 9.61569e-05 0.00247811 0.00477444 -0.00107662 0.00327311 0.00128463 0.0087931 -0.00181495 -0.00628458 -0.0105 0.00164835 0.00489614 0.000756303 -0.00270492
internal_weight=198419 43360 43158 41396 22951 803 716 1762 926 561 836 290 179 546 365 343 155059 2627 1596 1031 1439 1191 348 843 506 360 819 337 238 488
internal_count=198419 43360 43158 41396 22951 803 716 1762 926 561 836 290 179 546 365 343 155059 2627 1596 1031 1439 1191 348 843 506 360 819 337 238 488
is_linear=0
shrinkage=0.06


Tree=136
num_leaves=31
num_cat=0
split_feature=24 24 2 24 16 20 21 17 18 17 26 0 25 20 18 24 20 19 11 11 0 16 26 25 19 20 17 19 0 23
split_gain=2.63741 11.0172 8.6903 5.35515 5.14026 6.75296 7.73217 5.49754 4.74474 4.70156 4.66056 9.47557 5.6582 7.16894 4.82631 6.28538 9.82172 5.39511 4.55683 4.38592 5.17417 6.94078 4.34707 4.30864 4.30557 4.29223 4.97491 4.42156 4.17465 4.08073
threshold=16890.026367187504 16700.229492187504 5.5000000000000009 17007.569335937504 10.500000000000002 2.5000000000000004 0.27196498215198522 5.5000000000000009 9.0773310661315936 1.5000000000000002 24.139319419860843 51.080162048339851 1.5000000000000002 1.5000000000000002 -2.3884150981903072 17481.303710937504 2.5000000000000004 82.892681121826186 0.51548659801483165 0.77818319201469432 9.2881016731262225 15.500000000000002 484.10176086425787 7.5000000000000009 33.836162567138679 2.5000000000000004 2.5000000000000004 58.779630661010749 4.6570305824279794 0.52593147754669201
decision_type=2 2 2 2 2 2 2 2 2 2 2 2 2 2 2 2 2 8 2 2 2 2 2 2 10 2 2 10 2 2
left_child=1 -1 24 4 7 6 -6 9 10 -2 19 12 -12 -14 -15 16 -16 28 -4 29 -21 -22 -17 -11 -3 26 -26 -28 -18 -5
right_child=3 2 18 8 5 -7 -8 -9 -10 23 11 -13 13 14 15 22 17 -19 -20 20 21 -23 -24 -25 25 -27 27 -29 -30 -31
leaf_value=-0.00030350331476057589 0.22333728564370611 0.055716144778900724 -0.091984861269351834 0.0014085358352082889 0.19002876677236968 0.17446787180094969 -0.025269930715096717 0.2266608302726387 -0.11921375908663055 -0.021812833365739158 -0.10096546072993091 0.13821764260802141 0.01094228836722745 -0.070690828239602821 -0.10472214877917126 -0.057862128609810944 -0.083392173412793841 0.17244965130249712 0.012152311536414632 0.15150410865925945 0.11771640335806167 -0.072493720886036533 0.040858614126188068 0.10122295699791997 -0.097764370416592986 0.012319704436980449 -0.082469319721061446 -0.012635597057487929 0.055110675377664481 0.020863078688184076
leaf_weight=180587 132 292 552 7237 93 95 605 109 168 167 244 131 1516 341 173 532 83 166 110 192 148 119 104 196 116 312 149 647 195 2908
leaf_count=180587 132 292 552 7237 93 95 605 109 168 167 244 131 1516 341 173 532 83 166 110 192 148 119 104 196 116 312 149 647 195 2908
internal_value=-1.92018e-05 -8.32216e-05 -0.00432507 0.000728248 0.00427344 0.0010971 -0.000945559 0.00844371 0.000380866 0.00575758 0.00050039 -0.00140316 -0.00202147 -0.00133119 -0.00414053 -0.0024182 0.00189627 0.00662162 -0.0100604 0.00112599 0.00686275 0.00146067 -0.00660377 0.0022314 -0.00182058 -0.00338235 -0.00546053 -0.00376884 0.00151079 0.000866437
internal_weight=198419 182765 2178 15654 1397 793 698 604 14257 495 14089 3485 3354 3110 1594 1253 617 444 662 10604 459 267 636 363 1516 1224 912 796 278 10145
internal_count=198419 182765 2178 15654 1397 793 698 604 14257 495 14089 3485 3354 3110 1594 1253 617 444 662 10604 459 267 636 363 1516 1224 912 796 278 10145
is_linear=0
shrinkage=0.06


Tree=137
num_leaves=31
num_cat=0
split_feature=1 0 23 23 4 11 0 3 4 23 11 11 11 24 4 23 11 0 27 15 5 26 18 16 23 27 25 25 21 21
split_gain=2.66946 8.94496 9.18004 8.21204 7.41232 9.54982 8.35631 6.72871 6.42098 6.35145 5.82978 4.63899 10.4176 8.93295 9.94378 10.5129 7.67703 9.94145 7.09692 10.2245 10.4255 6.4498 6.27992 7.91073 7.62847 6.0799 5.92341 9.82567 10.4846 18.8257
threshold=41.500000000000007 4.4991183280944833 6.020177125930787 18.396212577819828 42.000000000000007 0.55806332826614391 12.457590103149416 46.000000000000007 30.000000000000004 0.28568713366985327 0.28311835229396826 0.41736809909343725 0.40978467464447027 2039.013854980469 289.50000000000006 13.349164962768556 0.406288892030716 10.989459514617922 7.4798924922943124 1.0000000180025095e-35 9.5000000000000018 796.40719604492199 8.1126699447631854 19.500000000000004 9.3504877090454119 16.407568931579593 6.5000000000000009 5.5000000000000009 0.31591479480266577 0.293117105960846
decision_type=2 2 2 2 2 2 2 2 2 2 2 2 2 2 2 2 2 2 2 2 2 2 2 2 2 2 2 2 2 2
left_child=1 2 10 4 5 -3 9 -4 -5 -7 -1 12 16 18 21 -16 22 -18 -13 20 -20 -15 26 24 -24 -21 27 28 29 -2
right_child=11 3 7 8 -6 6 -8 -9 -10 -11 -12 13 -14 14 15 -17 17 -19 19 25 -22 -23 23 -25 -26 -27 -28 -29 -30 -31
leaf_value=0.00059409342408297758 0.0024410371297869959 0.018379298833229887 -0.062957029017538718 -0.070850186782633509 -0.0063986717985530812 -0.021893423523093973 0.0088757070964371101 0.043041980951987954 0.013264693220322882 -0.086071737943882551 -0.039386040696333065 -0.18996428639066698 -0.064426953234489159 0.0058582311463242481 0.055987598951651375 0.33620754132787173 0.17742184411789277 -0.027789384641334926 -0.059834107641056899 0.088836580247781488 -0.27166144304485373 -0.072155537824560342 -0.03648910705299048 -0.10641642576580518 0.081762872274643572 -0.028088931481998092 -0.0047481588612082381 0.017355371922946786 -0.0072056997152794098 0.047140286672817992
leaf_weight=8887 28927 11568 663 333 3597 470 799 116 289 236 730 120 612 20040 1871 114 161 146 188 124 81 245 2372 302 401 112 71910 11862 28936 2207
leaf_count=8887 28927 11568 663 333 3597 470 799 116 289 236 730 120 612 20040 1871 114 161 146 188 124 81 245 2372 302 401 112 71910 11862 28936 2207
internal_value=-1.55731e-05 0.000530916 -0.000859946 0.00136711 0.00161968 0.00228333 -0.00221262 -0.00712452 -0.00540193 -0.00696884 -0.000352501 -0.000104199 -0.000227279 0.000690544 0.000889088 0.00494207 -0.000194805 0.00928339 -0.006384 -0.00326733 -0.0112639 0.000492482 -0.000214611 -0.00289756 -0.00189326 0.00584746 -0.000157256 0.000227715 -8.39021e-05 0.000680285
internal_weight=198419 27688 10396 17292 16670 13073 1505 779 622 706 9617 170731 147836 22895 22270 1985 147224 307 625 505 269 20285 146917 3075 2773 236 143842 71932 60070 31134
internal_count=198419 27688 10396 17292 16670 13073 1505 779 622 706 9617 170731 147836 22895 22270 1985 147224 307 625 505 269 20285 146917 3075 2773 236 143842 71932 60070 31134
is_linear=0
shrinkage=0.06


Tree=138
num_leaves=31
num_cat=0
split_feature=21 21 21 23 21 25 20 24 25 20 0 17 21 21 21 0 0 24 24 16 11 0 25 16 11 0 20 24 21 0
split_gain=2.77984 8.8737 11.5026 10.5592 8.40145 9.6797 15.2575 10.7769 8.87774 8.71737 13.3001 11.1235 20.3932 15.1405 21.4631 13.8916 11.8654 11.0698 17.5525 13.1559 15.0418 11.0392 10.4324 10.1053 9.96326 16.5754 9.35772 10.5639 13.1328 11.1272
threshold=0.36101733148097997 0.32596074044704443 0.32746671140193945 2.0322954654693608 0.31963206827640539 4.5000000000000009 1.0000000180025095e-35 17234.285156250004 10.500000000000002 3.5000000000000004 4.5494661331176767 2.5000000000000004 0.28979149460792547 0.25664508342742925 0.10105558112263681 4.596412420272828 13.606397628784181 11298.403320312502 7563.8542480468759 10.500000000000002 0.56714195013046276 23.89594650268555 1.5000000000000002 15.500000000000002 0.32403683662414556 8.2435984611511248 1.5000000000000002 9570.1909179687518 0.14853189885616305 5.452667474746705
decision_type=2 2 2 2 2 2 2 2 2 2 2 2 2 2 2 2 2 2 2 2 2 2 2 2 2 2 2 2 2 2
left_child=1 4 3 -3 5 6 -1 9 -6 11 -11 13 26 14 16 -14 -8 18 -16 20 21 -20 -15 -17 -21 -26 -13 28 -28 -30
right_child=-2 2 -4 -5 8 -7 7 -9 -10 10 -12 12 15 22 17 23 -18 -19 19 24 -22 -23 -24 -25 25 -27 27 -29 29 -31
leaf_value=0.023439520480142848 0.0021903910852017817 -0.091577394406356261 -0.011896341959633671 0.028184121988634233 0.017397330860529223 -0.0041101085814406659 -0.03502330949438958 0.042866061318573623 0.18697669037204445 -0.010632345115312676 0.04089557786558283 -0.054371299111108523 0.12048975908978508 0.038608602557015669 0.07218998141523926 0.060507273993415676 0.16132849839570959 0.079224801783156787 0.078214485648406593 -0.065440757452028292 -0.069105832664446074 -0.16252457476357196 -0.070412725617294752 -0.069859981952366007 0.21261281198770735 -0.066225946394858196 0.059366476947100205 -0.042006003199135632 -0.058711491008923332 0.03763059416506264
leaf_weight=9667 76771 535 10566 184 3277 71764 1822 1111 351 2251 3210 2401 434 350 1139 441 140 2132 970 1328 158 83 1074 243 172 136 836 3570 703 600
leaf_count=9667 76771 535 10566 184 3277 71764 1822 1111 351 2251 3210 2401 434 350 1139 441 140 2132 970 1328 158 83 1074 243 172 136 836 3570 703 600
internal_value=-1.34564e-05 -0.000191865 -0.00179442 -0.00913769 -2.79985e-05 -0.000124514 0.000694004 -8.06197e-05 0.00281147 -0.000345968 0.00176341 -0.000960922 -0.00244473 0.000479798 0.00148515 0.00515206 -0.00397554 0.00323635 0.00136979 -0.00114858 0.00359207 0.00618234 -0.00522472 -0.000175439 -0.0046577 0.00506494 -0.00349199 -0.00217026 0.0011641 -0.00260169
internal_weight=198419 121648 11285 719 110363 106735 34971 25304 3628 24193 5461 18732 9228 9504 8080 1118 1962 6118 3986 2847 1211 1053 1424 684 1636 308 8110 5709 2139 1303
internal_count=198419 121648 11285 719 110363 106735 34971 25304 3628 24193 5461 18732 9228 9504 8080 1118 1962 6118 3986 2847 1211 1053 1424 684 1636 308 8110 5709 2139 1303
is_linear=0
shrinkage=0.06


Tree=139
num_leaves=31
num_cat=0
split_feature=25 24 24 24 21 20 16 11 24 24 16 17 24 20 11 18 24 24 21 21 2 11 17 20 16 17 17 16 16 24
split_gain=2.79146 12.8508 11.971 18.0511 10.8055 10.047 12.0831 11.7841 12.837 9.04941 13.8568 17.5945 14.3034 10.518 12.0882 9.38905 8.31633 8.77665 10.9143 10.0403 8.43059 8.28259 8.27158 14.066 11.3557 7.57102 7.17474 10.3646 17.6412 13.4235
threshold=1.5000000000000002 8607.9941406250018 7111.3327636718759 6487.3454589843759 0.033042430877685554 1.5000000000000002 11.500000000000002 0.33985757827758795 9570.1909179687518 14065.137695312502 14.500000000000002 1.5000000000000002 14615.934570312502 1.0000000180025095e-35 0.35598148405551916 -2.5227053165435787 16180.004882812502 11952.073242187502 0.3658979088068009 0.4718859344720841 6.5000000000000009 0.63009357452392589 5.5000000000000009 1.5000000000000002 9.5000000000000018 4.5000000000000009 4.5000000000000009 14.500000000000002 17.500000000000004 1287.2454223632815
decision_type=2 2 2 2 2 2 2 2 2 2 2 2 2 2 2 2 2 2 2 2 2 2 2 2 2 2 2 2 2 2
left_child=1 2 3 26 -3 9 -7 8 -8 15 11 -11 -12 14 -13 -6 17 19 -19 20 -10 -9 23 -4 -24 -25 27 29 -29 -1
right_child=-2 4 22 -5 5 6 7 21 16 10 12 13 -14 -15 -16 -17 -18 18 -20 -21 -22 -23 24 25 -26 -27 -28 28 -30 -31
leaf_value=-0.15051441520607672 0.00042655155756193608 -0.12989713410054016 0.04693104838630887 -0.088485158944648382 0.0032914042627626029 0.025006232047329647 -0.12050916473155245 0.19175224034680538 -0.047279405819923001 0.33580223629005201 0.18142061408026161 0.015028314240495954 -0.00055670363747422507 -0.12400860234354404 -0.24025015292442914 -0.06174611405748999 -0.094200597300590092 0.050567012731378237 -0.043509369822941936 0.023111765369547878 -0.11410574725957183 -0.0096113823380730417 0.21029435463302967 0.022389902289777764 0.052171292143443813 -0.054962300137263102 -0.022487641472040441 0.22867132388562053 -0.013875212266506702 0.026050391961229095
leaf_weight=182 181313 178 722 767 627 3235 301 218 628 102 281 358 641 338 108 2102 300 910 818 380 170 209 137 581 222 181 933 495 351 631
leaf_count=182 181313 178 722 767 627 3235 301 218 628 102 281 358 641 338 108 2102 300 910 818 380 170 209 137 581 222 181 933 495 351 631
internal_value=-2.49472e-05 -0.000757629 0.0017301 -0.000401905 -0.00184476 -0.00162204 -0.000221788 -0.00245552 -0.00360137 -0.00382488 -0.000557987 -0.00582781 0.00462039 -0.00880597 -0.00296137 -0.00601319 -0.00248908 -0.00150723 0.00121528 -0.00550085 -0.00932331 0.0069555 0.00561584 0.00363881 0.0137883 -0.00204724 0.00199074 0.00435805 0.00900709 -0.000479705
internal_weight=198419 17106 5202 3359 11904 11726 7169 3934 3507 4557 1828 906 922 804 466 2729 3206 2906 1728 1178 798 427 1843 1484 359 762 2592 1659 846 813
internal_count=198419 17106 5202 3359 11904 11726 7169 3934 3507 4557 1828 906 922 804 466 2729 3206 2906 1728 1178 798 427 1843 1484 359 762 2592 1659 846 813
is_linear=0
shrinkage=0.06


Tree=140
num_leaves=31
num_cat=0
split_feature=21 21 21 23 21 25 20 24 5 23 25 23 16 20 0 24 21 24 17 21 26 2 0 20 0 17 21 21 21 0
split_gain=2.7284 7.67297 11.0396 9.60023 7.12145 7.97088 14.2158 9.07436 8.08489 9.65882 13.6641 16.5596 11.8135 8.94758 8.87434 8.53937 14.5444 13.8961 8.1884 8.71243 8.18837 8.06391 10.1352 7.99187 10.8308 9.57645 17.1624 12.4035 18.4424 12.1712
threshold=0.36101733148097997 0.32596074044704443 0.32746671140193945 2.0322954654693608 0.31963206827640539 4.5000000000000009 1.0000000180025095e-35 17234.285156250004 5.5000000000000009 19.41494178771973 6.5000000000000009 21.212114334106449 16.500000000000004 1.0000000180025095e-35 4.450169801712037 6531.2524414062509 0.21973633021116259 7534.7277832031259 3.5000000000000004 0.30741475522518164 15.735480308532717 4.5000000000000009 23.89594650268555 3.5000000000000004 4.5494661331176767 2.5000000000000004 0.28979149460792547 0.25664508342742925 0.10105558112263681 4.8701825141906747
decision_type=2 2 2 2 2 2 2 2 2 2 2 2 2 2 2 2 2 2 2 2 2 2 2 2 2 2 2 2 2 2
left_child=1 4 3 -3 5 6 21 23 -7 14 -11 12 -12 -13 18 16 -16 -17 19 -10 -15 -1 -23 25 -25 27 -27 28 -8 -28
right_child=-2 2 -4 -5 -6 8 7 -9 9 10 11 13 -14 20 15 17 -18 -19 -20 -21 -22 22 -24 24 -26 26 29 -29 -30 -31
leaf_value=0.011099897118190384 0.0021234690545454968 -0.085370127071037499 -0.011122054610216149 0.026467481575862463 0.025862229220996492 0.00057130423060561156 -0.025126022546638108 0.040529479403157244 -0.01562594184122925 0.3909983955659419 0.18588906920687151 -0.098545153066287264 -0.13107720696980493 0.087901714426633068 -0.020873143355709903 -0.065569424116669675 0.18441542819162954 -0.018071930323260297 0.013900567513276254 0.062753898415746912 -0.079970727643503312 0.0512992643363172 -0.11663682470447465 -0.0094447127971124655 0.036678825990942597 -0.030152127980924041 0.10725010977655769 -0.045742110266464998 0.02725923545859666 -0.0040089885787672587
leaf_weight=5744 76771 535 10566 184 3628 39305 1962 1111 6282 247 325 226 90 176 657 1889 408 16249 5431 325 154 3735 188 2251 3210 8110 457 1424 6118 661
leaf_count=5744 76771 535 10566 184 3628 39305 1962 1111 6282 247 325 226 90 176 657 1889 408 16249 5431 325 154 3735 188 2251 3210 8110 457 1424 6118 661
internal_value=-2.64592e-05 -0.000203209 -0.0016934 -0.00888734 -5.08323e-05 -0.000139692 0.000603071 -0.000144641 -0.000501644 -0.00120244 0.00403941 0.000834192 0.00990361 -0.00593525 -0.00140681 -0.00220747 0.00301408 -0.00251406 -0.00012959 -0.00154836 0.000363636 0.00256026 0.00465715 -0.000388129 0.00163157 -0.000976938 -0.00235371 0.000359848 0.0012698 0.00461538
internal_weight=198419 121648 11285 719 110363 106735 34971 25304 71764 32459 1218 971 415 556 31241 19203 1065 18138 12038 6607 330 9667 3923 24193 5461 18732 9228 9504 8080 1118
internal_count=198419 121648 11285 719 110363 106735 34971 25304 71764 32459 1218 971 415 556 31241 19203 1065 18138 12038 6607 330 9667 3923 24193 5461 18732 9228 9504 8080 1118
is_linear=0
shrinkage=0.06


Tree=141
num_leaves=31
num_cat=0
split_feature=25 24 24 24 21 20 16 11 24 11 17 20 16 24 11 24 0 21 16 2 24 16 17 24 20 11 18 21 26 24
split_gain=2.93236 12.6392 11.1943 14.5564 10.7981 9.06477 9.59621 11.0247 11.586 8.0121 7.9281 11.9904 11.183 7.54752 7.00716 6.88277 8.81404 8.68767 7.48709 7.04339 6.80685 13.5258 16.2546 13.1525 9.68221 11.5633 8.01154 6.79321 6.76934 8.52813
threshold=1.5000000000000002 8607.9941406250018 7111.3327636718759 6487.3454589843759 0.033042430877685554 1.5000000000000002 11.500000000000002 0.33985757827758795 9570.1909179687518 0.63009357452392589 5.5000000000000009 1.5000000000000002 9.5000000000000018 16180.004882812502 0.50419721007347118 11952.073242187502 2.5959763526916508 0.4718859344720841 16.500000000000004 5.5000000000000009 14065.137695312502 14.500000000000002 1.5000000000000002 14615.934570312502 1.0000000180025095e-35 0.35598148405551916 -2.5227053165435787 0.30741475522518164 6.2160232067108163 6135.1196289062509
decision_type=2 2 2 2 2 2 2 2 2 2 2 2 2 2 2 2 2 2 2 2 2 2 2 2 2 2 2 2 2 2
left_child=1 2 3 28 -3 20 -7 8 -8 -9 11 -4 -12 15 -14 17 -17 19 -18 -10 26 22 -22 -23 25 -24 -6 -20 -1 -30
right_child=-2 4 10 -5 5 6 7 9 13 -11 12 -13 14 -15 -16 16 18 -19 27 -21 21 23 24 -25 -26 -27 -28 -29 29 -31
leaf_value=0.067829158010216481 0.00039616373896285141 -0.12029417837565209 0.042780720865247111 -0.083303457551242133 0.0038284139572311647 0.022272433526217203 -0.11491416897517509 0.17804637636654047 -0.040704071784256869 -0.0091621075410613529 0.19547596379559132 -0.012143275445075243 0.086789146882078089 -0.087981878694727941 -0.12815048375045429 0.073239410441348587 0.038998065559557801 0.021597651304102222 0.0054476841849655953 -0.10769028126223389 0.31498810828555746 0.16843934043593561 0.01264346652941775 -0.0025838408682027892 -0.11595890481552254 -0.2277071185925986 -0.05712390328917414 -0.089156585326059523 -0.011244133370142144 0.056187012223113598
leaf_weight=477 181313 178 722 767 627 3235 301 218 560 209 137 762 129 300 93 365 543 380 395 238 102 281 358 641 338 108 2102 425 1793 322
leaf_count=477 181313 178 722 767 627 3235 301 218 560 209 137 762 129 300 93 365 543 380 395 238 102 281 358 641 338 108 2102 425 1793 322
internal_value=-2.07137e-05 -0.000771659 0.0016955 -0.00036618 -0.0018498 -0.00162715 -0.000297113 -0.00228775 -0.00339607 0.00681499 0.00545307 0.00351752 0.013454 -0.00233936 0.00513514 -0.00140399 0.00100694 -0.00494058 -0.00121056 -0.00849624 -0.00371955 -0.000886214 -0.00609272 0.00422993 -0.00895522 -0.00334764 -0.00561744 -0.00482927 0.00178241 0.000326241
internal_weight=198419 17106 5202 3359 11904 11726 7169 3934 3507 427 1843 1484 359 3206 222 2906 1728 1178 1363 798 4557 1828 906 922 804 466 2729 820 2592 2115
internal_count=198419 17106 5202 3359 11904 11726 7169 3934 3507 427 1843 1484 359 3206 222 2906 1728 1178 1363 798 4557 1828 906 922 804 466 2729 820 2592 2115
is_linear=0
shrinkage=0.06


Tree=142
num_leaves=31
num_cat=0
split_feature=24 24 20 16 0 21 17 16 25 16 0 0 17 0 19 16 20 16 0 24 0 5 16 23 20 0 3 16 21 0
split_gain=2.75287 6.87988 15.4266 8.39843 11.1005 7.23201 5.71015 11.2142 8.84365 7.35359 5.80778 11.8356 5.63401 6.33591 5.18809 5.10931 4.97968 6.58026 11.0687 6.43359 9.1771 7.80718 7.77195 14.1197 5.7759 5.9971 5.73653 5.5876 9.04839 6.37059
threshold=2039.013854980469 6432.6215820312509 3.5000000000000004 12.500000000000002 10.88622045516968 0.080220658332109465 1.0000000180025095e-35 17.500000000000004 11.500000000000002 6.5000000000000009 39.752513885498054 16.453348159790043 3.5000000000000004 7.760831594467164 24.510017395019535 10.500000000000002 1.0000000180025095e-35 6.5000000000000009 25.3781270980835 6223.2419433593759 6.5752253532409677 4.5000000000000009 14.500000000000002 1.7064890861511233 1.5000000000000002 11.440140247344972 211.00000000000003 18.500000000000004 0.21138186007738116 11.824396133422853
decision_type=2 2 2 2 2 2 2 2 2 2 2 2 2 2 10 2 2 2 2 2 2 2 2 2 2 2 2 2 2 2
left_child=6 2 5 12 -5 -2 7 8 9 -1 11 -8 13 -4 -13 -10 17 -7 -19 22 -21 -22 23 24 25 -18 -26 28 -24 -29
right_child=1 -3 3 4 -6 16 10 -9 15 -11 -12 14 -14 -15 -16 -17 19 18 -20 20 21 -23 27 -25 26 -27 -28 29 -30 -31
leaf_value=-0.025162335041170499 0.089875578477143628 -0.00046211379273638608 0.12208269262717315 -0.004570307093421988 0.16073453813892533 -0.072876228676463942 -0.023894754814245901 -0.067320238431258034 0.063360092323915207 0.21536294780486237 -0.12694310671162626 0.52322533711198382 0.39226632370760162 0.029096478311716627 0.039009529544042534 -0.05142906788445778 0.077567954390839952 0.024310552153765989 0.28453592857583715 0.0055778756028799139 -0.018605180721676752 -0.09926428033919614 -0.0037788330460170982 -0.12089629098581681 0.0042902853495810512 -0.027688480241108201 -0.092007030709316012 0.024016807051343798 0.11958293258975686 -0.058326309738026008
leaf_weight=86 193 184700 242 607 129 152 3824 162 125 271 330 80 190 278 438 153 196 1486 171 1065 501 478 380 270 639 88 169 293 541 182
leaf_count=86 193 184700 242 607 129 152 3824 162 125 271 330 80 190 278 438 153 196 1486 171 1065 501 478 380 270 639 88 169 293 541 182
internal_value=-1.64803e-05 2.11454e-05 0.00171636 0.0073444 0.00285326 0.000520282 -0.00134394 0.00335006 0.00694488 0.0131933 -0.00214469 -0.00156149 0.012 0.00876923 0.00694981 -0.00107914 0.000186054 0.00286899 0.003965 -0.000824656 -0.00337573 -0.00756895 0.00106599 -0.00215859 0.000879121 0.00823944 -0.00170792 0.00421203 0.00693811 -0.00107368
internal_weight=198419 192950 8250 1446 736 6804 5469 797 635 357 4672 4342 710 520 518 278 6611 1809 1657 4802 2044 979 2758 1362 1092 284 808 1396 921 475
internal_count=198419 192950 8250 1446 736 6804 5469 797 635 357 4672 4342 710 520 518 278 6611 1809 1657 4802 2044 979 2758 1362 1092 284 808 1396 921 475
is_linear=0
shrinkage=0.06


Tree=143
num_leaves=31
num_cat=0
split_feature=1 23 0 11 1 7 23 20 16 20 23 6 0 23 14 0 11 0 24 20 24 16 24 24 18 17 17 0 26 16
split_gain=2.63933 7.79771 7.55908 4.52633 3.02762 13.1979 12.9807 12.5655 14.2438 12.4819 11.4651 9.31998 8.8687 11.8562 8.76678 8.58252 12.3768 8.30322 12.4097 8.95363 17.8942 9.74617 8.05791 10.5452 7.90198 7.8378 7.3914 7.35887 7.22868 7.00513
threshold=360.00000000000006 4.6513192653656015 19.311052322387699 1.0000000180025095e-35 149.00000000000003 1.5000000000000002 16.804028511047367 1.0000000180025095e-35 11.500000000000002 2.5000000000000004 21.212114334106449 10.59999990463257 4.450169801712037 7.650088071823121 1.0000000180025095e-35 4.596412420272828 0.2314923703670502 12.045402526855471 14297.014160156252 1.0000000180025095e-35 11592.968750000002 14.500000000000002 11920.465332031252 10761.519042968752 6.4009366035461435 2.5000000000000004 2.5000000000000004 14.579007625579836 25.399127006530765 17.500000000000004
decision_type=2 2 2 2 2 2 2 2 2 2 2 2 2 2 2 2 2 2 2 2 2 2 2 2 2 2 2 2 2 2
left_child=4 2 -2 -3 5 11 15 8 10 -9 -8 12 13 -1 -7 -6 -17 24 19 20 27 -22 23 -21 -18 -11 -12 -19 -20 -10
right_child=1 3 -4 -5 6 14 7 9 29 25 26 -13 -14 -15 -16 16 17 18 28 22 21 -23 -24 -25 -26 -27 -28 -29 -30 -31
leaf_value=-0.0030255055728468606 0.011007771419796707 0.050254297887801669 -0.16346590939161507 0.27784814147002684 0.0034809888767863262 0.012553021859450978 0.3332210512613929 0.15626852188729373 -0.12334892421217183 -0.055832982173060514 -0.091133730676899449 -0.01778665648911483 0.0039480713788049111 -0.034880463622186372 0.16193798108240742 -0.013760720239853707 0.018477925420898149 -0.10518977624382968 0.078239713600161229 -0.062200671249982714 0.056640745901583425 -0.2388546127565559 0.011651443235540952 -0.16455024539902949 0.16495163604058583 0.090689353925090463 0.17605149233178066 0.13925835212779189 -0.067799368307251168 0.0083488826829478131
leaf_weight=26952 2852 604 335 182 30874 19073 143 1075 303 315 104 10292 50861 1812 489 38763 7157 120 1332 1872 107 204 740 337 189 381 100 389 346 116
leaf_count=26952 2852 604 335 182 30874 19073 143 1075 303 315 104 10292 50861 1812 489 38763 7157 120 1332 1872 107 204 740 337 189 381 100 389 346 116
internal_value=-1.3154e-05 0.00151774 0.000197678 0.00687023 -4.44339e-05 0.000164141 -0.00031318 0.00391407 -0.00250653 0.00669113 0.00648415 -0.000143132 7.64835e-05 -0.00076554 0.00157653 -0.000443285 -0.000917061 0.000701165 -0.00107399 -0.00298488 0.00256098 -0.00877814 -0.00452696 -0.00634224 0.00201742 0.000431034 -0.00264706 0.00948919 0.00321812 -0.00995227
internal_weight=198419 3973 3187 786 194446 109479 84967 2537 766 1771 347 89917 79625 28764 19562 82430 51556 12793 5447 3769 820 311 2949 2209 7346 696 204 509 1678 419
internal_count=198419 3973 3187 786 194446 109479 84967 2537 766 1771 347 89917 79625 28764 19562 82430 51556 12793 5447 3769 820 311 2949 2209 7346 696 204 509 1678 419
is_linear=0
shrinkage=0.06


Tree=144
num_leaves=31
num_cat=0
split_feature=24 0 16 21 24 23 21 21 20 23 24 20 16 17 21 16 24 0 24 25 2 2 24 25 16 21 17 23 24 16
split_gain=2.63874 11.0869 10.9096 10.4848 9.22147 18.1093 8.5594 16.8268 8.53279 12.2024 8.11169 8.41652 18.8184 38.228 14.5527 11.4516 10.7893 11.1436 9.69595 9.2129 9.37177 8.2378 7.64201 14.687 16.5359 12.632 11.5076 9.65668 9.60021 10.4192
threshold=9248.4008789062518 9.6231088638305682 2.5000000000000004 0.089744016528129592 10257.641113281252 1.0000000180025095e-35 0.13181316107511523 0.13758362084627154 3.5000000000000004 12.495970249176027 9281.6254882812518 2.5000000000000004 14.500000000000002 2.5000000000000004 0.56017047166824352 4.5000000000000009 9939.3471679687518 31.149155616760257 9939.3471679687518 11.500000000000002 2.5000000000000004 4.5000000000000009 7751.2326660156259 6.5000000000000009 11.500000000000002 0.60342115163803112 2.5000000000000004 17.315505027771 8347.2670898437518 10.500000000000002
decision_type=2 2 2 2 2 2 2 2 2 2 2 2 2 2 2 2 2 2 2 2 2 2 2 2 2 2 2 2 2 2
left_child=1 6 3 -3 5 10 -1 -8 22 -10 -2 16 13 15 18 -13 17 -12 21 20 -15 -14 23 -4 25 27 -26 -25 29 -24
right_child=4 2 8 -5 -6 -7 7 -9 9 -11 11 12 14 19 -16 -17 -18 -19 -20 -21 -22 -23 28 24 26 -27 -28 -29 -30 -31
leaf_value=-0.0070881470362081879 -0.10588281000826433 0.13087946555084604 0.00095079517519213396 -0.095330264068630655 0.00022727037203051914 0.011912240058322787 0.097852733631718841 0.0081607906348727787 0.0096385035173729601 0.20973559177390108 -0.00422792071169372 -0.082451633355696233 -0.031477969413948488 -0.026169683202723063 0.057584460474138975 0.072549536634881132 -0.050903008462687811 0.21122903386565253 -0.13763245389516762 0.098611828723008513 -0.12536917781808535 -0.10066687404550236 0.07570042114421166 -0.098753092333504711 -0.046062750521380168 0.16336624258198329 0.020711135231734588 0.107915856456922 -0.013483547021143636 0.0019290518642100807
leaf_weight=6591 359 110 4888 1145 123618 6221 739 31603 3132 276 3873 130 797 301 201 884 1421 256 467 94 524 566 1100 1804 975 127 1484 88 3190 1455
leaf_count=6591 359 110 4888 1145 123618 6221 739 31603 3132 276 3873 130 797 301 201 884 1421 256 467 94 524 566 1100 1804 975 127 1484 88 3190 1455
internal_value=-5.89661e-06 0.000331647 -0.000825326 -0.00623904 -0.000147732 -0.0014987 0.000919272 0.00132088 -0.000458448 0.00225352 -0.00309632 -0.00276225 -0.00487386 -0.000636317 -0.00890694 0.00739645 -0.00125405 0.000297893 -0.0105902 -0.00949946 -0.0115273 -0.00803375 -0.00107008 -0.00212684 -0.0046092 -0.00863299 -0.00130541 -0.00986258 0.000652742 0.00339335
internal_weight=198419 58707 19774 1255 139712 16094 38933 32342 18519 3408 9873 9514 3964 1933 2031 1014 5550 4129 1830 919 825 1363 15111 9366 4478 2019 2459 1892 5745 2555
internal_count=198419 58707 19774 1255 139712 16094 38933 32342 18519 3408 9873 9514 3964 1933 2031 1014 5550 4129 1830 919 825 1363 15111 9366 4478 2019 2459 1892 5745 2555
is_linear=0
shrinkage=0.06


Tree=145
num_leaves=31
num_cat=0
split_feature=24 24 0 23 16 16 25 25 24 0 23 25 23 21 1 25 27 21 17 7 17 0 21 21 3 23 26 16 16 23
split_gain=2.5038 10.6657 7.93758 9.46791 8.22192 10.9354 9.9206 10.3845 13.396 12.6791 10.6936 18.7582 11.4237 11.3744 10.8051 9.32728 9.06416 9.44406 8.55516 8.80527 8.49534 18.2057 8.27006 13.4457 7.88993 7.88167 7.54807 7.54246 13.1282 12.2959
threshold=13528.464843750002 13807.777343750002 10.989459514617922 12.229872703552248 16.500000000000004 2.5000000000000004 10.500000000000002 8.5000000000000018 17413.000000000004 24.521744728088382 0.087454974651336684 6.5000000000000009 3.398565530776978 0.10603866726160051 72.500000000000014 2.5000000000000004 7.9835624694824228 0.57018676400184642 1.5000000000000002 1.5000000000000002 3.5000000000000004 17.885603904724125 0.22453764826059344 0.26013524830341345 109.50000000000001 13.677252769470217 18.151082038879398 7.5000000000000009 14.500000000000002 3.7121205329895024
decision_type=2 2 2 2 2 2 2 2 2 2 2 2 2 2 2 2 2 2 2 2 2 2 2 2 2 2 2 2 2 2
left_child=-1 -2 3 27 5 -4 7 8 10 -9 13 14 -13 -7 -12 -6 17 -8 19 -10 -16 -22 -15 -24 -5 -17 -20 -3 29 -29
right_child=1 2 4 24 15 6 16 9 18 -11 11 12 -14 22 20 25 -18 -19 26 -21 21 -23 23 -25 -26 -27 -28 28 -30 -31
leaf_value=0.0010286282742351372 -0.034553634125184744 0.01042456121184057 -0.03983051646799133 -0.016372039368658501 -0.08030848670860094 -0.18248316996923317 0.014986001484592889 0.11144272859352092 0.058224435960859605 0.01863474842673284 0.0093812319301211748 0.15855150567672355 -0.038543341887686891 0.042700011613277765 0.51436159842041485 0.0078672912558007367 -0.038065367510119505 0.26944023570124043 0.080574393716311185 0.36086467981461567 0.32785073736497689 -0.04180619332470261 -0.18679589230589241 -0.0098798498187578684 0.12206992155833837 -0.07152601359042414 -0.084131530634376922 -0.014482742812942959 -0.0014076208393847534 -0.054740624596607682
leaf_weight=133976 2858 6070 1174 460 600 140 435 1391 261 860 355 194 915 974 444 5086 1336 87 147 260 176 168 197 2700 787 632 138 11997 21766 1835
leaf_count=133976 2858 6070 1174 460 600 140 435 1391 261 860 355 194 915 974 444 5086 1336 87 147 260 176 168 197 2700 787 632 138 11997 21766 1835
internal_value=-1.43635e-05 -0.00032168 -0.000155395 -0.000604684 0.000877343 0.00177785 0.00235641 0.00315451 0.00202433 0.00670369 0.00108734 0.00439609 -0.00116321 -0.000770381 0.00979003 -0.000883191 -0.00164693 0.00505747 0.00930521 0.0138772 0.0137056 0.00662791 -0.000162749 -0.0017708 0.00454691 -0.000136411 0.000947368 -0.000758856 -0.0010922 -0.00253759
internal_weight=198419 64443 61585 42915 18670 12352 11178 9320 7069 2251 6263 2252 1109 4011 1143 6318 1858 522 806 521 788 344 3871 2897 1247 5718 285 41668 35598 13832
internal_count=198419 64443 61585 42915 18670 12352 11178 9320 7069 2251 6263 2252 1109 4011 1143 6318 1858 522 806 521 788 344 3871 2897 1247 5718 285 41668 35598 13832
is_linear=0
shrinkage=0.06


Tree=146
num_leaves=31
num_cat=0
split_feature=18 26 24 16 0 0 26 18 24 11 16 0 27 21 21 16 27 21 21 27 20 16 17 26 26 21 1 27 17 17
split_gain=2.59331 5.70236 5.31054 6.18203 4.92463 5.67778 7.03592 8.44738 8.48238 7.97532 7.42025 6.88461 6.71976 5.43281 5.78052 5.90266 5.48409 7.33399 11.0929 5.59237 7.71547 5.62736 5.37376 4.69043 12.1261 8.46215 5.85545 5.23499 4.989 4.49525
threshold=1.3295233249664309 0.9122929871082307 10318.560058593752 14.500000000000002 69.17972564697267 14.796993255615236 6.6988196372985849 2.5260957479476933 10940.824707031252 0.58946129679679882 10.500000000000002 43.765167236328132 2.0931537151336674 0.66943460702896129 0.057964274659752853 15.500000000000002 6.5633459091186532 0.57018676400184642 0.44827167689800268 2.7956354618072514 2.5000000000000004 11.500000000000002 5.5000000000000009 28.954979896545414 453.35015869140631 0.57957762479782116 72.500000000000014 20.599766731262211 3.5000000000000004 2.5000000000000004
decision_type=2 2 2 2 2 2 2 2 2 2 2 2 2 2 2 2 2 2 2 2 2 2 2 2 2 2 2 2 2 2
left_child=-1 2 -2 -4 5 12 7 9 22 10 -7 -10 -3 14 15 -8 17 18 19 -16 21 -21 -9 25 27 -18 -26 28 -25 -29
right_child=1 4 3 -5 -6 6 13 8 11 -11 -12 -13 -14 -15 16 -17 23 -19 -20 20 -22 -23 -24 24 26 -27 -28 29 -30 -31
leaf_value=0.00072937139983702431 -0.075291696725793181 -0.1317445079069586 0.02524290690489785 -0.098522970346902217 0.037033008138408832 -0.12251683702299913 -0.025645032684284884 -0.031648319010269967 0.10351142519389825 0.10280101174653537 -0.018712946561489474 -0.089879829196664221 0.00039457880554055969 0.043302298447103524 0.083827416807089467 0.22078739251026022 -0.038099889510738352 0.12326338765260401 -0.096726413358027577 0.11165877464024568 -0.056683232657436342 -0.0205036931505027 0.08277949575204846 -0.06034813193174024 0.011141079928283091 -0.14197716540139638 -0.15894638441763867 0.24664057463935243 0.085310156232383957 0.040012191350014062
leaf_weight=155059 562 113 420 240 1319 201 154 517 735 91 263 87 29735 519 245 147 5086 207 305 289 364 362 128 157 123 287 270 87 257 90
leaf_count=155059 562 113 420 240 1319 201 154 517 735 91 263 87 29735 519 245 147 5086 207 305 289 364 362 128 157 123 287 270 87 257 90
internal_value=-1.73874e-05 -0.000427583 -0.00446809 -0.000818182 -0.000310409 -0.000427007 -0.0015942 0.00160237 0.00398773 -0.0047027 -0.00788793 0.0080292 2.01018e-06 -0.00231646 -0.00268327 0.00548173 -0.00298561 -3.386e-05 -0.0014377 0.00104762 -0.000916256 0.00299539 -0.00116279 -0.0038084 0 -0.00450586 -0.00816794 0.00543147 0.00173913 0.0140678
internal_weight=198419 43360 1222 660 42138 40819 10971 2022 1467 555 464 822 29848 8949 8430 301 8129 1772 1565 1260 1015 651 645 6357 984 5373 393 591 414 177
internal_count=198419 43360 1222 660 42138 40819 10971 2022 1467 555 464 822 29848 8949 8430 301 8129 1772 1565 1260 1015 651 645 6357 984 5373 393 591 414 177
is_linear=0
shrinkage=0.06


Tree=147
num_leaves=31
num_cat=0
split_feature=18 26 19 23 19 3 23 25 1 0 26 20 21 17 0 24 26 24 27 18 18 20 26 11 18 18 18 25 21 24
split_gain=2.39339 5.61899 4.39035 3.93926 6.89178 5.02248 4.67363 6.33847 4.86362 5.58039 5.91112 7.96299 5.47521 5.40956 8.66458 5.01361 5.2448 7.41021 4.65878 4.49919 4.47568 4.70113 4.4535 4.07297 4.02086 5.90949 3.87432 3.59771 3.57979 3.57496
threshold=1.3295233249664309 0.13842912763357165 62.876670837402351 20.401210784912113 74.692401885986342 178.50000000000003 14.302666187286379 7.5000000000000009 163.00000000000003 14.796993255615236 16.102458953857425 1.0000000180025095e-35 0.25364501774311071 1.5000000000000002 22.482932090759281 6487.3454589843759 19.548003196716312 8725.8950195312518 5.9147038459777841 2.5260957479476933 4.8236417770385751 1.5000000000000002 19.290732383728031 0.31717492640018469 1.8362598419189455 3.7913054227828984 1.0600514411926272 5.5000000000000009 0.025386525318026546 9472.9199218750018
decision_type=2 2 10 2 10 2 2 2 2 2 2 2 2 2 2 2 2 2 2 2 2 2 2 2 2 2 2 2 2 2
left_child=26 -2 -3 6 5 -5 8 19 -4 15 13 23 -13 14 -11 18 -17 20 -10 -8 21 -18 -20 -12 -15 27 28 -26 29 -1
right_child=1 2 3 4 -6 -7 7 -9 9 10 11 12 -14 24 -16 16 17 -19 22 -21 -22 -23 -24 -25 25 -27 -28 -29 -30 -31
leaf_value=-0.023942824723343567 -0.090722236100135634 -0.0083933624330916733 0.0064578677061881426 -0.026356488083933909 -0.082103193447066028 0.14739782575957625 0.013159807260965124 0.0057368232021529049 -0.10844067697001641 -0.078545577339637448 -0.067656180462697488 -0.027673537021517942 -0.18425258476101147 -0.22032793538005263 0.26173567297880396 -0.010400352282829581 0.11979163909847061 0.0038717129189196784 0.0086123357337125617 0.14810836290734797 0.21797637726740693 -0.00055310197459601973 -0.070112146780681145 0.11241073146107516 -0.040327392282081008 -0.11446931315920605 0.013670218011225631 0.12265422062506055 0.00015140599855924196 0.10674195291182478
leaf_weight=240 202 19576 13187 420 252 189 121 779 85 81 114 216 408 86 119 3660 239 2081 285 239 90 227 166 86 88 235 5131 129 149292 396
leaf_count=240 202 19576 13187 420 252 189 121 779 85 81 114 216 408 86 119 3660 239 2081 285 239 90 227 166 86 88 235 5131 129 149292 396
internal_value=-1.82946e-05 -0.000412362 -0.000365633 0.000185735 -0.00379791 -0.000344828 0.000336693 0.00408253 0.000139005 -0.000989875 -0.00422535 -0.00771845 -0.0110577 -0.000325203 0.0081 -0.000250256 0.000223916 0.00226394 -0.0058209 0.0106667 0.00841727 0.0060515 -0.00339246 0.0027 -0.00345725 -0.00119469 9.19005e-05 0.0059447 3.64175e-05 0.0045283
internal_weight=198419 43360 43158 23582 861 609 22721 1139 21582 8395 1562 824 624 738 200 6833 6297 2637 536 360 556 466 451 200 538 452 155059 217 149928 636
internal_count=198419 43360 43158 23582 861 609 22721 1139 21582 8395 1562 824 624 738 200 6833 6297 2637 536 360 556 466 451 200 538 452 155059 217 149928 636
is_linear=0
shrinkage=0.06


Tree=148
num_leaves=31
num_cat=0
split_feature=24 24 0 23 16 25 16 25 0 27 25 11 23 25 27 23 25 11 24 24 11 20 24 24 0 24 11 21 24 25
split_gain=2.29666 9.1644 7.04081 7.85858 7.83369 9.27756 9.25706 8.42551 10.8 7.79517 11.8192 9.2717 8.12205 7.62112 7.29153 7.13732 7.1119 9.09603 8.94596 14.1986 8.28312 8.2807 8.54465 13.6738 8.11682 7.97385 9.8871 14.7368 9.54491 17.8564
threshold=13528.464843750002 13807.777343750002 10.989459514617922 12.229872703552248 16.500000000000004 2.5000000000000004 2.5000000000000004 11.500000000000002 23.120385169982914 7.9835624694824228 5.5000000000000009 0.54064771533012401 0.087454974651336684 9.5000000000000018 23.851706504821781 13.677252769470217 4.5000000000000009 0.2663626372814179 14115.298339843752 14065.137695312502 0.28311835229396826 1.0000000180025095e-35 16236.231445312502 16153.570800781252 10.311299324035646 17234.285156250004 0.25291927158832556 0.12394391745328905 16086.083007812502 2.5000000000000004
decision_type=2 2 2 2 2 2 2 2 2 2 2 2 2 2 2 2 2 2 2 2 2 2 2 2 2 2 2 2 2 2
left_child=-1 -2 3 16 6 -6 13 9 -9 10 11 12 -8 -4 -11 -7 25 18 19 -18 -19 -20 23 -23 -22 26 27 -3 29 -28
right_child=1 2 4 -5 5 15 7 8 -10 14 -12 -13 -14 -15 -16 -17 17 20 21 -21 24 22 -24 -25 -26 -27 28 -29 -30 -31
leaf_value=0.00093222777802279386 -0.032657556988026429 0.050239995328902193 -0.059911642406183317 0.054478495345116611 -0.075384104458407694 0.0073424071365484518 -0.034026085125263207 0.014865696594020048 -0.11447254622840088 0.012067258994647004 0.085096427843898176 0.16548872844475934 0.14343017555881021 0.049814156871978064 0.094149023251973066 -0.067318796197015765 0.003246050482029572 -0.15773461700229088 0.010090921071355931 0.079793921291215278 -0.02486612056396776 -0.018439251149115866 -0.0018171777548330326 -0.062228100267237768 -0.14568689569955137 0.036195371376948185 0.064070100510391761 -0.01446658436524392 0.090936043131742708 -0.037181856397035383
leaf_weight=133976 2858 948 885 1247 600 5086 975 392 280 7193 1607 113 132 289 486 632 1605 284 4460 471 4551 8310 7735 1036 184 2117 783 7992 447 745
leaf_count=133976 2858 948 885 1247 600 5086 975 392 280 7193 1607 113 132 289 486 632 1605 284 4460 471 4551 8310 7735 1036 184 2117 783 7992 447 745
internal_value=-1.61779e-05 -0.000310507 -0.000156369 -0.000579518 0.000816283 -0.000902184 0.00169527 0.00222759 -0.00428571 0.0026442 0.00533781 0.000885246 -0.000785908 -0.00337308 0.00165256 -0.000157398 -0.000719977 -0.00124878 -0.000755811 0.00300578 -0.00356844 -0.00111833 -0.00171945 -0.0029403 -0.00297149 0.000441989 -0.000211635 -0.0010604 0.00363038 0.00137435
internal_weight=198419 64443 61585 42915 18670 6318 12352 11178 672 10506 2827 1220 1107 1174 7679 5718 41668 28636 23617 2076 5019 21541 17081 9346 4735 13032 10915 8940 1975 1528
internal_count=198419 64443 61585 42915 18670 6318 12352 11178 672 10506 2827 1220 1107 1174 7679 5718 41668 28636 23617 2076 5019 21541 17081 9346 4735 13032 10915 8940 1975 1528
is_linear=0
shrinkage=0.06


Tree=149
num_leaves=31
num_cat=0
split_feature=7 23 11 1 0 3 21 3 23 4 11 23 16 23 23 24 20 24 20 24 24 16 17 24 11 0 0 0 20 11
split_gain=2.38607 8.34341 7.29954 6.54574 6.44119 16.4457 6.84705 5.7563 7.71204 7.16377 13.1106 12.7061 8.44981 10.184 8.76531 10.369 7.12232 17.0439 12.5965 10.2292 17.2257 9.97516 10.6165 15.2843 11.8808 12.0548 11.0968 10.0024 9.58636 8.53295
threshold=1.0000000180025095e-35 11.313849925994875 0.62893512845039379 54.000000000000007 5.6073594093322763 15.500000000000002 0.54243248701095592 59.500000000000007 2.1170724630355839 255.50000000000003 1.0000000180025095e-35 15.119426727294924 18.500000000000004 6.2878470420837411 3.2032675743103032 14462.160644531252 2.5000000000000004 6278.3269042968759 3.5000000000000004 12762.763671875002 14736.229980468752 14.500000000000002 2.5000000000000004 7303.7951660156259 0.2943719774484635 21.800677299499515 17.045269966125492 6.6918683052062997 1.0000000180025095e-35 0.69596979022026073
decision_type=2 2 2 2 2 2 2 2 2 2 2 2 2 2 2 2 2 2 2 2 2 2 2 2 2 2 2 2 2 2
left_child=1 2 4 -3 6 -6 -1 -2 -9 12 -11 -12 14 -14 15 -10 21 -18 -19 -20 -21 22 24 -24 25 -16 -25 -26 -27 -23
right_child=7 3 -4 -5 5 -7 -8 8 9 10 11 -13 13 -15 16 -17 17 18 19 20 -22 29 23 26 27 28 -28 -29 -30 -31
leaf_value=-0.0037647441611638487 0.0071783128514717369 -0.041037573405695423 -0.028246038927847043 0.0036062718652405488 0.031473922921007619 -0.0012825194796634242 -0.033551935704705785 -0.0028018027360093888 0.0089611738789631672 0.0090200762856144576 0.071193847744009678 0.31430844304176375 -0.0098310605873135424 0.054327118847689558 -0.037025870734104023 0.06873465515315752 0.27107821175652863 -0.041099889648924762 0.037502581103887475 -0.068189556636447879 0.02605765793964895 -0.01010540831560462 -0.055275331679502666 0.063295700931098473 -0.069457527827136878 0.28666850373222813 -0.003195217964276402 0.076224778998331411 -0.00069779458933524549 -0.161217272754686
leaf_weight=8918 22522 1144 1270 600 2304 8357 950 112331 3076 4877 1296 273 1804 2981 2983 784 99 4004 1939 935 830 6695 395 3697 178 195 1570 788 346 278
leaf_count=8918 22522 1144 1270 600 2304 8357 950 112331 3076 4877 1296 273 1804 2981 2983 784 99 4004 1939 935 830 6695 395 3697 178 195 1570 788 346 278
internal_value=-1.52707e-05 -0.000582339 -0.000262856 -0.00457569 1.02294e-05 0.00103274 -0.00109445 6.10718e-05 -7.12814e-05 0.00064388 0.00247595 0.00724665 0.000292164 0.00262696 -9.586e-05 0.00256477 -0.000507781 -0.00200973 -0.00232745 0.000194384 -0.00311048 0.000176934 0.00137707 0.00310491 -0.000801782 -0.00241771 0.00395861 0.00509317 0.00582255 -0.00157034
internal_weight=198419 23543 21799 1744 20529 10661 9868 174876 152354 40023 6446 1569 33577 4785 28792 3860 24932 7807 7708 3704 1765 17125 10152 5662 4490 3524 5267 966 541 6973
internal_count=198419 23543 21799 1744 20529 10661 9868 174876 152354 40023 6446 1569 33577 4785 28792 3860 24932 7807 7708 3704 1765 17125 10152 5662 4490 3524 5267 966 541 6973
is_linear=0
shrinkage=0.06


Tree=150
num_leaves=31
num_cat=0
split_feature=21 10 0 21 20 0 21 23 26 2 24 24 21 21 24 23 21 24 16 24 24 24 21 0 0 16 11 25 21 24
split_gain=2.62151 6.97609 8.74444 6.76659 10.2341 12.2235 7.10293 8.39605 6.93802 7.66508 7.51432 13.0905 6.77961 17.9985 17.2923 13.7735 10.0053 9.25342 8.73668 9.05162 10.3961 12.6838 12.4961 10.5731 8.48493 17.0958 12.5675 10.8914 11.0413 10.9988
threshold=0.36101733148097997 1.5000000000000002 17.298931121826175 0.32596074044704443 3.5000000000000004 22.482932090759281 0.32746671140193945 2.0322954654693608 8.709571838378908 5.5000000000000009 15240.412109375002 15805.925292968752 0.293117105960846 0.29584926366806036 12397.694824218752 9.1458992958068865 0.28979149460792547 17921.063476562504 2.5000000000000004 13045.874023437502 14297.014160156252 13807.777343750002 0.30095402896404272 8.41143846511841 12.30664110183716 12.500000000000002 0.51942425966262828 9.5000000000000018 0.31591479480266577 12033.684082031252
decision_type=2 2 2 2 2 2 2 2 2 2 2 2 2 2 2 2 2 2 2 2 2 2 2 2 2 2 2 2 2 2
left_child=1 2 -1 12 6 -6 7 -5 9 -8 -10 -12 16 -14 15 24 -3 18 -16 -20 21 -21 -22 -24 26 -26 27 29 -29 -15
right_child=-2 3 -4 4 5 -7 8 -9 10 -11 11 -13 13 14 17 -17 -18 -19 19 20 22 -23 23 -25 25 -27 -28 28 -30 -31
leaf_value=0.026705914404427319 0.0019864149952316269 -0.0017531798651104456 -0.041232607825229015 -0.077917653697196429 0.032475414486898606 -0.17490008371556029 -0.017827249135932723 0.023522139802761029 -0.01647385560689326 -0.080141897829381664 0.12810126390909432 -0.0040730729195190205 0.097110819870354304 0.022621710708698978 0.096366769218301215 0.098803296441056801 -0.035021441389298746 -0.082410627799752889 -0.076983669706489691 -0.014655903188343585 -0.063487430883619522 0.098339287376851409 0.02369126336755091 -0.052348170732038818 0.044394470296615647 -0.072393481571621773 0.26887351621705624 -0.067697484548779024 0.022165609566986502 0.16426743629410923
leaf_weight=4582 76771 88955 758 525 2049 214 1442 184 4829 670 264 602 717 3246 343 827 2091 184 838 943 788 810 1268 1088 791 869 156 506 875 234
leaf_count=4582 76771 88955 758 525 2049 214 1442 184 4829 670 264 602 717 3246 343 827 2091 184 838 943 788 810 1268 1088 791 869 156 506 875 234
internal_value=-1.46659e-05 -0.000187919 0.00193258 -0.000285277 -0.00171723 0.0018692 -0.00267027 -0.00842031 -0.00214807 -0.00508523 -0.00105882 0.00408776 -0.000139014 0.00106677 0.000584048 0.00252665 -0.000330822 -0.00174385 -0.00134255 -0.00189887 -0.000912804 0.0027895 -0.0029771 -0.000789474 0.00162199 -0.00209639 0.0028523 0.00231434 -0.00219406 0.00410345
internal_weight=198419 121648 5340 116308 10779 2263 8516 709 7807 2112 5695 866 105529 14483 13766 7504 91046 6262 6078 5735 4897 1753 3144 2356 6677 1660 5017 4861 1381 3480
internal_count=198419 121648 5340 116308 10779 2263 8516 709 7807 2112 5695 866 105529 14483 13766 7504 91046 6262 6078 5735 4897 1753 3144 2356 6677 1660 5017 4861 1381 3480
is_linear=0
shrinkage=0.06


Tree=151
num_leaves=31
num_cat=0
split_feature=24 24 20 17 24 6 11 21 11 27 24 25 25 0 16 17 21 16 21 0 20 23 0 24 16 23 21 5 24 16
split_gain=2.45658 5.84903 12.2345 7.75814 11.6239 6.34132 7.36855 6.10172 5.42554 6.44973 4.77272 14.7067 10.8522 9.56652 8.42591 13.1355 12.3108 9.76224 7.68561 9.09804 8.21463 13.1007 11.7953 8.87743 11.3338 9.71999 8.34792 9.6344 7.3828 6.67464
threshold=2039.013854980469 6432.6215820312509 3.5000000000000004 3.5000000000000004 6054.3205566406259 10.449999809265138 0.31860612332820898 0.080220658332109465 0.50397455692291271 2.5404263734817509 7111.3327636718759 10.500000000000002 1.5000000000000002 21.312211990356449 12.500000000000002 1.5000000000000002 0.3180158287286759 16.500000000000004 0.10818686708807947 12.943249225616457 1.5000000000000002 6.3437967300415048 69.17972564697267 6885.5227050781259 21.500000000000004 0.59309911727905285 0.28280414640903478 10.500000000000002 6791.8967285156259 14.500000000000002
decision_type=2 2 2 2 2 2 2 2 2 2 2 2 2 2 2 2 2 2 2 2 2 2 2 2 2 2 2 2 2 2
left_child=8 2 7 4 -4 -6 -7 -2 9 -1 11 12 -3 14 15 -13 -16 -18 19 -14 21 23 26 24 25 -20 29 -28 -29 -22
right_child=1 10 3 -5 5 6 -8 -9 -10 -11 -12 13 18 -15 16 -17 17 -19 20 -21 22 -23 -24 -25 -26 -27 27 28 -30 -31
leaf_value=0.12716640546400174 0.082894005167883075 -0.077420219223432118 -0.035123813676037868 0.13818849669777439 0.025213071388516591 0.18516794731292974 -0.0024040074055032257 0.0016952753244390804 -0.047381013950150486 -0.0095643849465368459 0.0002725646213422772 -0.13781262844270539 -0.030110692810306976 -0.21565005641516707 -0.057590660049195108 -0.028228336524751381 0.23918199290147826 -0.0025422949069527512 0.042002757188360565 0.13604702293008739 0.0055953411893039659 -0.1571876622419992 -0.15328613337529048 -0.0014915340912105535 -0.056152430348937084 0.12472772318084067 0.0019697349179358171 0.016120692759972143 0.20646100374352849 -0.054471609939082961
leaf_weight=116 193 767 337 384 310 309 106 6611 730 4623 171960 257 891 210 538 740 255 305 1711 212 864 181 145 1292 148 523 2289 205 272 935
leaf_count=116 193 767 337 384 310 309 106 6611 730 4623 171960 257 891 210 538 740 255 305 1711 212 864 181 145 1292 148 523 2289 205 272 935
internal_value=-1.3154e-05 2.23892e-05 0.00158545 0.00659751 0.0039548 0.00823448 0.0130843 0.000520282 -0.00126714 -0.000525427 -4.74283e-05 -0.00116797 -0.000209871 -0.00550542 -0.00428162 -0.00827482 -0.000655738 0.00557143 0.000335126 -0.00437897 0.000942207 0.00299611 -0.000738854 0.00377246 0.00594458 0.00700985 -0.000203724 0.00186551 0.00962264 -0.00338521
internal_weight=198419 192950 8250 1446 1062 725 415 6804 5469 4739 184700 12740 10435 2305 2095 997 1098 560 9668 1103 8565 3855 4710 3674 2382 2234 4565 2766 477 1799
internal_count=198419 192950 8250 1446 1062 725 415 6804 5469 4739 184700 12740 10435 2305 2095 997 1098 560 9668 1103 8565 3855 4710 3674 2382 2234 4565 2766 477 1799
is_linear=0
shrinkage=0.06


Tree=152
num_leaves=31
num_cat=0
split_feature=21 21 25 16 11 5 25 5 11 25 17 21 24 24 16 17 20 11 23 17 21 23 21 24 23 25 16 16 21 21
split_gain=2.31133 9.98025 10.2748 14.1081 7.9402 8.62247 8.01915 6.97656 11.1142 15.1248 8.75115 8.78773 10.7376 7.32956 5.6735 5.29492 9.015 7.61147 5.89093 5.187 11.0934 10.4276 11.7996 9.58768 7.21227 8.66536 6.78745 5.40133 4.56771 5.10756
threshold=0.46803893148899084 0.48841498792171484 9.5000000000000018 17.500000000000004 0.7460235357284547 5.5000000000000009 1.5000000000000002 8.5000000000000018 0.26540583372116094 1.5000000000000002 1.0000000180025095e-35 0.51284587383270275 9401.8671875000018 16492.236328125004 14.500000000000002 2.5000000000000004 3.5000000000000004 0.61135971546173107 15.119426727294924 2.5000000000000004 0.69118657708168041 0.70826485753059398 0.62503737211227428 17452.613281250004 0.054109174758195884 8.5000000000000018 14.500000000000002 14.500000000000002 0.79263004660606395 0.52246257662773143
decision_type=2 2 2 2 2 2 2 2 2 2 2 2 2 2 2 2 2 2 2 2 2 2 2 2 2 2 2 2 2 2
left_child=-1 2 4 -4 5 -2 14 -3 10 -10 13 12 -12 -9 -7 16 -11 18 -17 20 24 23 -23 28 -13 26 -26 -27 29 -21
right_child=1 7 3 -5 -6 6 -8 8 9 15 11 19 -14 -15 -16 17 -18 -19 -20 21 -22 22 -24 -25 25 27 -28 -29 -30 -31
leaf_value=-0.00097571388905239856 0.016191183079171924 -0.0039142664139877057 -0.053881198987234966 0.11232588392979828 -0.070930424817061133 -0.081620896251312039 0.091788545708524322 0.11015627685253961 -0.17628192711946264 0.26072769914061739 0.021927675813733564 -0.012777420641811687 -0.1005964866308301 -0.12235210824572036 0.11553416761309644 -0.0041023078933491771 -0.11959448898495423 0.26740940856255635 0.28607644253205933 0.052925254874223913 0.062727665298743684 0.13144021644430506 -0.015850348568110774 0.12754313528207273 -0.06066367729764674 -0.097256849842631887 -0.18949386144040867 0.095878172326851988 0.079223674477765613 -0.015121897804172946
leaf_weight=154817 2446 27841 844 211 185 123 1789 899 100 489 443 923 670 96 128 665 89 242 93 296 432 568 343 97 138 100 154 102 201 2895
leaf_count=154817 2446 27841 844 211 185 123 1789 899 100 489 443 923 670 96 128 665 89 242 93 296 432 568 343 97 138 100 154 102 201 2895
internal_value=-1.70851e-05 0.00036879 0.00270346 -0.00264455 0.00391137 0.00441373 0.00729412 1.58412e-05 0.0013722 0.00582837 0.000477444 -0.000236349 -0.00514825 0.00575879 -0.002749 0.00726236 0.0118339 0.00462 0.00166227 0.000638502 -0.00202812 0.00175909 0.0074753 0.000266552 -0.00459421 -0.0104453 -0.0170548 -0.000891089 -0.00026533 -0.000817925
internal_weight=198419 43602 5726 1055 4671 4486 2040 37876 10035 1678 8357 7362 1113 995 251 1578 578 1000 758 6249 1849 4400 911 3489 1417 494 292 202 3392 3191
internal_count=198419 43602 5726 1055 4671 4486 2040 37876 10035 1678 8357 7362 1113 995 251 1578 578 1000 758 6249 1849 4400 911 3489 1417 494 292 202 3392 3191
is_linear=0
shrinkage=0.06


Tree=153
num_leaves=31
num_cat=0
split_feature=18 16 21 24 27 27 26 26 11 11 27 21 0 25 26 26 27 19 21 19 19 0 14 16 11 0 24 21 7 0
split_gain=2.32273 5.98055 5.31334 4.28875 4.8248 7.11442 5.33006 6.60831 4.46183 4.11165 4.01565 6.34099 3.5574 7.14014 5.21369 4.01976 6.7524 3.61644 3.34295 3.27224 5.45059 3.62614 3.24242 7.14528 10.9171 10.3889 8.74883 8.9664 8.02671 7.19359
threshold=8.1126699447631854 19.500000000000004 0.07383566722273828 6703.2258300781259 7.7336440086364755 8.8615708351135272 28.954979896545414 6.4688539505004892 0.2663626372814179 0.53896865248680126 10.599985599517824 0.30741475522518164 15.688108921051027 6.5000000000000009 17.603977203369144 22.044135093688968 14.475553512573244 24.510017395019535 0.24008239060640338 49.525386810302741 26.907747268676761 23.89594650268555 1.0000000180025095e-35 12.500000000000002 0.31268873810768133 57.770694732666023 8784.4453125000018 0.13758362084627154 2.5000000000000004 13.095165252685549
decision_type=2 2 2 2 2 2 2 2 2 2 2 2 2 2 2 2 2 10 2 10 10 2 2 2 2 2 2 2 2 2
left_child=22 2 -2 19 6 -6 7 -5 -9 -3 18 -12 13 -13 17 -16 -17 -14 -7 20 -4 -21 -1 25 -25 26 27 -24 -28 -26
right_child=1 9 3 4 5 10 -8 8 -10 -11 11 12 14 -15 15 16 -18 -19 -20 21 -22 -23 23 24 29 -27 28 -29 -30 -31
leaf_value=-0.00015480668444936896 0.11633334180983332 -0.068610347056452026 -0.010418575838324954 -0.068032738705008561 -0.16315021616352321 0.13124238532024946 -0.044016532301898614 0.042320490911600998 0.20168480212153311 0.063991601172791665 -0.050959896389149578 0.0081239999153583566 0.14241241868014212 0.23038713895915541 -0.14606703487957395 0.13264332286415226 -0.080968222430660861 0.0054980065532041064 0.021050828692041855 -0.083131804499600004 -0.21569554855217049 0.12988339483034039 -0.22801083145024428 -0.032644612147224167 0.41649644881496145 0.44890046504636616 0.035052970358240322 0.015694418967224663 0.25955156298489557 0.032542679005868463
leaf_weight=190357 167 419 92 154 176 96 84 391 201 81 1016 153 95 87 94 91 144 365 190 101 129 83 121 1617 164 104 776 313 324 234
leaf_count=190357 167 419 92 154 176 96 84 391 201 81 1016 153 95 87 94 91 144 365 190 101 129 83 121 1617 164 104 776 313 324 234
internal_value=-1.95042e-05 -0.00138127 -0.000590944 -0.00105826 -0.000350614 -0.00166334 0.00361446 0.00522788 0.00810811 -0.00756 -0.000785071 -0.00171638 0.0016035 0.008 -0.000342205 -0.00610942 -0.00191489 0.00378261 0.00587413 -0.00688889 -0.01181 -0.000978261 1.14427e-05 0.0017821 -0.000610422 0.00472527 0.0034811 -0.00373272 0.00632727 0.00829146
internal_weight=198419 4409 3909 3742 3337 2507 830 746 592 500 2331 2045 1029 240 789 329 235 460 286 405 221 184 194010 3653 2015 1638 1534 434 1100 398
internal_count=198419 4409 3909 3742 3337 2507 830 746 592 500 2331 2045 1029 240 789 329 235 460 286 405 221 184 194010 3653 2015 1638 1534 434 1100 398
is_linear=0
shrinkage=0.06


Tree=154
num_leaves=31
num_cat=0
split_feature=1 23 4 11 0 0 3 19 11 0 21 0 3 21 23 23 23 25 16 0 17 4 26 23 24 24 25 24 21 23
split_gain=2.33272 7.15027 10.9204 10.8141 9.95207 6.87967 11.2188 6.38577 5.64403 8.1954 5.51354 5.29849 5.19273 4.19236 3.88227 3.786 8.05992 14.6369 8.18571 8.03463 7.72175 10.1112 10.6241 9.69766 7.61744 26.87 14.8565 14.4302 12.3217 13.2663
threshold=41.500000000000007 7.650088071823121 30.000000000000004 0.2133271470665932 5.6700773239135751 4.1343591213226327 49.000000000000007 74.692401885986342 0.33985757827758795 11.323418617248537 0.54243248701095592 16.453348159790043 15.500000000000002 0.38415190577507025 19.41494178771973 0.5468534827232362 0.35717251896858221 8.5000000000000018 10.500000000000002 1.863084137439728 3.5000000000000004 255.50000000000003 0.55710852146148693 13.007656097412111 15345.807617187502 15313.875976562502 5.5000000000000009 15240.412109375002 0.44537749886512762 9.909698963165285
decision_type=2 2 2 2 2 2 2 10 2 2 2 2 2 2 2 2 2 2 2 2 2 2 2 2 2 2 2 2 2 2
left_child=1 5 3 4 -3 10 8 -4 12 -10 -1 -5 -7 -14 -13 16 -2 18 -18 -20 24 22 -22 -23 25 27 -26 -17 29 -28
right_child=15 2 7 11 -6 6 -8 -9 9 -11 -12 14 13 -15 -16 20 17 -19 19 -21 21 23 -24 -25 26 -27 28 -29 -30 -31
leaf_value=0.00047732641525815022 -0.001843695489971564 -0.059976867475599688 0.034773926964660723 -0.11239440590181807 0.001652989924751509 0.03105563624870978 -0.019951428610537576 -0.011366498238256266 -0.02182649235114514 0.017703411850931799 -0.026147041501236184 0.0059344728938359025 0.0077209968376923399 0.023827421904889005 -0.1269814783436862 -0.006183232258160469 0.058985286414128667 -0.091711262583900902 0.12148809075601801 -0.059014258935919266 -0.076126134712632645 0.028226858148555675 0.0073083266194909546 0.1841938907501644 0.093847669798347785 -0.10136655757176831 -0.02933541308395135 0.10453163387400521 0.065329564764202527 0.045325366982754502
leaf_weight=8363 112012 388 831 263 1149 2207 2083 825 1393 1427 848 145 4463 3196 107 26133 415 468 143 530 312 2823 20546 711 893 294 2757 334 1109 1251
leaf_count=8363 112012 388 831 263 1149 2207 2083 825 1393 1427 848 145 4463 3196 107 26133 415 468 143 530 312 2823 20546 711 893 294 2757 334 1109 1251
internal_value=-1.67827e-05 0.000494077 -0.00195793 -0.00488304 -0.00236174 0.000873228 0.00167581 0.00166667 0.00234589 -2.12766e-05 -0.000413636 -0.0124078 0.0030225 0.00228359 -0.00619048 -9.96304e-05 -0.000300085 -0.00458869 -0.000772059 -0.00485884 0.00029862 0.00110692 0.000604085 0.0040747 -0.000303012 -0.00073652 0.00162729 -0.000536139 0.000381083 -0.00116766
internal_weight=198419 27688 3708 2052 1537 23980 14769 1656 12686 2820 9211 515 9866 7659 252 170731 113568 1556 1088 673 57163 24392 20858 3534 32771 26761 6010 26467 5117 4008
internal_count=198419 27688 3708 2052 1537 23980 14769 1656 12686 2820 9211 515 9866 7659 252 170731 113568 1556 1088 673 57163 24392 20858 3534 32771 26761 6010 26467 5117 4008
is_linear=0
shrinkage=0.06


Tree=155
num_leaves=31
num_cat=0
split_feature=1 7 23 0 20 17 20 16 0 11 14 23 0 0 24 21 23 11 21 0 6 0 17 17 0 25 23 18 25 21
split_gain=2.29704 12.0939 10.6489 13.0413 13.485 14.3963 10.7974 10.2231 10.0189 12.0369 8.34483 8.03835 9.9395 7.75347 9.85216 7.70946 10.3358 9.33777 9.28893 7.61915 7.55607 7.61571 7.51429 8.93917 8.63735 7.41049 7.29552 7.16001 6.94862 11.2722
threshold=149.00000000000003 1.5000000000000002 16.804028511047367 35.662218093872077 1.0000000180025095e-35 4.5000000000000009 2.5000000000000004 15.500000000000002 4.596412420272828 0.2314923703670502 1.0000000180025095e-35 13.117848396301271 12.457590103149416 12.045402526855471 14297.014160156252 0.23251585662364962 13.349164962768556 0.38610963523387914 0.12394391745328905 19.748422622680668 10.59999990463257 2.3591941595077519 4.5000000000000009 3.5000000000000004 19.748422622680668 7.5000000000000009 18.906799316406254 6.4009366035461435 1.5000000000000002 0.30543017387390142
decision_type=2 2 2 2 2 2 2 2 2 2 2 2 2 2 2 2 2 2 2 2 2 2 2 2 2 2 2 2 2 2
left_child=1 11 8 4 5 -4 25 -7 -2 -10 -3 20 -13 27 15 18 17 -17 19 -15 21 -1 23 -20 -25 -6 -8 -11 -19 -30
right_child=2 10 3 -5 6 7 26 -9 9 13 -12 12 -14 14 -16 16 -18 28 22 -21 -22 -23 -24 24 -26 -27 -28 -29 29 -31
leaf_value=-0.0066414556662678327 0.0044581651841588601 0.011953176420409236 -0.10162485028676925 0.2610615894945178 0.32963684660587134 0.2373571875893323 0.31951102779078522 -0.080717544136141864 -0.013227439422053679 0.018719344800179165 0.15003735150646463 -0.046747566150417544 -0.0023062800963578665 -0.084564122853308846 0.04439688337723844 0.059264226421638852 0.16977212209926043 0.24848931975774413 -0.17576330618825495 0.20230743208559737 -0.015384781682295436 0.0036996641609228576 -0.44952831839896717 0.25905682127088747 -0.06459411448511844 0.071410147390165116 -0.046151607574946456 0.15200272342219176 -0.12660906908109765 -0.0296011764484993
leaf_weight=16431 32401 19073 391 318 353 193 155 129 40621 7452 489 2003 2828 166 1733 691 174 122 373 133 9730 58925 98 83 156 627 486 189 456 1440
leaf_count=16431 32401 19073 391 318 353 193 155 129 40621 7452 489 2003 2828 166 1733 691 174 122 373 133 9730 58925 98 83 156 627 486 189 456 1440
internal_value=-1.1642e-05 0.000172362 -0.000238138 0.00350679 0.00195373 -0.00492286 0.00497841 0.00447205 -0.000353236 -0.000854566 0.00152438 -0.000121779 -0.00250259 0.000714609 -0.000976 -0.00265159 -0.0010718 -0.00198228 -0.00716551 0.00170569 1.33982e-05 0.000216572 -0.0109014 -0.00843137 0.000627615 0.00893878 -0.00107644 0.00195917 -0.00404361 -0.00493671
internal_weight=198419 109479 88940 2652 2334 713 1621 322 86288 53887 19562 89917 4831 13266 5625 3892 2883 2709 1009 299 85086 75356 710 612 239 980 641 7641 2018 1896
internal_count=198419 109479 88940 2652 2334 713 1621 322 86288 53887 19562 89917 4831 13266 5625 3892 2883 2709 1009 299 85086 75356 710 612 239 980 641 7641 2018 1896
is_linear=0
shrinkage=0.06


Tree=156
num_leaves=31
num_cat=0
split_feature=26 11 1 26 17 27 24 11 0 18 24 26 18 26 19 0 17 21 23 25 0 18 21 18 26 0 19 17 26 27
split_gain=2.28791 4.97202 4.22361 3.39996 4.29119 4.5606 5.06887 5.69559 5.09789 4.83815 4.62085 6.66403 7.8196 5.69849 4.99525 4.59664 4.25159 4.14435 6.37309 3.96987 3.96303 3.93292 4.88924 3.89962 3.78728 3.97332 5.97664 3.6158 4.69565 3.4022
threshold=719.49838256835949 0.67122200131416332 275.50000000000006 29.350804328918461 4.5000000000000009 17.121003150939945 8415.7783203125018 0.38871137797832495 3.6477588415145878 5.6733953952789316 12982.166992187502 653.29232788085949 1.2609410285949709 277.43415832519537 64.669338226318374 2.3591941595077519 1.5000000000000002 0.26112917065620428 0.24628029763698581 1.5000000000000002 10.776923656463625 0.99350821971893322 0.23711710423231128 -2.0145196914672847 29.227758407592777 6.1135640144348153 87.552917480468764 2.5000000000000004 240.44705963134768 10.693534374237062
decision_type=2 2 2 2 2 2 2 2 2 2 2 2 2 2 8 2 2 2 2 2 2 2 2 2 2 2 10 2 2 2
left_child=3 2 -2 24 5 10 7 -7 17 -10 13 12 14 21 27 16 -16 18 -8 -15 -14 -5 -23 -19 29 -26 -27 -12 -29 -1
right_child=1 -3 -4 4 -6 6 8 -9 9 -11 11 -13 20 19 15 -17 -18 23 -20 -21 -22 22 -24 -25 25 26 -28 28 -30 -31
leaf_value=0.0023383729942911555 -0.0014247386445742549 -0.083282106786328053 -0.049445321356577386 0.021390259484765275 -0.0060841614700109046 -0.018331403289227933 -0.049457966618764067 0.14497034787831084 0.056361367060855476 -0.054760031496242458 0.10418534460362489 0.060762670086078711 -0.03019976749879337 -0.075973139976354853 -0.024088996849598105 -0.029986094189837463 0.068248517524185356 0.064829407787793961 0.067492094232195807 0.0044285269737657359 -0.12135139472623109 -0.0041360790138033109 0.11326754917845469 -0.0078813721385857308 -0.0033599232939117486 -0.04849734037039248 -0.15549038029424622 0.091161704050823592 -0.05596100626844485 -0.0021005249818243678
leaf_weight=67547 3165 184 484 1203 4673 755 327 116 2217 94 199 293 428 206 131 1082 264 232 99 2704 246 117 341 288 441 258 81 80 150 110014
leaf_count=67547 3165 184 484 1203 4673 755 327 116 2217 94 199 293 428 206 131 1082 264 232 99 2704 246 117 341 288 441 258 81 80 150 110014
internal_value=-1.19444e-05 -0.00146361 -0.00097835 1.66507e-05 0.000847645 0.00146733 0.00306686 -0.000998852 0.00415413 0.00567287 0.000580333 -0.00130526 -0.00227907 0.00176548 -0.000314795 -0.00197021 0.00356962 0.000443975 -0.00394366 0.000164948 -0.00783383 0.00456954 0.00930131 0.00403846 -5.90442e-05 -0.00423077 -0.00911504 0.00538462 0.00026087 -4.07184e-05
internal_weight=198419 3833 3649 194586 16245 11572 4128 871 3257 2311 7444 2873 2580 4571 1906 1477 395 946 426 2910 674 1661 458 520 178341 780 339 429 230 177561
internal_count=198419 3833 3649 194586 16245 11572 4128 871 3257 2311 7444 2873 2580 4571 1906 1477 395 946 426 2910 674 1661 458 520 178341 780 339 429 230 177561
is_linear=0
shrinkage=0.06


Tree=157
num_leaves=31
num_cat=0
split_feature=18 0 26 16 23 23 17 25 21 16 27 23 0 24 21 24 18 21 26 17 25 0 21 19 11 0 16 23 27 21
split_gain=2.25464 5.18169 5.42552 4.19459 4.0569 4.16927 8.24498 6.64233 9.90898 5.17534 4.64715 4.39475 4.28006 5.77798 7.05263 9.62585 6.84864 5.25008 5.09611 5.31714 6.14986 4.9442 5.40139 6.71981 5.18796 4.88098 6.74306 5.14145 6.61322 7.48258
threshold=1.3295233249664309 104.55176544189455 0.13842912763357165 17.500000000000004 40.624979019165046 20.401210784912113 5.5000000000000009 6.5000000000000009 0.41277636587619787 10.500000000000002 2.0931537151336674 22.75537204742432 14.579007625579836 11188.384277343752 0.41560378670692449 6432.6215820312509 1.6826637387275698 0.34174674749374395 6.6988196372985849 1.5000000000000002 5.5000000000000009 25.3781270980835 0.18244930356740954 51.379362106323249 0.43476259708404547 57.770694732666023 11.500000000000002 14.302666187286379 6.6446123123168954 0.57403510808944713
decision_type=2 2 2 2 2 2 2 2 2 2 2 2 2 2 2 2 2 2 2 2 2 2 2 10 2 2 2 2 2 2
left_child=-1 2 -2 -3 5 10 7 8 9 -7 -4 -9 -12 14 15 17 -15 -14 19 -18 -21 24 23 -23 -17 27 -27 28 29 -20
right_child=1 3 4 -5 -6 6 -8 11 -10 -11 12 -13 13 16 -16 21 18 -19 25 20 -22 22 -24 -25 -26 26 -28 -29 -30 -31
leaf_value=0.00074426467368086328 -0.086152802227456998 0.15684540120612667 -0.10328107581300969 -0.023461186685406688 0.23980058506538532 0.00034037323357352986 0.087983314689376285 -0.079821011230397254 -0.10581314258054579 0.31279255680672319 0.00086276596445074457 -0.035948093292210818 0.067890961065289801 -0.049010284234577629 -0.00045981436620806448 -0.098910567203965946 0.11025674796780909 -0.094998952962037891 0.0038207581404659584 -0.080537664849515925 0.036009645930176928 -0.079224149573236521 -0.055116099007511819 0.11750769996413801 -0.035552665882747685 0.15517915247328104 -0.011748423763032463 0.059342444720793419 -0.029459413304916637 0.23135617465665048
leaf_weight=155059 196 181 143 81 106 81 222 331 145 94 29641 566 414 614 2081 1056 318 149 652 246 614 125 682 206 550 262 223 371 2876 134
leaf_count=155059 196 181 143 81 106 81 222 331 145 94 29641 566 414 614 2081 1056 318 149 652 246 614 125 682 206 550 262 223 371 2876 134
internal_value=-1.46659e-05 -0.00039714 -0.000448281 0.00801527 -0.000402778 -0.000431816 -0.00360667 -0.00554643 0.001875 0.0114857 -0.000321348 -0.00819398 -0.000283884 -0.00126242 -0.00273038 -0.0045066 -3.80349e-05 0.00261101 0.000610955 0.00412564 0.00167442 -0.00603666 -0.0027542 0.00353474 -0.0081071 -0.000305445 0.00538144 -0.000989338 -0.00167122 0.00320611
internal_weight=198419 43360 43098 262 42902 42796 1439 1217 320 175 41357 897 41214 11573 5263 3182 6310 563 5696 1178 860 2619 1013 331 1606 4518 485 4033 3662 786
internal_count=198419 43360 43098 262 42902 42796 1439 1217 320 175 41357 897 41214 11573 5263 3182 6310 563 5696 1178 860 2619 1013 331 1606 4518 485 4033 3662 786
is_linear=0
shrinkage=0.06


Tree=158
num_leaves=31
num_cat=0
split_feature=24 24 16 17 11 20 24 23 25 21 0 0 21 23 21 21 21 20 17 16 25 0 5 23 17 17 4 16 17 11
split_gain=2.18363 9.0821 9.81929 11.5598 12.6727 9.75764 8.76521 17.1758 7.87003 10.3601 9.29346 15.496 10.2168 21.8011 18.5964 9.9905 10.1773 10.514 8.60008 8.33684 12.1883 21.9296 12.2296 10.7209 8.87875 14.5333 7.95978 8.70311 7.69515 11.3045
threshold=9248.4008789062518 7676.5393066406259 12.500000000000002 1.0000000180025095e-35 0.40030685067176824 2.5000000000000004 10257.641113281252 1.0000000180025095e-35 6.5000000000000009 0.72861218452453624 16.453348159790043 61.939558029174812 0.36421258747577673 0.70826485753059398 0.47816406190395361 0.32596074044704443 0.28850366175174719 3.5000000000000004 5.5000000000000009 6.5000000000000009 10.500000000000002 32.498483657836921 6.5000000000000009 8.4409470558166522 1.5000000000000002 2.5000000000000004 218.50000000000003 9.5000000000000018 5.5000000000000009 0.69701516628265392
decision_type=2 2 2 2 2 2 2 2 2 2 2 2 2 2 2 2 2 2 2 2 2 2 2 2 2 2 2 2 2 2
left_child=1 -1 8 4 5 -4 7 -2 10 19 12 -12 13 15 18 16 17 -3 -14 -10 23 22 -22 -21 -25 -26 27 -16 29 -19
right_child=6 2 3 -5 -6 -7 -8 -9 9 -11 11 -13 14 -15 26 -17 -18 28 -20 20 21 -23 -24 24 25 -27 -28 -29 -30 -31
leaf_value=-0.0024954766561411687 -0.025897848112782968 0.066419863418007916 -0.029241434458422262 0.0062978421949176772 0.055765425370708353 -0.15497907473714967 0.00024924462943058499 0.010765411566772869 -0.034680586814935542 -0.10588997530900154 -0.072888519954491207 0.15418893666097516 0.13761562997026167 -0.063724120656359254 -0.046095416989920625 -0.016962333395549922 0.13354259656002368 0.27444947845021511 0.050178681492382742 -0.012792354228668028 0.041728885790259476 -0.28144769827950561 0.16967103116141188 0.19003818026385738 -0.07011407840747072 0.12608555363979304 0.15887324250653279 0.088126569259686163 -0.094892329094402816 -0.078275148624828927
leaf_weight=35548 9873 1481 1280 10406 265 191 123618 6221 897 185 709 268 681 548 438 502 388 82 186 2047 631 86 481 206 289 345 133 206 139 89
leaf_count=35548 9873 1481 1280 10406 265 191 123618 6221 897 185 709 268 681 548 438 502 388 82 186 2047 631 86 481 206 289 345 133 206 139 89
internal_value=-1.52707e-05 0.000291788 0.00121637 3.95322e-05 -0.00449309 -0.00666893 -0.000144297 -0.00146141 0.00251339 0.000807045 0.00402051 -0.00132037 0.00509132 0.003131 0.00894161 0.00535994 0.00711794 0.00520938 0.0149827 0.00132477 0.00247491 0.0075626 0.00982014 0.000363699 0.00607143 0.00255521 0.00220077 -0.000559006 -0.00483871 0.00368421
internal_weight=198419 58707 23159 12142 1736 1471 139712 16094 11017 5167 5850 977 4873 3229 1644 2681 2179 1791 867 4982 4085 1198 1112 2887 840 634 777 644 310 171
internal_count=198419 58707 23159 12142 1736 1471 139712 16094 11017 5167 5850 977 4873 3229 1644 2681 2179 1791 867 4982 4085 1198 1112 2887 840 634 777 644 310 171
is_linear=0
shrinkage=0.06


Tree=159
num_leaves=31
num_cat=0
split_feature=18 26 24 16 0 0 5 11 16 3 16 20 24 20 27 27 17 11 0 6 23 21 0 26 3 27 18 0 23 0
split_gain=2.28696 4.70058 4.22902 5.7862 4.2107 3.98843 3.9295 3.55348 11.9253 4.42801 4.42609 5.70427 5.37637 4.62684 6.01186 4.57954 6.54532 4.42378 4.30893 8.03408 5.79967 6.32259 6.20817 5.17848 4.94091 4.61731 4.45917 5.72642 5.6927 4.35001
threshold=1.3295233249664309 0.9122929871082307 10318.560058593752 14.500000000000002 6.6918683052062997 104.55176544189455 4.5000000000000009 0.67122200131416332 18.500000000000004 271.00000000000006 14.500000000000002 1.5000000000000002 15289.705566406252 2.5000000000000004 11.793694019317629 8.1560816764831561 4.5000000000000009 0.64848610758781444 11.101244926452638 10.84999990463257 23.276655197143558 0.051596859470009811 22.482932090759281 413.47355651855474 116.50000000000001 2.0931537151336674 1.5929386019706728 18.613037109375004 20.268400192260746 29.780868530273441
decision_type=2 2 2 2 2 2 2 2 2 2 2 2 2 2 2 2 2 2 2 2 2 2 2 2 2 2 2 2 2 2
left_child=-1 2 4 -4 -2 7 -7 17 9 10 12 -12 15 -13 -15 16 -9 18 25 26 21 -21 -22 24 -23 -3 29 28 -28 -20
right_child=1 5 3 -5 -6 6 -8 8 -10 -11 11 13 -14 14 -16 -17 -18 -19 19 20 22 23 -24 -25 -26 -27 27 -29 -30 -31
leaf_value=0.00070836637233695043 -0.0016185566188204436 -0.11712597975274179 0.023224830839723098 -0.091948911780785722 -0.089865110354053188 0.31244875391645194 -0.0074216672851885332 -0.092615463253318986 0.045054650338213716 0.044795468717460485 -0.12907018701085665 0.089902591964502857 0.041421760686659606 -0.1257723101625435 -0.030623443699756833 -0.021139178444653944 0.045474362836481569 0.077612831307124416 -0.046913892750877047 0.13393100634334218 -0.04765403906301955 -0.078922822236055831 0.22395490329177845 -0.11338645420839824 -0.024672873755574826 0.0021546099280285525 0.024758924354235691 -0.0058542958348786556 -0.062641217935897553 0.070191435820850787
leaf_weight=155059 185 95 420 240 377 156 90 242 540 216 318 104 298 100 207 951 84 330 420 196 122 423 191 405 6616 23553 2770 3412 166 133
leaf_count=155059 185 95 420 240 377 156 90 242 540 216 318 104 298 100 207 951 84 330 420 196 122 423 191 405 6616 23553 2770 3412 166 133
internal_value=-2.16209e-05 -0.000406827 -0.00407529 -0.000818182 -0.00790036 -0.000300441 0.00731707 -0.000345173 -0.00231373 -0.00404762 -0.00481771 -0.00868313 -0.00302857 -0.0040146 -0.00771987 -0.004722 -0.0108589 -0.000190049 -0.000249338 -0.00105022 -0.00235006 -0.00267801 0.00565495 -0.00295809 -0.00257849 0.000253721 0.000447761 0.000897921 0.0028406 -0.00471971
internal_weight=198419 43360 1222 660 562 42138 246 41892 3060 2520 2304 729 1575 411 307 1277 326 38832 38502 14854 7953 7640 313 7444 7039 23648 6901 6348 2936 553
internal_count=198419 43360 1222 660 562 42138 246 41892 3060 2520 2304 729 1575 411 307 1277 326 38832 38502 14854 7953 7640 313 7444 7039 23648 6901 6348 2936 553
is_linear=0
shrinkage=0.06


Tree=160
num_leaves=31
num_cat=0
split_feature=24 24 24 20 16 24 24 21 17 21 20 21 24 16 11 11 24 4 2 24 0 21 23 23 17 20 0 21 24 6
split_gain=2.10855 7.44613 7.42409 13.774 12.047 16.3079 9.63756 13.8404 8.5399 14.5956 13.2607 10.7221 8.97478 10.9792 28.3571 13.1373 7.92949 10.355 7.50841 7.01798 18.6245 12.8191 11.8775 15.9628 11.3557 9.4943 9.15017 9.0894 8.64472 7.79102
threshold=13528.464843750002 13807.777343750002 13103.602539062502 1.0000000180025095e-35 10.500000000000002 13446.868652343752 12934.763671875002 0.2516866028308869 1.5000000000000002 0.25447905063629156 2.5000000000000004 0.31716257333755499 13290.918945312502 13.500000000000002 0.33985757827758795 0.33985757827758795 13290.918945312502 73.500000000000014 4.5000000000000009 12004.941894531252 8.41143846511841 0.43721179664134985 12.537551403045656 9.706268787384035 1.0000000180025095e-35 1.5000000000000002 25.3781270980835 0.52405381202697765 12762.763671875002 10.150000095367433
decision_type=2 2 2 2 2 2 2 2 2 2 2 2 2 2 2 2 2 2 2 2 2 2 2 2 2 2 2 2 2 2
left_child=2 -2 6 4 5 -4 19 -8 9 10 -5 -11 18 15 -15 -14 -6 -18 -10 -1 22 -22 23 -21 -24 26 27 -23 -27 -25
right_child=1 -3 3 8 16 -7 7 -9 12 11 -12 -13 13 14 -16 -17 17 -19 -20 20 21 25 24 29 -26 28 -28 -29 -30 -31
leaf_value=-0.00064628251220826265 -0.030437515173279774 -0.0013890079960889778 -0.0088988455435167427 0.08750441525236996 0.02795420630051712 0.29647298756882023 -0.067507912272153706 0.0012330988188527581 0.041426798884925391 -0.13821541342707924 -0.055815996850287541 -0.011489645748406474 0.10249037593202621 -0.083103674876407796 0.20399317674833725 -0.046123638441556612 0.0034380104974432155 -0.085236430562120935 0.16297546517488029 0.024339350372299895 -0.031537180263980141 -0.023042529332895894 -0.1453326405142327 0.035554037202557717 0.011069397299246156 0.014332454756421633 0.23459163753017107 0.12903587598909722 -0.090216829547557817 0.17290901008262363
leaf_weight=107459 2858 61585 586 727 207 165 1276 1685 1182 181 160 708 648 655 191 187 251 561 805 8851 3718 483 231 95 508 1347 271 298 367 173
leaf_count=107459 2858 61585 586 727 207 165 1276 1685 1182 181 160 708 648 655 191 187 251 561 805 8851 3718 483 231 95 508 1347 271 298 367 173
internal_value=-2.0109e-05 -0.000302127 0.000115543 0.0019878 -0.00261017 0.00315579 8.99323e-06 -0.00337386 0.00348273 6.75676e-05 0.00551297 -0.00536558 0.00513631 0.00190958 -0.0029078 0.00679042 -0.00685967 -0.00953202 0.00786613 8.99023e-05 0.00124832 -0.00124923 0.00289105 0.00348393 -0.0044249 0.00184382 0.0063308 0.00303457 -0.000910152 0.0179104
internal_weight=198419 64443 133976 7214 1770 751 126762 2961 5444 1776 887 889 3668 1681 846 835 1019 812 1987 123801 16342 6484 9858 9119 739 2766 1052 781 1714 268
internal_count=198419 64443 133976 7214 1770 751 126762 2961 5444 1776 887 889 3668 1681 846 835 1019 812 1987 123801 16342 6484 9858 9119 739 2766 1052 781 1714 268
is_linear=0
shrinkage=0.06


Tree=161
num_leaves=31
num_cat=0
split_feature=18 26 19 25 20 5 21 16 20 21 16 24 27 11 19 16 19 24 16 25 0 27 0 11 19 4 21 21 19 27
split_gain=2.18284 4.38179 3.43543 3.90144 5.1812 6.98371 4.41839 5.16869 4.47075 5.98549 5.392 4.0361 6.44204 6.00819 5.63539 4.97992 4.14992 4.51457 5.44401 5.31796 4.62006 4.01643 3.98492 4.70333 3.77036 3.98201 4.54958 3.80844 3.73644 3.61295
threshold=1.3295233249664309 0.13842912763357165 62.876670837402351 9.5000000000000018 2.5000000000000004 7.5000000000000009 0.63282191753387462 11.500000000000002 1.5000000000000002 0.48932217061519628 15.500000000000002 14516.597656250002 3.4421176910400395 0.71455863118171703 82.892681121826186 9.5000000000000018 63.66430854797364 13290.918945312502 15.500000000000002 5.5000000000000009 20.731276512146 23.851706504821781 13.249187946319582 0.25291927158832556 23.791120529174808 75.000000000000014 0.41277636587619787 0.75626978278160106 70.238727569580092 13.371950626373293
decision_type=2 2 10 2 2 2 2 2 2 2 2 2 2 2 10 2 10 2 2 2 2 2 2 2 10 2 2 2 10 2
left_child=-1 -2 24 4 11 -6 8 29 9 -5 -11 16 -13 14 -14 -15 -4 -18 19 -19 22 -7 23 28 -3 26 -26 -27 -20 -8
right_child=1 2 3 6 5 21 7 -9 -10 10 -12 12 13 15 -16 -17 17 18 20 -21 -22 -23 -24 -25 25 27 -28 -29 -30 -31
leaf_value=0.00074086690927060766 -0.076537591434672883 0.01384344590685167 0.07245369953123855 -0.00018905024832783113 -0.0032762178105389238 -0.05707217667856318 0.28680031510221438 0.025590930812840983 0.018471531469222254 -0.14103069100107846 -0.029869121617199797 -0.082919857639937644 0.013050495152063218 -0.15733821766353243 -0.063652314102357416 -0.0085350257310403774 0.0013546936336803039 0.019808224142764379 0.077475565223517992 0.11677626144275947 0.15486740021283096 0.11855759810567722 -0.12043636925888057 0.12509605155888162 0.008882331535134274 -0.020031797343215224 -0.014304313311112343 0.053737903271561097 -0.046525003583917479 0.060379756216458413
leaf_weight=155059 202 2269 265 1697 4290 1642 91 304 3682 121 138 224 2256 83 332 99 6881 276 94 345 84 86 84 96 3920 11222 1952 213 323 89
leaf_count=155059 202 2269 265 1697 4290 1642 91 304 3682 121 138 224 2256 83 332 99 6881 276 94 345 84 86 84 96 3920 11222 1952 213 323 89
internal_value=-1.52707e-05 -0.000391605 -0.000350341 0.000137393 -0.000319588 -0.00174477 0.00144071 0.00694215 0.000968429 -0.00134969 -0.00984556 0.000429995 -0.00146293 -0.00067148 6.95518e-05 -0.0112088 0.00110085 0.000861542 0.00410138 0.00816425 0.000396476 -0.00496528 -0.00145729 0.000526316 -0.000937883 -0.00123938 3.0654e-05 -0.00189156 -0.00223022 0.015
internal_weight=198419 43360 43158 23582 17460 6018 6122 484 5638 1956 259 11442 2994 2770 2588 182 8448 8183 1302 621 681 1728 597 513 19576 17307 5872 11435 417 180
internal_count=198419 43360 43158 23582 17460 6018 6122 484 5638 1956 259 11442 2994 2770 2588 182 8448 8183 1302 621 681 1728 597 513 19576 17307 5872 11435 417 180
is_linear=0
shrinkage=0.06


Tree=162
num_leaves=31
num_cat=0
split_feature=7 11 0 3 23 23 24 24 24 0 0 21 21 21 21 16 0 21 20 20 21 10 11 21 16 23 20 16 17 16
split_gain=2.05525 6.79232 7.33693 5.06135 6.0779 5.84223 6.87475 10.5749 11.1678 11.1735 18.8542 13.5182 12.8048 15.5474 14.7482 14.4756 11.1947 10.9256 12.7511 11.2 9.96185 9.3841 8.90355 8.15279 7.81055 7.79597 9.24501 8.28756 7.94804 7.52114
threshold=1.0000000180025095e-35 0.25947250425815588 3.4905781745910649 59.500000000000007 11.556233406066896 2.1170724630355839 17234.285156250004 13323.810058593752 12004.941894531252 10.213494300842287 32.498483657836921 0.12656717747449878 0.26013524830341345 0.24454997479915622 0.30095402896404272 14.500000000000002 23.120385169982914 0.3575409352779389 1.5000000000000002 1.0000000180025095e-35 0.22167993336915973 1.5000000000000002 0.42220656573772436 0.81262066960334789 21.500000000000004 1.1887561678886416 3.5000000000000004 16.500000000000004 3.5000000000000004 14.500000000000002
decision_type=2 2 2 2 2 2 2 2 2 2 2 2 2 2 2 2 2 2 2 2 2 2 2 2 2 2 2 2 2 2
left_child=1 -1 -3 4 -2 6 7 8 -5 11 16 22 13 20 -14 -15 -11 19 -19 29 -13 -9 -10 -23 -21 26 -8 -27 -28 -16
right_child=3 2 -4 5 -6 -7 25 21 9 10 -12 12 14 15 17 -17 -18 18 -20 24 -22 23 -24 -25 -26 27 28 -29 -30 -31
leaf_value=-0.00026397789962348203 0.0087365061300216911 -0.053450888788277841 -0.010648859386765536 -0.0028065072678533599 -0.015764565419218481 0.0054468661012157327 0.016720086847504197 0.031369928592492539 0.079020502339266552 -0.02310880913104623 0.09180735510176205 0.0032751441284921867 0.098165323019305653 -0.1103710154542805 -0.014122040440637055 -0.0016329145435012358 -0.19007202482896918 0.083618611744898805 0.006608054114401911 -0.0024147090886805999 0.12970516711721269 -0.014871503622858211 0.33547013019473337 0.19216462234633433 0.15333104882346199 0.12453945863236426 0.09479959535271909 -0.031097176584524513 -0.084407302801018783 -0.12203470789696989
leaf_weight=18901 20936 475 4167 62130 1586 40023 4789 1523 587 2264 865 1917 951 385 187 414 310 1232 1600 876 210 30442 138 249 88 365 132 171 307 199
leaf_count=18901 20936 475 4167 62130 1586 40023 4789 1523 587 2264 865 1917 951 385 187 414 310 1232 1600 876 210 30442 138 249 88 365 132 171 307 199
internal_value=-1.52707e-05 -0.000541562 -0.00259802 5.55822e-05 0.000895125 -6.85246e-05 -0.000290303 -0.000399467 -6.05221e-06 0.0016518 -0.00124746 0.00278689 0.0020809 -0.00108681 0.00388662 -0.00822278 -0.00382284 0.00235294 0.00447034 -0.00208889 0.00159379 -0.00130751 0.0106345 -0.00153563 0.00136929 0.00172797 0.00102142 0.0086194 -0.00731207 -0.0107254
internal_weight=198419 23543 4642 174876 22522 152354 112331 106567 74353 12223 3439 8784 8059 2926 5133 799 2574 4182 2832 1350 2127 32214 725 30691 964 5764 5228 536 439 386
internal_count=198419 23543 4642 174876 22522 152354 112331 106567 74353 12223 3439 8784 8059 2926 5133 799 2574 4182 2832 1350 2127 32214 725 30691 964 5764 5228 536 439 386
is_linear=0
shrinkage=0.06


Tree=163
num_leaves=31
num_cat=0
split_feature=26 11 1 19 16 17 17 24 0 21 21 26 19 18 21 17 21 18 25 10 23 23 0 0 24 11 23 24 17 24
split_gain=2.07387 4.50755 3.78212 3.40178 2.989 2.6823 3.45558 4.32486 4.60725 2.69868 2.67797 2.57149 2.8709 5.11666 5.52953 3.14125 3.35115 3.01331 2.63288 2.51463 7.53106 8.09852 6.06227 5.13304 6.92443 5.17781 4.76488 4.66261 4.71722 8.18153
threshold=719.49838256835949 0.55806332826614391 237.50000000000003 61.165781021118171 14.500000000000002 1.0000000180025095e-35 5.5000000000000009 10456.151855468752 6.1135640144348153 0.42600551247596746 0.16470228880643847 616.05508422851574 90.553459167480483 2.5929676294326787 0.57018676400184642 2.5000000000000004 0.40094302594661718 6.0223660469055185 6.5000000000000009 1.5000000000000002 4.9729187488555917 19.41494178771973 24.521744728088382 5.7859416007995614 17602.083007812504 0.41053511202335363 15.119426727294924 13843.171875000002 2.5000000000000004 11592.968750000002
decision_type=2 2 2 8 2 2 2 2 2 2 2 2 8 2 2 2 2 2 2 2 2 2 2 2 2 2 2 2 2 2
left_child=11 2 5 -3 -5 9 -7 -8 -9 -2 -4 19 13 14 -13 -14 -17 18 -15 20 22 26 23 25 27 -1 -22 28 -25 -30
right_child=1 3 10 4 -6 6 7 8 -10 -11 -12 12 15 17 -16 16 -18 -19 -20 -21 21 -23 -24 24 -26 -27 -28 -29 29 -31
leaf_value=-0.017047078477837437 -0.019780029070074645 0.00015881327108729692 -0.081355630535097007 -0.034755646767424368 -0.11549024870057195 0.014902224245840879 0.056782313951029298 -0.01094005663105797 -0.094023332796422734 -0.09376582475847689 -0.023828609487379179 0.027461605616569393 0.040154212170349833 0.015150796076582996 0.17363170734303884 -0.012194741121203502 -0.085174681234562608 0.051392400825085643 -0.092987152655960151 -0.00049432307436186201 0.055998681420120169 -0.057992843461547067 -0.071686788610620195 0.042419478192531716 -0.12074539926451526 0.074584519133507748 0.11087885472464698 0.0640829059480717 0.015484852894563254 -0.077265841642631103
leaf_weight=2811 307 103 116 86 107 1942 111 175 133 101 652 1119 330 96 132 281 97 123 136 183736 1333 153 546 847 83 265 117 1012 1042 327
leaf_count=2811 307 103 116 86 107 1942 111 175 133 101 652 1119 330 96 132 281 97 123 136 183736 1333 153 546 847 83 265 117 1012 1042 327
internal_value=-1.88994e-05 -0.00140099 -0.000805768 -0.00851351 -0.0132124 0.000227519 0.00100381 -0.00393795 -0.0075974 -0.00426471 -0.00453125 8.32537e-06 0.00199654 0.00339975 0.00520384 -0.00118644 -0.00492063 -0.00295775 -0.00698276 -1.56029e-05 0.000991097 0.00469744 0.000134141 0.000652889 0.00229236 -0.00111183 0.00608276 0.00273234 0.00119134 -0.000986121
internal_weight=198419 3833 3537 296 193 2769 2361 419 308 408 768 194586 2314 1606 1251 708 378 355 232 192272 8536 1603 6933 6387 3311 3076 1450 3228 2216 1369
internal_count=198419 3833 3537 296 193 2769 2361 419 308 408 768 194586 2314 1606 1251 708 378 355 232 192272 8536 1603 6933 6387 3311 3076 1450 3228 2216 1369
is_linear=0
shrinkage=0.06


Tree=164
num_leaves=31
num_cat=0
split_feature=24 0 16 21 24 23 20 16 16 0 24 21 24 20 23 21 0 21 6 19 24 21 21 21 11 16 17 16 20 11
split_gain=1.96809 9.18898 9.09286 9.25353 7.58964 14.9927 7.79049 19.4479 14.3924 12.0862 8.35942 8.33898 8.22663 7.22572 9.28311 7.98776 10.8597 8.69222 10.1586 8.25851 7.22127 8.55037 8.81755 14.9768 8.04419 7.68165 8.64122 10.1613 7.93516 14.6713
threshold=9248.4008789062518 9.6231088638305682 2.5000000000000004 0.089744016528129592 10257.641113281252 1.0000000180025095e-35 3.5000000000000004 14.500000000000002 3.5000000000000004 13.249187946319582 9939.3471679687518 0.56017047166824352 9281.6254882812518 3.5000000000000004 12.495970249176027 0.29662616550922399 48.56915473937989 0.26463150978088384 19.650000572204593 85.556869506835952 6054.3205566406259 0.66943460702896129 0.13181316107511523 0.13758362084627154 0.70235082507133495 9.5000000000000018 5.5000000000000009 6.5000000000000009 2.5000000000000004 0.26759324967861181
decision_type=2 2 2 2 2 2 2 2 2 2 2 2 2 2 2 2 2 2 2 8 2 2 2 2 2 2 2 2 2 2
left_child=1 20 3 -3 5 6 12 8 -8 10 -10 -9 -2 -4 15 17 -17 18 19 -15 25 22 -22 -24 -25 26 28 -28 -1 -30
right_child=4 2 13 -5 -6 -7 7 11 9 -11 -12 -13 -14 14 -16 16 -18 -19 -20 -21 21 -23 23 24 -26 -27 27 -29 29 -31
leaf_value=0.0013217661198135831 -0.14083195314845118 0.11828464816349424 -0.0092009542213455121 -0.084217126479459087 0.00024549115009129705 0.0097744763691862604 -0.090549347843503894 -0.1048363141194005 0.0025880661171213057 -0.055528363918768621 0.086295538108952116 0.021243913760972059 -0.014657593774597613 0.0030835580484575506 0.1859116570422705 -0.0041854383284410093 -0.23132144619424111 0.12658199879749316 -0.082837790889372445 0.12340802262002398 -0.0046437543783648038 -0.030058024582676875 0.09332613146315169 0.011023052494945808 0.087205851301104323 -0.027439270725560991 -0.1070207802036984 0.00077252016615638299 0.218100425832598 -0.018180161678321021
leaf_weight=669 194 110 15111 1145 123618 6221 134 827 253 192 273 101 7899 492 276 1509 112 597 229 193 6061 1020 706 26107 428 3017 109 311 339 166
leaf_count=669 194 110 15111 1145 123618 6221 134 827 253 192 273 101 7899 492 276 1509 112 597 229 193 6061 1020 706 26107 428 3017 109 311 339 166
internal_value=-8.92052e-06 0.00028259 -0.000770709 -0.00571315 -0.000131413 -0.00135703 -0.0028107 -0.00640449 0.000140845 0.00350975 0.00821293 -0.0124138 -0.00202026 -0.000435769 0.00205986 0.00113027 -0.00179519 0.0042687 0.00059081 0.00424818 0.000817558 0.00111707 0.00128281 0.00174333 0.00151385 -0.00141184 0.00195734 -0.00542857 0.00459966 0.0102772
internal_weight=198419 58707 19774 1255 139712 16094 9873 1780 852 718 526 928 8093 18519 3408 3132 1621 1511 914 685 38933 34322 33302 27241 26535 4611 1594 420 1174 505
internal_count=198419 58707 19774 1255 139712 16094 9873 1780 852 718 526 928 8093 18519 3408 3132 1621 1511 914 685 38933 34322 33302 27241 26535 4611 1594 420 1174 505
is_linear=0
shrinkage=0.06


Tree=165
num_leaves=31
num_cat=0
split_feature=26 16 11 24 0 19 24 0 21 27 20 24 27 23 24 27 11 19 18 0 16 24 20 19 21 19 24 24 18 15
split_gain=2.05102 4.27317 5.47506 5.46181 5.1278 7.16926 6.06834 5.6387 8.48612 5.24013 7.26569 5.79189 4.99593 4.69016 4.80054 5.76205 4.36696 7.93025 4.15193 4.07291 7.50094 6.77108 6.92971 8.80421 6.22969 10.0878 7.41622 6.98522 6.84874 5.60409
threshold=8.709571838378908 18.500000000000004 0.75611737370491039 17764.509765625004 37.445917129516609 90.553459167480483 10761.519042968752 32.498483657836921 0.32596074044704443 11.886633872985842 1.0000000180025095e-35 6952.7482910156259 23.292454719543461 6.2878470420837411 14615.934570312502 13.939949989318849 0.73709043860435497 60.873748779296882 1.9322378635406496 21.312211990356449 1.5000000000000002 10484.014160156252 1.5000000000000002 53.172737121582038 0.30543017387390142 87.786579132080092 14972.821777343752 16556.795898437504 -0.45071355998516077 1.0000000180025095e-35
decision_type=2 2 2 2 2 10 2 2 2 2 2 2 2 2 2 2 2 8 2 2 2 2 2 10 2 8 2 2 2 2
left_child=1 4 3 13 7 9 -7 16 -9 10 -6 -12 -11 -3 15 -15 19 -18 -16 -1 -21 22 29 -24 25 26 -23 28 -26 -22
right_child=-2 2 -4 -5 5 6 -8 8 -10 12 11 -13 -14 14 18 -17 17 -19 -20 20 21 24 23 -25 27 -27 -28 -29 -30 -31
leaf_value=-0.0055166103934146983 0.00078079315493820181 0.002522242506976875 0.15073384539904419 -0.0582138561860015 0.13940391689745069 0.015268154931919183 0.17729678721684869 -0.13776874707867157 0.027764015276257437 -0.036334927732438162 0.1469467084964117 -0.0082738401579597106 0.10405061692846779 0.090395980186603941 0.022243564651010954 0.01362289201870789 -0.13097150054767251 -0.01271257323141917 -0.10768268204213406 -0.14308090612016777 -0.026000900180271989 -0.10132329092962222 0.1379538354351269 -0.012032913469459387 0.0099768247550830226 0.10909623288566252 0.038052992408031373 -0.051149894452191161 0.18337314334775073 -0.11570907609986576
leaf_weight=38471 145068 7040 118 137 221 200 238 194 155 1308 163 762 182 472 205 498 190 587 87 130 190 183 146 377 150 175 211 87 384 90
leaf_count=38471 145068 7040 118 137 221 200 238 194 155 1308 163 762 182 472 205 498 190 587 87 130 190 183 146 377 150 175 211 87 384 90
internal_value=-1.64803e-05 -0.000334577 0.000894005 0.00071454 -0.000569273 0.00179571 0.00890411 -0.000743528 -0.00833811 0.000614568 0.00366492 0.00132973 -0.00173154 0.000910624 0.00427892 0.00630928 -0.000679461 -0.00513514 -0.00246575 -0.000594176 0.0019642 0.00287506 -0.00138232 0.00269598 0.0057479 0.00121265 -0.00411168 0.00990338 0.0124719 -0.009
internal_weight=198419 53351 8557 8439 44794 3074 438 41720 349 2636 1146 925 1490 8302 1262 970 41371 777 292 40594 2123 1993 803 523 1190 569 394 621 534 280
internal_count=198419 53351 8557 8439 44794 3074 438 41720 349 2636 1146 925 1490 8302 1262 970 41371 777 292 40594 2123 1993 803 523 1190 569 394 621 534 280
is_linear=0
shrinkage=0.06


Tree=166
num_leaves=31
num_cat=0
split_feature=21 2 24 25 20 11 18 20 18 21 14 17 0 21 4 24 20 0 16 20 17 0 27 27 5 16 17 21 21 21
split_gain=2.03053 7.10252 7.77309 7.76357 8.44368 8.32387 6.74274 4.78904 4.70427 5.13223 6.1173 5.31727 4.98918 4.81971 5.36267 4.25207 7.34669 5.43228 5.12549 6.5371 4.25167 4.11976 4.90216 5.72634 3.94799 3.63051 5.30134 5.21697 4.20432 3.55108
threshold=0.63282191753387462 1.5000000000000002 16044.857421875002 9.5000000000000018 1.5000000000000002 0.32353574037551885 -3.9692547321319576 2.5000000000000004 -2.16045069694519 0.71195900440216076 1.0000000180025095e-35 1.0000000180025095e-35 20.731276512146 0.65534421801567089 108.50000000000001 12867.219238281252 3.5000000000000004 4.8192434310913095 16.500000000000004 3.5000000000000004 1.0000000180025095e-35 3.2498396635055546 12.417477607727053 16.944316864013675 10.500000000000002 14.500000000000002 2.5000000000000004 0.66943460702896129 0.67921254038810741 0.65534421801567089
decision_type=2 2 2 2 2 2 2 2 2 2 2 2 2 2 2 2 2 2 2 2 2 2 2 2 2 2 2 2 2 2
left_child=-1 -2 3 8 5 -5 -6 21 12 13 11 -11 24 -10 -15 17 -17 -8 19 20 -19 -4 -23 -24 29 28 -27 -28 -16 -3
right_child=1 2 7 4 6 -7 15 -9 9 10 -12 -13 -14 14 25 16 -18 18 -20 -21 -22 22 23 -25 -26 26 27 -29 -30 -31
leaf_value=-0.00052466653698254981 -0.015297846489622477 0.048714789013430862 -0.077302135661500487 0.063522362367841756 -0.094175946424768273 0.30146653504368121 -0.082204603312956856 0.18601993189151239 0.0038390756416219495 -0.11743443541068717 0.18282248664834283 0.0032787576780615967 0.10548261156276822 0.0014782844897348467 -0.053564215574002823 -0.18488300337360511 0.0068043556027815909 0.23076895653037105 -0.0060061671642159808 0.28697070575439526 -0.18526999936476962 0.11241177354610155 -0.0471363063054566 0.044718895027411297 0.083215302865245908 -0.1340504595415922 -0.14553314999369668 0.037566754508708611 -0.16053135800136012 -0.017985853085108045
leaf_weight=186793 2078 144 160 1160 112 159 96 318 580 138 141 2550 197 389 178 113 403 94 195 226 88 209 138 233 132 143 91 238 222 701
leaf_count=186793 2078 144 160 1160 112 159 96 318 580 138 141 2550 197 389 178 113 403 94 195 226 88 209 138 233 132 143 91 238 222 701
internal_value=-1.58755e-05 0.000753484 0.00144533 0.000840989 0.00353741 0.00693707 0.000158252 0.0062949 -0.000379877 -0.0012334 0.000371156 -0.000267857 0.00301533 -0.00369908 -0.00578113 0.00145679 -0.00267442 0.00450644 0.00661692 0.0104412 0.00197802 0.00364865 0.006 0.00185984 0.00125896 -0.0083945 -0.00483051 -0.000638298 -0.0126 -0.000248521
internal_weight=198419 11626 9548 8490 2646 1319 1327 1058 5844 4670 2829 2688 1174 1841 1261 1215 516 699 603 408 182 740 580 371 977 872 472 329 400 845
internal_count=198419 11626 9548 8490 2646 1319 1327 1058 5844 4670 2829 2688 1174 1841 1261 1215 516 699 603 408 182 740 580 371 977 872 472 329 400 845
is_linear=0
shrinkage=0.06


Tree=167
num_leaves=31
num_cat=0
split_feature=25 17 21 24 24 16 23 3 0 24 5 24 0 16 11 20 23 0 21 20 0 0 24 20 16 20 0 15 21 0
split_gain=1.9941 7.50228 12.6334 11.4881 9.92638 30.3113 12.3726 11.733 10.2553 9.24496 9.81423 8.98075 8.50589 7.91985 20.5255 22.1582 14.3545 11.0122 7.908 11.2972 8.5885 8.31658 7.31963 15.3317 10.2139 8.81391 9.70487 8.08105 7.55586 10.8913
threshold=6.5000000000000009 1.5000000000000002 0.10105558112263681 7534.7277832031259 8911.6054687500018 12.500000000000002 21.794277191162113 139.50000000000003 6.2991905212402353 17602.083007812504 5.5000000000000009 7393.0002441406259 9.2073082923889178 13.500000000000002 0.65231239795684826 3.5000000000000004 9.8196783065795916 5.1916961669921884 0.41277636587619787 2.5000000000000004 8.1051063537597674 21.312211990356449 15472.451660156252 1.5000000000000002 14.500000000000002 1.0000000180025095e-35 8.9045305252075213 1.0000000180025095e-35 0.37659685313701635 10.311299324035646
decision_type=2 2 2 2 2 2 2 2 2 2 2 2 2 2 2 2 2 2 2 2 2 2 2 2 2 2 2 2 2 2
left_child=1 2 13 11 5 8 9 -8 -5 22 12 -4 -11 14 15 -1 17 -15 19 20 -7 -20 28 25 -25 -24 -27 -26 -6 -30
right_child=-2 -3 3 4 6 18 7 -9 -10 10 -12 -13 -14 16 -16 -17 -18 -19 21 -21 -22 -23 23 24 27 26 -28 -29 29 -31
leaf_value=-0.032783584720692427 -0.0017434766215781927 -0.0014448166160479568 0.02861129746555063 0.10599945262059435 0.0022722629049174523 0.033793745625438069 0.043497420007734072 0.58773945176183295 -0.0091592100293038919 0.086178957009960727 0.23546816243767518 0.13536869749512268 -0.034402775062567732 -0.026602421271810756 0.23230989404635657 0.10513985017800898 0.11503591888959785 -0.090084233388977752 -0.11403659342725453 -0.11464983176612359 -0.072562507325051318 0.001389587420350722 -0.024082060053104606 -0.085026557170809564 0.012271311150679622 0.090644743518498938 0.00063466289590701657 -0.09579918095594038 0.0091356745205463767 0.066969672728206961
leaf_weight=985 99928 70843 4226 527 8115 192 162 143 592 101 256 180 184 725 162 177 91 517 374 290 202 85 700 926 815 609 592 179 3696 1845
leaf_count=985 99928 70843 4226 527 8115 192 162 143 592 101 256 180 184 725 162 177 91 517 374 290 202 85 700 926 815 609 592 179 3696 1845
internal_value=-2.07137e-05 0.000170879 0.00100911 0.00142731 0.000832159 -0.00291777 0.00129509 0.0132787 0.00410188 0.00109224 0.00881701 0.0042079 0.00115789 -0.00292435 0.000362538 -0.00242685 -0.00618905 -0.0078744 -0.00979003 -0.00570175 0.000913706 -0.0158824 0.000853121 -0.0014682 -0.00525 0.00235139 0.00547044 -0.00102616 0.00150264 0.00321061
internal_weight=198419 98491 27648 24991 20585 2262 18323 305 1119 18018 541 4406 285 2657 1324 1162 1333 1242 1143 684 394 459 17477 3821 1920 1901 1201 994 13656 5541
internal_count=198419 98491 27648 24991 20585 2262 18323 305 1119 18018 541 4406 285 2657 1324 1162 1333 1242 1143 684 394 459 17477 3821 1920 1901 1201 994 13656 5541
is_linear=0
shrinkage=0.06


Tree=168
num_leaves=31
num_cat=0
split_feature=1 7 23 20 16 23 2 0 11 6 0 2 17 14 0 24 20 24 16 24 7 23 23 0 16 24 26 3 0 14
split_gain=2.06003 11.3609 8.33432 11.34 11.9297 10.632 9.89207 8.80554 12.7554 9.29816 8.73883 8.28047 7.73286 7.69644 7.02647 8.99136 7.07485 12.5697 9.08805 8.1365 6.9098 6.88827 6.84044 7.03273 6.75015 7.84075 6.54054 6.52998 7.98436 6.90149
threshold=149.00000000000003 1.5000000000000002 16.804028511047367 1.0000000180025095e-35 10.500000000000002 21.212114334106449 7.5000000000000009 5.3415167331695566 1.0000000180025095e-35 18.44999980926514 8.6549654006958026 3.5000000000000004 2.5000000000000004 1.0000000180025095e-35 12.045402526855471 14297.014160156252 1.0000000180025095e-35 11592.968750000002 14.500000000000002 13124.946777343752 2.5000000000000004 1.4673189520835879 13.117848396301271 11.440140247344972 17.500000000000004 11029.454589843752 453.35015869140631 79.000000000000014 2.3591941595077519 1.0000000180025095e-35
decision_type=2 2 2 2 2 2 2 2 2 2 2 2 2 2 2 2 2 2 2 2 2 2 2 2 2 2 2 2 2 2
left_child=1 22 7 4 5 -4 -5 20 9 10 11 -9 -7 -3 -10 16 17 -16 -19 -18 -2 -21 27 -24 25 -6 -17 28 -1 -29
right_child=2 13 3 6 24 12 -8 8 14 -11 -12 -13 -14 -15 15 26 19 18 -20 21 -22 -23 23 -25 -26 -27 -28 29 -30 -31
leaf_value=-0.0067338672811911877 -0.0063229390230776714 0.011810831762919971 0.31188596938681684 0.032054821970738057 -0.0050394059780873588 -0.071519804749891877 0.19550710750831946 0.03222388887732365 0.021912833777126845 -0.020088590368530168 0.010464727577051693 -0.026960514653906226 0.1933622760592727 0.14453476456328218 0.067960559413657293 0.054997881678402361 -0.052555797800950751 0.055727897149242693 -0.20911881477790947 0.40601085478573734 0.0079575892576677631 -0.012960635079223621 -0.045852144991333166 -0.004124695671337335 0.015951320788726589 -0.14468453066577183 -0.12254961603262719 -0.0058297757255494865 0.0047835021307369632 -0.11428574394657687
leaf_weight=13078 11936 19073 142 1194 113 107 655 940 7080 23886 7851 3591 93 489 629 1692 2855 108 212 84 25183 157 1780 3051 127 221 84 25296 46067 645
leaf_count=13078 11936 19073 142 1194 113 107 655 940 7080 23886 7851 3591 93 489 629 1692 2855 108 212 84 25183 157 1780 3051 127 221 84 25296 46067 645
internal_value=-2.16209e-05 0.000152632 -0.000236114 0.00307692 -0.00287671 0.00561404 0.00566252 -0.000337938 -0.000864569 -0.00144094 -0.000106606 -0.00220481 -0.0033 0.00146304 0.000755755 -0.000788524 -0.00235105 0.00218124 -0.0075 -0.00374031 0.000359654 0.00684647 -0.000132455 -0.00232871 -0.0091757 -0.0136527 0.00277027 -7.75686e-06 0.00034035 -0.000801434
internal_weight=198419 109479 88940 2652 803 342 1849 86288 49169 36268 12382 4531 200 19562 12901 5821 4045 949 320 3096 37119 241 89917 4831 461 334 1776 85086 59145 25941
internal_count=198419 109479 88940 2652 803 342 1849 86288 49169 36268 12382 4531 200 19562 12901 5821 4045 949 320 3096 37119 241 89917 4831 461 334 1776 85086 59145 25941
is_linear=0
shrinkage=0.06


Tree=169
num_leaves=31
num_cat=0
split_feature=7 23 0 21 11 3 3 23 23 25 26 19 4 11 23 17 16 2 24 24 21 24 23 21 24 21 25 17 21 27
split_gain=2.08742 6.49097 5.96004 5.93503 4.74809 8.57909 4.68299 5.37202 6.47603 8.82306 7.32279 6.79193 6.37033 8.06989 7.44105 5.56947 5.36929 5.67679 5.19718 9.60379 9.03621 10.1069 7.71421 14.9703 8.08553 7.49882 11.9434 10.9965 9.8153 8.94794
threshold=1.0000000180025095e-35 2.8542082309722905 2.3591941595077519 0.42600551247596746 1.0000000180025095e-35 17.500000000000004 59.500000000000007 2.1170724630355839 2.2976937294006352 5.5000000000000009 20.15647125244141 95.798614501953139 289.50000000000006 1.0000000180025095e-35 15.119426727294924 4.5000000000000009 11.500000000000002 3.5000000000000004 17234.285156250004 15973.387207031252 0.59814637899398815 16180.004882812502 1.4634689092636111 0.21537154167890551 14562.096191406252 0.54489564895629894 6.5000000000000009 3.5000000000000004 0.26013524830341345 15.865549564361574
decision_type=2 2 2 2 2 2 2 2 2 2 2 8 2 2 2 2 2 2 2 2 2 2 2 2 2 2 2 2 2 2
left_child=1 3 -3 -1 -4 -6 -2 18 -9 10 -10 16 -11 15 -15 -14 -12 -18 19 22 21 -21 -8 -24 -25 26 -23 -28 -29 -30
right_child=6 2 4 -5 5 -7 7 8 9 12 11 -13 13 14 -16 -17 17 -19 -20 20 -22 25 23 24 -26 -27 27 28 29 -31
leaf_value=0.0040272051517733585 0.0062417285183611424 -0.056488313125268898 -0.0032931287862675873 -0.010498096265569586 -0.059282624142770891 -0.0070436555419364309 -0.00084634330499850914 0.085675098467698094 -0.07373464587412229 0.0030459222119103213 0.06112808336896499 0.099929839940066989 -0.0032662926036691343 0.076985315699703738 0.33019160837237915 0.057890544712782058 0.033637074604973512 -0.17508747609382261 0.014612653552601986 -0.044707386208395553 0.070375775376782107 -0.028456238674876032 0.019354875593511334 -0.032655514480053369 -0.077047192544496393 -0.090645158849599269 0.053744375153326668 -0.034316941417912243 0.089121500822102392 -0.047726162077694485
leaf_weight=12813 22522 511 3709 5100 415 995 94042 541 885 34212 159 151 2066 760 174 855 80 140 5764 1912 540 3315 1106 1526 406 743 1532 885 372 188
leaf_count=12813 22522 511 3709 5100 415 995 94042 541 885 34212 159 151 2066 760 174 855 80 140 5764 1912 540 3315 1106 1526 406 743 1532 885 372 188
internal_value=-2.64592e-05 -0.000556853 -0.00233393 1.67476e-06 -0.00171713 -0.00468085 4.49461e-05 -7.44319e-05 0.00052245 0.000433109 -0.00421908 0.00135849 0.000606037 0.00291829 0.00777302 0.00136597 -0.00292876 -0.009 -0.000287098 -0.000382013 -0.00220407 -0.00265899 -0.000203956 -0.00317972 -0.00636646 -0.00160768 -0.00093452 0.00182398 -0.0019308 0.00428571
internal_weight=198419 23543 5630 17913 5119 1410 174876 152354 40023 39482 1415 530 38067 3855 934 2921 379 220 112331 106567 9487 8947 97080 3038 1932 7035 6292 2977 1445 560
internal_count=198419 23543 5630 17913 5119 1410 174876 152354 40023 39482 1415 530 38067 3855 934 2921 379 220 112331 106567 9487 8947 97080 3038 1932 7035 6292 2977 1445 560
is_linear=0
shrinkage=0.06


Tree=170
num_leaves=31
num_cat=0
split_feature=18 11 16 11 3 1 23 23 7 6 18 4 18 16 0 25 17 0 14 23 0 16 20 11 0 25 17 19 24 0
split_gain=1.95211 3.70198 7.76435 4.17091 3.9822 3.94826 5.07485 4.77652 4.02065 5.18548 3.96448 4.19139 3.87832 4.77779 3.72194 3.78252 7.28704 3.68652 3.61752 4.43138 4.48085 3.57542 3.55739 4.3525 7.65373 4.19291 3.68453 5.90936 4.57491 4.17517
threshold=1.3295233249664309 0.66876187920570385 18.500000000000004 0.64848610758781444 173.50000000000003 149.00000000000003 20.401210784912113 28.859872817993168 2.5000000000000004 16.94999980926514 6.8215014934539804 30.000000000000004 7.4135255813598642 16.500000000000004 5.6700773239135751 1.5000000000000002 4.5000000000000009 9.7368164062500018 1.0000000180025095e-35 7.2746057510375985 21.312211990356449 19.500000000000004 2.5000000000000004 0.52300366759300243 18.613037109375004 3.5000000000000004 2.5000000000000004 66.167507171630874 11445.069335937502 9.6231088638305682
decision_type=2 2 2 2 2 2 2 2 2 2 2 2 2 2 2 2 2 2 2 2 2 2 2 2 2 2 2 10 2 2
left_child=-1 3 4 5 12 6 10 8 9 -7 -2 -12 13 -3 -10 16 -16 -18 22 20 -20 -13 23 25 -25 -17 -24 28 -28 -29
right_child=1 2 -4 -5 -6 7 -8 -9 14 -11 11 21 -14 -15 15 18 17 -19 19 -21 -22 -23 26 24 -26 -27 27 29 -30 -31
leaf_value=0.0005366220666754984 0.0044968510217125775 -0.042574936220200074 0.034851258447977145 0.077714907671544459 -0.0051057407798224472 -0.0087303169650423309 -0.031191716397233265 0.3141731556592029 0.01439571434125971 -0.041705469682419248 0.019683805990269577 -0.013621100485792218 0.015914120047705396 -0.093998793075446757 0.0049783361615256937 0.032583892624888033 -0.076387750159087803 -0.2165986114768981 -0.038984636548647096 0.29153366871930442 0.12944346900102929 -0.059974764114208802 -0.056186310337161545 0.17222379128530038 -0.089008954713180516 -0.013127518797495269 -0.02288072113377055 -0.0060678061261163303 0.08615967473920319 -0.10590190445584274
leaf_weight=155059 20038 1298 560 307 920 4088 960 122 2508 2034 352 2161 204 216 290 550 99 119 182 95 154 347 769 258 88 3377 291 347 290 336
leaf_count=155059 20038 1298 560 307 920 4088 960 122 2508 2034 352 2161 204 216 290 550 99 119 182 95 154 347 769 258 88 3377 291 347 290 336
internal_value=-2.46448e-05 -0.000380535 -0.00234522 -0.000224092 -0.00370735 -0.000277757 0.00021125 -0.00100706 -0.00109795 -0.00230317 0.000390427 -0.0016993 -0.00541327 -0.00645971 -0.000341433 -0.00103106 -0.00602362 -0.0143119 -0.000654594 0.00466357 0.00142857 -0.00255981 -0.00101808 -3.51041e-05 0.00641618 -0.000603514 -0.00308411 -0.00109177 0.00335628 -0.00487555
internal_weight=198419 43360 3198 40162 2638 39855 23858 15997 15875 6122 22898 2860 1718 1514 9753 7245 508 218 6737 431 336 2508 6306 4273 346 3927 2033 1264 581 683
internal_count=198419 43360 3198 40162 2638 39855 23858 15997 15875 6122 22898 2860 1718 1514 9753 7245 508 218 6737 431 336 2508 6306 4273 346 3927 2033 1264 581 683
is_linear=0
shrinkage=0.06


Tree=171
num_leaves=31
num_cat=0
split_feature=25 10 0 16 24 24 21 21 25 21 0 23 23 21 24 15 24 21 25 16 23 3 20 23 24 11 20 24 24 11
split_gain=1.90614 6.799 6.88973 6.27524 12.284 15.6537 12.5872 16.119 12.5881 15.6329 11.3506 10.8846 32.2798 17.7158 21.1603 10.8348 10.7509 10.0702 12.0796 11.0129 9.89687 9.58291 9.33905 20.8901 13.44 9.90758 13.7922 9.89582 14.3183 11.2919
threshold=6.5000000000000009 1.5000000000000002 14.13877058029175 10.500000000000002 9205.4926757812518 1287.2454223632815 0.28280414640903478 0.2694262564182282 4.5000000000000009 0.3180158287286759 20.731276512146 4.7370638847351083 2.68842625617981 0.41277636587619787 7393.0002441406259 1.0000000180025095e-35 17413.000000000004 0.45558665692806249 3.5000000000000004 9.5000000000000018 3.8000164031982426 211.00000000000003 2.5000000000000004 0.56013277173042308 10965.451660156252 0.51275870203971874 1.5000000000000002 13045.874023437502 13446.868652343752 0.35088355839252477
decision_type=2 2 2 2 2 2 2 2 2 2 2 2 2 2 2 2 2 2 2 2 2 2 2 2 2 2 2 2 2 2
left_child=3 2 -2 4 5 21 7 20 9 -8 -6 12 22 -13 -15 -16 17 -12 19 -19 -7 -1 25 24 -24 27 -27 -5 -29 -30
right_child=1 -3 -4 11 10 6 8 -9 -10 -11 16 13 -14 14 15 -17 -18 18 -20 -21 -22 -23 23 -25 -26 26 -28 28 29 -31
leaf_value=-0.026989395923069814 0.03142817235902548 -0.0025165343462373534 -0.022377185356004217 0.011860136033243922 -0.0032301625299404968 0.018610087113271064 0.10813609067805746 -0.088320499935640256 0.081984642517823086 0.0079387062874156106 0.0028993495348601426 0.068050864962437493 -0.076279840450499736 1.7863281286475265 -0.10355029044277134 0.0012036222668776731 0.16628599674735453 -0.05347375429713324 0.2134526025401329 0.31731016264087147 -0.044112277251421861 -0.19265851973485665 -0.02847320405705079 0.050873358479389182 -0.00055800868338902628 -0.040994695491788559 0.061754898437680388 -0.04686478678512207 -0.0039962915015059192 0.055575983760103323
leaf_weight=418 3475 95458 995 18383 25144 5184 538 282 2107 3302 2287 2245 1574 113 540 759 176 293 554 126 445 131 9593 1345 8991 1928 512 1413 9004 1104
leaf_count=418 3475 95458 995 18383 25144 5184 538 282 2107 3302 2287 2245 1574 113 540 759 176 293 554 126 445 131 9593 1345 8991 1928 512 1413 9004 1104
internal_value=-2.19233e-05 -0.000206549 0.00208054 0.000165396 0.000732671 0.00230918 0.00276775 0.00080697 0.00471666 0.00267187 4.82855e-05 -0.00023894 -0.000454064 0.00292863 -0.00233711 -0.00450346 0.00328289 0.00250307 0.00761562 -7.1599e-05 0.00150826 -0.00759563 -0.000199147 -0.00122083 -0.00174344 0.000430373 -0.0032459 0.000730337 -0.000648381 0.000142461
internal_weight=198419 99928 4470 98491 40987 12407 11858 5911 5947 3840 28580 57504 53847 3657 1412 1299 3436 3260 973 419 5629 549 52273 19929 18584 32344 2440 29904 11521 10108
internal_count=198419 99928 4470 98491 40987 12407 11858 5911 5947 3840 28580 57504 53847 3657 1412 1299 3436 3260 973 419 5629 549 52273 19929 18584 32344 2440 29904 11521 10108
is_linear=0
shrinkage=0.06


Tree=172
num_leaves=31
num_cat=0
split_feature=1 7 23 20 16 23 2 0 11 16 14 26 24 20 17 23 3 3 0 14 17 3 21 21 24 24 23 17 17 23
split_gain=1.8015 10.3912 7.51461 9.92961 10.5856 11.5004 9.45129 8.49024 9.65214 6.99355 6.8567 6.36495 6.03232 5.88921 6.52621 5.77726 6.96386 5.82336 6.78467 5.76343 5.74687 5.69154 5.44456 6.44597 5.8106 8.69014 8.65781 10.8572 9.42659 8.08653
threshold=149.00000000000003 1.5000000000000002 16.804028511047367 1.0000000180025095e-35 11.500000000000002 21.212114334106449 7.5000000000000009 4.596412420272828 0.2314923703670502 17.500000000000004 1.0000000180025095e-35 413.47355651855474 11029.454589843752 2.5000000000000004 2.5000000000000004 13.117848396301271 17.500000000000004 79.000000000000014 2.3591941595077519 1.0000000180025095e-35 2.5000000000000004 112.50000000000001 0.76986923813819896 0.72861218452453624 9248.4008789062518 7232.7141113281259 0.16912916302680972 3.5000000000000004 4.5000000000000009 3.2892084121704106
decision_type=2 2 2 2 2 2 2 2 2 2 2 2 2 2 2 2 2 2 2 2 2 2 2 2 2 2 2 2 2 2
left_child=1 15 7 4 5 -4 13 22 -9 12 -3 -10 -6 -5 -15 17 -17 18 -1 -19 -7 -12 23 24 25 29 27 -27 -28 -2
right_child=2 10 3 6 9 20 -8 8 11 -11 21 -13 -14 14 -16 16 -18 19 -20 -21 -22 -23 -24 -25 -26 26 28 -29 -30 -31
leaf_value=-0.0064178272853512627 -0.0065970382162413178 0.011038221261203861 0.27761043200507546 0.080746764404720173 -0.017814017397095601 -0.067094063110166857 0.17864264985003564 -0.011431135108468719 0.0098397955878810704 0.014930280945462115 0.29920924578233649 -0.04767215341616577 -0.14838143568022072 -0.069079998692718261 0.046980472581788495 -0.058169875850702546 -0.011537067944999695 -0.0053139488157714987 0.0043597582587387501 -0.10532210367522075 0.1312344882084536 0.057220732672700815 0.095421869616083344 -0.041872259449530526 -0.00066703012179239354 0.066973448250676679 -0.014217981497446583 0.013501903451750516 0.10269841017697952 0.1085019076466586
leaf_weight=13078 4285 19073 148 722 104 107 655 40621 12573 127 185 693 214 206 266 385 4446 25296 46067 645 103 304 294 400 21999 1794 1301 1561 371 396
leaf_count=13078 4285 19073 148 722 104 107 655 40621 12573 127 185 693 214 206 266 385 4446 25296 46067 645 103 304 294 400 21999 1794 1301 1561 371 396
internal_value=-2.67616e-05 0.000136191 -0.000227344 0.00291855 -0.00265255 0.00502793 0.00533802 -0.000324031 -0.000785533 -0.00883146 0.00138943 0.000619629 -0.0135849 0.0021608 -0.00305085 -0.000136459 -0.00215483 -2.18602e-05 0.000306873 -0.000771366 -0.004 0.00840491 0.000443505 0.000369078 0.000464566 0.00168727 0.00341953 0.00517735 -0.000107656 -0.00017304
internal_weight=198419 109479 88940 2652 803 358 1849 86288 53887 445 19562 13266 318 1194 472 89917 4831 85086 59145 25941 210 489 32401 32107 31707 9708 5027 3355 1672 4681
internal_count=198419 109479 88940 2652 803 358 1849 86288 53887 445 19562 13266 318 1194 472 89917 4831 85086 59145 25941 210 489 32401 32107 31707 9708 5027 3355 1672 4681
is_linear=0
shrinkage=0.06


Tree=173
num_leaves=31
num_cat=0
split_feature=3 23 0 17 11 16 11 0 11 18 18 18 19 0 1 23 0 11 16 11 21 21 16 17 17 24 26 24 24 11
split_gain=1.8732 5.04001 4.83127 2.61402 2.07729 6.70711 4.57785 3.64653 2.1314 5.7603 3.27642 4.26925 4.56556 4.17264 2.26511 9.69646 9.50038 8.46287 8.1206 7.74944 7.62088 7.35915 10.2752 6.8659 10.0265 10.2576 7.90115 8.54889 8.54185 7.69268
threshold=357.50000000000006 6.4740757942199716 15.688108921051027 4.5000000000000009 0.78702321648597728 12.500000000000002 0.79426398873329174 8.3264079093933123 0.77818319201469432 3.0554164648056035 1.4375829100608828 -1.2104824781417844 43.322889328002937 17.298931121826175 224.00000000000003 15.119426727294924 10.311299324035646 0.26825551688671118 1.0000000180025095e-35 0.75148102641105663 0.11515184491872789 0.30940997600555425 10.500000000000002 2.5000000000000004 4.5000000000000009 6223.2419433593759 6.8222749233245858 11093.187011718752 11445.069335937502 0.51078239083290111
decision_type=2 2 2 2 2 2 2 2 2 2 2 2 10 2 2 2 2 2 2 2 2 2 2 2 2 2 2 2 2 2
left_child=4 2 -2 -3 8 6 -6 -7 14 10 11 -10 -13 -14 -1 16 19 21 20 -16 -18 22 -17 -20 25 -25 -26 -28 -29 -27
right_child=1 3 -4 -5 5 7 -8 -9 9 -11 -12 12 13 -15 15 17 18 -19 23 -21 -22 -23 -24 24 26 29 27 28 -30 -31
leaf_value=0.00048405632864295 0.014894758738834878 0.068635260323325398 -0.060961922048348584 0.20093076157763326 -0.13302096994082011 0.18831844745989923 -0.0014218758546930487 -0.013481067068869805 0.13478832031771559 -0.061205397422110557 0.1362940747569715 0.083307069987422724 -0.074424735344363377 0.039035965162321912 -0.00079885664157160359 0.074308366809539159 0.072951637637889991 0.20914286757394962 0.0012612852056772361 0.14659775708452191 -0.10362880170829832 0.082231067873956717 -0.094709080509404756 0.082951283638710863 0.061830631619574451 -0.077838792254732017 -0.051984014196578131 0.29415526819027121 -0.0011189641245833925 0.036731509039195857
leaf_weight=145502 2239 314 378 170 153 108 89 179 151 148 80 136 113 85 33022 227 93 399 5354 193 936 788 347 119 749 3056 1243 88 1588 372
leaf_count=145502 2239 314 378 170 153 108 89 179 151 148 80 136 113 85 33022 227 93 399 5354 193 936 788 347 119 749 3056 1243 88 1588 372
internal_value=-2.16209e-05 0.00144147 0.000401223 0.00706612 -4.48499e-05 -0.00379962 -0.011157 0.00240418 -3.46529e-05 0.00323983 0.006 0.00414433 0.000359281 -0.00545455 -4.66827e-05 -0.000401449 -0.000565868 0.00396934 -0.00190175 -1.89673e-05 -0.00702624 0.00171806 -0.00344948 -0.00148222 -0.00269023 -0.00496476 -0.000490731 -0.00190134 0.000894988 -0.00556593
internal_weight=198419 3101 2617 484 195318 529 242 287 194789 713 565 485 334 198 194076 48574 46813 1761 13598 33215 1029 1362 574 12569 7215 3547 3668 2919 1676 3428
internal_count=198419 3101 2617 484 195318 529 242 287 194789 713 565 485 334 198 194076 48574 46813 1761 13598 33215 1029 1362 574 12569 7215 3547 3668 2919 1676 3428
is_linear=0
shrinkage=0.06


Tree=174
num_leaves=31
num_cat=0
split_feature=7 23 21 0 11 14 16 3 23 26 24 23 14 7 21 24 10 25 21 24 24 25 16 25 24 23 0 16 0 24
split_gain=1.82651 5.69597 6.40888 5.93881 6.86631 4.44571 4.21218 4.21122 4.46678 5.61441 9.67812 6.53538 5.67308 8.18487 5.94941 9.36821 9.26643 8.21714 7.83632 7.67055 14.2506 12.6196 13.4779 21.6094 16.8631 18.6377 11.5002 9.12809 8.84966 8.79445
threshold=1.0000000180025095e-35 7.650088071823121 0.42260582745075231 11.101244926452638 0.2133271470665932 1.0000000180025095e-35 8.5000000000000018 59.500000000000007 2.1170724630355839 0.79170450568199169 15740.303710937502 2.2976937294006352 1.0000000180025095e-35 1.5000000000000002 0.29662616550922399 6487.3454589843759 1.5000000000000002 11.500000000000002 0.051596859470009811 7612.0803222656259 11188.384277343752 9.5000000000000018 14.500000000000002 7.5000000000000009 11020.954589843752 5.0265502929687509 14.579007625579836 18.500000000000004 14.579007625579836 7850.5581054687509
decision_type=2 2 2 2 2 2 2 2 2 2 2 2 2 2 2 2 2 2 2 2 2 2 2 2 2 2 2 2 2 2
left_child=1 2 -1 4 -3 -5 -4 -2 -9 10 -10 -11 14 -14 16 -16 -13 19 -18 26 21 22 24 27 25 28 -17 -24 -21 -27
right_child=7 3 6 5 -6 -7 -8 8 9 11 -12 12 13 -15 15 17 18 -19 -20 20 -22 -23 23 -25 -26 29 -28 -29 -30 -31
leaf_value=0.0032883852704496375 0.0054929392824031708 -0.023702165634689791 0.005933334925897169 0.0013796082792070052 -0.13226660732176476 -0.067211512608442936 -0.018833202578088473 -0.0018496798690391624 -0.061883510832806854 0.087129071608590333 0.067867443918481415 0.05254072386083692 -0.047285311254803661 0.18064056525652078 -0.070430675436431653 0.093606815704016341 0.042776075027576341 0.34323082529000043 -0.0093122146323319881 0.19528114480961417 0.021652400923179708 0.047088780521609142 -0.11790931381439353 0.0070999613956582407 -0.13489966642943585 -0.16019619177714489 -0.023498851666977297 -0.035666346164135519 -0.0039627041422671105 0.0036200483818037907
leaf_weight=14248 22522 1281 1461 1595 189 80 4689 112331 850 527 133 844 275 665 265 1068 621 131 16950 376 10552 1483 1151 1131 249 142 444 454 148 1564
leaf_count=14248 22522 1281 1461 1595 189 80 4689 112331 850 527 133 844 275 665 265 1068 621 131 16950 376 10552 1483 1151 1131 249 142 444 454 148 1564
internal_value=-1.73874e-05 -0.000513528 -0.000147073 -0.0028903 -0.00567347 -0.000447761 -0.00176585 4.94064e-05 -6.37988e-05 0.000480474 -0.00399797 0.000593238 0.000502428 0.00510638 0.000387246 0.00112747 -0.00038284 0.0012846 -0.000677821 0.00118004 0.00082087 -0.00134368 -0.0027325 -0.00563596 0.000471965 0.00212556 0.00527778 -0.0101121 0.0120229 -0.00091442
internal_weight=198419 23543 20398 3145 1470 1675 6150 174876 152354 40023 983 39040 38513 940 37573 19158 18415 18893 17571 18762 17250 6698 5215 2736 2479 2230 1512 1605 524 1706
internal_count=198419 23543 20398 3145 1470 1675 6150 174876 152354 40023 983 39040 38513 940 37573 19158 18415 18893 17571 18762 17250 6698 5215 2736 2479 2230 1512 1605 524 1706
is_linear=0
shrinkage=0.06


Tree=175
num_leaves=31
num_cat=0
split_feature=26 16 11 24 23 24 27 11 27 18 0 19 27 20 24 24 25 27 0 21 23 24 1 19 26 23 25 24 26 26
split_gain=1.7491 3.59222 3.93796 4.27435 4.77958 4.7331 5.30476 3.9883 3.96108 3.94562 3.79556 6.14164 5.04637 5.72799 5.79189 4.8426 5.65586 4.8167 4.74766 7.40769 4.07485 7.41943 6.8191 5.73796 6.07636 10.1346 9.23438 5.35592 5.67092 5.06591
threshold=8.709571838378908 18.500000000000004 0.75611737370491039 17764.509765625004 6.2878470420837411 14615.934570312502 13.939949989318849 0.69993871450424205 17.2794942855835 -1.0624352097511289 37.445917129516609 90.553459167480483 11.886633872985842 1.0000000180025095e-35 6952.7482910156259 10761.519042968752 4.5000000000000009 23.292454719543461 32.498483657836921 0.32596074044704443 5.981715440750123 14297.014160156252 292.50000000000006 95.400451660156264 3.4640215635299687 8.4409470558166522 7.5000000000000009 13677.886718750002 0.79170450568199169 4.5874428749084482
decision_type=2 2 2 2 2 2 2 2 2 2 2 10 2 2 2 2 2 2 2 2 2 2 2 10 2 2 2 2 2 2
left_child=1 10 3 4 7 6 -6 -3 -8 -7 18 12 13 -12 -15 -13 -17 -14 20 -20 -1 22 27 24 25 -23 -27 28 -22 -30
right_child=-2 2 -4 -5 5 9 8 -9 -10 -11 11 15 17 14 -16 16 -18 -19 19 -21 21 23 -24 -25 -26 26 -28 -29 29 -31
leaf_value=-0.0027894525432662133 0.00066323136530739286 0.0035671950700131559 0.13306360928702948 -0.054671362452096278 0.084253739307872041 0.08095034555734841 -0.060214335413013055 -0.053217201279188976 0.049315042086845368 -0.063885455729216847 0.13148526767249932 0.013497269797405521 -0.034951989446502553 0.14072561137843406 -0.0079033083508255678 0.047359691827431258 0.26051300035444064 0.097804112632427831 -0.13217538580252519 0.035937451796524369 -0.076279776497960208 -0.10429797272235461 0.052453538184386077 -0.074439374637549544 0.049198904397992287 0.17755019381133871 -0.043404303233676771 -0.083859118751039921 -0.0056717855068860778 -0.039022256338373036
leaf_weight=34636 145068 6917 118 137 472 96 143 123 355 196 221 200 1308 163 762 100 138 182 194 155 445 217 412 172 947 156 290 128 2067 1901
leaf_count=34636 145068 6917 118 137 472 96 143 123 355 196 221 200 1308 163 762 100 138 182 194 155 445 217 412 172 947 156 290 128 2067 1901
internal_value=-2.28305e-05 -0.000316583 0.000809863 0.000657661 0.000831125 0.00423138 0.00624742 0.000221591 0.00192771 -0.00246575 -0.000531768 0.00150293 0.000409712 0.00340314 0.00132973 0.00808219 0.0138655 -0.00189262 -0.000681687 -0.00765043 -0.0006229 -0.00197327 -0.00316778 0.0013468 0.00245963 -0.0019457 0.0032287 -0.00383836 -0.00348742 -0.00276714
internal_weight=198419 53351 8557 8439 8302 1262 970 7040 498 292 44794 3074 2636 1146 925 438 238 1490 41720 349 41371 6735 4953 1782 1610 663 446 4541 4413 3968
internal_count=198419 53351 8557 8439 8302 1262 970 7040 498 292 44794 3074 2636 1146 925 438 238 1490 41720 349 41371 6735 4953 1782 1610 663 446 4541 4413 3968
is_linear=0
shrinkage=0.06


Tree=176
num_leaves=31
num_cat=0
split_feature=18 26 27 27 0 18 27 26 24 24 26 18 21 24 5 26 17 16 24 0 19 24 25 24 26 24 23 17 4 20
split_gain=1.68618 3.57674 2.94814 5.27988 8.62027 5.4046 6.09312 5.16495 5.56911 5.36477 4.74969 4.51872 4.38061 6.59974 7.21454 4.72542 4.60883 4.5964 4.3023 5.39493 9.06177 5.01623 6.51285 5.03472 5.41505 4.66635 6.49126 11.7469 9.02519 8.80432
threshold=1.3295233249664309 0.13842912763357165 10.599985599517824 12.612927436828615 61.939558029174812 -0.82019302248954762 11.886633872985842 2.7127850055694585 1867.9168701171877 6054.3205566406259 13.250994682312013 0.43085485696792608 0.54729878902435314 7534.7277832031259 9.5000000000000018 7.3230981826782235 1.0000000180025095e-35 7.5000000000000009 14495.880371093752 15.417643547058107 91.996013641357436 14462.160644531252 11.500000000000002 14377.534179687502 15.851175785064699 16890.026367187504 5.4582648277282724 5.5000000000000009 72.500000000000014 1.0000000180025095e-35
decision_type=2 2 2 2 2 2 2 2 2 2 2 2 2 2 2 2 2 2 2 2 10 2 2 2 2 2 2 2 2 2
left_child=2 -2 12 4 7 -6 -7 11 10 -10 -9 -4 -1 15 16 -14 -15 -17 21 25 -21 23 -23 -5 -25 26 28 -28 -20 -30
right_child=1 -3 3 18 5 6 -8 8 9 -11 -12 -13 13 14 -16 17 -18 -19 19 20 -22 22 -24 24 -26 -27 27 -29 29 -31
leaf_value=0.0014525496325725484 -0.072425159821807708 -0.0025042283519894682 -0.025484434659119076 0.0026319108957403789 -0.11551501057375788 0.057067546541757393 -0.11465977017802316 0.26189237154819833 -0.082030906922391386 -0.0053176121198528128 0.019501851445946378 -0.093717275663167759 0.0016838946168486223 0.04184026963111967 0.055447221479592572 0.17101942958621374 -0.0075614504225978863 0.055625125308303019 0.0023632805649049615 0.0043407977922394455 0.085075965278283122 0.17405012233614869 -0.034422913809760959 -0.11581994691205776 0.0067148733975431613 0.0025873190225905061 0.036086117371078627 -0.19328724452734156 0.0012135804800742012 -0.036902333350569978
leaf_weight=51459 202 43158 990 60729 329 173 123 119 145 11389 169 98 342 506 1464 164 3647 614 3013 3290 451 233 116 136 117 5823 1666 107 1891 5756
leaf_count=51459 202 43158 990 60729 329 173 123 119 145 11389 169 98 342 506 1464 164 3647 614 3013 3290 451 233 116 136 117 5823 1666 107 1891 5756
internal_value=-2.07137e-05 -0.000351476 7.17791e-05 -0.00013101 -0.00123014 -0.008112 -0.00222973 -0.000896979 -0.000532905 -0.000738686 0.00770833 -0.00485294 0.000409306 0.001848 0.00100944 0.00605357 -0.000267277 0.00863753 4.7523e-05 -0.000672364 0.00140337 0.000305718 0.00747851 0.000264668 -0.00818182 -0.00109772 -0.0017542 0.00160745 -0.00231332 -0.00340918
internal_weight=198419 43360 155059 96863 13535 625 296 12910 11822 11534 288 1088 58196 6737 5617 1120 4153 778 83328 21997 3741 61331 349 60982 253 18256 12433 1773 10660 7647
internal_count=198419 43360 155059 96863 13535 625 296 12910 11822 11534 288 1088 58196 6737 5617 1120 4153 778 83328 21997 3741 61331 349 60982 253 18256 12433 1773 10660 7647
is_linear=0
shrinkage=0.06


Tree=177
num_leaves=31
num_cat=0
split_feature=24 24 11 17 16 24 25 2 0 19 0 21 1 21 16 25 21 20 16 24 24 0 21 24 2 20 24 24 23 25
split_gain=1.85904 10.1861 14.7009 10.9814 9.56104 13.7208 8.09053 9.719 8.10085 8.07681 7.88204 8.52037 7.60902 7.22238 6.99042 6.98975 10.9363 9.52871 9.31796 10.2578 12.6867 11.4327 10.1902 7.73184 7.04941 6.86334 16.7312 10.1575 10.329 9.91278
threshold=7676.5393066406259 8036.8220214843759 0.56995591521263134 2.5000000000000004 13.500000000000002 7791.9338378906259 5.5000000000000009 5.5000000000000009 9.8272161483764666 92.861175537109389 11.563252449035646 0.043905356898903854 33.500000000000007 0.39091403782367712 16.500000000000004 1.5000000000000002 0.033042430877685554 1.5000000000000002 10.500000000000002 11952.073242187502 13528.464843750002 12.457590103149416 0.26463150978088384 11920.465332031252 5.5000000000000009 3.5000000000000004 7612.0803222656259 7612.0803222656259 12.495970249176027 8.5000000000000018
decision_type=2 2 2 2 2 2 2 2 2 8 2 2 2 2 2 2 2 2 2 2 2 2 2 2 2 2 2 2 2 2
left_child=25 2 3 4 5 -2 -6 8 -8 -7 11 -5 -13 -12 -15 16 -3 -18 -19 22 21 -21 24 -24 -20 26 29 28 -27 -1
right_child=1 15 -4 10 6 9 7 -9 -10 -11 13 12 -14 14 -16 -17 17 18 19 20 -22 -23 23 -25 -26 27 -28 -29 -30 -31
leaf_value=0.00093403857457511111 -0.043248212028147645 -0.11544716745584019 0.12745741489221771 -0.03735129073372221 0.012218681315288187 0.030956606747149989 -0.0031350510010591569 -0.10063514022762278 -0.19583649895205582 0.1789686489336402 -0.068396257599386737 -0.020299740876563839 0.058686515985792193 0.052444648006669183 -0.10999632208094466 0.00065455800198463974 -0.024051922310200407 0.030429220201835656 -0.041336479811259021 0.083822711624305615 -0.023393383718717308 -0.022702064170020114 0.024954555900938275 -0.11518414775431927 -0.12019213791094499 0.0041455168464279522 -0.065700105034660797 0.093138350397468386 0.15512421617019065 -0.016561230788358416
leaf_weight=19770 267 178 522 161 390 540 413 233 101 218 267 298 2407 391 130 144471 4557 3040 756 558 1608 314 655 104 292 6154 701 194 352 8377
leaf_count=19770 267 178 522 161 390 540 413 233 101 218 267 298 2407 391 130 144471 4557 3040 756 558 1608 314 655 104 292 6154 701 194 352 8377
internal_value=-2.04114e-05 6.53892e-05 0.00242348 0.00155777 -0.00183164 0.00237073 -0.00562005 -0.00927711 -0.00466926 0.00649077 0.00356322 0.00502442 0.00582255 -0.00175127 0.00236084 -3.00895e-05 -0.00141768 -0.00119657 0.000143306 -0.0016585 0.000846774 0.00667431 -0.00509685 0.000197628 -0.0089313 -0.000413525 -0.000815308 0.00131642 0.000913003 -0.000587274
internal_weight=198419 162871 6338 5816 2162 1025 1137 747 514 758 3654 2866 2705 788 521 156533 12062 11884 7327 4287 2480 872 1807 759 1048 35548 28848 6700 6506 28147
internal_count=198419 162871 6338 5816 2162 1025 1137 747 514 758 3654 2866 2705 788 521 156533 12062 11884 7327 4287 2480 872 1807 759 1048 35548 28848 6700 6506 28147
is_linear=0
shrinkage=0.06


Tree=178
num_leaves=31
num_cat=0
split_feature=25 17 21 24 24 16 23 3 0 24 21 11 24 5 11 0 21 16 25 3 21 21 24 20 16 15 21 0 16 24
split_gain=1.64314 6.66111 11.091 9.23403 10.0378 24.1707 11.2419 9.78293 8.85719 8.59448 7.62299 7.16753 7.05186 7.89952 9.15441 8.04593 6.86896 6.82471 8.64698 10.1204 9.64002 7.37274 6.02546 14.4983 9.66767 7.61856 7.48155 9.67168 13.7024 11.4995
threshold=6.5000000000000009 1.5000000000000002 0.10105558112263681 7534.7277832031259 8911.6054687500018 12.500000000000002 21.794277191162113 139.50000000000003 6.9567875862121591 7393.0002441406259 0.093006629496812834 0.56714195013046276 17602.083007812504 5.5000000000000009 0.79426398873329174 9.2073082923889178 0.11515184491872789 21.500000000000004 5.5000000000000009 213.50000000000003 0.22167993336915973 0.19260819256305697 15472.451660156252 1.5000000000000002 14.500000000000002 1.0000000180025095e-35 0.37659685313701635 10.311299324035646 17.500000000000004 11592.968750000002
decision_type=2 2 2 2 2 2 2 2 2 2 2 2 2 2 2 2 2 2 2 2 2 2 2 2 2 2 2 2 2 2
left_child=1 2 10 9 5 8 12 -8 -5 17 -1 -7 16 15 -15 -14 -6 18 20 -20 21 -4 26 -24 -25 -26 -18 29 -29 -28
right_child=-2 -3 3 4 6 11 7 -9 -10 -11 -12 -13 13 14 -16 -17 22 -19 19 -21 -22 -23 23 24 25 -27 27 28 -30 -31
leaf_value=-0.010487281559412472 -0.0015767530608086443 -0.0011482279656107152 0.025790041906999146 0.092898970907065906 0.07969220179914499 -0.072733654397606456 0.043740958076491053 0.53429171814996212 -0.015209621571759965 0.12646976469282553 -0.072791865667660022 0.15099389523586168 0.071873221858749503 0.36007052726826572 -0.0033262889288977601 -0.034956497969152595 0.00031046923888314201 -0.028084647298132773 0.044007227724930563 0.1578463856529061 -0.0040625242731714547 0.078190549511951715 0.015430448664811322 -0.082998366399749265 0.011206699940301509 -0.091464884233199081 -0.023276773431208674 0.081457160713642188 -0.043173546574468556 0.028645962462483947
leaf_weight=2279 99928 70843 1031 559 380 1046 162 143 560 180 378 97 101 169 87 184 7750 255 599 184 1633 524 1901 911 815 179 1191 1476 369 2505
leaf_count=2279 99928 70843 1031 559 380 1046 162 143 560 180 378 97 101 169 87 184 7750 255 599 184 1633 524 1901 911 815 179 1191 1476 369 2505
internal_value=-2.19233e-05 0.000151994 0.00094184 0.00133368 0.000800097 -0.00297082 0.00126562 0.0126885 0.00329759 0.0038266 -0.0027437 -0.00910761 0.00107226 0.00781885 0.0154687 0.000947368 0.00086342 0.0032797 0.00389071 0.00954023 0.00250314 0.00588424 0.000686085 -0.00141881 -0.00511811 -0.00102616 0.00128884 0.00297239 0.00652033 0.0012013
internal_weight=198419 98491 27648 24991 20585 2262 18323 305 1119 4406 2657 1143 18018 541 256 285 17477 4226 3971 783 3188 1555 17097 3806 1905 994 13291 5541 1845 3696
internal_count=198419 98491 27648 24991 20585 2262 18323 305 1119 4406 2657 1143 18018 541 256 285 17477 4226 3971 783 3188 1555 17097 3806 1905 994 13291 5541 1845 3696
is_linear=0
shrinkage=0.06


Tree=179
num_leaves=31
num_cat=0
split_feature=24 27 27 16 21 0 21 26 24 20 17 24 6 11 24 25 6 0 25 17 16 20 4 17 24 25 16 16 21 0
split_gain=1.70803 4.65772 4.69435 4.48374 6.14868 6.36689 6.12703 5.73011 4.43891 9.60914 7.77329 8.90804 4.97212 7.78966 4.74646 12.149 8.92657 9.62794 8.92555 7.39695 5.85862 6.69614 6.62367 5.56932 8.26761 12.1879 10.5027 7.97668 6.82167 6.11832
threshold=2039.013854980469 2.5404263734817509 3.7307413816452031 9.5000000000000018 0.60342115163803112 5.1916961669921884 0.24158938974142077 15.363365650177004 6432.6215820312509 3.5000000000000004 3.5000000000000004 6054.3205566406259 10.449999809265138 0.31860612332820898 7111.3327636718759 10.500000000000002 10.150000095367433 21.312211990356449 1.5000000000000002 2.5000000000000004 14.500000000000002 2.5000000000000004 108.50000000000001 1.0000000180025095e-35 6851.4042968750009 4.5000000000000009 10.500000000000002 14.500000000000002 0.12656717747449878 7.8963713645935067
decision_type=2 2 2 2 2 2 2 2 2 2 2 2 2 2 2 2 2 2 2 2 2 2 2 2 2 2 2 2 2 2
left_child=1 -1 -3 4 5 6 -4 -7 9 -2 11 -11 -13 -14 15 18 -17 19 20 -18 22 -22 -10 24 25 29 -26 -27 -28 -20
right_child=8 2 3 -5 -6 7 -8 -9 14 10 -12 12 13 -15 -16 16 17 -19 23 -21 21 -23 -24 -25 26 27 28 -29 -30 -31
leaf_value=0.093253481640516611 0.0034711494946404109 -0.084510675785979067 0.083362331899357586 -0.018964478767630223 0.19673770555601189 0.017155006480201251 -0.0045513842121962167 -0.073580927394775342 -0.021756982732219082 -0.03043872325984627 0.13021839282420708 0.0098603352901475184 0.16998284630126878 -0.0095977822918497137 0.00023016608578825702 -0.00408898964442252 -0.076122136299691681 -0.33464096423066769 -0.0089114460209877133 -0.016549057077797032 -0.12242978412163424 0.069750722217906208 -0.13116807632827665 0.0078278312185389026 -0.087135476958936725 0.14098712756116247 -0.033290419337243034 -0.0082207341401783554 0.0076541119061355276 -0.14020035247094989
leaf_weight=137 6804 255 320 3426 150 347 415 419 180 337 384 310 309 106 171960 965 562 120 285 658 199 196 192 8276 318 175 104 89 339 82
leaf_count=137 6804 255 320 3426 150 347 415 419 180 337 384 310 309 106 171960 965 562 120 285 658 199 196 192 8276 318 175 104 89 339 82
internal_value=-2.404e-05 -0.00106967 -0.00135034 -0.000951349 0.0016172 0.000459694 0.00444898 -0.00336815 5.59731e-06 0.00136727 0.00580913 0.00316384 0.00691034 0.0112048 -5.52247e-05 -0.00117268 -0.00511497 -0.00828358 -0.000301869 -0.00668852 -0.00653194 -0.00144304 -0.0119355 0.000192387 -0.00331897 0.00175911 -0.00752957 0.0115909 -0.00155756 -0.00531335
internal_weight=198419 5469 5332 5077 1651 1501 735 766 192950 8250 1446 1062 725 415 184700 12740 2305 1340 10435 1220 767 395 372 9668 1392 631 761 264 443 367
internal_count=198419 5469 5332 5077 1651 1501 735 766 192950 8250 1446 1062 725 415 184700 12740 2305 1340 10435 1220 767 395 372 9668 1392 631 761 264 443 367
is_linear=0
shrinkage=0.06


Tree=180
num_leaves=31
num_cat=0
split_feature=24 24 26 26 19 24 23 4 24 25 0 25 4 16 21 21 16 17 24 25 16 16 0 21 16 20 23 26 25 24
split_gain=1.73409 4.09164 4.39215 8.05098 4.20497 3.9947 9.18983 5.30372 4.47322 10.3394 8.45401 7.95788 6.49226 6.21648 7.67518 6.73973 7.60193 5.64618 6.48859 10.0018 8.29357 6.33562 6.11832 5.98833 5.63295 5.98119 10.6111 8.08529 9.21967 9.89876
threshold=2039.013854980469 1429.7474365234377 3.4640215635299687 4.4598073959350595 86.439170837402358 6432.6215820312509 12.495970249176027 108.50000000000001 7111.3327636718759 10.500000000000002 27.322209358215336 1.5000000000000002 135.50000000000003 14.500000000000002 0.40094302594661718 0.40094302594661718 16.500000000000004 1.0000000180025095e-35 6851.4042968750009 4.5000000000000009 10.500000000000002 14.500000000000002 7.8963713645935067 0.12656717747449878 21.500000000000004 1.5000000000000002 6.3437967300415048 2.9581317901611333 3.5000000000000004 6952.7482910156259
decision_type=2 2 2 2 10 2 2 2 2 2 2 2 2 2 2 2 2 2 2 2 2 2 2 2 2 2 2 2 2 2
left_child=1 -1 4 -4 -3 6 -2 -8 9 11 12 -7 -11 14 -14 -15 -17 18 19 22 -20 -21 -13 -22 25 26 -19 -27 -29 -30
right_child=5 2 3 -5 -6 8 7 -9 -10 10 -12 17 13 15 -16 16 -18 24 20 21 23 -23 -24 -25 -26 27 -28 28 29 -31
leaf_value=0.0040633833676133602 0.0083368493044721249 -0.096210947944642272 0.39146659846813353 -0.023878820981447859 0.023232964915311564 -0.066395730946068029 0.034103518428129379 0.2657649078965823 0.00021635612064096587 -0.0038849998496766781 -0.23290923805879821 -0.0083767592597284585 -0.04153927259188802 -0.070667061247117899 -0.16082999691791808 0.35055438200287953 -0.041583244144416838 0.037651328567214343 -0.08190734834140051 0.1325278999074927 -0.031292994177008454 -0.007727490091767643 -0.13178833132269288 0.0071948651917673962 -0.050306153969036253 -0.075903113227508909 -0.15289316533375086 -0.043117822493814226 -0.0024098372235924616 0.063901468719852403
leaf_weight=2737 8067 249 84 2309 90 767 80 103 171960 1146 148 285 269 356 182 100 104 3055 318 175 104 89 82 339 546 384 155 621 2505 1010
leaf_count=2737 8067 249 84 2309 90 767 80 103 171960 1146 148 285 269 356 182 100 104 3055 318 175 104 89 82 339 546 384 155 621 2505 1010
internal_value=-2.70639e-05 -0.00108064 -0.00272328 -0.0018178 -0.00911504 2.79865e-06 0.00129455 0.0145902 -5.48998e-05 -0.00113972 -0.00477657 -0.000336368 -0.00382476 -0.00732938 -0.0125721 -0.00310714 0.00558824 0.000130327 -0.00340517 0.0010935 -0.00713535 0.01 -0.00531335 -0.00182844 0.000724988 0.00114101 0.0031215 -0.000265487 0.000507737 0.00169844
internal_weight=198419 5469 2732 2393 339 192950 8250 183 184700 12740 2305 10435 2157 1011 451 560 204 9668 1392 631 761 264 367 443 8276 7730 3210 4520 4136 3515
internal_count=198419 5469 2732 2393 339 192950 8250 183 184700 12740 2305 10435 2157 1011 451 560 204 9668 1392 631 761 264 367 443 8276 7730 3210 4520 4136 3515
is_linear=0
shrinkage=0.06


Tree=181
num_leaves=31
num_cat=0
split_feature=27 19 0 21 25 21 19 11 27 18 24 26 23 23 21 18 27 24 25 19 18 5 24 0 0 3 24 17 16 0
split_gain=1.80168 4.44544 5.19282 7.33225 6.65034 3.72487 4.63254 3.57389 3.79363 3.33345 2.98272 3.328 4.50051 3.9184 2.87852 3.4209 2.66919 2.59266 2.34287 2.21777 3.02724 2.21204 2.20717 2.13974 2.98449 2.11988 2.04601 8.42397 4.15479 3.13811
threshold=24.593985557556156 28.187292098999027 7.6219420433044442 0.35974368453025823 8.5000000000000018 0.048002356663346298 71.675411224365249 0.21158529072999957 24.756267547607425 2.5929676294326787 14918.029296875002 7.2048456668853769 5.981715440750123 2.3127331733703618 0.27748249471187597 -1.2819631695747373 24.66552829742432 10150.854003906252 1.5000000000000002 81.856372833251967 -0.11322305724024771 5.5000000000000009 11057.514648437502 23.120385169982914 9.7368164062500018 59.500000000000007 17921.063476562504 4.5000000000000009 14.500000000000002 5.7859416007995614
decision_type=2 10 2 2 2 2 10 2 2 2 2 2 2 2 2 2 2 2 2 10 2 2 2 2 2 2 2 2 2 2
left_child=26 2 3 4 17 -3 7 8 16 10 11 22 13 18 -10 -16 -7 -2 -13 20 -20 -4 -8 24 -9 -12 -1 28 -28 -30
right_child=1 5 21 -5 -6 6 9 23 14 -11 25 12 -14 -15 15 -17 -18 -19 19 -21 -22 -23 -24 -25 -26 -27 27 -29 29 -31
leaf_value=-0.00027989645621303791 -0.019796538664438951 -0.07859791247387625 0.042502394198535569 0.15501515611827277 0.036537191565179886 0.0014194284033605031 -0.048525915168854461 -0.095191326446616834 0.078311446352359634 0.13484140093912553 0.020458632640294752 -0.045840267568544771 -0.037240753721753915 0.10068570581987561 0.056054480252456275 -0.028525101710699233 -0.071059186669791621 -0.11776408263721222 0.11682409854078213 0.017007540505542523 0.0083597876005421772 0.1244866893960576 0.033999838871861594 -0.13299067387446714 0.046236292559155456 -0.030577247781230596 0.042332568187003206 -0.07057987207424396 0.015335255528496704 -0.14231581544533445
leaf_weight=193880 89 82 110 162 152 160 142 102 203 144 94 89 137 100 104 204 211 113 146 413 108 231 96 80 109 251 236 194 174 103
leaf_count=193880 89 82 110 162 152 160 142 102 203 144 94 89 137 100 104 204 211 113 146 413 108 231 96 80 109 251 236 194 174 103
internal_value=-2.0109e-05 0.00126827 0.00507585 0.00127907 -0.00355932 0.000171429 0.000528863 -0.00237852 -0.00047619 0.00251163 0.0017132 0.00309504 0.00462236 0.00623832 0.00287671 -0.000779221 -0.00509434 -0.0106931 0.0047619 0.00598201 0.0103937 0.0108211 -0.00327731 -0.00814433 -0.0049763 -0.00321739 -4.54809e-05 -0.00326733 0.000760234 -0.00422383
internal_weight=198419 3832 857 516 354 2975 2893 1173 882 1720 1576 1231 993 856 511 308 371 202 756 667 254 341 238 291 211 345 194587 707 513 277
internal_count=198419 3832 857 516 354 2975 2893 1173 882 1720 1576 1231 993 856 511 308 371 202 756 667 254 341 238 291 211 345 194587 707 513 277
is_linear=0
shrinkage=0.06


Tree=182
num_leaves=31
num_cat=0
split_feature=18 26 0 6 26 7 0 23 24 27 11 26 18 21 25 27 19 23 19 1 21 17 21 21 16 0 21 21 11 26
split_gain=1.62894 3.58047 2.93581 6.71854 6.45138 5.11266 4.95028 6.95231 4.92706 6.69753 4.72296 4.34098 5.79702 4.67298 4.20106 4.17936 4.08878 5.09623 4.0186 3.97792 3.72669 3.69023 5.29264 4.90924 4.11742 8.92516 4.77276 4.43844 3.65035 5.85822
threshold=1.3295233249664309 0.13842912763357165 11.101244926452638 10.84999990463257 413.47355651855474 1.5000000000000002 21.312211990356449 23.276655197143558 15240.412109375002 9.3968977928161639 0.66876187920570385 22.270977973937992 4.6641931533813485 0.15502387285232547 5.5000000000000009 22.039564132690433 71.868232727050795 1.2338826060295107 66.167507171630874 108.50000000000001 0.18130980432033542 2.5000000000000004 0.57403510808944713 0.60342115163803112 11.500000000000002 32.498483657836921 0.17814790457487109 0.41394232213497167 0.7595624327659608 19.290732383728031
decision_type=2 2 2 2 2 2 2 2 2 2 2 2 2 2 2 2 10 2 10 2 2 2 2 2 2 2 2 2 2 2
left_child=-1 -2 10 15 5 -5 8 21 11 16 -3 -7 13 -13 -14 -4 17 -10 -16 -17 -11 23 -23 24 26 27 -8 -26 -12 -30
right_child=1 2 3 4 -6 6 7 -9 9 20 28 12 14 -15 18 19 -18 -19 -20 -21 -22 22 -24 -25 25 -27 -28 -29 29 -31
leaf_value=0.00057259102172701581 -0.06750669512486264 0.0020439782555889564 0.0053964601964429978 -0.04744215962487551 -0.09214123008870348 -0.044641149819732134 0.23582260289832227 0.21226807239195272 -0.045191442467763493 0.13493773758397196 -0.049455847010132732 0.12918352867486965 -0.035893847679401708 -0.062014812293804518 0.24963232503509836 -0.026083795463556249 0.25256975152554462 0.21291968202485939 0.067555232554767031 0.079928998622584832 -0.043730570579480162 -0.040219686102235384 0.11740236324898085 -0.075494855836041166 0.020383503892863433 -0.041285271622009137 0.027208041827060041 0.323298515737239 -0.035220939530761705 0.21060633413040417
leaf_weight=155059 202 24337 7256 1388 512 2610 156 136 113 95 980 95 116 555 86 880 108 84 129 124 430 1401 217 124 196 346 382 81 134 87
leaf_count=155059 202 24337 7256 1388 512 2610 156 136 113 95 980 95 116 555 86 880 108 84 129 124 430 1401 217 124 196 346 382 81 134 87
internal_value=-2.22257e-05 -0.000347325 -0.000310024 -0.000905789 -0.00200641 -0.00162749 -0.00100536 0.000858835 -0.00228681 0.00187952 0.000101026 -0.00324979 0.000152905 -0.00313846 0.00661631 0.000341404 0.00895082 0.00380711 0.0115814 -0.00328685 -0.00222857 0.000237685 -0.00166873 0.00263813 0.00385013 0.000529695 0.00769517 0.00855596 -0.00357202 0.00339367
internal_weight=198419 43360 43158 17620 9360 8848 7460 3039 4421 830 25538 3591 981 650 331 8260 305 197 215 1004 525 2903 1618 1285 1161 623 538 277 1201 221
internal_count=198419 43360 43158 17620 9360 8848 7460 3039 4421 830 25538 3591 981 650 331 8260 305 197 215 1004 525 2903 1618 1285 1161 623 538 277 1201 221
is_linear=0
shrinkage=0.06


Tree=183
num_leaves=31
num_cat=0
split_feature=24 11 27 27 19 20 0 16 16 21 0 17 24 26 16 24 23 4 20 17 17 21 20 16 0 0 16 1 16 17
split_gain=1.57241 3.87662 5.15843 7.99451 6.13442 4.79598 6.61837 4.23014 4.03881 10.4942 6.56289 8.67339 6.25152 4.87624 4.34019 3.79802 9.23009 5.30372 4.3695 10.5476 8.62835 4.28201 4.32125 5.87327 8.04689 5.81677 7.16047 11.0626 7.51523 7.21161
threshold=2039.013854980469 0.50397455692291271 7.4798924922943124 14.390116214752199 80.028762817382827 1.0000000180025095e-35 17.58416843414307 19.500000000000004 10.500000000000002 0.60342115163803112 6.2392084598541269 5.5000000000000009 1867.9168701171877 28.197934150695804 7.5000000000000009 6432.6215820312509 12.495970249176027 108.50000000000001 3.5000000000000004 3.5000000000000004 1.0000000180025095e-35 0.080220658332109465 1.0000000180025095e-35 6.5000000000000009 25.3781270980835 3.8996214866638188 12.500000000000002 216.00000000000003 8.5000000000000018 4.5000000000000009
decision_type=2 2 2 2 10 2 2 2 2 2 2 2 2 2 2 2 2 2 2 2 2 2 2 2 2 2 2 2 2 2
left_child=1 5 -3 -4 -5 6 7 -1 9 10 11 -7 -12 -10 -13 16 18 -18 21 20 -20 -2 23 -23 -25 -24 27 28 -27 -30
right_child=15 2 3 4 -6 8 -8 -9 13 -11 12 14 -14 -15 -16 -17 17 -19 19 -21 -22 22 25 24 -26 26 -28 -29 29 -31
leaf_value=-0.059519037663136043 0.078734561363826602 -0.14721807450583105 0.03301064878104995 -0.020722113251007954 -0.16302760735874586 0.078850958947117591 0.11083905941017924 0.059460523168148406 -0.018856944478732769 0.31689910848030806 -0.061842555612604051 -0.094202871180567638 0.072008207991347273 0.044230262431440376 0.0062558071392076536 -0.00040647950582613386 0.031895029573269347 0.24980145174885651 0.11185164967975819 0.12184337500553968 -0.013384907559985634 -0.073799635622078405 0.01800769887210598 0.019363813983150794 0.25665640627797104 0.020754792512075064 0.002401942724493864 -0.099735802922561151 -0.089492404041318668 0.0013500177992542017
leaf_weight=890 193 143 227 248 112 420 100 93 1977 130 382 80 154 252 261 184700 80 103 153 384 726 152 1451 1486 171 478 1785 386 360 342
leaf_count=890 193 143 227 248 112 420 100 93 1977 130 382 80 154 252 261 184700 80 103 153 384 726 152 1451 1486 171 478 1785 386 360 342
internal_value=-2.25281e-05 -0.00102578 -0.00509589 -0.00260647 -0.00816667 -0.000398818 -0.00390582 -0.00540183 0.000640044 0.00313245 0.00150347 0.00508541 -0.00358209 -0.000955585 -0.00202346 5.90827e-06 0.00126545 0.0145902 0.000963183 0.00420428 0.000580205 0.000361552 0.000104372 0.00260365 0.00363911 -0.000837151 -0.00221128 -0.00517241 -0.00228814 -0.00623932
internal_weight=198419 5469 730 587 360 4739 1083 983 3656 1427 1297 761 536 2229 341 192950 8250 183 8067 1263 879 6804 6611 1809 1657 4802 3351 1566 1180 702
internal_count=198419 5469 730 587 360 4739 1083 983 3656 1427 1297 761 536 2229 341 192950 8250 183 8067 1263 879 6804 6611 1809 1657 4802 3351 1566 1180 702
is_linear=0
shrinkage=0.06


Tree=184
num_leaves=31
num_cat=0
split_feature=3 23 0 23 26 1 11 23 0 23 19 23 23 0 25 17 6 21 4 16 25 0 11 24 24 0 21 6 0 24
split_gain=1.59415 4.88252 5.3302 2.21071 2.05191 1.92639 9.17359 10.4004 9.53201 5.87612 7.14243 5.94863 5.56991 12.2692 9.62992 7.75381 5.41997 5.77882 5.35935 7.26439 6.24302 7.37828 9.20877 5.64803 12.5103 7.68735 6.02328 5.65631 5.48839 5.4323
threshold=357.50000000000006 14.812517642974855 11.101244926452638 5.0825912952423105 23.863377571105961 224.00000000000003 0.51942425966262828 9.608006954193117 5.7859416007995614 12.876709938049318 95.400451660156264 12.698384284973146 16.804028511047367 17.885603904724125 7.5000000000000009 1.0000000180025095e-35 22.94999980926514 0.43918706476688391 61.500000000000007 2.5000000000000004 7.5000000000000009 14.13877058029175 0.22091563045978549 12004.941894531252 13124.946777343752 12.045402526855471 0.15502387285232547 10.150000095367433 12.457590103149416 15201.062500000002
decision_type=2 2 2 2 2 2 2 2 2 2 8 2 2 2 2 2 2 2 2 2 2 2 2 2 2 2 2 2 2 2
left_child=5 2 3 -2 -4 9 8 -8 16 11 18 -1 -10 14 15 -14 -7 -18 28 -20 21 22 -21 26 -25 29 -22 -27 -11 -26
right_child=1 -3 4 -5 -6 6 7 -9 12 10 -12 -13 13 -15 -16 -17 17 -19 19 20 23 -23 -24 24 25 27 -28 -29 -30 -31
leaf_value=0.0011229912126195529 0.015189750945481917 0.22327188666925082 -0.016998368281719235 0.073653331014760015 -0.078612956752563953 -0.0091594345712063645 0.015185312652853646 0.13815160974060822 -0.015963487966393231 -0.047387270423835906 -0.047269915120945818 0.12357656054079834 -0.067677638595575892 0.20165169832477695 -0.063839108788753013 0.36893861378749343 0.0018165359816252823 0.028089928825712214 -0.080854528292477634 0.0250952231655312 -0.067976989336136023 0.093765078043931915 -0.11485372561580183 -0.094179645893471137 0.052204115700660816 0.042270075272254425 0.034267259582922628 -0.060669367268678227 -0.0055389606045713434 0.23590762311314248
leaf_weight=137747 1899 121 523 343 215 6166 4225 453 22585 940 1448 138 81 340 416 150 10986 3482 320 549 137 796 156 418 190 288 1331 481 1413 82
leaf_count=137747 1899 121 523 343 215 6166 4225 453 22585 940 1448 138 81 340 416 150 10986 3482 320 549 137 796 156 418 190 288 1331 481 1413 82
internal_value=-2.43424e-05 0.00132538 0.000845638 0.00230152 -0.00357724 -4.57715e-05 -0.000371901 0.00215477 -0.00063928 6.31001e-05 -0.00146333 0.00015774 -0.0014636 0.00294833 -0.00190108 0.00792208 0.000302413 0.000937241 -0.000680186 0.000480202 0.00111111 0.00425716 -0.000212766 -0.000502221 -0.00314599 0.00037464 0.00212534 -0.00269181 -0.00302167 0.00904412
internal_weight=198419 3101 2980 2242 738 195318 48884 4678 44206 146434 8549 137885 23572 987 647 231 20634 14468 7101 4748 4428 1501 705 2927 1459 1041 1468 769 2353 272
internal_count=198419 3101 2980 2242 738 195318 48884 4678 44206 146434 8549 137885 23572 987 647 231 20634 14468 7101 4748 4428 1501 705 2927 1459 1041 1468 769 2353 272
is_linear=0
shrinkage=0.06


Tree=185
num_leaves=31
num_cat=0
split_feature=18 26 0 0 24 21 18 0 25 24 24 27 16 24 26 24 21 23 26 25 0 7 23 21 19 26 2 27 11 27
split_gain=1.6682 3.57425 3.15882 3.68306 3.73944 8.47449 7.18207 6.40091 6.29075 5.98113 5.39885 5.20792 4.81772 5.98055 4.64209 6.63106 6.06988 9.55375 8.40567 5.48367 4.91434 4.88989 4.58165 7.4575 5.85728 5.66591 4.96082 4.50366 4.43823 4.32751
threshold=1.3295233249664309 0.13842912763357165 104.55176544189455 14.579007625579836 11188.384277343752 0.41560378670692449 1.6826637387275698 20.731276512146 2.5000000000000004 9509.2387695312518 11817.410156250002 14.016833305358888 18.500000000000004 8607.9941406250018 7.4601216316223153 12463.331054687502 0.21333827078342441 2.7925844192504887 9.6240305900573748 5.5000000000000009 18.96811676025391 1.5000000000000002 6.4740757942199716 0.23912741243839267 61.444463729858406 22.825154304504398 6.5000000000000009 23.753731727600101 0.26229646801948553 3.0861326456069951
decision_type=2 2 2 2 2 2 2 2 2 2 2 2 2 2 2 2 2 2 2 2 2 2 2 2 10 2 2 2 2 2
left_child=-1 -2 3 -3 5 7 -6 8 11 22 -8 -5 27 -14 19 -16 17 21 -18 20 -12 -17 23 25 -25 -9 -24 29 -22 -10
right_child=1 2 -4 4 6 -7 10 9 12 -11 14 -13 13 -15 15 16 18 -19 -20 -21 28 -23 26 24 -26 -27 -28 -29 -30 -31
leaf_value=0.00051790984041715665 -0.062680405552013707 1.3385202848610333e-05 0.11412554846152645 -0.068791980848551079 -0.045999655945654291 0.0040859230779430791 0.057900402689194622 -0.021003637825853651 0.014230412199716724 -0.057387358823054693 0.057219238519090963 0.18041289523414086 -0.074970050760744159 0.085145652976704372 -0.06667226929909674 0.046091678306552024 -0.10734668149200417 -0.022195227909300605 -0.0059625984317882791 0.053319562894624681 -0.034686889427582628 0.1982436564666091 0.013008314653768806 0.098705993094672873 -0.1459502688616483 -0.23534465421535281 0.2079459047820611 0.029634624562793935 -0.18865043974163234 -0.10379488725534133
leaf_weight=155059 202 30345 256 81 676 2319 633 332 95 558 131 84 104 82 591 244 218 457 2467 885 129 222 502 325 89 149 80 92 83 929
leaf_count=155059 202 30345 256 81 676 2319 633 332 95 558 131 84 104 82 591 244 218 457 2467 885 129 222 502 325 89 149 80 92 83 929
internal_value=-2.52496e-05 -0.000354244 -0.000316975 -0.000356627 -0.00122083 -0.00233465 -0.000258314 -0.0041976 -0.00721881 -0.00201966 0.00039604 0.00381818 -0.00861751 0.000322581 -0.000215589 -0.00116456 -0.000199557 0.00399783 -0.00164246 0.00302932 -0.00341108 0.0100429 -2.03114e-05 -0.00271508 0.00318841 -0.00779626 0.00412371 -0.0101075 -0.0090566 -0.01125
internal_weight=198419 43360 43158 42902 12557 5821 6736 3502 1467 2035 6060 165 1302 186 5427 4199 3608 923 2685 1228 343 466 1477 895 414 481 582 1116 212 1024
internal_count=198419 43360 43158 42902 12557 5821 6736 3502 1467 2035 6060 165 1302 186 5427 4199 3608 923 2685 1228 343 466 1477 895 414 481 582 1116 212 1024
is_linear=0
shrinkage=0.06


Tree=186
num_leaves=31
num_cat=0
split_feature=18 16 27 11 27 27 24 25 25 27 23 21 27 21 24 24 25 0 26 24 27 0 17 26 23 17 7 11 19 27
split_gain=1.6376 4.62995 4.97057 4.49662 4.26761 4.73421 4.22873 3.78614 4.91571 4.13678 3.69385 3.37942 3.91843 5.15039 4.13557 3.64447 3.09962 3.02868 3.14776 3.04864 4.25183 3.3367 4.59355 3.00388 6.2851 2.82289 2.80807 2.64928 2.54618 3.47478
threshold=8.1126699447631854 19.500000000000004 6.5633459091186532 0.22091563045978549 8.7712349891662615 7.897041082382203 11234.955566406252 6.5000000000000009 8.5000000000000018 4.5297021865844735 0.56013277173042308 0.066865954548120513 10.599985599517824 0.39240394532680517 7612.0803222656259 6885.5227050781259 4.5000000000000009 12.943249225616457 4.3529748916625985 9281.6254882812518 17.857748985290531 35.662218093872077 1.5000000000000002 12.13430166244507 0.16912916302680972 5.5000000000000009 1.5000000000000002 0.53896865248680126 50.202934265136726 16.232394218444828
decision_type=2 2 2 2 2 2 2 2 2 2 2 2 2 2 2 2 2 2 2 2 2 2 2 2 2 2 2 2 10 2
left_child=-1 2 3 7 5 6 -4 16 -9 -10 -5 -6 23 15 -15 26 -2 -17 -19 20 -20 22 -21 -13 -25 -16 -14 -3 -24 -30
right_child=1 27 4 10 11 -7 -8 8 9 -11 -12 12 13 14 25 17 -18 18 19 21 -22 -23 28 24 -26 -27 -28 -29 29 -31
leaf_value=4.139779086307804e-05 0.0040668741898326746 -0.068600636573759949 -0.096166107262890252 0.050741992376600105 0.1107548638983161 -0.16309047016386305 0.051686611698189111 0.22086767591676709 -0.063397228178870682 0.038441140987105202 0.22075140673156954 0.13396800816273879 -0.17403474466259994 0.085142125941875479 -0.016612693187821284 0.05079684755050682 -0.10848320092285135 0.032180630763285548 -0.013369402361258871 0.01657273121147064 -0.15978600868374812 0.021942859794701803 -0.14814404865706982 -0.13666755753700313 0.08557077391735006 0.072336076854889408 -0.10233723421255725 0.063419808250649648 0.044675468604140213 -0.094572892273902712
leaf_weight=194010 142 419 90 160 97 166 98 104 116 141 100 125 89 112 634 140 95 157 101 129 119 209 187 114 91 115 88 81 86 104
leaf_count=194010 142 419 90 160 97 166 98 104 116 141 100 125 89 112 634 140 95 157 101 129 119 209 187 114 91 115 88 81 86 104
internal_value=-2.0109e-05 -0.00116353 -0.00046815 0.00356643 -0.00160275 -0.00779661 -0.0012766 0.000702341 0.00457064 0.000116732 0.0101538 -0.000789766 -0.0012 -0.00208811 0.00156794 -0.00432221 -0.00518987 -0.00316558 -0.00423077 -0.0055508 -0.0117273 -0.00365035 -0.00628458 0.00490909 0.000439024 -4.00534e-05 -0.0123729 -0.0066 -0.00962865 -0.00473684
internal_weight=198419 4409 3909 858 3051 354 188 598 361 257 260 2697 2600 2270 861 1409 237 1232 1092 935 220 715 506 330 205 749 177 500 377 190
internal_count=198419 4409 3909 858 3051 354 188 598 361 257 260 2697 2600 2270 861 1409 237 1232 1092 935 220 715 506 330 205 749 177 500 377 190
is_linear=0
shrinkage=0.06


Tree=187
num_leaves=31
num_cat=0
split_feature=25 17 24 0 17 11 16 21 21 16 0 16 21 23 0 16 11 2 16 0 11 6 21 0 21 26 19 5 21 16
split_gain=1.62581 6.86623 9.33963 6.8804 6.22912 13.0158 11.1799 7.99808 7.17716 17.5152 10.1986 10.0816 8.52477 7.72276 7.71538 11.7946 10.5001 8.74174 7.62498 7.47162 7.12243 6.8432 6.54542 11.1938 5.9885 13.4 6.47679 5.61906 5.27879 5.12822
threshold=11.500000000000002 5.5000000000000009 9281.6254882812518 23.120385169982914 4.5000000000000009 0.43386259675025945 8.5000000000000018 0.22453764826059344 0.16470228880643847 14.500000000000002 5.1916961669921884 18.500000000000004 0.21537154167890551 4.1234867572784433 35.662218093872077 17.500000000000004 0.78702321648597728 4.5000000000000009 20.500000000000004 7.6219420433044442 0.52475640177726757 23.500000000000004 0.23079120367765429 15.91614866256714 0.59814637899398815 24.139319419860843 106.98156738281251 8.5000000000000018 0.04125477001070977 7.5000000000000009
decision_type=2 2 2 2 2 2 2 2 2 2 2 2 2 2 2 2 2 2 2 2 2 2 2 2 2 2 8 2 2 2
left_child=-1 4 29 -4 8 6 -6 21 9 19 -11 -12 18 14 16 17 22 -16 -10 20 -2 -8 23 -14 -24 26 -26 -7 -21 -3
right_child=1 2 3 -5 5 27 7 -9 12 10 11 -13 13 -15 15 -17 -18 -19 -20 28 -22 -23 24 -25 25 -27 -28 -29 -30 -31
leaf_value=0.00023719606721329887 0.039819839421042037 -0.049890404692226872 -0.041966200260538447 -0.25583774756181465 0.13528911476412875 -0.044455053479335385 -0.0058634365557138322 0.039050330308497437 -0.043797472423794837 0.017425781146741315 0.22907861265039975 0.0083836438654135738 0.16098991366579823 0.24477956325163142 -0.048823210729803175 0.10527172678995668 -0.17527504217635556 -0.21795410242682406 0.1120843713705839 0.012482457901014569 -0.10103807055377556 -0.10539784205537941 -0.0071763762299468853 -0.069320288133224203 -0.026020064551616009 0.14948981094056901 0.12035689457342236 -0.13556071908334175 -0.12452052249039333 0.051304500554178373
leaf_weight=181601 468 132 1602 154 459 311 383 1252 1474 388 385 163 200 183 312 139 99 201 106 84 133 81 6169 96 578 299 151 102 227 487
leaf_count=181601 468 132 1602 154 459 311 383 1252 1474 388 385 163 200 183 312 139 99 201 106 84 133 81 6169 96 578 299 151 102 227 487
internal_value=-2.07137e-05 -0.000585087 -0.00357474 -0.00580866 -9.34709e-05 0.00257342 0.00442759 0.0022028 -0.000675664 0.00275974 0.00852564 0.0137956 -0.00131008 -0.000551798 -0.000822416 -0.00708589 -0.00028451 -0.0112865 -0.00535443 -0.00315789 0.000748752 -0.00452586 -2.80262e-05 0.00871622 -0.000387662 0.00385214 -0.000534979 -0.00719128 -0.0107074 0.00276252
internal_weight=198419 16818 2375 1756 14443 2588 2175 1716 11855 1848 936 548 10007 8427 8244 652 7592 513 1580 912 601 464 7493 296 7197 1028 729 413 311 619
internal_count=198419 16818 2375 1756 14443 2588 2175 1716 11855 1848 936 548 10007 8427 8244 652 7592 513 1580 912 601 464 7493 296 7197 1028 729 413 311 619
is_linear=0
shrinkage=0.06


Tree=188
num_leaves=31
num_cat=0
split_feature=26 19 0 18 23 24 19 26 1 27 24 21 24 24 17 24 25 27 16 20 21 24 0 26 19 18 21 18 1 27
split_gain=1.63231 3.61867 4.06006 3.95367 4.60439 5.07171 4.27191 4.04512 3.82279 3.5318 3.65547 4.32024 3.53265 3.31844 3.21185 3.25508 2.95251 2.64166 2.60414 2.38964 3.05869 2.32332 2.49187 2.31625 2.99077 3.51415 5.46227 2.98284 3.30583 2.3041
threshold=719.49838256835949 105.8828811645508 4.9634361267089853 -3.9103549718856807 4.6291649341583261 12248.351562500002 69.61041641235353 838.01040649414074 237.50000000000003 23.476516723632816 8347.2670898437518 0.32596074044704443 7563.8542480468759 9738.5117187500018 5.5000000000000009 10101.291503906252 7.5000000000000009 17.022961616516117 9.5000000000000018 1.5000000000000002 0.23251585662364962 15889.216796875002 6.6266789436340341 616.05508422851574 90.553459167480483 2.5929676294326787 0.57018676400184642 6.0223660469055185 96.500000000000014 6.00893259048462
decision_type=2 10 2 2 2 2 10 2 2 2 2 2 2 2 2 2 2 2 2 2 2 2 2 2 8 2 2 2 2 2
left_child=23 3 -3 7 8 19 17 -2 9 10 12 14 16 -10 15 -12 -5 -7 -15 -6 -21 22 -17 -1 25 26 -25 28 -27 -13
right_child=1 2 -4 4 5 6 -8 -9 13 -11 11 29 -14 18 -16 21 -18 -19 -20 20 -22 -23 -24 24 -26 27 -28 -29 -30 -31
leaf_value=-0.00013337111190048212 -0.066426120184544288 -0.016605168771884615 0.11611215861412573 -0.01083911762651474 -0.043077820390884911 -0.0018987550977525823 -0.073240929040674557 0.0017182923170053054 0.037239615159050769 -0.051669139639847726 -0.060903859079935958 0.026202031895894037 0.086670680632238054 0.0056023659477529228 -0.034443334238397988 0.038779218451505844 0.097597411009758564 0.1451603047102519 -0.082493595549248191 -0.06733528803782779 -0.16954221909290773 0.0059282249808422357 0.09999586834065638 0.025389476657125272 -0.009334109628143461 0.0068110927137466958 0.16397321033972073 0.053566204722770148 -0.094089122962078817 -0.042395103160895342
leaf_weight=192272 219 91 85 159 156 134 138 152 163 140 87 201 148 118 102 202 96 84 289 111 116 127 211 1119 708 91 132 123 141 504
leaf_count=192272 219 91 85 159 156 134 138 152 163 140 87 201 148 118 102 202 96 84 289 111 116 127 211 1119 708 91 132 123 141 504
internal_value=-1.82946e-05 -0.00124446 0.00715909 -0.00164889 -0.000986001 -0.00515562 0 -0.00752022 0.000223793 0.00147193 0.00217202 0.000753138 0.00722084 -0.00410526 0.00399177 0.00559809 0.00294118 0.00522936 -0.00700246 -0.00994778 -0.0138767 0.00733333 0.00951574 5.85859e-06 0.00189283 0.00332503 0.00482014 -0.00194366 -0.00594828 -0.00259574
internal_weight=198419 3833 176 3657 3286 739 356 371 2547 1977 1837 1434 403 570 729 627 255 218 407 383 227 540 413 194586 2314 1606 1251 355 232 705
internal_count=198419 3833 176 3657 3286 739 356 371 2547 1977 1837 1434 403 570 729 627 255 218 407 383 227 540 413 194586 2314 1606 1251 355 232 705
is_linear=0
shrinkage=0.06


Tree=189
num_leaves=31
num_cat=0
split_feature=4 11 0 23 21 23 17 26 1 23 23 24 2 24 24 0 26 0 11 23 27 23 23 3 0 24 17 11 27 20
split_gain=1.63098 6.83441 5.89926 7.72087 4.83181 3.14836 4.84111 2.80368 2.56494 6.69667 7.23334 6.71529 8.35336 6.26165 8.19237 6.80901 6.93517 5.71637 6.48849 6.34064 6.33519 5.7427 5.38929 6.33836 5.68311 5.11427 5.02213 4.87506 4.81533 4.69355
threshold=309.50000000000006 0.75611737370491039 11.101244926452638 14.812517642974855 0.74832612276077282 2.7502787113189702 3.5000000000000004 7.0633132457733163 224.00000000000003 5.315803289413453 5.0265502929687509 16044.857421875002 6.5000000000000009 17271.875000000004 17764.509765625004 78.621612548828139 12.749248504638674 1.9794146418571474 0.68116891384124767 2.8542082309722905 3.7307413816452031 4.8467845916748056 13.117848396301271 17.500000000000004 0.68311876058578502 15201.062500000002 4.5000000000000009 0.2133271470665932 2.5404263734817509 2.5000000000000004
decision_type=2 2 2 2 2 2 2 2 2 2 2 2 2 2 2 2 2 2 2 2 2 2 2 2 2 2 2 2 2 2
left_child=8 2 4 7 5 -2 -7 -4 22 10 17 12 -12 15 -15 16 -11 -10 21 20 -20 -19 -1 27 -25 26 -18 -24 -26 -28
right_child=1 -3 3 -5 -6 6 -8 -9 9 13 11 -13 -14 14 -16 -17 25 18 19 -21 -22 -23 23 24 28 -27 29 -29 -30 -31
leaf_value=0.0012087246036599274 0.0051971788400866801 0.21796950853376743 0.021308906436578887 0.33474810970718466 0.12857338843142196 0.0061267810237283357 0.10532378116492747 -0.046234857268972911 0.0067816425443445365 -0.01057525471072699 0.012154279898626363 0.068470896683681712 -0.10146273996767374 -0.10204180714097201 0.032209065654035224 0.21096308136233233 0.0030567851649307086 -0.011289829895310993 -0.11561012144604518 0.13548786558353682 0.03359741376042516 0.10008175940269985 -0.026472816208398215 -0.12983243155939156 0.086777039294248931 0.09929532970527663 0.095908808541931789 -0.11567253014375672 -0.009117451850893037 -0.0074044231714538349
leaf_weight=138569 3964 87 339 83 96 746 561 1358 6640 2935 105 86 225 195 162 201 2587 28356 91 150 966 129 275 93 181 691 858 110 7206 374
leaf_count=138569 3964 87 339 83 96 746 561 1358 6640 2935 105 86 225 195 162 201 2587 28356 91 150 966 129 275 93 181 691 858 110 7206 374
internal_value=-1.34564e-05 0.000870887 0.000667413 -0.00232584 0.00166015 0.00141719 0.00397093 -0.00319976 -4.69179e-05 -0.000444459 -0.000786982 -0.00865385 -0.0125455 0.00112833 -0.00663866 0.00149098 0.00119678 -0.000696906 -0.00105281 0.00325601 0.00161779 -0.00123539 7.45728e-05 -0.00145327 -0.00106684 0.00267406 0.00181461 -0.00896104 -0.000881278 0.00496753
internal_weight=198419 7234 7147 1780 5367 5271 1307 1697 191185 44751 36748 416 330 8003 357 7646 7445 36332 29692 1207 1057 28485 146434 7865 7480 4510 3819 385 7387 1232
internal_count=198419 7234 7147 1780 5367 5271 1307 1697 191185 44751 36748 416 330 8003 357 7646 7445 36332 29692 1207 1057 28485 146434 7865 7480 4510 3819 385 7387 1232
is_linear=0
shrinkage=0.06


Tree=190
num_leaves=31
num_cat=0
split_feature=24 24 20 16 24 24 21 24 20 6 16 24 1 16 11 24 21 16 17 0 11 2 17 6 21 20 19 1 24 0
split_gain=1.64353 8.11849 11.8571 9.49712 13.3644 7.18777 10.1217 6.55585 7.85333 7.14651 6.2985 6.2541 10.0741 6.07959 13.065 7.91567 6.00135 13.8861 5.91168 6.57309 5.89595 7.73851 5.79335 8.63031 5.58732 10.404 5.40842 5.33582 5.13069 15.713
threshold=13528.464843750002 13103.602539062502 1.0000000180025095e-35 10.500000000000002 13446.868652343752 12934.763671875002 0.2516866028308869 13677.886718750002 3.5000000000000004 10.449999809265138 6.5000000000000009 13290.918945312502 132.00000000000003 15.500000000000002 0.43257689476013189 13000.543457031252 0.50943857431411754 14.500000000000002 5.5000000000000009 4.7693080902099618 0.406288892030716 4.5000000000000009 4.5000000000000009 16.750000000000004 0.2291279807686806 1.5000000000000002 34.37022781372071 125.50000000000001 12004.941894531252 7.760831594467164
decision_type=2 2 2 2 2 2 2 2 2 2 2 2 2 2 2 2 2 2 2 2 2 2 2 2 2 2 10 2 2 2
left_child=1 5 3 4 -3 28 10 8 16 -10 -7 -5 26 14 -12 -15 -2 -18 -8 -20 22 -22 24 -24 -4 -26 -13 -17 -1 -30
right_child=7 2 20 11 -6 6 18 -9 9 -11 13 12 -14 15 -16 27 17 -19 19 -21 21 -23 23 -25 25 -27 -28 -29 29 -31
leaf_value=-0.00062426934893002441 0.003342785743640957 -0.0050157347300600992 0.029594619375841767 0.02674978739773106 0.27550933550281143 0.035896597662747387 -0.016776095956346354 -0.0013219942171642173 -0.020885610325884655 -0.089581956203806212 -0.10338849208964383 0.058098945882639232 -0.093837336920466446 0.019438696910054429 0.14311255883990742 -0.015591164222842426 -0.12167584227684029 0.032766342521412431 0.14801080047146498 0.0047877967649012018 0.02231441580115261 0.19029344953904417 0.01637167106859792 0.24139322666172969 -0.086881159444199593 0.0091764044586009862 -0.029239319314348266 -0.12092011065364103 0.02204943785891407 -0.0094118028700468145
leaf_weight=107459 1218 586 2311 207 165 99 1317 62299 157 215 596 90 408 293 96 86 274 280 131 237 661 449 487 262 356 918 314 106 9280 7062
leaf_count=107459 1218 586 2311 207 165 99 1317 62299 157 215 596 90 408 293 96 86 274 280 131 237 661 449 487 262 356 918 314 106 9280 7062
internal_value=-1.49683e-05 0.000104795 0.00206266 -0.00220339 0.00291611 -6.62659e-06 -0.00292806 -0.000263954 -0.00352612 -0.0114516 -0.00695925 -0.00597645 -0.00834975 -0.00818182 -0.0117919 -0.00303093 -0.0018623 -0.00703971 0.000124629 0.00684783 0.00344967 0.00735135 0.00245039 0.00724967 0.0014477 -0.00174254 -0.00163366 -0.0125 6.32467e-05 0.00105373
internal_weight=198419 133976 7214 1770 751 126762 2961 64443 2144 372 1276 1019 812 1177 692 485 1772 554 1685 368 5444 1110 4334 749 3585 1274 404 192 123801 16342
internal_count=198419 133976 7214 1770 751 126762 2961 64443 2144 372 1276 1019 812 1177 692 485 1772 554 1685 368 5444 1110 4334 749 3585 1274 404 192 123801 16342
is_linear=0
shrinkage=0.06


Tree=191
num_leaves=31
num_cat=0
split_feature=18 16 27 26 26 19 27 26 18 27 24 21 27 21 19 24 0 25 11 26 19 0 25 0 16 26 25 23 24 18
split_gain=1.64454 4.03707 4.25064 4.29765 4.97107 4.85809 3.86467 3.47857 4.05115 3.0387 3.41034 2.919 3.13831 3.82516 3.90927 3.18288 3.15094 3.12154 2.98522 4.12413 2.96561 2.76201 2.74556 2.71399 2.8879 3.93923 2.9305 2.73602 4.8511 3.21971
threshold=8.1126699447631854 19.500000000000004 6.5633459091186532 28.954979896545414 7.3230981826782235 56.069665908813484 8.7712349891662615 20.903930664062504 15.401703834533693 7.897041082382203 11234.955566406252 0.057964274659752853 10.599985599517824 0.39240394532680517 24.510017395019535 6952.7482910156259 27.322209358215336 9.5000000000000018 0.31626549363136297 9.7461543083190936 45.992685317993171 53.801986694335945 8.5000000000000018 12.943249225616457 11.500000000000002 9.3560805320739764 10.500000000000002 8.3458485603332537 14918.029296875002 15.401703834533693
decision_type=2 2 2 2 2 10 2 2 2 2 2 2 2 2 10 2 2 2 2 2 10 2 2 2 2 2 2 2 2 2
left_child=-1 2 3 4 -2 7 9 8 -6 10 -4 -8 18 15 -15 -14 17 20 19 -13 -16 -3 -18 -17 25 -25 -26 28 29 -27
right_child=1 21 6 -5 5 -7 11 -9 -10 -11 -12 12 13 14 16 23 22 -19 -20 -21 -22 -23 -24 24 26 27 -28 -29 -30 -31
leaf_value=5.8158061013244832e-05 -0.037166637824795533 -0.063725998717302154 -0.090437437639719453 -0.044440645772722713 -0.091141868304023668 0.19012801782365632 0.1365649129331194 0.15687294946125782 0.04071576289527435 -0.15313815457783855 0.046145383756577514 0.094731276650596455 -0.1450156276696363 0.12481125194491852 -0.10953530263043436 0.052029442362632877 -0.0053885210640663671 0.15224309811865622 0.11147152834815813 -0.11249993699841855 0.028242044311249968 0.028287080335371043 -0.10901874022266327 0.083217290194080321 -0.081439748788152022 0.04654029721004118 0.030208496104885681 -0.12051377102091088 0.087295000682467788 -0.10453775440960984
leaf_weight=194010 209 412 90 83 82 180 80 160 144 166 98 83 185 131 83 146 179 82 139 116 290 88 96 162 402 104 99 87 87 146
leaf_count=194010 209 412 90 83 82 180 80 160 144 166 98 83 185 131 83 146 179 82 139 116 290 88 96 162 402 104 99 87 87 146
internal_value=-1.76898e-05 -0.00116353 -0.000514198 0.00321678 0.00460645 0.0075265 -0.00156342 0.00373057 -0.00106195 -0.00745763 -0.00223404 -0.000789766 -0.00113489 -0.00193506 0.00121951 -0.00385049 -0.000493151 0.00257143 0.00426036 -0.000452261 0.000241287 -0.00624 -0.00556364 -0.00274939 -0.00378105 -0.000921502 -0.00712575 -0.00396226 -0.00151335 -0.00576
internal_weight=198419 4409 3909 858 775 566 3051 386 226 354 188 2697 2617 2279 861 1418 730 455 338 199 373 500 275 1233 1087 586 501 424 337 250
internal_count=198419 4409 3909 858 775 566 3051 386 226 354 188 2697 2617 2279 861 1418 730 455 338 199 373 500 275 1233 1087 586 501 424 337 250
is_linear=0
shrinkage=0.06


Tree=192
num_leaves=31
num_cat=0
split_feature=26 16 11 19 19 11 4 17 11 11 26 21 16 23 19 18 18 0 21 24 0 19 19 19 16 0 23 1 27 24
split_gain=1.69637 3.44689 3.82373 6.51235 5.13168 4.46919 4.25805 3.71589 3.69837 4.80797 3.24781 4.98482 4.83182 4.73035 4.14778 5.13068 4.01598 3.67119 3.77244 4.10787 3.6496 6.95848 6.75047 6.33024 5.84707 5.63613 4.63501 5.74349 4.51075 5.16531
threshold=8.709571838378908 18.500000000000004 0.72573435306549083 80.667282104492202 95.400451660156264 0.70235082507133495 218.50000000000003 1.5000000000000002 0.73034450411796581 0.69993871450424205 4.9966042041778573 0.56469395756721508 2.5000000000000004 8.4409470558166522 87.991111755371108 -0.85276618599891651 0.19001702219247821 4.450169801712037 0.63282191753387462 11513.559570312502 10.88622045516968 88.441215515136733 87.786579132080092 61.444463729858406 16.500000000000004 11.563252449035646 8.023776054382326 60.000000000000007 4.3389403820037851 16952.113281250004
decision_type=2 2 2 10 10 2 2 2 2 2 2 2 2 2 8 2 2 2 2 2 2 8 8 10 2 2 2 2 2 2
left_child=1 2 5 6 -5 10 -4 -7 9 -3 16 -12 -13 14 15 -14 20 -17 -19 -20 22 23 26 -22 28 -25 -1 -28 -23 -30
right_child=-2 8 3 4 -6 7 -8 -9 -10 -11 11 12 13 -15 -16 17 -18 18 19 -21 21 24 -24 25 -26 -27 27 -29 29 -31
leaf_value=0.0054069687901397738 0.00068213230910531665 0.0062164045993019102 -0.065680522040289194 0.091064896963048508 -0.05223448074226484 -0.0032684389704290594 0.021438730712763494 0.1601942464678488 0.089993795122508394 -0.099766326742434255 -0.012240394941694318 -0.091960859310555351 -0.038274364899021085 0.20008109126120163 0.05576968563483764 -0.042644172182421163 -0.0070316133366477946 0.10947827920534681 -0.059873829977198798 0.045324682262951083 0.055378210504137472 0.17189815098266376 -0.01109137627812002 0.10667895446690648 -0.028974595420754454 -0.031861990667822589 -0.026438449482518382 0.079528142889055603 0.038702010307295746 0.15034387107636324
leaf_weight=6203 145068 8254 649 186 85 128 192 175 206 97 16367 160 325 93 700 80 8256 231 141 260 505 150 5897 117 341 1500 90 465 1330 168
leaf_count=6203 145068 8254 649 186 85 128 192 175 206 97 16367 160 325 93 700 80 8256 231 141 260 505 150 5897 117 341 1500 90 465 1330 168
internal_value=-1.82946e-05 -0.000307586 -0.000518373 -0.00399281 0.00409594 -0.000429925 -0.00659929 0.00683168 0.00079584 0.000599928 -0.000480647 -0.00108678 0.00174874 0.00262295 0.0019171 -0.000491803 -3.59683e-05 0.00235955 0.00389241 0.000374065 0.000497435 0.0020506 -7.11181e-06 -0.000339303 0.0046003 -0.00217069 0.00128736 0.00654054 0.0060801 0.00508678
internal_weight=198419 53351 44794 1112 271 43682 841 303 8557 8351 43379 18357 1990 1830 1737 1037 25022 712 632 401 16766 4111 12655 2122 1989 1617 6758 555 1648 1498
internal_count=198419 53351 44794 1112 271 43682 841 303 8557 8351 43379 18357 1990 1830 1737 1037 25022 712 632 401 16766 4111 12655 2122 1989 1617 6758 555 1648 1498
is_linear=0
shrinkage=0.06


Tree=193
num_leaves=31
num_cat=0
split_feature=18 16 24 27 11 5 0 19 27 26 27 26 24 17 24 24 26 25 17 27 25 18 0 17 26 27 24 16 20 14
split_gain=1.67769 3.64378 3.36782 4.12927 4.81005 4.05147 3.94286 5.07098 7.36339 4.53742 4.29061 3.96825 3.90598 4.58086 4.04919 3.8949 3.7732 3.48936 3.40666 2.85542 3.44498 2.77913 3.688 6.29416 3.94575 2.73594 2.66769 2.76136 2.64033 2.47074
threshold=8.1126699447631854 19.500000000000004 6703.2258300781259 6.5633459091186532 0.22091563045978549 3.5000000000000004 35.662218093872077 50.202934265136726 9.6753315925598162 13.39107656478882 12.221400737762453 7.0633132457733163 11670.645019531252 4.5000000000000009 15682.521484375002 16556.795898437504 27.819359779357914 6.5000000000000009 4.5000000000000009 4.5297021865844735 10.500000000000002 20.082914352416996 13.095165252685549 1.5000000000000002 18.015957832336429 17.959871292114261 6432.6215820312509 11.500000000000002 1.5000000000000002 1.0000000180025095e-35
decision_type=2 2 2 2 2 2 2 10 2 2 2 2 2 2 2 2 2 2 2 2 2 2 2 2 2 2 2 2 2 2
left_child=29 2 16 4 17 -6 7 12 -9 10 -8 -12 13 28 -14 -16 26 -4 25 -19 -21 22 24 -24 -10 -11 27 -2 -5 -1
right_child=1 -3 3 6 5 -7 9 8 21 18 11 -13 14 -15 15 -17 -18 19 -20 20 -22 -23 23 -25 -26 -27 -28 -29 -30 -31
leaf_value=-0.0001789840751043581 -0.15089467261405654 -0.045303174195299611 -0.043814188850651817 0.081096753119339338 0.0088938914977447318 0.20599062119423855 0.2295271320445306 -0.12509756075830203 -0.0058654285326784359 0.0010887279641811887 -0.092076617053186635 0.10173167934551167 -0.1321257134400044 -0.12750825598200655 0.085259174892791584 -0.11148261940579843 0.053728057223404728 -0.011068444321877563 0.075808022496444777 0.3124356097258828 5.182566429108526e-05 0.077123112435298 0.070214480147128805 -0.038666206140669457 0.11538422504863788 -0.090290523563490835 -0.15451112233506975 0.015488576866611864 -0.022392213134860877 0.019696276679301832
leaf_weight=190357 100 500 208 102 109 116 94 164 100 284 96 84 268 100 88 99 86 129 123 110 80 80 189 477 126 132 115 120 130 3653
leaf_count=190357 100 500 208 102 109 116 94 164 100 284 96 84 268 100 88 99 86 129 123 110 80 80 189 477 126 132 115 120 130 3653
internal_value=-1.98066e-05 -0.00117714 -0.000560246 5.16055e-05 0.00398936 0.0113333 -0.0010307 -0.0025117 5.28169e-05 0.00247232 0.00875912 0.00333333 -0.00621347 -0.00126506 -0.00982418 -0.00304813 -0.00562945 0.00085389 -0.000723562 0.00479624 0.00947368 0.00203704 0.00107623 -0.00117117 0.00769912 -0.00331731 -0.00850746 -0.00463636 0.00336207 6.49451e-06
internal_weight=198419 4409 3909 3488 752 225 2736 1923 1136 813 274 180 787 332 455 187 421 527 539 319 190 972 892 666 226 416 335 220 232 194010
internal_count=198419 4409 3909 3488 752 225 2736 1923 1136 813 274 180 787 332 455 187 421 527 539 319 190 972 892 666 226 416 335 220 232 194010
is_linear=0
shrinkage=0.06


Tree=194
num_leaves=31
num_cat=0
split_feature=3 23 0 26 20 20 1 23 11 0 11 16 0 16 24 24 21 16 23 17 23 27 11 24 11 24 7 2 27 27
split_gain=1.66855 4.45071 4.40506 2.11267 2.26731 2.01721 1.98124 7.28837 7.04732 8.23241 8.38644 7.69918 7.59181 7.49494 5.17161 8.72317 8.69977 6.41585 7.53815 9.28707 10.6693 7.5032 5.22696 4.99526 8.57119 6.57994 6.27651 4.99514 4.93422 5.54741
threshold=357.50000000000006 14.812517642974855 15.688108921051027 23.863377571105961 1.0000000180025095e-35 1.5000000000000002 224.00000000000003 24.933436393737797 0.68116891384124767 8.9045305252075213 0.66876187920570385 22.500000000000004 12.605771541595461 1.5000000000000002 9248.4008789062518 6054.3205566406259 0.75626978278160106 15.500000000000002 8.023776054382326 2.5000000000000004 13.117848396301271 14.855422019958498 0.58095309138298046 10318.560058593752 0.307223990559578 10430.766601562502 3.5000000000000004 6.5000000000000009 6.4709088802337655 7.6399080753326425
decision_type=2 2 2 2 2 2 2 2 2 2 2 2 2 2 2 2 2 2 2 2 2 2 2 2 2 2 2 2 2 2
left_child=6 2 3 4 -2 -4 -1 8 9 10 14 13 -13 -11 15 -8 17 22 23 20 -20 -21 27 24 -19 -25 -27 -16 -29 -30
right_child=1 -3 5 -5 -6 -7 7 -9 -10 11 -12 12 -14 -15 16 -17 -18 18 19 21 -22 -23 -24 25 -26 26 -28 28 29 -31
leaf_value=0.00052090398716651885 0.063201113776879966 0.20489511580497605 -0.00065993483020092996 -0.010011611022785758 0.015318954070467407 -0.11984661415944459 -0.035044369297937833 0.16692557550069664 0.041788801215722628 -0.063496181897317469 -0.15985880666977231 -0.009637068017154346 -0.11655629468393616 -0.0076227447378492026 0.01709810862268123 0.017189582779788805 0.16100727455622671 -0.020438661646856676 0.20748907966993377 0.086051240960771755 -0.061431267217477659 -0.041111356319836007 0.15266659532713572 0.14379658057078007 -0.19206005539166238 -0.0077345331799300206 0.023830517194286652 -0.044013354683534699 0.045229463160987332 -0.016267252887992321
leaf_weight=146434 453 121 180 656 1452 239 1078 269 1923 1612 239 698 819 13536 1296 7772 242 948 218 321 86 257 198 96 113 4508 2693 1846 489 7627
leaf_count=146434 453 121 180 656 1452 239 1078 269 1923 1612 239 698 819 13536 1296 7772 242 948 218 321 86 257 198 96 113 4508 2693 1846 489 7627
internal_value=-1.67827e-05 0.00136408 0.00090604 0.00183913 0.00285039 -0.00479714 -3.87061e-05 -0.000369446 -0.000423943 -0.000570547 2.29793e-05 -0.00163996 -0.00571523 -0.00123185 0.000112797 0.00132881 -0.000401184 -0.000533436 0.000642857 0.00591837 0.0144079 0.00145329 -0.00148219 8.6145e-05 -0.0037606 0.000645471 0.000437439 -0.00165216 -0.00210801 -0.00147117
internal_weight=198419 3101 2980 2561 1905 419 195318 48884 48615 46692 30027 16665 1517 15148 29788 8850 20938 20696 9240 882 304 578 11456 8358 1061 7297 7201 11258 9962 8116
internal_count=198419 3101 2980 2561 1905 419 195318 48884 48615 46692 30027 16665 1517 15148 29788 8850 20938 20696 9240 882 304 578 11456 8358 1061 7297 7201 11258 9962 8116
is_linear=0
shrinkage=0.06


Tree=195
num_leaves=31
num_cat=0
split_feature=21 21 11 16 6 24 24 2 27 16 17 16 21 7 21 17 25 0 16 23 0 0 24 25 16 16 16 20 16 16
split_gain=1.57663 7.61201 6.09382 15.9903 6.90071 6.01731 7.54314 5.4551 5.11881 4.92356 6.68853 11.8463 7.52842 4.77346 4.66139 7.13205 6.92041 5.35991 5.85933 11.8418 4.65904 6.90911 4.48011 4.46825 5.57072 5.54102 5.16235 7.08933 4.40447 4.01589
threshold=0.069169893860816969 0.057964274659752853 0.45892314612865454 12.500000000000002 14.900000095367433 11234.955566406252 10484.014160156252 5.5000000000000009 15.157488822937013 11.500000000000002 2.5000000000000004 18.500000000000004 0.04125477001070977 1.0000000180025095e-35 0.07383566722273828 3.5000000000000004 7.5000000000000009 13.606397628784181 16.500000000000004 8.1426835060119647 9.2881016731262225 3.150883793830872 9570.1909179687518 1.5000000000000002 6.5000000000000009 11.500000000000002 16.500000000000004 3.5000000000000004 14.500000000000002 11.500000000000002
decision_type=2 2 2 2 2 2 2 2 2 2 2 2 2 2 2 2 2 2 2 2 2 2 2 2 2 2 2 2 2 2
left_child=1 5 13 -4 -5 6 23 -8 9 -7 12 -12 -11 -3 15 17 -17 18 20 -20 21 -2 -15 25 -25 -1 27 -26 -29 -18
right_child=14 2 3 4 -6 8 7 -9 -10 10 11 -13 -14 22 -16 16 29 -19 19 -21 -22 -23 -24 24 26 -27 -28 28 -30 -31
leaf_value=-0.0063502719574543894 0.029179137988076781 0.01326041199272133 0.25743506233852359 0.013130153247326673 -0.14668065570452207 -0.021463796150042118 -0.029135617021173829 -0.078282038627878983 0.039124072567178272 0.10312942189075701 0.14737732962401703 -0.047824985445239054 -0.062371775248121215 0.014316564401507664 -3.9894013186150266e-05 0.12335054359835512 -0.034350375118705825 -0.06932031987720258 0.0034921912366554331 0.18437181605799552 0.13907500111339868 -0.048188629028875704 -0.046839350342878991 0.072305438852488566 -0.014399303388612159 0.34876906781967065 0.024752901368940438 -0.12951723269273102 -0.030018900371554476 0.071819820640482146
leaf_weight=86 301 281 186 114 81 861 376 170 1369 154 501 248 309 308 187546 168 165 141 229 101 93 438 1693 190 1130 107 640 141 84 208
leaf_count=86 301 281 186 114 81 861 376 170 1369 154 501 248 309 308 187546 168 165 141 229 101 93 438 1693 190 1130 107 640 141 84 208
internal_value=-1.28516e-05 -0.000787463 -0.00348104 0.00354331 -0.00846154 0.000339303 -0.00166211 -0.00802198 0.00203951 0.00015919 0.00262376 0.00612817 -0.00304536 -0.00465381 2.40773e-05 0.00302603 0.00881701 0.000621642 0.00196213 0.00872727 -0.000721154 -0.00231394 -0.00568216 -0.00020185 -0.000974828 0.00854922 -0.00190977 -0.00400738 -0.0137333 0.00426273
internal_weight=198419 9029 2663 381 195 6366 2924 546 3442 2073 1212 749 463 2282 189390 1844 541 1303 1162 330 832 739 2001 2378 2185 193 1995 1355 225 373
internal_count=198419 9029 2663 381 195 6366 2924 546 3442 2073 1212 749 463 2282 189390 1844 541 1303 1162 330 832 739 2001 2378 2185 193 1995 1355 225 373
is_linear=0
shrinkage=0.06


Tree=196
num_leaves=31
num_cat=0
split_feature=3 23 0 26 20 11 24 11 0 23 14 4 16 11 21 21 17 19 21 23 3 4 20 25 5 23 1 18 0 25
split_gain=1.65833 4.45071 3.97375 1.91834 1.91186 1.90354 2.05024 1.84502 1.77769 7.06519 6.09561 5.56758 6.5004 5.39978 7.31074 11.2464 8.55474 7.00638 6.94523 6.65825 7.24065 6.29126 6.19109 17.4903 16.8793 7.99247 10.2345 7.37551 6.17307 5.64613
threshold=357.50000000000006 14.812517642974855 15.688108921051027 23.863377571105961 1.0000000180025095e-35 0.51942425966262828 8285.8154296875018 0.20570998638868335 57.770694732666023 23.276655197143558 1.0000000180025095e-35 30.000000000000004 22.500000000000004 0.20570998638868335 0.21333827078342441 0.26112917065620428 5.5000000000000009 33.193977355957038 0.20761293917894366 7.6945157051086435 219.50000000000003 136.50000000000003 2.5000000000000004 7.5000000000000009 7.5000000000000009 0.57454329729080211 257.50000000000006 -0.69724756479263295 86.781265258789077 3.5000000000000004
decision_type=2 2 2 2 2 2 2 2 2 2 2 2 2 2 2 2 2 10 2 2 2 2 2 2 2 2 2 2 2 2
left_child=8 2 3 4 -2 6 -6 -4 -1 10 11 -10 13 14 18 16 -16 28 19 20 -13 -18 23 24 27 26 -24 -17 -15 -19
right_child=1 -3 7 -5 5 -7 -8 -9 9 -11 -12 12 -14 17 15 22 21 29 -20 -21 -22 -23 25 -25 -26 -27 -28 -29 -30 -31
leaf_value=-0.000585615134137889 0.059411440591058309 0.19260380249746872 -0.086886591582913647 -0.0087670136470329296 -0.023184818101032841 0.16502995876257798 0.0172575622536464 0.034921484800738721 0.035463909271114459 0.12782458458221355 0.085004014782344942 -0.012041191197749724 -0.22378307742504971 -0.13093457777395173 0.023015709677642774 0.0725854706492646 0.10950290265265238 0.23998440897676915 -0.1234997020864958 0.067784699112599323 -0.2201946856914212 2.8740350142748317 -0.045350376225694329 -0.051460148175626441 0.250656805888955 0.036863743611049812 -0.24648466919276257 -0.02828306288931479 0.081576304409054778 0.026965885063943061
leaf_weight=186793 453 121 324 656 328 134 990 95 627 169 283 896 115 287 444 327 103 497 152 230 294 103 859 783 337 303 173 400 162 981
leaf_count=186793 453 121 324 656 328 134 990 95 627 169 283 896 115 287 444 327 103 497 152 230 294 103 859 783 337 303 173 400 162 981
internal_value=-1.25492e-05 0.00136408 0.00090604 0.00179227 0.00275591 0.00169421 0.00100152 -0.00451074 -3.44054e-05 0.000812903 0.000567257 0.000263842 -0.000193392 2.86455e-05 -0.000943745 0.000469729 0.00766154 0.00275558 -0.00438931 -0.00308451 -0.00489076 0.017767 -0.000999371 0.00125068 0.0062594 -0.00411236 -0.00662791 0.00111417 -0.00380846 0.00474966
internal_weight=198419 3101 2980 2561 1905 1452 1318 419 195318 8525 8356 8073 7446 7331 5404 3832 650 1927 1572 1420 1190 206 3182 1847 1064 1335 1032 727 449 1478
internal_count=198419 3101 2980 2561 1905 1452 1318 419 195318 8525 8356 8073 7446 7331 5404 3832 650 1927 1572 1420 1190 206 3182 1847 1064 1335 1032 727 449 1478
is_linear=0
shrinkage=0.06


Tree=197
num_leaves=31
num_cat=0
split_feature=24 24 20 16 24 24 21 1 24 24 20 6 25 16 17 0 16 16 24 16 16 11 24 17 21 20 16 11 21 0
split_gain=1.5996 7.27818 9.67142 8.0896 10.7677 6.70686 9.69061 6.12774 8.58687 6.00909 7.1865 6.833 6.0129 25.5336 5.84923 6.0267 5.25652 7.69077 5.19555 5.14344 5.65721 11.0113 7.60318 5.07563 12.0054 8.66086 8.09547 29.9589 18.2426 11.3429
threshold=13528.464843750002 13103.602539062502 1.0000000180025095e-35 9.5000000000000018 13446.868652343752 12934.763671875002 0.2516866028308869 125.50000000000001 13290.918945312502 13677.886718750002 3.5000000000000004 11.449999809265138 8.5000000000000018 14.500000000000002 5.5000000000000009 4.7693080902099618 21.500000000000004 11.500000000000002 13323.810058593752 6.5000000000000009 15.500000000000002 0.43257689476013189 13000.543457031252 1.5000000000000002 0.25447905063629156 2.5000000000000004 13.500000000000002 0.33985757827758795 0.27524790167808538 11.824396133422853
decision_type=2 2 2 2 2 2 2 2 2 2 2 2 2 2 2 2 2 2 2 2 2 2 2 2 2 2 2 2 2 2
left_child=1 5 3 4 18 -1 19 -5 -9 10 12 -12 16 -14 -8 -16 17 -2 -3 -7 21 -21 -22 24 25 -4 29 28 -28 -25
right_child=9 2 23 7 -6 6 14 8 -10 -11 11 -13 13 -15 15 -17 -18 -19 -20 20 22 -23 -24 26 -26 -27 27 -29 -30 -31
leaf_value=0.00047531983834183219 0.028567910664112867 0.050970986413900181 0.076826138720720513 -0.0013805594609967507 0.31062948070460311 0.033715399734891169 -0.015566676558886917 0.059433896825687567 -0.080255143402945608 -0.0013020462500773176 -0.018676368948066766 -0.091521394283307869 -0.12539768652080005 0.066084578613052586 0.13910275037508571 0.010749323181965611 0.11471647713897126 -0.045133839090667233 -0.034034268991442018 -0.096853678699982695 0.018244973027359761 0.13513038852069603 -0.079738702686253687 0.092470505744064652 -0.029998422382202825 -0.049090749230547334 -0.07878784062328055 0.14803779906589404 0.058452909519686215 -0.0012351837340251581
leaf_weight=123801 546 229 727 542 139 99 1317 125 486 62299 176 196 266 271 131 237 84 605 249 596 293 96 192 1262 889 160 754 583 539 530
leaf_count=123801 546 229 727 542 139 99 1317 125 486 62299 176 196 266 271 131 237 84 605 249 596 293 96 192 1262 889 160 754 583 539 530
internal_value=-1.73874e-05 0.000100764 0.00195453 -0.00189831 0.00364668 -4.73328e-06 -0.00282675 -0.00486557 -0.00898527 -0.000263023 -0.00338619 -0.0109677 -0.00179458 -0.00709497 0.000160237 0.00684783 0.000510121 -0.00054735 -0.000627615 -0.00677116 -0.00787596 -0.0113584 -0.00290722 0.0032072 0.000574324 0.00551297 0.00448201 0.00172708 -0.00336427 0.00736607
internal_weight=198419 133976 7214 1770 617 126762 2961 1153 611 64443 2144 372 1772 537 1685 368 1235 1151 478 1276 1177 692 485 5444 1776 887 3668 1876 1293 1792
internal_count=198419 133976 7214 1770 617 126762 2961 1153 611 64443 2144 372 1772 537 1685 368 1235 1151 478 1276 1177 692 485 5444 1776 887 3668 1876 1293 1792
is_linear=0
shrinkage=0.06


Tree=198
num_leaves=31
num_cat=0
split_feature=7 21 14 0 11 0 17 21 21 25 16 21 24 15 0 11 16 24 21 21 21 0 16 17 24 17 16 21 0 0
split_gain=1.60619 5.5818 5.35322 4.29875 3.76154 4.81145 3.53872 3.11698 9.40353 9.73507 12.577 6.66077 9.5626 8.31638 10.8517 6.90743 9.69158 6.90508 17.287 10.7521 15.0094 13.795 10.591 9.26486 9.11238 7.80403 7.60108 6.96906 7.85744 7.86365
threshold=1.0000000180025095e-35 0.24158938974142077 1.0000000180025095e-35 5.8890068531036386 1.0000000180025095e-35 3.4419653415679936 5.5000000000000009 0.46803893148899084 0.48841498792171484 9.5000000000000018 17.500000000000004 0.51284587383270275 9401.8671875000018 1.0000000180025095e-35 15.020546913146974 0.21373439580202105 17.500000000000004 11153.663085937502 0.53120040893554699 0.54729878902435314 0.55524525046348583 69.17972564697267 11.500000000000002 3.5000000000000004 7393.0002441406259 5.5000000000000009 18.500000000000004 0.52405381202697765 21.312211990356449 6.1732130050659189
decision_type=2 2 2 2 2 2 2 2 2 2 2 2 2 2 2 2 2 2 2 2 2 2 2 2 2 2 2 2 2 2
left_child=1 2 3 -1 -3 -6 -7 -2 9 -9 -11 12 13 -10 -15 16 -14 19 22 21 26 23 -19 -13 -25 -20 -21 28 29 -24
right_child=7 4 -4 -5 5 6 -8 8 11 10 -12 17 15 14 -16 -17 -18 18 25 20 -22 -23 27 24 -26 -27 -28 -29 -30 -31
leaf_value=-0.0020755999955884173 -0.00069778631159840283 -0.0039961063611170999 -0.078499744056450355 0.014703161593346116 -0.052197604068197824 -0.0079814655189299442 -0.049237730487501068 0.037063194226092527 0.052226276017359491 -0.050695708148857502 0.11166518888542515 -0.011510526873940633 -0.059902981426038143 0.0011840376487292836 -0.15508455709788627 0.020073936334608466 0.015050206232593942 0.077208978019046137 0.010586379596002385 0.11885717591252636 0.00011380782141500844 0.21699348726600717 0.02042760609098887 -0.020708457085450646 -0.090007421851264979 -0.037242536092299473 -0.044803791801296275 0.1064109688937404 0.26813945237465125 -0.075532292256877437
leaf_weight=4370 136447 11795 252 3792 300 2613 421 4123 982 741 184 2023 1781 1114 167 666 456 861 11320 393 9831 150 274 469 733 1281 87 365 121 307
leaf_count=4370 136447 11795 252 3792 300 2613 421 4123 982 741 184 2023 1781 1114 167 666 456 861 11320 393 9831 150 274 469 733 1281 87 365 121 307
internal_value=-1.76898e-05 -0.000482946 0.000755883 0.00102181 -0.00117192 -0.00295141 -0.00223467 4.49461e-05 0.000522262 0.00293582 -0.00262703 0.000157275 -0.00182346 0.00110031 -0.00208431 -0.00410265 -0.0056996 0.000519936 0.00143093 -0.000447172 0.000514984 -0.00338667 0.00672199 -0.00421395 -0.00838602 0.000621379 0.010875 0.00272727 -0.000769231 -0.00366609
internal_weight=198419 23543 8414 8162 15129 3334 3034 174876 38429 5048 925 33381 5166 2263 1281 2903 2237 28215 14529 13686 10311 3375 1928 3225 1202 12601 480 1067 702 581
internal_count=198419 23543 8414 8162 15129 3334 3034 174876 38429 5048 925 33381 5166 2263 1281 2903 2237 28215 14529 13686 10311 3375 1928 3225 1202 12601 480 1067 702 581
is_linear=0
shrinkage=0.06


Tree=199
num_leaves=31
num_cat=0
split_feature=24 24 20 16 0 24 21 25 24 20 21 16 6 17 0 24 1 16 16 11 24 21 24 27 26 18 19 0 0 16
split_gain=1.55177 6.04982 9.01792 7.01548 7.37618 5.89752 8.54341 5.65969 5.3905 5.75017 6.41635 12.3512 5.37875 5.29272 5.35785 4.98128 8.66538 4.81734 5.18613 9.61962 6.99708 5.59439 4.76331 4.75572 4.93735 5.46965 4.95366 4.75188 4.58755 7.38571
threshold=13528.464843750002 13103.602539062502 1.0000000180025095e-35 8.5000000000000018 15.020546913146974 12934.763671875002 0.2516866028308869 6.5000000000000009 13677.886718750002 3.5000000000000004 0.50943857431411754 14.500000000000002 11.449999809265138 5.5000000000000009 4.7693080902099618 13323.810058593752 132.00000000000003 6.5000000000000009 15.500000000000002 0.43257689476013189 13000.543457031252 0.16896060109138492 13389.255859375002 8.418699264526369 24.43286228179932 3.1216021776199345 31.455172538757328 15.417643547058107 11.440140247344972 16.500000000000004
decision_type=2 2 2 2 2 2 2 2 2 2 2 2 2 2 2 2 2 2 2 2 2 2 2 2 2 2 8 2 2 2
left_child=1 5 3 7 15 -1 17 -3 9 10 -2 -12 -11 27 -15 -5 -17 -7 19 21 -20 -19 -18 24 28 26 -26 -8 -10 -30
right_child=8 2 -4 4 -6 6 13 -9 23 12 11 -13 -14 14 -16 16 22 18 20 -21 -22 -23 -24 -25 25 -27 -28 -29 29 -31
leaf_value=0.00045377779971565778 0.0031685585212147746 -0.0067625007684838541 0.025464817994450554 0.025487863299649936 -0.080930189000487873 0.031734342929493585 -0.03127845332349688 0.14268850091657947 0.0036973088361994663 -0.017472585221967159 -0.10813954933537016 0.033103215423710149 -0.085988243447613494 0.13079845253127645 0.010146230969743559 0.012806437315871151 -0.078621394984934201 -0.042839496930367538 0.017192141824414083 0.12660240395100184 -0.074912513346382534 -0.12774562812808185 -0.044941389203285879 -0.0037866712528847653 -0.074416711227006424 0.060064545925566183 -0.010765034788731002 0.076760822987348848 0.042748254314898239 -0.0067150771790336706
leaf_weight=123801 1218 256 5444 391 292 99 1117 186 9097 176 274 280 196 131 237 318 196 293 293 96 192 303 131 44754 240 361 3956 200 2666 1225
leaf_count=123801 1218 256 5444 391 292 99 1117 186 9097 176 274 280 196 131 237 318 196 293 293 96 192 303 131 44754 240 361 3956 200 2666 1225
internal_value=-1.82946e-05 9.80773e-05 0.00178819 -0.0019322 -0.00411145 1.89331e-06 -0.00264438 0.00461538 -0.00026023 -0.00321828 -0.00179458 -0.00714801 -0.01 0.000160237 0.00652174 -0.00173745 -0.00497674 -0.00634796 -0.00741716 -0.0107514 -0.00265979 -0.0135906 -0.0118349 -0.00015843 0.000678826 -0.00102041 -0.00163012 -0.00161731 0.00127502 0.00299923
internal_weight=198419 133976 7214 1770 1328 126762 2961 442 64443 2144 1772 554 372 1685 368 1036 645 1276 1177 692 485 596 327 62299 17545 4557 4196 1317 12988 3891
internal_count=198419 133976 7214 1770 1328 126762 2961 442 64443 2144 1772 554 372 1685 368 1036 645 1276 1177 692 485 596 327 62299 17545 4557 4196 1317 12988 3891
is_linear=0
shrinkage=0.06


Tree=200
num_leaves=31
num_cat=0
split_feature=7 11 1 21 0 23 23 1 0 21 26 0 1 23 0 21 21 16 17 0 11 21 25 20 11 16 6 21 21 17
split_gain=1.53045 5.84364 6.80175 4.68008 4.41246 4.28672 4.09322 4.57517 4.18651 3.56723 3.19828 3.63742 3.22904 3.11351 3.18106 2.79501 7.78611 6.56444 8.19989 12.5703 10.9686 8.22526 7.17255 6.09835 5.90395 12.5157 7.5179 5.44767 6.89384 9.73009
threshold=1.0000000180025095e-35 0.52704873681068432 54.000000000000007 0.55524525046348583 0.24222226440906527 3.2802079916000371 11.313849925994875 5.0000000000000009 11.101244926452638 0.24158938974142077 2.7127850055694585 5.7245409488677987 41.500000000000007 7.8740422725677499 12.764007568359377 0.069169893860816969 0.057964274659752853 11.500000000000002 2.5000000000000004 19.311052322387699 0.67736247181892406 0.043905356898903854 1.5000000000000002 2.5000000000000004 0.45892314612865454 11.500000000000002 14.900000095367433 0.025386525318026546 0.04125477001070977 2.5000000000000004
decision_type=2 2 2 2 2 2 2 2 2 2 2 2 2 2 2 2 2 2 2 2 2 2 2 2 2 2 2 2 2 2
left_child=1 3 13 4 5 -1 7 -6 -8 -9 -5 -12 -13 -3 -15 16 17 27 21 20 22 -19 -20 -21 -18 -26 -27 -2 -29 -30
right_child=15 2 -4 10 6 -7 8 9 -10 -11 11 12 -14 14 -16 -17 24 18 19 23 -22 -23 -24 -25 25 26 -28 28 29 -31
leaf_value=-0.01159126803081767 0.048147969708032999 -0.028518107559316774 0.010221446063890411 -0.034262059410936484 0.02822163670655925 -0.088898334043982147 -0.038225651281021039 0.0098556538961000143 0.00092162402635601374 -0.0011743883116790955 -0.034017623602310337 0.0199679839583864 -0.021623684671625537 -0.1096200694235646 -0.02481460827741401 0.00076458052330134578 -0.033365713858164628 0.021366379349464337 0.86625511520761145 -0.28257176782868954 -0.19159006477026358 -0.077289875982205422 0.055513453667603935 0.017140913200303594 0.28172184162721331 0.024064423809838278 -0.13785855813379008 -0.058425704714408645 0.041905283907405104 -0.027871724068423219
leaf_weight=1807 376 1176 760 187 647 144 589 5855 855 8823 803 730 896 116 155 166926 2001 519 168 129 83 332 1632 148 161 94 81 732 561 933
leaf_count=1807 376 1176 760 187 647 144 589 5855 855 8823 803 730 896 116 155 166926 2001 519 168 129 83 332 1632 148 161 94 81 732 561 933
internal_value=-1.8597e-05 -0.000472752 -0.00341187 -0.000168729 0.000163462 -0.00253716 0.000477667 0.000765416 -0.00257618 0.000547759 -0.00254587 -0.00196377 -0.000332103 -0.00582585 -0.0116236 4.25444e-05 -0.0010566 0.000154997 0.00206244 0.00402778 0.00578332 -0.00292597 0.00676667 -0.00790614 -0.00396662 0.00339286 -0.00771429 -0.00205227 -0.00318059 -0.000843373
internal_weight=198419 23543 2207 21336 18720 1951 16769 15325 1444 14678 2616 2429 1626 1447 271 174876 7950 5613 3011 2160 1883 851 1800 277 2337 336 175 2602 2226 1494
internal_count=198419 23543 2207 21336 18720 1951 16769 15325 1444 14678 2616 2429 1626 1447 271 174876 7950 5613 3011 2160 1883 851 1800 277 2337 336 175 2602 2226 1494
is_linear=0
shrinkage=0.06


Tree=201
num_leaves=31
num_cat=0
split_feature=1 23 0 11 25 17 16 16 24 21 24 24 0 0 21 21 21 21 21 20 16 17 24 21 16 19 25 21 19 24
split_gain=1.55268 5.2149 7.30936 4.36701 1.88869 5.82934 10.0683 10.1556 11.1268 9.49226 9.46163 8.9734 7.7223 12.4653 8.88705 7.89862 10.0187 11.7817 11.789 10.8488 10.3959 11.36 8.49984 7.14707 8.16356 7.62298 7.11793 7.08587 7.23158 6.89841
threshold=360.00000000000006 6.2878470420837411 25.3781270980835 0.2133271470665932 6.5000000000000009 1.5000000000000002 17.500000000000004 4.5000000000000009 2039.013854980469 0.54489564895629894 2039.013854980469 17350.135742187504 19.748422622680668 32.498483657836921 0.41277636587619787 0.14386009424924853 0.31716257333755499 0.26567594707012182 0.23079120367765429 1.5000000000000002 11.500000000000002 1.0000000180025095e-35 7232.7141113281259 0.18616661429405215 10.500000000000002 33.836162567138679 4.5000000000000009 0.36736646294593817 79.69669342041017 13370.609375000002
decision_type=2 2 2 2 2 2 2 2 2 2 2 2 2 2 2 2 2 2 2 2 2 2 2 2 2 8 2 2 8 2
left_child=4 2 -2 -3 5 6 7 11 -9 10 -8 -1 15 -14 23 22 17 18 19 -17 -19 -22 -10 24 -15 -25 -24 28 -12 -18
right_child=1 3 -4 -5 -6 -7 9 8 12 -11 27 -13 13 14 -16 16 29 20 -20 -21 21 -23 26 25 -26 -27 -28 -29 -30 -31
leaf_value=-0.024662565064342411 0.0096429687614811854 0.036771492432457337 -0.18285292486157456 0.23667629704924947 -0.0018865095928054521 -0.0010953765436994133 -0.10503241867958381 0.10304634209126277 -0.067684953246326812 -0.066704827855626384 0.0073755057237929831 0.062659280957930857 0.10543666773180539 -0.081804021382281891 0.083881766698228541 0.044725894947211894 0.016701405171901287 0.12743316725865905 -0.025056294364037755 -0.0049243103683374477 -0.076053001831998548 0.10649738614173024 0.0091196789998257092 -0.18542881805520572 0.17914012779808614 -0.041030341158542427 -0.063481788434031655 0.030503267140401403 -0.035770687209801373 -0.010809187746925275
leaf_weight=2214 3075 496 253 149 97926 69384 132 509 319 620 1711 121 966 90 419 2359 4656 617 1164 1305 236 325 1958 94 195 425 704 1206 1694 3097
leaf_count=2214 3075 496 253 149 97926 69384 132 509 319 620 1711 121 966 90 419 2359 4656 617 1164 1305 236 325 1958 94 195 425 704 1206 1694 3097
internal_value=-1.88994e-05 0.0011553 0.000198317 0.00609302 -4.28911e-05 0.000145462 0.000891067 0.00146466 0.00191378 -0.00143763 -0.000524984 -0.00227409 0.00167838 0.00502969 0.00100572 0.00124014 0.00184679 0.00368631 0.00237365 0.00404476 0.00906621 0.00315508 -0.00155988 -0.00268657 0.00494737 -0.00687861 -0.000450789 -7.1568e-05 -0.00147137 0.000421772
internal_weight=198419 3973 3328 645 194446 96520 27136 21773 19438 5363 4743 2335 18929 2189 1223 16740 13759 6006 4828 3664 1178 561 2981 804 285 519 2662 4611 3405 7753
internal_count=198419 3973 3328 645 194446 96520 27136 21773 19438 5363 4743 2335 18929 2189 1223 16740 13759 6006 4828 3664 1178 561 2981 804 285 519 2662 4611 3405 7753
is_linear=0
shrinkage=0.06


Tree=202
num_leaves=31
num_cat=0
split_feature=18 5 21 18 24 20 11 16 25 1 21 21 0 19 25 24 1 11 20 21 24 19 18 1 21 27 23 19 26 14
split_gain=1.60142 3.56651 5.99952 3.80507 3.51558 3.35092 3.17898 3.98635 4.1939 5.59505 3.81442 3.58234 3.13035 5.31061 5.60401 3.39583 3.16482 2.89613 3.86284 2.65755 2.59826 2.57959 4.78176 2.70953 2.4076 2.28928 2.28316 3.39857 2.22409 2.02075
threshold=8.1126699447631854 10.500000000000002 0.4718859344720841 20.082914352416996 6703.2258300781259 1.0000000180025095e-35 0.4164611697196961 19.500000000000004 3.5000000000000004 72.500000000000014 0.32029043138027197 0.22241626679897311 34.128473281860359 32.063882827758796 10.500000000000002 14377.534179687502 184.50000000000003 0.72573435306549083 2.5000000000000004 0.26247824728488928 12375.156250000002 45.332105636596687 31.034542083740238 81.000000000000014 0.34174674749374395 16.232394218444828 3.2802079916000371 63.66430854797364 21.898127555847172 1.0000000180025095e-35
decision_type=2 2 2 2 2 2 2 2 2 2 2 2 2 10 2 2 2 2 2 2 2 10 2 2 2 2 2 10 2 2
left_child=29 4 3 20 5 -2 7 8 9 -6 -11 25 13 -10 15 16 26 18 -13 -16 24 22 23 -14 -3 -8 27 28 -15 -1
right_child=1 2 -4 -5 6 -7 11 -9 12 10 -12 17 21 14 19 -17 -18 -19 -20 -21 -22 -23 -24 -25 -26 -27 -28 -29 -30 -31
leaf_value=-0.00018069985679737498 0.029824958209508451 0.18513183919832832 0.17413589612675107 -0.09685455606791521 0.022599113419628978 -0.10055445960592166 0.089745218042744448 -0.06626069878608902 -0.068924150739315806 -0.14435380757148331 -0.072572834933259917 -0.027663491402926892 0.019245744238558585 0.061995638784721661 0.012018250213949635 -0.10843097990552433 -0.084877192072465801 -0.08521304178783197 0.064716698427671845 0.074832365026488365 -0.012891308513040087 -0.027334877167434116 -0.0030789719281071369 0.17461093237662892 0.0018685488959858975 0.019384213809455951 -0.024815203181443726 0.12814736871765603 -0.059440876160663923 0.016523186972959819
leaf_weight=190357 87 124 131 150 141 301 127 351 158 110 180 226 98 137 127 156 169 91 127 130 159 205 223 167 86 100 169 89 90 3653
leaf_count=190357 87 124 131 150 141 301 127 351 158 110 180 226 98 137 127 156 169 91 127 130 159 205 223 167 86 100 169 89 90 3653
internal_value=-1.92018e-05 -0.00114992 0.00295385 5.78035e-05 -0.00185954 -0.00726804 -0.00123702 -0.00215556 -0.00126437 -0.00661253 -0.0113793 0.00245902 -6.25652e-05 -0.00188571 -0.000365511 -0.00281481 -0.000917431 -0.000675676 0.0017847 0.00735409 0.00333333 0.00316017 0.00553279 0.0109811 0.00771429 0.00859031 0.00154639 0.00455696 0.000660793 6.49451e-06
internal_weight=198419 4409 650 519 3759 388 3371 2700 2349 431 290 671 1918 1225 1067 810 654 444 353 257 369 693 488 265 210 227 485 316 227 194010
internal_count=198419 4409 650 519 3759 388 3371 2700 2349 431 290 671 1918 1225 1067 810 654 444 353 257 369 693 488 265 210 227 485 316 227 194010
is_linear=0
shrinkage=0.06


Tree=203
num_leaves=31
num_cat=0
split_feature=26 16 11 19 19 4 11 23 24 17 27 20 17 0 21 24 24 21 21 20 26 21 21 0 18 27 27 18 18 23
split_gain=1.53019 3.01268 3.31307 6.08519 4.55565 3.76848 3.74152 3.22184 5.98071 3.80695 4.45931 3.70114 3.16935 3.13588 4.77353 4.05006 3.88599 5.47622 3.38139 3.05842 3.0491 2.89637 4.91502 3.1546 5.37576 3.19201 9.20303 3.5175 3.11203 3.93532
threshold=8.709571838378908 18.500000000000004 0.72573435306549083 80.667282104492202 95.400451660156264 279.50000000000006 0.70235082507133495 6.2878470420837411 16412.251953125004 2.5000000000000004 13.111247539520265 2.5000000000000004 1.5000000000000002 8.9045305252075213 0.26247824728488928 7393.0002441406259 9606.5390625000018 0.18244930356740954 0.17628498375415805 1.0000000180025095e-35 3.8423947095870976 0.033042430877685554 0.025386525318026546 65.666522979736342 -0.99982944130897511 8.7046318054199237 13.841183662414553 -2.1214721202850337 -0.47442065179347986 0.087454974651336684
decision_type=2 2 2 10 10 2 2 2 2 2 2 2 2 2 2 2 2 2 2 2 2 2 2 2 2 2 2 2 2 2
left_child=1 2 6 5 -5 -4 21 13 9 -9 -11 -12 -8 15 16 -3 18 -18 -15 -17 -19 22 -1 -23 25 -25 -27 -28 -26 -30
right_child=-2 7 3 4 -6 -7 12 8 -10 10 11 -13 -14 14 -16 19 17 20 -20 -21 -22 23 -24 24 28 26 27 -29 29 -31
leaf_value=0.00062384319682143644 0.00066304377013455703 -0.022431711298593039 -0.059628589773922616 0.083779227111687893 -0.050512168868200841 0.074580888374442877 -0.0040998757977425623 0.0737236292540005 -0.075904499058534344 0.059491884693375352 -0.033098604932314042 0.097466968524186334 0.15097748701539881 0.020685500947286592 -0.030136966874440389 0.043262008835920122 -0.011824042554874693 0.18005825114275636 -0.089407781167708575 0.0072273367969533896 0.064585416617178232 -0.0037341264009512539 -0.071690608815333859 0.13028029791861415 -0.075314589087603842 -0.078586200928218372 0.051879281800567584 0.21901590571324603 0.070882890058378084 -0.027548177335804096
leaf_weight=226 145068 797 749 186 85 92 128 447 132 311 310 112 175 163 1663 956 269 111 161 2983 142 41589 156 134 84 127 156 100 410 397
leaf_count=226 145068 797 749 186 85 92 128 447 132 311 310 112 175 163 1663 956 269 111 161 2983 142 41589 156 134 84 127 156 100 410 397
internal_value=-1.70851e-05 -0.000291841 -0.000488905 -0.00372302 0.00409594 -0.00624257 -0.000406575 0.000739745 0.00347561 0.00483051 0.00216917 -0.00184834 0.00623762 0.000244306 -0.00147071 0.00115287 0.00219858 0.0054023 -0.00296296 0.00194212 0.0117391 -0.000452984 -0.00565445 -0.000406773 0.00238636 0.00725338 0.00446475 0.0110156 -0.00043771 0.00070632
internal_weight=198419 53351 44794 1112 271 841 43682 8557 1312 1180 733 422 303 7245 2509 4736 846 522 324 3939 253 43379 382 42997 1408 517 383 256 891 807
internal_count=198419 53351 44794 1112 271 841 43682 8557 1312 1180 733 422 303 7245 2509 4736 846 522 324 3939 253 43379 382 42997 1408 517 383 256 891 807
is_linear=0
shrinkage=0.06


Tree=204
num_leaves=31
num_cat=0
split_feature=25 21 24 24 17 16 20 24 20 16 17 24 24 21 21 21 26 27 0 11 24 24 16 4 20 20 16 2 24 18
split_gain=1.53783 11.1588 7.46697 8.36893 9.77535 9.51933 9.34587 8.93789 7.04155 7.10861 6.66312 6.5398 10.6164 11.0137 8.68382 7.56756 6.56889 5.89414 5.867 5.80794 5.64962 7.26516 5.64895 6.96256 5.94329 5.64639 22.409 9.88906 7.31144 6.48933
threshold=1.5000000000000002 0.033042430877685554 8607.9941406250018 7111.3327636718759 5.5000000000000009 9.5000000000000018 1.5000000000000002 6487.3454589843759 1.5000000000000002 11.500000000000002 4.5000000000000009 11952.073242187502 15240.412109375002 0.30741475522518164 0.26463150978088384 0.28850366175174719 24.000289916992191 15.958072185516359 10.519749164581301 0.50419721007347118 15592.574218750002 15682.521484375002 14.500000000000002 142.50000000000003 2.5000000000000004 1.0000000180025095e-35 14.500000000000002 3.5000000000000004 14462.160644531252 -3.35024082660675
decision_type=2 2 2 2 2 2 2 2 2 2 2 2 2 2 2 2 2 2 2 2 2 2 2 2 2 2 2 2 2 2
left_child=1 -1 3 7 6 -6 -5 -3 25 20 -8 14 13 -13 -11 -14 -16 -15 -12 -7 -10 -22 23 -9 -24 28 27 -27 29 -4
right_child=-2 2 8 4 5 19 10 22 9 11 18 12 15 17 16 -17 -18 -19 -20 -21 21 -23 24 -25 -26 26 -28 -29 -30 -31
leaf_value=-0.10177713001416781 0.00025858141488406262 0.010787166249984463 0.023853901251459277 0.036770554137159024 0.17807733077174351 0.077300051952355231 0.0250705948277988 -0.030884588218076582 0.007408907907255546 -0.056991619072897938 -0.1088389671680124 0.061839670857496809 -0.070851370185396473 0.0092298737365543101 -0.015141416172888089 -0.018902070321162368 0.098791674909895821 -0.092305620127964963 -0.0094951105192052406 -0.11519372694770888 0.42001337092613011 0.040499387024004956 -0.11004500476680648 -0.13249022447954659 0.069963961596738303 -0.048912169240065813 0.0060835369019406425 -0.13125707329641792 0.023585092199569467 -0.042958297205050809
leaf_weight=178 181313 2592 267 722 137 129 581 232 2569 892 98 819 302 239 573 813 125 171 83 93 87 579 199 140 196 383 866 401 1081 1559
leaf_count=178 181313 2592 267 722 137 129 581 232 2569 892 98 819 302 239 573 813 125 171 83 93 87 579 199 140 196 383 866 401 1081 1559
internal_value=-1.73874e-05 -0.000561207 -0.000404064 0.00148789 0.00473684 0.0136212 0.0025876 -0.000294731 -0.00124339 -7.11396e-05 -0.00204724 -0.00178444 0.000230375 0.00407648 -0.00475472 -0.00400897 0.00025788 -0.00395122 -0.0120994 0.00594595 0.00201236 0.00693694 -0.00598435 -0.0112903 -0.000987342 -0.00308756 -0.00589091 -0.0132398 -0.00149639 -0.00381161
internal_weight=198419 17106 16928 5202 1843 359 1484 3359 11726 7169 762 3934 2344 1229 1590 1115 698 410 181 222 3235 666 767 372 395 4557 1650 784 2907 1826
internal_count=198419 17106 16928 5202 1843 359 1484 3359 11726 7169 762 3934 2344 1229 1590 1115 698 410 181 222 3235 666 767 372 395 4557 1650 784 2907 1826
is_linear=0
shrinkage=0.06


Tree=205
num_leaves=31
num_cat=0
split_feature=18 11 16 0 6 11 18 0 23 0 21 24 26 16 17 21 11 23 11 21 27 17 19 18 18 23 5 24 27 24
split_gain=1.53367 3.40115 6.23396 3.77995 6.05001 5.31461 4.22965 4.71817 4.14386 6.02327 5.68207 4.73675 4.43206 4.34622 7.4256 6.84422 7.58451 6.32211 7.08965 6.27236 5.46212 5.62437 5.04014 4.23039 3.95721 3.83619 3.92895 3.80808 3.7628 3.9709
threshold=1.3295233249664309 0.66876187920570385 18.500000000000004 11.101244926452638 10.84999990463257 0.64290335774421703 1.5929386019706728 29.780868530273441 23.276655197143558 22.482932090759281 0.051596859470009811 11188.384277343752 26.14304351806641 11.500000000000002 4.5000000000000009 0.18130980432033542 0.2663626372814179 19.834116935729984 0.53217023611068737 0.20761293917894366 5.5514674186706552 2.5000000000000004 74.692401885986342 5.4287929534912118 9.0773310661315936 17.315505027771 6.5000000000000009 12332.306152343752 11.623192310333254 9509.2387695312518
decision_type=2 2 2 2 2 2 2 2 2 2 2 2 2 2 2 2 2 2 2 2 2 2 10 2 2 2 2 2 2 2
left_child=-1 3 -3 -2 6 8 7 -5 10 -10 -6 25 13 14 15 -13 -17 18 20 -16 21 -15 -22 27 -8 26 -12 -14 -28 -30
right_child=1 2 -4 4 5 -7 24 -9 9 -11 11 12 23 17 19 16 -18 -19 -20 -21 22 -23 -24 -25 -26 -27 28 -29 29 -31
leaf_value=0.00057394428205334688 0.0018791660588818714 -0.029792789791520578 0.028808251570532961 -0.044126777576949258 0.13246506956701354 0.072637044100497442 0.010515544664214537 0.07132429317662442 -0.053695944493406492 0.15931076721165247 -0.062212043636555109 0.1026452432393906 0.01929634406230761 0.27697860879680108 -0.065637444886181298 -0.052886044298444616 0.085485802641796838 -0.13052351755850522 -0.19293483570105593 0.12040928468851653 -0.026761191700094056 -0.014004580994589321 0.079817285752963721 0.011228976769683045 -0.012338033364268454 -0.095108066304604569 -0.052366599624285561 -0.10717939156313441 0.022577772819530582 -0.050365144727893774
leaf_weight=155059 24447 2638 560 429 211 134 5172 149 126 194 1420 133 99 95 84 769 259 93 107 425 1075 98 182 275 1547 201 798 496 831 313
leaf_count=155059 24447 2638 560 429 211 134 5172 149 126 194 1420 133 99 95 84 769 259 93 107 425 1075 98 182 275 1547 201 798 496 831 313
internal_value=-1.52707e-05 -0.00033072 -0.00221388 -0.000180768 -0.000906777 -0.00200285 0.000357681 -0.00456747 -0.00219459 0.0045 -0.00246359 -0.00272798 -0.00136038 -0.000361446 0.00179641 -0.000852713 -0.00250973 -0.00254545 -0.00163776 0.0078389 -0.000537931 0.0088601 -0.00198091 -0.00517241 0.000781366 -0.00433623 -0.00385485 -0.00801681 -0.00210093 0.000104895
internal_weight=198419 43360 3198 40162 15715 8418 7297 578 8284 320 7964 7753 4190 3320 1670 1161 1028 1650 1557 509 1450 193 1257 870 6719 3563 3362 595 1942 1144
internal_count=198419 43360 3198 40162 15715 8418 7297 578 8284 320 7964 7753 4190 3320 1670 1161 1028 1650 1557 509 1450 193 1257 870 6719 3563 3362 595 1942 1144
is_linear=0
shrinkage=0.06


Tree=206
num_leaves=31
num_cat=0
split_feature=24 24 21 16 21 25 16 6 26 0 0 0 0 16 4 20 24 20 16 0 17 0 21 24 18 21 0 0 0 0
split_gain=1.42855 4.09114 4.03967 5.13433 4.6526 4.30182 7.85138 5.82588 4.84615 4.59129 4.09591 7.23066 7.1114 3.88935 3.61094 3.40812 3.09303 7.77743 7.51544 6.63664 5.53806 5.80452 3.7138 7.63896 6.61093 5.99391 7.99778 8.64237 6.04209 5.50351
threshold=2039.013854980469 1429.7474365234377 0.28577227890491491 21.500000000000004 0.38997814059257513 1.5000000000000002 17.500000000000004 10.84999990463257 9.8883337974548358 0.47237035632133489 23.120385169982914 8.8093581199646014 51.080162048339851 14.500000000000002 205.00000000000003 1.5000000000000002 6432.6215820312509 3.5000000000000004 12.500000000000002 10.88622045516968 3.5000000000000004 7.760831594467164 0.26567594707012182 6278.3269042968759 -0.057083832100033753 0.21138186007738116 9.9253177642822283 37.445917129516609 86.781265258789077 14.579007625579836
decision_type=2 2 2 2 2 2 2 2 2 2 2 2 2 2 2 2 2 2 2 2 2 2 2 2 2 2 2 2 2 2
left_child=1 -1 5 4 14 6 8 -7 -3 -9 11 13 -12 15 -4 -6 17 22 20 -20 21 -19 25 24 -24 -2 -27 -28 -29 -25
right_child=16 2 3 -5 10 7 -8 9 -10 -11 12 -13 -14 -15 -16 -17 -18 18 19 -21 -22 -23 23 29 -26 26 27 28 -30 -31
leaf_value=0.0048398673597635786 0.0015518611933943527 0.22450580972804729 0.012863938925636488 -0.11358044440022631 0.055398282417916903 -0.012720696591229569 -0.11739538356710774 -0.011156359533618288 -0.0095563011327836015 -0.12772408321845488 0.12594561153444364 -0.10126558411990355 -0.10041723715886774 -0.092547061965621166 0.1204868192802885 -0.049049822200665165 -0.00037897572847308322 0.098122850868541195 -0.020433499914524089 0.10188374842571597 0.35961774653933343 0.0013214884238625358 0.032001818716428515 -0.026232464419365858 -0.022124266881656522 0.070256154381133779 -0.09183853729264306 0.29723968758468361 -0.031436777886257518 -0.11506509008601284
leaf_weight=2737 2931 125 378 109 159 414 86 118 153 402 184 191 107 104 116 86 184700 242 607 129 190 278 936 1000 916 487 149 158 111 116
leaf_count=2737 2931 125 378 109 159 414 86 118 153 402 184 191 107 104 116 86 184700 242 607 129 190 278 936 1000 916 487 149 158 111 116
internal_value=-1.46659e-05 -0.000970927 -0.00261347 -0.00041841 0.000611321 -0.00503852 0.000494505 -0.00719486 0.00539568 -0.0114231 -0.00212996 -0.00522222 0.00360825 -8.59599e-05 0.00522267 0.00404082 1.24385e-05 0.00114909 0.00514523 0.000896739 0.0095493 0.00634615 0.000299824 -0.0012938 0.00106911 0.00153285 0.0058011 -0.000287081 0.00613383 -0.00521505
internal_weight=198419 5469 2732 1434 1325 1298 364 934 278 520 831 540 291 349 494 245 192950 8250 1446 736 710 520 6804 2968 1852 3836 905 418 269 1116
internal_count=198419 5469 2732 1434 1325 1298 364 934 278 520 831 540 291 349 494 245 192950 8250 1446 736 710 520 6804 2968 1852 3836 905 418 269 1116
is_linear=0
shrinkage=0.06


Tree=207
num_leaves=31
num_cat=0
split_feature=1 14 0 11 23 23 0 2 21 21 21 17 1 23 17 11 2 21 23 2 25 23 24 23 0 11 0 27 21 23
split_gain=1.42213 4.47294 4.86002 5.08142 2.58826 2.47784 3.13634 2.28287 1.83874 1.82007 2.5802 1.76196 1.62798 7.09815 9.65857 6.70056 6.51815 5.95175 5.94968 5.7738 5.70282 7.31038 5.59874 5.80421 5.40724 8.00091 5.03536 4.90716 5.09768 4.83607
threshold=360.00000000000006 1.0000000180025095e-35 7.8263909816741952 0.62687611579895031 6.2878470420837411 13.512108802795412 24.521744728088382 6.5000000000000009 0.19260819256305697 0.57403510808944713 0.3982848078012467 4.5000000000000009 224.00000000000003 11.868320941925051 5.5000000000000009 0.26825551688671118 6.5000000000000009 0.40094302594661718 11.283502101898195 6.5000000000000009 10.500000000000002 12.58334255218506 12004.941894531252 14.245416641235353 4.3925654888153085 0.68628680706024181 12.188961982727053 19.045413017272953 0.2010445445775986 13.117848396301271
decision_type=2 2 2 2 2 2 2 2 2 2 2 2 2 2 2 2 2 2 2 2 2 2 2 2 2 2 2 2 2 2
left_child=12 2 4 5 8 6 9 -6 -2 10 -4 -9 29 18 15 20 -16 -18 24 -20 21 -15 -23 -24 -14 -26 -21 28 -17 -1
right_child=1 -3 3 -5 7 -7 -8 11 -10 -11 -12 -13 13 14 16 27 17 -19 19 26 -22 22 23 -25 25 -27 -28 -29 -30 -31
leaf_value=0.0010454395893976275 -0.011925724146586214 0.47425964024282002 -0.0090635697437169063 0.14279236241207102 0.20733287613122356 0.16575902511206692 -0.19416170475938116 0.0094944205623916922 0.025734948389306636 0.046067952383051579 -0.069220729592432736 0.12054098188807894 0.0027665783487993332 0.14700726826478711 -0.00653394498640111 -0.013730231900801861 0.077044982507866913 0.50052611943283387 0.048378475965047338 -0.047365791780316899 0.15631406528130662 -0.0051511455172381917 -0.16108098938712273 -0.037245830609484935 -0.010836168731040185 0.044924290251499244 -0.26192685477869626 0.27014709520121388 0.1681058518095673 -0.010906014743155694
leaf_weight=138569 488 94 721 85 90 80 263 200 1513 116 225 98 16236 229 192 216 277 246 83 123 263 898 229 472 26806 1361 103 126 152 7865
leaf_count=138569 488 94 721 85 90 80 263 200 1513 116 225 98 16236 229 192 216 277 246 83 123 263 898 229 472 26806 1361 103 126 152 7865
internal_value=-1.37588e-05 0.00110999 0.000796597 -0.00189262 0.00247384 -0.00275445 -0.00337358 0.00695876 0.0016042 -0.0019209 -0.0027907 0.00442953 -3.67197e-05 -0.000339915 0.00234545 0.000638298 0.00851748 0.0119885 -0.000538111 -0.00883495 -0.000846485 -0.00203501 -0.00347092 -0.0074893 -0.000480373 -0.000983065 -0.0138053 0.00692308 0.00342391 6.26904e-05
internal_weight=198419 3973 3879 1490 2389 1405 1325 388 2001 1062 946 298 194446 48012 3300 2585 715 523 44712 309 2091 1828 1599 701 44403 28167 226 494 368 146434
internal_count=198419 3973 3879 1490 2389 1405 1325 388 2001 1062 946 298 194446 48012 3300 2585 715 523 44712 309 2091 1828 1599 701 44403 28167 226 494 368 146434
is_linear=0
shrinkage=0.06


Tree=208
num_leaves=31
num_cat=0
split_feature=24 27 27 0 0 19 20 3 25 0 16 3 26 16 27 19 11 17 0 0 19 16 3 19 27 0 24 21 24 23
split_gain=1.46976 3.87217 4.55037 4.51886 6.30434 7.69328 4.5585 4.21367 4.12608 3.66769 3.47111 3.3019 4.50494 4.23981 3.29364 5.84514 3.42475 3.31155 6.65507 4.09968 5.3944 4.26484 3.92236 3.44701 3.10413 3.02793 3.10359 4.07806 2.92027 6.4922
threshold=2039.013854980469 2.5404263734817509 3.7307413816452031 39.752513885498054 16.453348159790043 24.510017395019535 1.0000000180025095e-35 104.00000000000001 1.5000000000000002 18.96811676025391 20.500000000000004 211.00000000000003 14.417377948760988 9.5000000000000018 22.307086944580082 81.190879821777358 0.62189799547195446 4.5000000000000009 5.1373994350433358 10.88622045516968 79.560016632080092 17.500000000000004 169.00000000000003 31.455172538757328 6.6446123123168954 9.0571827888488787 1613.7940673828127 0.47451655566692358 6432.6215820312509 12.495970249176027
decision_type=2 2 2 2 2 10 2 2 2 2 2 2 2 2 2 10 2 2 2 2 8 2 2 10 2 2 2 2 2 2
left_child=1 -1 -3 4 6 -6 10 -5 -9 -7 11 12 13 -4 16 -16 17 19 -19 21 -21 23 -20 -8 -11 26 27 -25 29 -2
right_child=28 2 3 7 5 9 14 8 -10 24 -12 -13 -14 -15 15 -17 -18 18 22 20 -22 -23 -24 25 -26 -27 -28 -29 -30 -31
leaf_value=0.080664181670158402 0.0064784863967777533 -0.075288053068569533 0.060272115254835987 0.0018996295020986052 0.48046664708943643 0.095516363016944938 0.072809734125728928 -0.0083327529409542925 -0.20302729241316186 0.09902637678076022 0.054695412552586191 -0.11331423394128026 -0.061252967938765508 -0.018108993090257538 0.0001493548760552854 0.14629175804664243 -0.16902468952472952 0.0047540756464721752 -0.03439610775833718 0.18573957033722752 -0.0046363426499542587 -0.063720726195678146 -0.10626833165867856 0.14589975053420956 -0.017051784829508348 -0.058081271737673724 -0.016908610975089736 0.013305477686808821 -0.00030197990582025991 0.13629741730917794
leaf_weight=137 8067 255 115 171 98 85 195 85 145 92 81 212 357 172 275 126 81 766 300 146 133 206 182 97 319 131 263 244 184700 183
leaf_count=137 8067 255 115 171 98 85 195 85 145 92 81 212 357 172 275 126 81 766 300 146 133 206 182 97 319 131 263 244 184700 183
internal_value=-1.19444e-05 -0.000981898 -0.00123781 -0.000844987 -0.000320787 0.00545455 -0.0011612 -0.00695761 -0.0122609 0.00241935 -0.00483458 -0.00595794 -0.00381988 0.001777 -6.67727e-05 0.00501247 -0.000809038 -0.000439354 -0.00269231 0.0015477 0.00806452 -5.28169e-05 -0.00821577 0.00167742 7.29927e-05 -0.000204082 0.0015894 0.00536657 1.55481e-05 0.00112
internal_weight=198419 5469 5332 5077 4676 594 4082 401 230 496 937 856 644 287 3145 401 2744 2663 1248 1415 279 1136 482 930 411 735 604 341 192950 8250
internal_count=198419 5469 5332 5077 4676 594 4082 401 230 496 937 856 644 287 3145 401 2744 2663 1248 1415 279 1136 482 930 411 735 604 341 192950 8250
is_linear=0
shrinkage=0.06


Tree=209
num_leaves=31
num_cat=0
split_feature=7 11 1 21 14 0 0 1 23 23 21 0 21 21 16 17 0 11 21 16 17 23 25 14 17 20 20 0 0 11
split_gain=1.47479 4.57642 5.58222 4.3611 4.59766 4.14328 3.7456 9.14408 9.22544 5.54914 3.77702 3.09679 2.63511 6.91478 5.84589 7.97467 10.0106 8.49281 7.75949 5.08885 9.39448 7.92772 5.91726 5.74589 4.79841 11.3699 6.71066 5.15036 5.35538 6.60605
threshold=1.0000000180025095e-35 0.52704873681068432 54.000000000000007 0.11913262307643892 1.0000000180025095e-35 10.776923656463625 5.6700773239135751 41.500000000000007 19.682042121887211 7.650088071823121 0.57018676400184642 3.150883793830872 0.069169893860816969 0.057964274659752853 11.500000000000002 2.5000000000000004 57.770694732666023 0.67736247181892406 0.033042430877685554 19.500000000000004 3.5000000000000004 1.4634689092636111 3.5000000000000004 1.0000000180025095e-35 2.5000000000000004 3.5000000000000004 3.5000000000000004 25.3781270980835 8.2435984611511248 0.59399461746215831
decision_type=2 2 2 2 2 2 2 2 2 2 2 2 2 2 2 2 2 2 2 2 2 2 2 2 2 2 2 2 2 2
left_child=1 3 11 4 5 -1 9 8 -8 10 -5 -3 13 14 24 18 17 19 -16 20 -17 22 -22 -24 25 -2 27 28 29 -26
right_child=12 2 -4 6 -6 -7 7 -9 -10 -11 -12 -13 -14 -15 15 16 -18 -19 -20 -21 21 -23 23 -25 26 -27 -28 -29 -30 -31
leaf_value=0.0074899397840956184 -0.010639493891246533 -0.092554506905108302 0.0086979379649189427 -0.003566367093086705 -0.11421437938897269 0.050683364596771287 0.014831515111026405 -0.011087499502197921 -0.048080811603813202 -0.058184480974891421 -0.032440624397014783 -0.026554604581304771 0.00073204992411633361 -0.025627919842601928 0.10529349899485457 0.18390202737051281 -0.41002912887567644 -0.17759244692730913 -0.045429521740546618 -0.0056839183771093 0.18217824250906012 0.13612857637369274 -0.017665543597047795 0.28930291945396786 -0.015257811548124254 0.17681786082793202 -0.10694404267557699 0.11169703415645557 -0.095122327210760457 0.14159773721760952
leaf_weight=2019 611 114 760 7320 108 464 4712 5383 179 418 733 1333 166926 2337 170 483 89 83 681 385 81 347 562 130 1021 184 337 97 260 92
leaf_count=2019 611 114 760 7320 108 464 4712 5383 179 418 733 1333 166926 2337 170 483 89 83 681 385 81 347 562 130 1021 184 337 97 260 92
internal_value=-1.1642e-05 -0.000457461 -0.00305845 -0.000188414 0.00211887 0.00264599 -0.000507335 0.000262799 0.00214067 -0.00144139 -0.00109152 -0.00524534 4.83771e-05 -0.00101887 0.000122929 0.00192295 0.00386111 0.00470787 -0.00299647 0.00549296 0.00698066 0.00396429 0.000582147 -0.00121387 -0.00196003 0.00192453 -0.00366906 -0.00191837 -0.00286235 -0.00105121
internal_weight=198419 23543 2207 21336 2591 2483 18745 10274 4891 8471 8053 1447 174876 7950 5613 3011 2160 2071 851 1988 1603 1120 773 692 2602 795 1807 1470 1373 1113
internal_count=198419 23543 2207 21336 2591 2483 18745 10274 4891 8471 8053 1447 174876 7950 5613 3011 2160 2071 851 1988 1603 1120 773 692 2602 795 1807 1470 1373 1113
is_linear=0
shrinkage=0.06


Tree=210
num_leaves=31
num_cat=0
split_feature=21 11 17 2 21 16 23 0 24 25 21 25 17 24 21 17 19 20 21 17 25 0 25 16 23 19 26 23 0 25
split_gain=1.5497 5.10569 6.07221 5.71354 5.23112 4.61539 10.1447 6.77607 6.32647 8.18477 7.98352 7.34003 6.26064 8.21842 5.31938 8.6546 4.5778 4.33587 4.07573 6.79742 6.40797 4.83539 4.83331 4.14617 6.83281 3.9782 3.73201 3.69062 3.68815 3.64299
threshold=0.069169893860816969 0.42220656573772436 3.5000000000000004 2.5000000000000004 0.025386525318026546 11.500000000000002 16.729687690734867 7.692392349243165 7189.9912109375009 5.5000000000000009 0.043905356898903854 7.5000000000000009 5.5000000000000009 10484.014160156252 0.04125477001070977 4.5000000000000009 50.202934265136726 1.5000000000000002 0.07383566722273828 3.5000000000000004 7.5000000000000009 2.0976994037628178 7.5000000000000009 16.500000000000004 8.1426835060119647 78.641563415527358 27.556073188781742 0.35717251896858221 4.6570305824279794 2.5000000000000004
decision_type=2 2 2 2 2 2 2 2 2 2 2 2 2 2 2 2 10 2 2 2 2 2 2 2 2 10 2 2 2 2
left_child=1 3 16 27 -5 7 8 14 17 12 -11 -12 13 29 15 -6 -3 -7 19 21 -21 -2 -23 26 -25 -9 -24 -1 -15 -10
right_child=18 2 -4 4 5 6 -8 25 9 10 11 -13 -14 28 -16 -17 -18 -19 -20 20 -22 22 23 24 -26 -27 -28 -29 -30 -31
leaf_value=-0.0026087875275100235 0.040809445511912172 -0.0015505880857432251 -0.064793859501890011 0.060119914292684977 -0.088174847329568262 0.0025140573311523951 -0.16490323755328806 -0.052456959346246369 -0.025312067219630696 0.20434755538480087 0.055108261165686921 -0.022698195007842811 0.077384640011681521 -0.042406288808178906 -0.0068114949424641757 0.020395806349047932 0.088477825178906816 1.0102570011043088 -4.3604679346995743e-05 0.11629252437135849 0.031765197790580575 -0.04134170580330121 -0.026581965019162389 -0.0097228183491283367 0.12853344527389979 -0.1365753924570717 0.087178991101111908 0.030139537946665244 -0.11559429488576062 0.09754222659261319
leaf_weight=1895 293 313 209 470 297 136 113 424 122 256 313 574 187 296 1237 128 584 127 187546 168 373 223 468 128 86 186 105 783 248 131
leaf_count=1895 293 313 209 470 297 136 113 424 122 256 313 574 187 296 1237 128 584 127 187546 168 373 223 468 128 86 186 105 783 248 131
internal_value=-1.28516e-05 -0.000780817 0.00303797 -0.0013139 -0.0024652 -0.00305969 -0.00128246 -0.00501761 -0.000451883 -0.00153738 0.00191601 -0.000777903 -0.00554878 -0.007867 -0.00303249 -0.00882353 0.00518395 0.008327 2.37605e-05 0.0028308 0.00848429 0.0004835 -0.00148515 0.000724269 0.00785047 -0.0104262 -0.00193717 0.000941001 -0.0120221 0.00106719
internal_weight=198419 9029 1106 7923 5245 4775 2503 2272 2390 2127 1143 887 984 797 1662 425 897 263 189390 1844 541 1303 1010 787 214 610 573 2678 544 253
internal_count=198419 9029 1106 7923 5245 4775 2503 2272 2390 2127 1143 887 984 797 1662 425 897 263 189390 1844 541 1303 1010 787 214 610 573 2678 544 253
is_linear=0
shrinkage=0.06


Tree=211
num_leaves=31
num_cat=0
split_feature=25 21 24 24 17 16 20 24 20 16 11 24 27 17 21 21 0 21 11 17 16 0 0 0 3 16 21 27 16 16
split_gain=1.48965 9.25518 6.49908 8.01996 9.83752 9.7837 7.95177 7.94895 6.19159 6.74957 8.3329 9.37605 6.73319 6.00982 5.73921 6.10876 5.78007 6.99422 5.37482 5.33566 5.92591 5.31531 5.22296 4.95035 5.41619 4.90011 5.65094 5.89453 5.3869 4.80873
threshold=1.5000000000000002 0.033042430877685554 8607.9941406250018 7111.3327636718759 5.5000000000000009 16.500000000000004 1.5000000000000002 6487.3454589843759 1.5000000000000002 10.500000000000002 0.33985757827758795 10713.166015625002 2.8970168828964238 4.5000000000000009 0.13758362084627154 0.10105558112263681 48.56915473937989 0.30021543800830847 0.58095309138298046 2.5000000000000004 8.5000000000000018 9.3691916465759295 10.519749164581301 2.6447273492813115 186.50000000000003 18.500000000000004 0.14386009424924853 16.564599037170414 12.500000000000002 14.500000000000002
decision_type=2 2 2 2 2 2 2 2 2 2 2 2 2 2 2 2 2 2 2 2 2 2 2 2 2 2 2 2 2 2
left_child=1 -1 3 7 6 -6 23 25 18 -10 11 -11 -13 19 15 -14 17 -16 -4 20 -8 -17 -15 -5 -25 26 28 -28 -3 -9
right_child=-2 2 8 4 5 -7 13 29 9 10 -12 12 14 22 16 21 -18 -19 -20 -21 -22 -23 -24 24 -26 -27 27 -29 -30 -31
leaf_value=-0.09277741467846079 0.00026894445446684401 0.026106396207844867 -0.023282179412763958 0.076312041589213189 0.1226045987514226 -0.016297221724652929 -0.08724900454229749 -0.07389547037302778 0.022954044542946708 -0.048885864535769777 0.072712677023525546 0.1101123820587744 -0.04546296461125305 -0.10245787570962932 -0.060813784569957396 0.11057546104192009 -0.14619599846088463 0.00013328273676532554 0.086622624917152349 0.13286242366951154 0.023468746729215367 0.0062331592817752223 -0.0090230162969689321 -0.0019491550758773712 0.088490927035554973 -0.028118462554456849 -0.010454395380934466 0.04196384755517181 0.81213025749742229 -0.018101779828597949
leaf_weight=178 181313 177 4384 228 248 111 97 372 2968 857 464 137 199 98 445 209 225 1475 173 189 295 190 83 335 159 441 1180 656 138 395
leaf_count=178 181313 177 4384 228 248 111 97 372 2968 857 464 137 199 98 445 209 225 1475 173 189 295 190 83 335 159 441 1180 656 138 395
internal_value=-1.19444e-05 -0.000547176 -0.000404064 0.00136101 0.00454151 0.013454 0.00238544 -0.000384043 -0.00118711 -8.78784e-05 -0.00163532 -0.00257693 -0.0009375 -0.00188976 -0.00158585 0.00361204 -0.00303497 -0.00196875 -0.00291639 0.00108434 -0.00290816 0.00789474 -0.0114365 0.00689751 0.00352227 0.0012037 0.00238494 0.00111111 0.00980952 -0.00574967
internal_weight=198419 17106 16928 5202 1843 359 1484 3359 11726 7169 4201 3737 2880 762 2743 598 2145 1920 4557 581 392 399 181 722 494 2592 2151 1836 315 767
internal_count=198419 17106 16928 5202 1843 359 1484 3359 11726 7169 4201 3737 2880 762 2743 598 2145 1920 4557 581 392 399 181 722 494 2592 2151 1836 315 767
is_linear=0
shrinkage=0.06


Tree=212
num_leaves=31
num_cat=0
split_feature=24 24 11 17 24 16 19 21 0 21 1 21 16 20 0 24 27 24 0 25 21 20 16 24 11 21 21 2 0 21
split_gain=1.52876 8.03046 13.1023 10.3076 8.19179 10.8884 7.95811 7.47217 6.65426 7.95507 7.50818 6.31346 6.33749 5.67605 5.54034 7.46562 5.82456 5.64481 5.45929 5.38985 7.52419 5.68277 8.37306 7.99932 8.73947 8.21043 7.38318 7.52922 7.23633 7.44387
threshold=7676.5393066406259 8036.8220214843759 0.56995591521263134 2.5000000000000004 7791.9338378906259 13.500000000000002 92.861175537109389 0.41277636587619787 11.563252449035646 0.16196545958518985 33.500000000000007 0.39091403782367712 16.500000000000004 2.5000000000000004 9.6231088638305682 7189.9912109375009 22.945136070251468 7077.2265625000009 51.080162048339851 1.5000000000000002 0.033042430877685554 1.5000000000000002 10.500000000000002 11952.073242187502 0.54383811354637157 0.20257904380559924 0.4718859344720841 6.5000000000000009 53.801986694335945 0.28850366175174719
decision_type=2 2 2 2 2 2 8 2 2 2 2 2 2 2 2 2 2 2 2 2 2 2 2 2 2 2 2 2 2 2
left_child=14 2 3 4 13 6 -6 -7 9 -5 -11 -10 -13 -2 -1 17 -17 -16 -19 20 -3 -22 -23 24 26 -25 27 -24 29 -27
right_child=1 19 -4 8 5 7 -8 -9 11 10 -12 12 -14 -15 15 16 -18 18 -20 -21 21 22 23 25 -26 28 -28 -29 -30 -31
leaf_value=0.00094139994949757658 -0.068010929616826463 -0.087210769797753135 0.12203690819855798 -0.011226473131430516 0.024420493349973767 -0.01811081320913429 0.16711816971499319 -0.24562167156582271 -0.056723364592089674 -0.023496963752956661 0.071576412219293367 0.050596309906277379 -0.10853291202953033 0.005892481272318042 -0.0083274809974860625 -0.049410900500314478 0.029641265736444121 0.11839153525278164 -0.019018478575362961 0.00060774666028315491 -0.018960597290697372 0.026665199248720548 -0.036669581280894745 0.034794372789091678 0.29898426998172611 -0.084626514888814397 0.013203228883304474 -0.10738920369823132 -0.14226886568250335 0.0080561954692036416
leaf_weight=23812 373 178 522 492 540 759 218 84 267 257 2117 391 130 188 8864 2209 230 290 143 144471 4557 3040 1013 847 126 218 418 250 143 1272
leaf_count=23812 373 178 522 492 540 759 218 84 267 257 2117 391 130 188 8864 2209 230 290 143 144471 4557 3040 1013 847 126 218 418 250 143 1272
internal_value=-1.3154e-05 6.46524e-05 0.00215841 0.00134113 -0.00194265 0.000243598 0.00546174 -0.0044484 0.00328407 0.00462666 0.00606571 -0.00159898 0.00224568 -0.00818182 -0.000369641 -0.00143661 -0.00439114 -0.000661504 0.00602771 -2.01236e-05 -0.0012386 -0.0010552 -2.04722e-05 -0.00172848 -0.0047648 0.000483871 -0.0059072 -0.00819477 -0.00200245 -0.000765101
internal_weight=198419 162871 6338 5816 2162 1601 758 843 3654 2866 2374 788 521 561 35548 11736 2439 9297 433 156533 12062 11884 7327 4287 1807 2480 1681 1263 1633 1490
internal_count=198419 162871 6338 5816 2162 1601 758 843 3654 2866 2374 788 521 561 35548 11736 2439 9297 433 156533 12062 11884 7327 4287 1807 2480 1681 1263 1633 1490
is_linear=0
shrinkage=0.06


Tree=213
num_leaves=31
num_cat=0
split_feature=25 16 24 24 0 24 24 11 20 24 24 21 17 3 17 5 16 21 25 24 17 6 21 21 25 21 23 23 0 16
split_gain=1.49817 5.27888 9.39558 12.9036 9.41153 10.6336 9.38191 12.3653 11.8351 11.7248 9.86108 9.57633 9.48759 9.23384 9.22393 13.3581 10.5572 9.16326 10.579 9.05411 11.1243 10.4594 9.04616 11.5914 10.7206 12.4738 8.9861 20.4886 11.2182 9.05105
threshold=6.5000000000000009 10.500000000000002 9205.4926757812518 1287.2454223632815 20.731276512146 17413.000000000004 11020.954589843752 0.57110914587974559 2.5000000000000004 11920.465332031252 6390.0229492187509 0.59352794289588939 1.5000000000000002 211.00000000000003 1.5000000000000002 5.5000000000000009 17.500000000000004 0.45558665692806249 3.5000000000000004 7534.7277832031259 1.0000000180025095e-35 14.900000095367433 0.28280414640903478 0.2694262564182282 4.5000000000000009 0.3180158287286759 4.9729187488555917 2.68842625617981 10.650841712951662 19.500000000000004
decision_type=2 2 2 2 2 2 2 2 2 2 2 2 2 2 2 2 2 2 2 2 2 2 2 2 2 2 2 2 2 2
left_child=1 2 3 13 -4 17 7 8 -3 11 -10 -8 19 -1 -9 -16 -17 -6 -19 20 -12 -21 23 -5 25 -24 27 -11 -29 -28
right_child=-2 6 4 22 5 -7 9 14 10 26 12 -13 -14 -15 15 16 -18 18 -20 21 -22 -23 24 -25 -26 -27 29 28 -30 -31
leaf_value=-0.020030479100290086 -0.0014081586391341005 0.0034620327934939254 -0.0028530166244930075 0.0090539313117652225 0.0013994981041750519 0.14981320504824908 0.017391029235653388 0.0036767165114225619 0.019675156025126268 -0.00033307589430116026 -0.099426319391374002 0.10831346958088513 -0.016405304080171986 -0.17498349628672988 -0.042176536599529094 -0.21287666645894943 0.017870157495943263 -0.0032764235104871986 0.18670605526047127 -0.03385657093051625 0.14115858843208273 -0.11587462434472806 0.098583251998178426 -0.076359857215936161 0.070731987144052058 0.0076591307701124479 0.07647225766538944 -0.13329804785677044 0.0003357696376583341 -0.041222885960184072
leaf_weight=418 99928 14609 25144 5629 2287 176 4622 611 1377 23876 110 550 7029 131 796 427 106 419 554 753 102 477 538 282 2107 3302 1222 354 188 295
leaf_count=418 99928 14609 25144 5629 2287 176 4622 611 1377 23876 110 550 7029 131 796 427 106 419 554 753 102 477 538 282 2107 3302 1222 354 188 295
internal_value=-1.22468e-05 0.000153821 0.000674116 0.00205287 7.55773e-05 0.00302095 -0.000217028 -0.00104898 -0.00068324 0.000488957 -0.00229082 0.00309745 -0.00305631 -0.00693989 -0.00565979 -0.00846501 -0.0158161 0.0022454 0.0071223 -0.0074896 0.00396226 -0.00946341 0.00246922 0.00080697 0.00412141 0.00223437 -3.12319e-05 -0.000309608 -0.011845 0.00444957
internal_weight=198419 98491 40987 12407 28580 3436 57504 26397 24457 31107 9848 5172 8471 549 1940 1329 533 3260 973 1442 212 1230 11858 5911 5947 3840 25935 24418 542 1517
internal_count=198419 98491 40987 12407 28580 3436 57504 26397 24457 31107 9848 5172 8471 549 1940 1329 533 3260 973 1442 212 1230 11858 5911 5947 3840 25935 24418 542 1517
is_linear=0
shrinkage=0.06


Tree=214
num_leaves=31
num_cat=0
split_feature=18 0 6 5 0 21 27 26 21 18 27 26 11 11 21 24 24 21 1 23 27 24 0 18 21 24 24 19 19 20
split_gain=1.62416 3.5911 5.60798 5.44048 7.65628 5.35129 4.97487 5.13554 4.68269 6.26637 4.58368 4.28861 3.98972 4.1797 4.50089 5.36234 6.28231 4.14337 5.00728 3.92682 3.82268 3.66256 3.65784 3.93618 3.64294 3.6398 3.62783 3.57154 3.48734 3.31127
threshold=1.3295233249664309 11.101244926452638 10.84999990463257 7.5000000000000009 35.662218093872077 0.12394391745328905 8.418699264526369 24.000289916992191 0.54729878902435314 2.2804424762725835 2.0931537151336674 2.5890960693359379 0.66876187920570385 0.67732810974121105 0.48632842302322393 14495.880371093752 17066.779296875004 0.15502387285232547 64.500000000000014 4.9729187488555917 8.418699264526369 14736.229980468752 104.55176544189455 1.5929386019706728 0.26567594707012182 17921.063476562504 14736.229980468752 43.993808746337898 84.579452514648452 3.5000000000000004
decision_type=2 2 2 2 2 2 2 2 2 2 2 2 2 2 2 2 2 2 2 2 2 2 2 2 2 2 2 10 10 2
left_child=-1 10 22 4 5 27 7 26 11 20 -2 19 25 -14 15 17 -17 -15 -19 -5 -10 -11 23 -3 29 -12 -7 -4 -25 -8
right_child=1 2 3 8 -6 6 24 -9 9 21 12 -13 13 14 -16 16 -18 18 -20 -21 -22 -23 -24 28 -26 -27 -28 -29 -30 -31
leaf_value=0.00053298238824988958 -0.11462044217226038 -0.02325893364694739 -0.12283532321287748 0.00028720670615713925 0.013878536331707209 -0.013623644590487984 -0.12282668661365011 -0.088808861096259545 -0.084211575553027412 0.14667052296340588 0.0027355655546453138 -0.019762782848519258 -0.14324157577011157 -0.046203017876826492 -0.11464103980021585 -0.11786701278024594 0.070356099686043366 -0.068697388860619255 0.094765070478007335 0.13363033309846842 0.018291600823876573 -0.045694786629367205 0.22030453263156033 0.0036641720108973883 -0.060365563392615458 -0.077533450704959081 0.091731798486633626 0.065510646637370648 -0.07951638224616886 -0.022456186687022459
leaf_weight=155059 103 628 93 202 1036 534 462 251 90 404 24268 3671 97 214 86 254 101 84 369 127 131 88 125 7423 1752 84 147 324 119 93
leaf_count=155059 103 628 93 202 1036 534 462 251 90 404 24268 3671 97 214 86 254 101 84 369 127 131 88 125 7423 1752 84 147 324 119 93
internal_value=-2.13185e-05 -0.000345941 -0.00100339 -0.00200638 -0.00345269 -0.00474289 -0.00556653 -0.00186695 -0.000566518 0.00391304 0.00010756 -0.001365 0.000158469 -0.00321162 -0.00216606 -0.00105675 -0.00701408 0.00211394 0.00536424 0.00519757 -0.00447964 0.00768293 0.000133816 -2.20318e-05 -0.00706112 0.00032523 0.000837004 0.00165468 0.000357995 -0.0112973
internal_weight=198419 43360 17700 9405 4692 3656 3239 932 4713 713 25660 4000 25557 1205 1108 1022 355 667 453 329 221 492 8295 8170 2307 24352 681 417 7542 555
internal_count=198419 43360 17700 9405 4692 3656 3239 932 4713 713 25660 4000 25557 1205 1108 1022 355 667 453 329 221 492 8295 8170 2307 24352 681 417 7542 555
is_linear=0
shrinkage=0.06


Tree=215
num_leaves=31
num_cat=0
split_feature=24 24 11 17 25 21 0 21 0 21 1 16 21 16 20 24 24 23 25 16 24 23 2 24 0 23 26 23 21 21
split_gain=1.5322 7.22819 11.497 9.08633 7.75394 7.41528 6.59282 8.46705 6.17108 7.16846 6.3614 5.6396 7.387 5.24705 5.13117 14.6334 9.98965 7.2317 6.36826 18.8894 8.2266 10.5632 10.7039 10.0476 7.62525 6.57005 5.16083 5.84258 5.13776 5.73607
threshold=7676.5393066406259 8036.8220214843759 0.56995591521263134 2.5000000000000004 5.5000000000000009 0.15502387285232547 8.1695337295532244 0.22167993336915973 11.563252449035646 0.16196545958518985 33.500000000000007 17.500000000000004 0.39091403782367712 14.500000000000002 3.5000000000000004 7612.0803222656259 7612.0803222656259 5.981715440750123 9.5000000000000018 12.500000000000002 7339.4455566406259 0.11806936934590341 4.5000000000000009 7077.2265625000009 37.445917129516609 3.464617252349854 453.35015869140631 2.3285199403762822 0.59569388628005993 0.3180158287286759
decision_type=2 2 2 2 2 2 2 2 2 2 2 2 2 2 2 2 2 2 2 2 2 2 2 2 2 2 2 2 2 2
left_child=14 2 3 4 -2 13 7 -7 9 -5 -11 12 -10 -6 15 18 17 -16 26 20 21 23 -23 24 -20 -22 -1 -28 29 -21
right_child=1 -3 -4 8 5 6 -8 -9 11 10 -12 -13 -14 -15 16 -17 -18 -19 19 28 25 22 -24 -25 -26 -27 27 -29 -30 -31
leaf_value=0.0019979022992446006 0.034956537172815202 -0.00014667708242556364 0.1153760772388005 -0.010705752627151068 0.060613969723449769 -0.068506872332854379 -0.09031826728055567 0.016822841204696497 -0.055434189654701045 -0.022034635352726227 0.06712589960863824 -0.11381140294373286 0.052782170458768464 -0.01959035462214076 0.00035998360639451384 -0.05965262511752991 0.0767626772000507 0.088962382858559272 -0.0021096302108701438 -0.0046619880719228129 -0.059125321575505166 -0.047281291503891688 -0.13061967354790679 -0.092041452368642349 -0.13492541968125452 0.093501218996007981 -0.012241121249985776 -0.12142966461770584 -0.039505653197638747 0.03134858444222207
leaf_weight=19939 705 156533 522 492 242 174 421 352 217 257 2117 128 443 268 5780 701 194 726 1459 1913 158 607 427 363 222 165 765 183 299 1647
leaf_count=19939 705 156533 522 492 242 174 421 352 217 257 2117 128 443 268 5780 701 194 726 1459 1913 158 607 427 363 222 165 765 183 299 1647
internal_value=-1.95042e-05 5.83898e-05 0.00204481 0.00127923 -0.00180389 -0.00430336 -0.00744456 -0.00296578 0.00310345 0.00439637 0.00576243 -0.00159898 0.000636364 0.00152941 -0.000376392 -0.000723794 0.0011194 0.000719336 -0.000510534 -0.00204132 -0.00530138 -0.00625731 -0.0111992 -0.00375734 -0.0018025 0.00380805 2.15445e-05 -0.0043038 0.000831822 0.00146629
internal_weight=198419 162871 6338 5816 2162 1457 947 526 3654 2866 2374 788 660 510 35548 28848 6700 6506 28147 7260 3401 3078 1034 2044 1681 323 20887 948 3859 3560
internal_count=198419 162871 6338 5816 2162 1457 947 526 3654 2866 2374 788 660 510 35548 28848 6700 6506 28147 7260 3401 3078 1034 2044 1681 323 20887 948 3859 3560
is_linear=0
shrinkage=0.06


Tree=216
num_leaves=31
num_cat=0
split_feature=1 27 0 23 18 7 21 14 0 11 19 20 0 0 27 23 18 3 27 19 21 26 27 21 19 0 21 11 21 16
split_gain=1.53592 2.33152 3.20815 3.17656 2.30701 1.94703 4.69125 4.92334 3.23852 3.19571 4.25007 3.11105 3.29935 2.96276 3.00978 4.89743 2.85419 2.67672 2.61931 2.58203 2.53162 2.51807 2.49636 2.74405 2.88188 2.83823 2.46351 5.67731 5.96814 5.09602
threshold=3.5000000000000004 10.226807594299318 3.5393987894058232 1.1757388710975649 -1.8948529362678526 1.0000000180025095e-35 0.24158938974142077 1.0000000180025095e-35 5.8890068531036386 1.0000000180025095e-35 82.719123840332045 2.5000000000000004 11.563252449035646 7.4673056602478036 16.407568931579593 12.026573657989504 1.4785778522491457 59.500000000000007 3.5323382616043095 89.996345520019545 0.10818686708807947 16.102458953857425 14.475553512573244 0.22698328644037249 77.505538940429702 8.5737476348876971 0.069169893860816969 0.42220656573772436 0.057964274659752853 11.500000000000002
decision_type=2 2 2 2 2 2 2 2 2 2 8 2 2 2 2 2 2 2 2 10 2 2 2 2 8 2 2 2 2 2
left_child=1 -1 -3 4 -4 6 7 8 -2 -8 17 12 19 16 20 -16 21 18 -11 -12 -15 -10 23 25 -25 -22 27 28 29 -7
right_child=5 2 3 -5 -6 26 9 -9 13 10 11 -13 -14 14 15 -17 -18 -19 -20 -21 22 -23 -24 24 -26 -27 -28 -29 -30 -31
leaf_value=0.028504935558631782 -0.0015301956888010082 -0.027249054271459634 0.057633066886995224 -0.02050190161551381 0.019412422148292394 -0.015089118267333257 -0.0045505356168184961 -0.079432649522622398 0.024538691012881024 0.036606702684530673 -0.089463555982807835 -0.01171793757157232 -0.0077236023740286262 0.037228623100470239 0.0011101287441928774 -0.062805742113615962 0.0069586041722179276 0.018461398046075137 -0.022125960952805029 -0.021891784619346582 -0.054045160231644906 0.067551651052888628 0.040025867569477104 -0.00020766896167927483 0.070950951022404354 0.0036364583960462934 0.0006321431844637759 0.035965873075539695 -0.027943927649352707 0.010778257732314469
leaf_weight=358 4151 243 109 166 163 2312 11272 241 237 145 268 359 180 452 1057 115 239 484 1628 122 110 220 174 97 99 854 166926 975 2001 2662
leaf_count=358 4151 243 109 166 163 2312 11272 241 237 145 268 359 180 452 1057 115 239 484 1628 122 110 220 174 97 99 854 166926 975 2001 2662
internal_value=-1.98066e-05 0.00228104 0.000220264 0.00328767 0.00727941 -3.19181e-05 -0.000557234 0.000604027 0.00086483 -0.00120349 -0.00288136 -0.00629709 -0.00905263 0.00216749 0.00133874 -0.00102389 0.00568966 -0.00147541 -0.00255499 -0.0121538 0.00288914 0.00846827 0.00157421 0.000568966 0.00704082 -0.000746888 3.56824e-05 -0.000996226 -0.0015957 -0.000482509
internal_weight=198419 1039 681 438 272 197380 22504 8046 7805 14458 3186 929 570 3654 2958 1172 696 2257 1773 390 1786 457 1334 1160 196 964 174876 7950 6975 4974
internal_count=198419 1039 681 438 272 197380 22504 8046 7805 14458 3186 929 570 3654 2958 1172 696 2257 1773 390 1786 457 1334 1160 196 964 174876 7950 6975 4974
is_linear=0
shrinkage=0.06


Tree=217
num_leaves=31
num_cat=0
split_feature=26 16 11 11 24 0 27 0 11 19 19 4 25 0 23 25 24 18 27 23 0 21 0 27 19 27 18 3 26 24
split_gain=1.4715 2.89902 3.49528 3.91159 2.98256 3.86386 5.61658 4.32596 2.80102 5.02657 4.2118 3.17352 2.7852 3.25594 2.77486 4.23247 4.44092 3.93947 3.88882 3.27607 2.8209 3.43882 3.62938 3.20057 2.97071 2.74357 4.47497 3.48026 2.72627 2.74596
threshold=8.709571838378908 18.500000000000004 0.73034450411796581 0.69993871450424205 7111.3327636718759 18.613037109375004 4.2528636455535898 17.298931121826175 0.72573435306549083 80.667282104492202 95.400451660156264 265.50000000000006 3.5000000000000004 8.9830675125122088 4.7370638847351083 8.5000000000000018 15019.383300781252 -1.3621547818183897 13.841183662414553 8.8680715560913104 7.2692391872406015 0.24008239060640338 8.41143846511841 13.202155590057375 87.314872741699233 18.661017417907718 0.15346053242683413 126.50000000000001 9.4890217781066912 17413.000000000004
decision_type=2 2 2 2 2 2 2 2 2 10 10 2 2 2 2 2 2 2 2 2 2 2 2 2 8 2 2 2 2 2
left_child=1 8 3 4 -3 7 -7 14 -1 11 -11 12 -10 -14 20 16 18 -17 -16 -19 25 22 -22 24 -23 -6 -27 -28 29 -2
right_child=28 2 -4 -5 5 6 -8 -9 9 10 -12 -13 13 -15 15 17 -18 19 -20 -21 21 23 -24 -25 -26 26 27 -29 -30 -31
leaf_value=-0.0030644998610416339 0.010074137395818798 -0.012811220734737722 0.085596625610219718 -0.093675215729113942 0.0066513504373733132 -0.12273972483639965 -0.0055815998524960265 0.1133725689216904 0.0071221858613165524 0.077016572398992719 -0.044919192931672854 0.065060961737113038 -0.014145567354218134 -0.098748410567130226 0.056702979739198196 0.15967840639704753 -0.064484764507678718 -0.0035358197419978854 -0.023133086408734158 0.09723074899987906 -0.056077803555242715 -0.028484876179442578 0.061401519715843941 -0.045593781819825249 0.054983451227749336 0.023595922614169609 0.032397962231365145 0.268736684613256 0.00025217836994105623 0.075667114767367843
leaf_weight=43682 4574 1228 206 97 2459 117 916 85 119 186 85 106 185 431 248 95 129 150 244 151 108 343 323 580 210 667 114 87 140352 142
leaf_count=43682 4574 1228 206 97 2459 117 916 85 119 186 85 106 185 431 248 95 129 150 244 151 108 343 323 580 210 667 114 87 140352 142
internal_value=-1.67827e-05 -0.000286218 0.000725722 0.000535265 0.000676036 0.00115286 -0.00223621 0.00173703 -0.000479529 -0.00345324 0.00365314 -0.00574316 -0.00714286 -0.00876623 0.00154367 0.00439528 0.00130435 0.00924242 0.00390244 0.0058804 0.000950726 -0.0011509 0.00341067 -0.00288614 0.000379747 0.00193868 0.00483871 0.0126866 8.23062e-05 0.00150127
internal_weight=198419 53351 8557 8351 8254 7026 1033 5993 44794 1112 271 841 735 616 5908 1017 621 396 492 301 4891 1564 431 1133 553 3327 868 201 145068 4716
internal_count=198419 53351 8557 8351 8254 7026 1033 5993 44794 1112 271 841 735 616 5908 1017 621 396 492 301 4891 1564 431 1133 553 3327 868 201 145068 4716
is_linear=0
shrinkage=0.06


Tree=218
num_leaves=31
num_cat=0
split_feature=18 26 0 0 18 20 17 21 19 21 18 27 19 16 26 0 6 21 11 16 1 27 24 20 19 19 24 23 25 0
split_gain=1.38406 3.09079 2.9831 3.99035 4.80001 3.8286 6.21405 11.7997 9.36457 8.48335 9.44549 6.39703 6.6322 6.247 5.71093 5.40184 5.04616 4.43745 4.32259 3.9766 3.96744 3.61183 3.60525 7.23273 3.66352 4.025 3.39465 3.44858 3.38068 3.94281
threshold=1.3295233249664309 0.13842912763357165 14.579007625579836 57.770694732666023 1.3603532314300539 1.5000000000000002 3.5000000000000004 0.37800039350986486 66.924263000488295 0.45054292678833013 2.5260957479476933 22.945136070251468 67.977981567382827 15.500000000000002 4.5874428749084482 18.96811676025391 10.299999713897707 0.57018676400184642 0.29716476798057562 10.500000000000002 69.500000000000014 2.0931537151336674 11513.559570312502 1.5000000000000002 23.791120529174808 45.992685317993171 10037.717773437502 9.2514081001281756 5.5000000000000009 34.128473281860359
decision_type=2 2 2 2 2 2 2 2 10 2 2 2 10 2 2 2 2 2 2 2 2 2 2 2 10 10 2 2 2 2
left_child=-1 -2 21 4 -4 6 8 16 9 10 -6 12 -10 -11 -12 20 -8 -15 19 -9 -14 -3 24 -24 -5 -26 -21 -28 -18 -30
right_child=1 2 3 22 5 -7 7 18 11 13 14 -13 15 17 -16 -17 28 -19 -20 26 -22 -23 23 -25 25 -27 27 -29 29 -31
leaf_value=0.00053931237486564137 -0.056223269632974839 -0.10119707399289729 -0.1429509715337956 0.087179995468027932 -0.023216890700674071 -0.019404020791797264 -0.0235958811696905 0.10360650238007842 -0.20142282770844622 -0.09022583957416444 0.18196725361960431 -0.11582357686048386 0.012660423728241365 -0.039086435830270751 0.06178793801439518 0.028199194774746417 -0.23540744532862842 0.1092841051695207 -0.03122682766817185 -0.059018760730747105 -0.082378322813912344 0.00052015410823662116 -0.028743142356442632 0.096219237600904395 -0.10013093168718555 0.0016758715564873228 -0.0045016635113370104 0.18478332905657438 -0.11962595628936344 0.041393579485014272
leaf_weight=155059 202 112 98 96 257 5976 476 297 83 225 201 82 98 94 941 503 194 129 413 133 235 30233 320 548 199 599 132 101 300 83
leaf_count=155059 202 112 98 96 257 5976 476 297 83 225 201 82 98 94 941 503 194 129 413 133 235 30233 320 548 199 599 132 101 300 83
internal_value=-1.8597e-05 -0.000318266 -0.000283609 -0.00105128 -0.00147407 -0.00135579 -0.000126582 -0.00257868 0.00170646 0.00423931 0.00654039 -0.00296703 -0.00153428 -0.00294643 0.00887916 7.17703e-05 -0.00709402 0.0041704 0.00184015 0.00484163 -0.00585586 4.05339e-05 0.00160045 0.00435484 -0.00107383 -0.00240602 0.000655738 0.00502146 -0.0108666 -0.00759791
internal_weight=198419 43360 43158 12813 11051 10953 4977 2129 2848 1847 1399 1001 919 448 1142 836 1053 223 1076 663 333 30345 1762 868 894 798 366 233 577 383
internal_count=198419 43360 43158 12813 11051 10953 4977 2129 2848 1847 1399 1001 919 448 1142 836 1053 223 1076 663 333 30345 1762 868 894 798 366 233 577 383
is_linear=0
shrinkage=0.06


Tree=219
num_leaves=31
num_cat=0
split_feature=24 24 16 17 11 0 20 25 17 17 24 25 24 17 24 24 24 16 25 21 21 25 11 21 21 24 16 11 0 24
split_gain=1.39566 6.85669 7.83967 8.42102 10.9279 6.46705 9.21126 9.88848 8.39612 10.623 9.99626 7.26995 8.5479 12.2628 6.8543 6.74069 10.5112 6.48575 6.27919 6.95542 12.995 12.8842 15.708 14.8933 12.6973 9.27166 8.36505 10.0841 7.69119 10.786
threshold=7676.5393066406259 9205.4926757812518 12.500000000000002 1.0000000180025095e-35 0.40030685067176824 25.3781270980835 3.5000000000000004 2.5000000000000004 2.5000000000000004 1.0000000180025095e-35 8911.6054687500018 4.5000000000000009 8725.8950195312518 4.5000000000000009 9096.0834960937518 8607.9941406250018 8811.9062500000018 3.5000000000000004 2.5000000000000004 0.13181316107511523 0.19782134145498279 3.5000000000000004 0.50761097669601452 0.35213015973567968 0.57018676400184642 9096.0834960937518 18.500000000000004 0.67736247181892406 9.2881016731262225 7850.5581054687509
decision_type=2 2 2 2 2 2 2 2 2 2 2 2 2 2 2 2 2 2 2 2 2 2 2 2 2 2 2 2 2 2
left_child=-1 2 5 4 -4 6 8 -8 9 -2 -11 -10 17 -14 15 -9 -17 -13 -5 26 -21 23 25 -22 -25 28 27 -20 29 -23
right_child=1 -3 3 18 -6 -7 7 14 11 10 -12 12 13 -15 -16 16 -18 -19 19 20 21 22 -24 24 -26 -27 -28 -29 -30 -31
leaf_value=-0.0023511232400217617 0.039268526134810057 -0.00076366279409930012 -0.036329574587648315 -0.029002691116917952 0.050501067048933375 -0.013185410955927493 0.11687923191855289 -0.031762100394308698 0.023283715572042805 -0.016006495379112539 0.066947217305716233 0.026178864030225707 0.10035744063306623 -0.046763621158026812 -0.084796716941400299 0.19592475455286901 -0.03865687587348305 0.099447392045102445 -0.013004094707356936 0.052101411994218867 0.16113518863960524 0.074259066639547872 0.063290171694000849 -0.035809096800739147 0.074302782207709445 0.061446017245682577 0.051249883972264799 -0.18088108565088418 -0.067234468284018939 -0.020960127306077634
leaf_weight=35548 1111 140620 1375 1217 265 1217 193 1032 1587 2195 256 326 349 431 178 197 162 1350 524 1523 393 515 764 376 181 292 298 213 1264 2467
leaf_count=35548 1111 140620 1375 1217 265 1217 193 1032 1587 2195 256 326 349 431 178 197 162 1350 524 1523 393 515 764 376 181 292 298 213 1264 2467
internal_value=-1.88994e-05 5.54427e-05 0.00103411 -3.85703e-05 -0.00402439 0.00221655 0.00275115 -0.00115778 0.0036568 0.00153285 -0.000673195 0.00552807 0.00757329 0.00238462 -0.00273423 -0.0013156 0.00576602 0.00998807 0.000613344 0.0011714 0.0017865 0.000575816 -0.000577141 0.00701053 0.00070018 -0.00191714 -0.00344928 -0.00687924 -0.00262836 -0.000965795
internal_weight=198419 162871 22251 11667 1640 10584 9367 1762 7605 3562 2451 4043 2456 780 1569 1391 359 1676 10027 8810 7775 6252 5302 950 557 4538 1035 737 4246 2982
internal_count=198419 162871 22251 11667 1640 10584 9367 1762 7605 3562 2451 4043 2456 780 1569 1391 359 1676 10027 8810 7775 6252 5302 950 557 4538 1035 737 4246 2982
is_linear=0
shrinkage=0.06


end of trees

feature_importances:
current_delay=920
junction_occupancy=853
rain_mm=797
visibility_m=622
condition_severity=587
hour=369
month=260
weekday=230
remaining_km=214
scheduled_minutes=209
block_count=209
scheduled_running_minutes=197
trains_ahead=197
junctions=145
gps_age_seconds=140
average_section_speed=136
report_latency_seconds=134
delay_trend=130
recovery_minutes=92
remaining_stops=73
scheduled_halt_minutes=47
priority=22
congestion_count=17

parameters:
[boosting: gbdt]
[objective: quantile]
[metric: quantile]
[tree_learner: serial]
[device_type: cpu]
[data_sample_strategy: bagging]
[data: ]
[valid: ]
[num_iterations: 220]
[learning_rate: 0.06]
[num_leaves: 31]
[num_threads: 2]
[seed: 26028]
[deterministic: 1]
[force_col_wise: 1]
[force_row_wise: 0]
[histogram_pool_size: -1]
[max_depth: -1]
[min_data_in_leaf: 80]
[min_sum_hessian_in_leaf: 0.001]
[bagging_fraction: 1]
[pos_bagging_fraction: 1]
[neg_bagging_fraction: 1]
[bagging_freq: 0]
[bagging_seed: 26825]
[bagging_by_query: 0]
[feature_fraction: 1]
[feature_fraction_bynode: 1]
[feature_fraction_seed: 27583]
[extra_trees: 0]
[extra_seed: 13330]
[early_stopping_round: 0]
[early_stopping_min_delta: 0]
[first_metric_only: 0]
[max_delta_step: 0]
[lambda_l1: 0]
[lambda_l2: 0]
[linear_lambda: 0]
[min_gain_to_split: 0]
[drop_rate: 0.1]
[max_drop: 50]
[skip_drop: 0.5]
[xgboost_dart_mode: 0]
[uniform_drop: 0]
[drop_seed: 11973]
[top_rate: 0.2]
[other_rate: 0.1]
[min_data_per_group: 100]
[max_cat_threshold: 32]
[cat_l2: 10]
[cat_smooth: 10]
[max_cat_to_onehot: 4]
[top_k: 20]
[monotone_constraints: ]
[monotone_constraints_method: basic]
[monotone_penalty: 0]
[feature_contri: ]
[forcedsplits_filename: ]
[refit_decay_rate: 0.9]
[cegb_tradeoff: 1]
[cegb_penalty_split: 0]
[cegb_penalty_feature_lazy: ]
[cegb_penalty_feature_coupled: ]
[path_smooth: 0]
[interaction_constraints: ]
[verbosity: -1]
[saved_feature_importance_type: 0]
[use_quantized_grad: 0]
[num_grad_quant_bins: 4]
[quant_train_renew_leaf: 0]
[stochastic_rounding: 1]
[linear_tree: 0]
[max_bin: 255]
[max_bin_by_feature: ]
[min_data_in_bin: 3]
[bin_construct_sample_cnt: 200000]
[data_random_seed: 19499]
[is_enable_sparse: 1]
[enable_bundle: 1]
[use_missing: 1]
[zero_as_missing: 0]
[feature_pre_filter: 1]
[pre_partition: 0]
[two_round: 0]
[header: 0]
[label_column: ]
[weight_column: ]
[group_column: ]
[ignore_column: ]
[categorical_feature: ]
[forcedbins_filename: ]
[precise_float_parser: 0]
[parser_config_file: ]
[objective_seed: 8374]
[num_class: 1]
[is_unbalance: 0]
[scale_pos_weight: 1]
[sigmoid: 1]
[boost_from_average: 1]
[reg_sqrt: 0]
[alpha: 0.5]
[fair_c: 1]
[poisson_max_delta_step: 0.7]
[tweedie_variance_power: 1.5]
[lambdarank_truncation_level: 30]
[lambdarank_norm: 1]
[label_gain: ]
[lambdarank_position_bias_regularization: 0]
[eval_at: ]
[multi_error_top_k: 1]
[auc_mu_weights: ]
[num_machines: 1]
[local_listen_port: 12400]
[time_out: 120]
[machine_list_filename: ]
[machines: ]
[gpu_platform_id: -1]
[gpu_device_id: -1]
[gpu_device_id_list: ]
[gpu_use_dp: 0]
[num_gpu: 1]

end of parameters

pandas_categorical:null
