tree
version=v4
num_class=1
num_tree_per_iteration=1
label_index=0
max_feature_idx=27
objective=quantile
feature_names=current_delay remaining_km remaining_stops scheduled_minutes scheduled_running_minutes scheduled_halt_minutes recovery_minutes junctions mean_tracks single_track_km priority condition_severity restriction_speed_kmph restriction_count block_count congestion_count hour weekday delay_trend average_section_speed trains_ahead junction_occupancy precedence_risk rain_mm visibility_m month gps_age_seconds report_latency_seconds
feature_infos=[0:190.09346008300781] [3:362] [1:12] [8:385] [8:367] [0:19] [0.80000001192092896:36.700000762939453] [0:5] none none [1:2] [0:0.79798996448516846] [60:60] [0:1] [0:1] [0:1] [0:23] [0:6] [-16.743789672851562:99.145584106445312] [1.8553365468978882:130] [0:4] [0.0072445138357579708:0.94309985637664795] [0.0047089341096580029:0.61301487684249878] [0:46.911628723144531] [636.886474609375:17981.216796875] [1:12] [0.00086273933993652463:899.9989013671875] [2.0005078315734863:24.999956130981445]
tree_sizes=2750 2859 2879 2878 2875 2873 2867 2879 2884 2882 2891 2884 2886 2916 2895 2886 2906 2901 2894 2900 2912 2896 2906 2900 2893 2865 2907 2899 2899 2936 2908 2931 2932 2936 2939 2952 2939 2954 2974 2933 2963 2964 2969 2959 2979 2983 2974 2962 2979 2987 2970 3000 2979 2974 2988 2973 2960 2943 2977 2960 3006 2977 2969 2977 2949 2944 2964 2899 2914 2924 2952 2951 2963 2963 2947 2930 2980 2981 2927 2959 2958 2974 2963 2957 2965 2972 2943 2947 2986 2963 2977 2958 2930 2921 2961 2957 2959 2927 2947 2906 2925 2963 2946 2943 2875 2955 2953 2930 2976 2919 2904 2964 2936 2926 2952 2900 2901 2919 2947 2987 2849 2895 2924 2952 2943 2980 2932 2915 2970 2930 2897 2925 2912 2974 2950 2962 2889 2928 2932 2955 2894 2953 2982 2934 2914 2892 2908 2918 2888 2944 2944 2960 2925 2937 2923 2918 2938 2906 2913 2927 2923 2929 2919 2933 2893 2917 2929 2905 2927 2946 2936 2938 2932 2899 2914 2913 2900 2970 2947 2964 2957 2919 2976 2916 2930 2922 2916 2926 2920 2910 2941 2932 2931 2918 2922 2929 2955 2941 2920 2959 2927 2935 2908 2906 2937 2939 2899 2915 2955 2932 2933 2914 2906 2923 2927 2910 2934 2883 2915 2925

Tree=0
num_leaves=31
num_cat=0
split_feature=0 14 0 0 6 23 23 1 0 0 7 23 7 3 23 21 21 6 0 11 11 0 11 21 1 24 20 5 17 23
split_gain=10462.1 925.937 200.659 193.124 184.344 101.708 88.3877 81.164 65.3203 35.6912 42.1603 35.2086 34.3007 33.2897 31.3623 27.5948 29.9723 27.0556 24.4522 21.4602 21.1429 16.9342 14.4147 16.8964 13.6504 13.6056 22.0779 23.439 12.4549 16.8594
threshold=37.445917129516609 1.0000000180025095e-35 29.780868530273441 46.076341629028327 10.299999713897707 4.1234867572784433 27.01892185211182 151.00000000000003 27.322209358215336 16.177365303039554 2.5000000000000004 4.1234867572784433 1.0000000180025095e-35 173.50000000000003 14.729770660400392 0.47816406190395361 0.52006244659423839 16.750000000000004 17.298931121826175 0.2133271470665932 0.25478133559226995 22.482932090759281 0.31268873810768133 0.44827167689800268 62.000000000000007 15740.303710937502 1.5000000000000002 9.5000000000000018 1.5000000000000002 13.007656097412111
decision_type=2 2 2 2 2 2 2 2 2 2 2 2 2 2 2 2 2 2 2 2 2 2 2 2 2 2 2 2 2 2
left_child=1 2 6 7 8 15 14 24 -3 10 -6 20 -10 -8 21 -4 -17 -16 -19 28 -9 -1 23 -12 -2 -23 27 -27 -7 -30
right_child=3 4 5 -5 9 19 13 11 12 -11 22 -13 -14 -15 17 16 -18 18 -20 -21 -22 25 -24 -25 -26 26 -28 -29 29 -31
leaf_value=34.053627815246585 35.994310960572292 35.299987487792968 35.19465506354247 39.201338224022621 35.650121424730493 35.687735290527343 35.627554702758786 36.056408996582029 35.24089062941799 36.972887974066218 36.113985137939451 36.837656860351565 36.049339999829705 38.10418022155762 34.907076339721677 36.641702651977539 35.63378612384642 35.429897613525391 35.886400146484377 36.631384429931643 36.260513321664313 34.981176112702506 38.024516931883412 36.443690567016603 36.270120315551758 35.896882247924808 34.86374300083606 36.990814171095735 35.185219726562501 35.868231506347655
leaf_weight=166259 719 1094 1483 11544 311 271 307 665 89 1271 385 222 230 249 3611 119 599 1840 297 313 119 3701 161 220 1169 369 368 123 164 147
leaf_count=166259 719 1094 1483 11544 311 271 307 665 89 1271 385 222 230 249 3611 119 599 1840 297 313 119 3701 161 220 1169 369 368 123 164 147
internal_value=35.2246 35.2207 35.2201 35.2738 35.2502 35.2352 35.2198 35.2599 35.2331 35.2605 35.2524 35.2461 35.2569 35.2437 35.2198 35.2283 35.238 35.2241 35.2295 35.2523 35.2402 35.2196 35.26 35.2558 35.2672 35.2232 35.23 35.2383 35.2455 35.2373
internal_weight=198419 183981 180220 14438 3761 3096 177124 2894 1413 2348 1077 1006 319 556 176568 2201 718 5748 2137 895 784 170820 766 605 1888 4561 860 492 582 311
internal_count=198419 183981 180220 14438 3761 3096 177124 2894 1413 2348 1077 1006 319 556 176568 2201 718 5748 2137 895 784 170820 766 605 1888 4561 860 492 582 311
is_linear=0
shrinkage=1


Tree=1
num_leaves=31
num_cat=0
split_feature=0 14 0 0 7 1 23 23 0 0 7 21 25 3 23 7 23 2 11 6 1 5 0 3 11 14 23 0 24 0
split_gain=9881.94 828.364 252.742 171.231 166.473 93.022 92.2262 71.0423 68.4071 39.9176 43.5593 36.2812 40.6389 30.8093 29.9039 27.4361 26.4387 25.8542 23.142 23.0884 20.5506 20.5486 20.1824 32.8998 18.7714 19.3085 21.8481 18.4978 17.309 16.5339
threshold=37.445917129516609 1.0000000180025095e-35 48.56915473937989 26.249145507812504 1.5000000000000002 151.00000000000003 4.1234867572784433 28.859872817993168 27.322209358215336 17.045269966125492 2.5000000000000004 0.47816406190395361 10.500000000000002 178.50000000000003 4.8467845916748056 1.0000000180025095e-35 14.729770660400392 3.5000000000000004 0.25478133559226995 16.050000190734867 64.500000000000014 4.5000000000000009 57.770694732666023 181.50000000000003 0.25478133559226995 1.0000000180025095e-35 4.7883341312408456 18.96811676025391 10559.457031250002 43.765167236328132
decision_type=2 2 2 2 2 2 2 2 2 2 2 2 2 2 2 2 2 2 2 2 2 2 2 2 2 2 2 2 2 2
left_child=1 3 5 7 8 20 11 16 -3 10 -6 -5 21 -9 18 -10 -1 -8 -7 -18 -2 -13 23 -4 25 26 29 -21 -20 -22
right_child=2 4 22 6 9 14 17 13 15 -11 -12 12 -14 -15 -16 -17 19 -19 28 27 24 -23 -24 -25 -26 -27 -28 -29 -30 -31
leaf_value=-1.0533646110534669 0.73368585514517048 0.0072381253427640495 1.3744760267490723 -0.11749040929144726 0.40824918678131272 1.1927839782714844 0.34865418090820299 0.4393707453936187 0.015336651491778354 1.7183071257208018 1.3928747813682665 1.1341993331909179 -0.073759112907047106 3.2813575241088864 2.2056983825683592 0.73355083721247538 -0.42028624420165994 0.96786571542601618 0.37683471583686001 0.22598012638539605 0.42047578108757006 1.4870474119455501 3.8902584195685828 2.1771872846836429 1.4626876462019269 1.2748137834285074 1.0481953994750977 0.74495928497314434 1.2370234670575631 1.7015366737797186
leaf_weight=169129 912 1068 1488 2557 392 840 785 219 89 1095 825 313 522 169 241 292 3484 552 98 2043 389 241 8642 687 327 211 218 206 105 280
leaf_count=169129 912 1068 1488 2557 392 840 785 219 89 1095 825 313 522 169 241 292 3484 552 98 2043 389 241 8642 687 327 211 218 206 105 280
internal_value=-9.4317e-05 -0.00384532 0.0477041 -0.00442692 0.0240239 0.0339834 0.00655533 -0.00473838 0.00807867 0.0340173 0.026539 0.00159703 0.0108401 0.0209072 0.0210093 0.0299055 -0.00479528 0.0200284 0.0166079 -0.000788071 0.0411117 0.0221588 0.0522971 0.047131 0.0366105 0.0328525 0.0289718 0.00395109 0.0347882 0.0235964
internal_weight=198419 183981 14438 180220 3761 3621 4970 175250 1449 2312 1217 3633 1076 388 1284 381 174862 1337 1043 5733 2337 554 10817 2175 1425 1098 887 2249 203 669
internal_count=198419 183981 14438 180220 3761 3621 4970 175250 1449 2312 1217 3633 1076 388 1284 381 174862 1337 1043 5733 2337 554 10817 2175 1425 1098 887 2249 203 669
is_linear=0
shrinkage=0.06


Tree=2
num_leaves=31
num_cat=0
split_feature=0 14 0 7 0 1 23 0 23 14 23 11 0 7 0 3 2 23 11 7 0 4 21 4 25 24 5 11 11 2
split_gain=9419.55 750.653 292.184 148.83 142.581 87.5738 86.8894 60.638 57.6431 48.5139 43.8584 42.3412 36.8728 40.1413 33.6401 55.4855 29.2459 25.0383 24.3942 24.2736 23.2122 22.1487 22.0299 22.0259 21.2318 19.3847 19.2851 16.6306 15.6735 15.6158
threshold=37.445917129516609 1.0000000180025095e-35 48.56915473937989 1.5000000000000002 26.249145507812504 106.50000000000001 6.8165552616119394 27.322209358215336 28.859872817993168 1.0000000180025095e-35 11.100895881652834 0.25478133559226995 17.045269966125492 2.5000000000000004 61.939558029174812 181.50000000000003 4.5000000000000009 14.729770660400392 0.20570998638868335 1.0000000180025095e-35 39.752513885498054 111.50000000000001 0.44537749886512762 186.50000000000003 10.500000000000002 10559.457031250002 7.5000000000000009 0.53395166993141185 0.31268873810768133 4.5000000000000009
decision_type=2 2 2 2 2 2 2 2 2 2 2 2 2 2 2 2 2 2 2 2 2 2 2 2 2 2 2 2 2 2
left_child=1 4 5 7 8 20 22 -3 17 10 11 -7 13 -5 15 -4 -8 29 -17 -9 -2 -10 -6 -19 26 -13 -24 -25 -15 -1
right_child=2 3 14 12 6 9 16 19 21 -11 -12 25 -14 28 -16 18 -18 23 -20 -21 -22 -23 24 27 -26 -27 -28 -29 -30 -31
leaf_value=-1.0508995622406008 0.57596283424483685 0.0068038378221980623 1.4212645909986203 0.38375423557443405 -0.056379146833186268 0.8488024650878907 0.4113703517378236 0.014416452402271601 0.095001065511077051 2.1867020109381681 1.4528340186767577 0.35422463288664857 1.6152086981775537 0.95149072570335336 3.6986867944299529 1.6578912313371059 1.11899989763248 -0.2981797477314625 2.6016724910991966 0.68953778697972679 0.85383303375640884 2.6466658614807126 1.0694232989932029 0.22523061807605599 -0.052083014203142458 0.71532387910246875 1.4470836095675592 0.74793546597290039 2.5363053659084529 -0.87695259297583894
leaf_weight=100258 357 1068 1983 392 2580 1251 729 89 153 214 126 148 1095 655 7918 682 273 3945 234 292 1361 235 542 1608 626 164 220 180 170 68871
leaf_count=100258 357 1068 1983 392 2580 1251 729 89 153 214 126 148 1095 655 7918 682 273 3945 234 292 1361 235 542 1608 626 164 220 180 170 68871
internal_value=-0.000167798 -0.00382999 0.046499 0.0226998 -0.00438364 0.0317465 0.00563783 0.00762319 -0.00466785 0.0228807 0.0194707 0.0167255 0.0321488 0.0249614 0.0514374 0.0459076 0.0214251 -0.00471911 0.0336943 0.0281732 0.0415669 0.018433 0.00165121 -0.000819468 0.0077464 0.0365 0.0144724 0.0047047 0.0324727 -0.00485129
internal_weight=198419 183981 14438 3761 180220 3621 4970 1449 175250 1903 1689 1563 2312 1217 10817 2899 1002 174862 916 381 1718 388 3968 5733 1388 312 762 1788 825 169129
internal_count=198419 183981 14438 3761 180220 3621 4970 1449 175250 1903 1689 1563 2312 1217 10817 2899 1002 174862 916 381 1718 388 3968 5733 1388 312 762 1788 825 169129
is_linear=0
shrinkage=0.06


Tree=3
num_leaves=31
num_cat=0
split_feature=0 14 0 0 6 1 0 23 23 14 11 23 7 11 0 0 23 21 2 23 24 2 21 7 6 0 1 24 3 21
split_gain=8916.88 706.208 251.027 180.152 124.767 113.357 86.9621 80.5951 48.8315 47.1509 39.0643 36.5963 31.8333 28.1558 26.5746 26.1823 24.0515 24.8716 21.6692 23.171 17.7142 17.6182 17.2211 16.9715 16.9478 16.8449 35.3128 17.8042 15.246 14.4274
threshold=39.752513885498054 1.0000000180025095e-35 53.801986694335945 29.780868530273441 15.550000190734865 106.50000000000001 25.3781270980835 6.2427423000335702 27.01892185211182 1.0000000180025095e-35 0.25478133559226995 11.100895881652834 1.0000000180025095e-35 0.31626549363136297 22.482932090759281 48.56915473937989 5.032947540283204 0.11913262307643892 4.5000000000000009 13.091711521148683 8415.7783203125018 2.5000000000000004 0.48083676397800451 1.5000000000000002 10.84999990463257 61.939558029174812 205.00000000000003 8214.5830078125018 176.50000000000003 0.42809192836284643
decision_type=2 2 2 2 2 2 2 2 2 2 2 2 2 2 2 2 2 2 2 2 2 2 2 2 2 2 2 2 2 2
left_child=1 3 5 8 6 -2 23 -5 14 10 11 15 -8 22 18 -7 -16 -18 -1 -20 -9 -22 -6 -3 -10 26 -4 -28 -17 -26
right_child=2 4 25 7 13 9 12 20 24 -11 -12 -13 -14 -15 16 28 17 -19 19 -21 21 -23 -24 -25 29 -27 27 -29 -30 -31
leaf_value=-1.0049229772695922 0.87129687511670184 -0.013064518857865153 1.4718394378168134 0.15877248535809607 0.97731624287175711 0.83389887053600908 0.062516565676963662 0.27412322313305099 -0.033348098144027602 2.4031160585732674 0.82729916415408822 1.3312242329058621 0.88666670254673741 2.9826350700396942 -0.21484299983796037 0.95474089226726122 0.57446963966445663 0.15314529430276658 -0.87019297871405221 0.10750428135623925 0.33594984806296158 1.2767820787194202 1.4108098028838445 0.52204096650582799 0.50282410070983885 3.4767655867641558 0.4850208387588168 2.1461473959763153 1.6386908500895856 3.1809683547871277
leaf_weight=101492 1994 995 1030 2841 993 1017 135 217 213 212 394 146 577 296 3894 237 172 918 66595 3497 291 339 377 520 190 7918 119 298 349 153
leaf_count=101492 1994 995 1030 2841 993 1017 135 217 213 212 394 146 577 296 3894 237 172 918 66595 3497 291 339 377 520 190 7918 119 298 349 153
internal_value=-0.000261236 -0.00372708 0.046418 -0.00427147 0.0215572 0.0345059 0.0122667 0.00885358 -0.00454475 0.0255924 0.0229221 0.0190772 0.0295618 0.033976 -0.00460065 0.0164579 -0.000281703 0.00759633 -0.00472611 -0.00391474 0.025098 0.0301905 0.0303504 0.00413861 0.0132086 0.0519498 0.0459972 0.0312662 0.0265597 0.0214636
internal_weight=198419 184705 13714 180812 3893 4349 2227 3688 177124 2355 2143 1749 712 1666 176568 1603 4984 1090 171584 70092 847 630 1370 1515 556 9365 1447 417 586 343
internal_count=198419 184705 13714 180812 3893 4349 2227 3688 177124 2355 2143 1749 712 1666 176568 1603 4984 1090 171584 70092 847 630 1370 1515 556 9365 1447 417 586 343
is_linear=0
shrinkage=0.06


Tree=4
num_leaves=31
num_cat=0
split_feature=0 14 0 0 1 6 0 23 14 23 11 23 0 0 1 11 23 3 11 11 2 7 0 0 23 0 0 21 3 7
split_gain=8450.64 600.497 309.012 156.291 125.4 105.56 77.4738 64.5718 51.0783 44.9494 44.8097 30.1386 25.8978 25.7252 46.658 25.2224 23.4486 27.9593 29.8012 22.5985 20.839 20.2004 19.1852 18.9132 18.0909 17.9809 17.0075 15.9097 15.5266 14.7478
threshold=39.752513885498054 1.0000000180025095e-35 53.801986694335945 29.780868530273441 106.50000000000001 15.550000190734865 29.780868530273441 6.2427423000335702 1.0000000180025095e-35 27.01892185211182 0.25478133559226995 9.9895067214965838 17.298931121826175 61.939558029174812 205.00000000000003 0.31626549363136297 5.6679339408874521 126.50000000000001 0.52704873681068432 0.20570998638868335 5.5000000000000009 1.0000000180025095e-35 46.076341629028327 20.203450202941898 22.582334518432621 43.765167236328132 32.498483657836921 0.48083676397800451 120.50000000000001 1.5000000000000002
decision_type=2 2 2 2 2 2 2 2 2 2 2 2 2 2 2 2 2 2 2 2 2 2 2 2 2 2 2 2 2 2
left_child=1 3 4 9 25 6 23 -5 10 12 11 22 20 14 -4 27 -14 -18 -19 -16 -1 -8 -6 -3 26 -2 -9 -7 -11 -25
right_child=2 5 13 7 8 15 21 24 -10 28 -12 -13 16 -15 19 -17 17 18 -20 -21 -22 -23 -24 29 -26 -27 -28 -29 -30 -31
leaf_value=-1.0398552025457701 0.60810267712287147 0.085592577332304104 1.3835290715478048 0.14924613623661012 0.36242579343451264 0.91867726829945162 0.10532628788313551 0.21793641289010021 2.2589290950588712 0.051432461102940669 0.7776612143048427 1.1320797177221109 -0.30990185599584719 3.2681596515583067 1.1453337462665238 2.8036769658373126 -0.15219607917700831 0.29835110314997854 0.6007229676364999 2.623029792335577 -0.74828424880712718 0.87716412141799549 1.7269350713113247 0.23919361469411327 2.3978171279029907 0.88677508881593037 0.44722735868917701 1.3261612147108137 1.8778259013359573 0.78704209090598953
leaf_weight=112730 699 1142 1030 2841 752 993 88 269 212 225 394 177 9670 7918 286 296 1858 1060 301 131 50949 377 820 449 126 1295 452 377 331 171
leaf_count=112730 699 1142 1030 2841 752 993 88 269 212 225 394 177 9670 7918 286 296 1858 1060 301 131 50949 377 820 449 126 1295 452 377 331 171
internal_value=-0.00034137 -0.00371539 0.0451011 -0.00421738 0.0318846 0.0195998 0.0110543 0.00800759 0.0225096 -0.00447192 0.0197303 0.0156123 -0.00452556 0.0512387 0.0438825 0.0310228 -0.00193607 0.00249953 0.00903306 0.0269496 -0.00472947 0.0328387 0.0129695 0.00530533 0.0225478 0.0429569 0.0188821 0.0275912 0.0125611 0.0137419
internal_weight=198419 184705 13714 180812 4349 3893 2227 3688 2355 177124 2143 1749 176568 9365 1447 1666 12889 3219 1361 417 163679 465 1572 1762 847 1994 721 1370 556 620
internal_count=198419 184705 13714 180812 4349 3893 2227 3688 2355 177124 2143 1749 176568 9365 1447 1666 12889 3219 1361 417 163679 465 1572 1762 847 1994 721 1370 556 620
is_linear=0
shrinkage=0.06


Tree=5
num_leaves=31
num_cat=0
split_feature=0 14 0 0 1 4 23 0 11 0 1 11 14 2 11 23 23 4 11 0 21 23 21 0 2 1 0 21 16 0
split_gain=7818.3 514.444 347.432 142.214 123.075 87.9391 78.8564 55.4926 54.9453 42.3459 76.4392 42.9783 39.5556 33.5583 32.5186 30.8307 28.3329 27.6933 26.2839 20.9231 20.3853 19.9263 23.4015 19.0225 19.0099 17 17.4715 16.7554 18.0389 16.5515
threshold=39.752513885498054 1.0000000180025095e-35 53.801986694335945 23.120385169982914 106.50000000000001 135.50000000000003 4.8467845916748056 29.780868530273441 0.25478133559226995 72.193359375000014 205.00000000000003 0.20570998638868335 1.0000000180025095e-35 2.5000000000000004 0.31268873810768133 14.729770660400392 9.9895067214965838 186.50000000000003 0.55249637365341198 35.662218093872077 0.66943460702896129 23.276655197143558 0.11913262307643892 34.128473281860359 4.5000000000000009 41.500000000000007 46.076341629028327 0.53120040893554699 15.500000000000002 31.149155616760257
decision_type=2 2 2 2 2 2 2 2 2 2 2 2 2 2 2 2 2 2 2 2 2 2 2 2 2 2 2 2 2 2
left_child=1 3 4 15 25 7 23 -3 12 10 -4 -12 16 19 20 24 27 -17 -19 -8 -7 22 -15 -5 -1 -2 -27 -6 -29 -24
right_child=2 5 9 6 8 14 13 -9 -10 -11 11 -13 -14 21 -16 17 -18 18 -20 -21 -22 -23 29 -25 -26 26 -28 28 -30 -31
leaf_value=-0.91297098130227838 0.76019482506772196 0.18050717045378167 1.2868170201553708 -0.11756957106913268 0.40792279383925339 0.74897084480668041 0.067524969773639323 0.60235303249171723 1.3368862103317574 3.1983490462395596 1.0952608194456404 2.4708025028453342 1.6631418006408301 0.60177775528800859 2.1168519059265369 -0.31205383968734041 1.0641549346587842 0.30074944024460037 2.1895383123469876 0.31330209171578999 1.5804124951973053 2.8035506645917683 0.33518795083590291 0.18418362611970193 -0.75060221148539363 0.58520516857687999 0.8979588132363423 1.7696179798641245 0.028758201669300688 0.45942382753838074
leaf_weight=98861 735 1480 2613 4673 1271 1443 772 392 457 5754 709 289 149 131 439 3955 177 1725 159 129 139 116 549 1413 67979 639 620 198 103 350
leaf_count=98861 735 1480 2613 4673 1271 1443 772 392 457 5754 709 289 149 131 439 3955 177 1725 159 129 139 116 549 1413 67979 639 620 198 103 350
internal_value=-0.000445695 -0.00369102 0.0432635 -0.00415565 0.0292495 0.017889 0.00359793 0.00851923 0.0199618 0.0497715 0.0446785 0.0305531 0.0154647 0.013785 0.026568 -0.00452084 0.0129365 -0.000235316 0.00575159 0.00512098 0.0225588 0.0205969 0.0179417 0.00017154 -0.00467082 0.0402187 0.0359857 0.010374 0.023103 0.0144894
internal_weight=198419 184705 13714 180812 4349 3893 8133 1872 2355 9365 3611 998 1898 2047 2021 172679 1749 5839 1884 901 1582 1146 1030 6086 166840 1994 1259 1572 301 899
internal_count=198419 184705 13714 180812 4349 3893 8133 1872 2355 9365 3611 998 1898 2047 2021 172679 1749 5839 1884 901 1582 1146 1030 6086 166840 1994 1259 1572 301 899
is_linear=0
shrinkage=0.06


Tree=6
num_leaves=31
num_cat=0
split_feature=0 14 0 1 0 4 23 11 0 14 0 4 11 4 2 23 0 7 0 1 23 23 21 11 0 11 21 11 24 24
split_gain=7368.84 451.81 394.743 138.815 127.682 79.5153 68.2696 67.223 44.7724 42.0892 37.9523 52.4451 35.023 29.8199 28.5353 37.6898 28.4104 34.1708 23.965 20.6572 20.3938 20.3728 25.8516 18.9064 18.4454 18.069 17.1601 19.2429 19.0301 19.0056
threshold=39.752513885498054 1.0000000180025095e-35 57.770694732666023 106.50000000000001 23.120385169982914 135.50000000000003 4.8467845916748056 0.25478133559226995 29.780868530273441 1.0000000180025095e-35 72.193359375000014 168.00000000000003 0.20570998638868335 88.500000000000014 4.5000000000000009 13.349164962768556 20.731276512146 3.5000000000000004 48.56915473937989 41.500000000000007 11.100895881652834 27.01892185211182 0.11913262307643892 0.52704873681068432 35.662218093872077 0.31268873810768133 0.48632842302322393 0.70355731248855602 11445.069335937502 17932.731445312504
decision_type=2 2 2 2 2 2 2 2 2 2 2 2 2 2 2 2 2 2 2 2 2 2 2 2 2 2 2 2 2 2
left_child=1 4 3 18 14 8 26 9 -3 20 11 -4 -13 24 -1 -16 17 -7 19 -2 -5 22 -15 -17 -8 -18 29 28 -28 -6
right_child=2 5 10 7 6 16 13 -9 -10 -11 -12 12 -14 21 15 23 25 -19 -20 -21 -22 -23 -24 -25 -26 -27 27 -29 -30 -31
leaf_value=-0.82765241115328214 0.6289435202720941 0.16967674022655491 1.1911965634546497 0.78598294331985574 -0.11087448678029416 0.54984748974816255 0.046459549036910464 1.5741581650658498 0.56621185054221401 1.7707574193829401 3.0064481034651864 1.1022428224619552 2.317400303603439 0.59485346305233811 -0.72230602487365791 0.10564198531951192 0.92221595120191235 1.3485673562303866 0.84950936164138846 0.71937141831129736 1.1762538087349583 2.7179659146328592 0.41410652465875275 0.62032574475846058 0.27575520798719283 2.6820417193053196 -0.096118957894937254 0.61455052288621159 1.1265199565441022 0.36425455491183029
leaf_weight=102114 508 1480 1940 1865 4317 822 777 579 392 163 5754 668 280 130 67122 3035 554 480 950 853 154 113 895 408 132 165 851 118 717 83
leaf_count=102114 508 1480 1940 1865 4317 822 777 579 392 163 5754 668 280 130 67122 3035 554 480 950 853 154 113 895 408 132 165 851 118 717 83
internal_value=-0.000509499 -0.00366016 0.0419247 0.0286372 -0.00409559 0.0165636 0.0032512 0.019556 0.00765384 0.0147333 0.0497232 0.0441108 0.0325443 0.0127298 -0.00444162 -0.00351378 0.0248164 0.01953 0.0394868 0.0343821 0.0123655 0.0192021 0.0165366 0.00260877 0.00462706 0.0343894 6.30942e-05 0.00520996 0.00345153 -0.00190909
internal_weight=198419 184705 13714 5072 180812 3893 8133 2761 1872 2182 8642 2888 948 2047 172679 70565 2021 1302 2311 1361 2019 1138 1025 3443 909 719 6086 1686 1568 4400
internal_count=198419 184705 13714 5072 180812 3893 8133 2761 1872 2182 8642 2888 948 2047 172679 70565 2021 1302 2311 1361 2019 1138 1025 3443 909 719 6086 1686 1568 4400
is_linear=0
shrinkage=0.06


Tree=7
num_leaves=31
num_cat=0
split_feature=0 14 0 0 1 4 23 14 0 4 0 11 23 11 0 7 3 11 2 24 1 0 11 23 21 21 11 0 23 24
split_gain=6843.01 443.233 363.386 165.161 136.988 66.8546 59.6316 58.7936 51.7784 47.1935 67.7963 46.6813 40.2614 33.0285 30.6423 29.4148 29.0476 32.5555 25.6801 25.2869 23.3056 20.8394 20.7916 20.3758 19.6394 19.5349 19.4279 18.5344 18.1628 18.1044
threshold=41.712530136108406 1.0000000180025095e-35 57.770694732666023 31.149155616760257 106.50000000000001 135.50000000000003 4.7883341312408456 1.0000000180025095e-35 29.780868530273441 155.50000000000003 78.621612548828139 0.20570998638868335 14.729770660400392 0.25478133559226995 21.312211990356449 3.5000000000000004 176.50000000000003 0.53395166993141185 4.5000000000000009 6851.4042968750009 41.500000000000007 48.56915473937989 0.69596979022026073 3.398565530776978 0.18379971385002139 0.32746671140193945 0.39678713679313665 12.764007568359377 7.5184257030487069 17066.779296875004
decision_type=2 2 2 2 2 2 2 2 2 2 2 2 2 2 2 2 2 2 2 2 2 2 2 2 2 2 2 2 2 2
left_child=1 3 4 12 20 8 -5 13 -3 -4 11 19 18 -6 15 -7 -14 -18 -1 -11 -2 -22 -19 25 -21 -15 -20 -28 29 -29
right_child=2 5 9 6 7 14 -8 -9 -10 10 -12 -13 16 23 -16 -17 17 22 26 24 21 -23 -24 -25 -26 -27 27 28 -30 -31
leaf_value=-0.74708354820254286 0.72335735243811128 0.15949613581296154 2.6430788984839735 0.12777452531001557 0.9889867273068379 0.53003959660839728 0.50597650298023888 2.8500000365523506 0.61585917182398298 0.18739489821083566 3.0153217878882703 2.4107660568820659 -0.18459171156217533 0.36047119896585145 1.204720900717313 1.2676533148565636 0.22296024952037327 2.5886419506709659 -0.84277973463753619 0.43308480456035447 0.76000680816285349 0.7406681309000559 0.097053809818687387 1.3730967193274477 1.186088420796644 0.47207341321746693 -0.31380622535381286 0.0045927792910395622 0.55005752887950365 0.38215022510114505
leaf_weight=101689 736 1480 5374 2708 1735 852 934 213 491 161 1700 430 3967 161 715 484 2145 182 59834 158 623 601 101 110 819 169 7697 1698 372 80
leaf_count=101689 736 1480 5374 2708 1735 852 934 213 491 161 1700 430 3967 161 715 484 2145 182 59834 158 623 601 101 110 819 169 7697 1698 372 80
internal_value=-0.000583585 -0.00353275 0.041515 -0.00396954 0.0273671 0.0161681 0.00867875 0.0177186 0.00827702 0.0486332 0.0429474 0.033949 -0.00422867 0.0147724 0.0237513 0.0183862 0.000445659 0.0056145 -0.00440311 0.0275852 0.0391224 0.034049 0.024742 0.0294545 0.031216 0.022 -0.00351582 -0.00104621 0.00387907 0.00135658
internal_weight=198419 185429 12990 181407 4348 4022 3642 2388 1971 8642 3268 1568 177765 2175 2051 1336 6395 2428 171370 1138 1960 1224 283 440 977 330 69681 9847 2150 1778
internal_count=198419 185429 12990 181407 4348 4022 3642 2388 1971 8642 3268 1568 177765 2175 2051 1336 6395 2428 171370 1138 1960 1224 283 440 977 330 69681 9847 2150 1778
is_linear=0
shrinkage=0.06


Tree=8
num_leaves=31
num_cat=0
split_feature=0 14 0 0 3 11 14 0 7 23 0 1 0 2 11 23 3 11 23 7 23 24 23 0 0 1 11 11 21 24
split_gain=6180.27 394.918 342.532 196.95 138.192 75.93 59.4456 57.4399 80.1245 53.0874 46.3849 41.0153 44.704 29.8937 28.5542 28.4576 34.9646 37.4704 24.0581 22.1599 22.1054 21.5959 21.4566 20.4101 18.5543 18.1416 17.0986 16.0987 15.964 21.4653
threshold=43.765167236328132 1.0000000180025095e-35 65.666522979736342 32.498483657836921 101.50000000000001 0.20570998638868335 1.0000000180025095e-35 29.780868530273441 2.5000000000000004 4.7883341312408456 17.298931121826175 224.00000000000003 86.781265258789077 5.5000000000000009 0.24385127425193789 5.6679339408874521 94.000000000000014 0.52704873681068432 12.495970249176027 1.0000000180025095e-35 12.58334255218506 8911.6054687500018 12.026573657989504 20.203450202941898 51.080162048339851 35.500000000000007 0.65231239795684826 0.31268873810768133 0.53120040893554699 10352.190429687502
decision_type=2 2 2 2 2 2 2 2 2 2 2 2 2 2 2 2 2 2 2 2 2 2 2 2 2 2 2 2 2 2
left_child=1 3 4 10 24 6 18 8 -3 26 13 -4 14 -1 20 -12 -17 -18 28 -9 -13 -7 -15 -10 25 -2 -5 -21 -6 -30
right_child=2 7 11 9 5 21 -8 19 23 -11 15 12 -14 22 -16 16 17 -19 -20 27 -22 -23 -24 -25 -26 -27 -28 -29 29 -31
leaf_value=-0.83483759295540838 0.63845625885077517 0.18170648826686331 2.5867494135983726 0.12924867096343556 0.32366362584582575 0.905711141728055 1.7153255210957286 0.07216604795211233 0.860735591785735 0.4402302316453216 -0.17494605254036918 0.97507604917853508 2.9607028079421274 -0.67245020906584396 3.0420523521201925 -0.14284251621838509 0.22438298484602553 0.81507516945102942 1.9043034989849152 0.69939160545637713 2.5839837156678125 1.6737074593455619 0.15172834758537387 1.4005959056934822 0.77893343553699179 0.57047600767186291 0.49679104025335974 1.7865930650567079 0.27161890740389155 1.8905904823833199
leaf_weight=112913 324 1982 5346 2558 1539 162 195 138 1002 927 10600 710 791 47836 246 1594 1686 512 106 554 101 586 3261 251 1251 628 160 177 175 108
leaf_count=112913 324 1982 5346 2558 1539 162 195 138 1002 927 10600 710 791 47836 246 1594 1686 512 106 554 101 586 3261 251 1251 628 160 177 175 108
internal_value=-0.000722684 -0.00344111 0.0405259 -0.00385605 0.0285881 0.0199143 0.0141225 0.0149649 0.0112859 0.00995062 -0.00413814 0.0489458 0.0412403 -0.00442473 0.0331675 -0.000872153 0.00358861 0.00849499 0.0109295 0.0286605 0.0277361 0.0363529 -0.00322058 0.023162 0.039892 0.0335798 0.00572185 0.0328235 0.00931284 0.0224099
internal_weight=198419 186151 12268 182047 5074 2871 2123 4104 3235 3645 178402 7194 1848 164010 1057 14392 3792 2198 1928 869 811 748 51097 1253 2203 952 2718 731 1822 283
internal_count=198419 186151 12268 182047 5074 2871 2123 4104 3235 3645 178402 7194 1848 164010 1057 14392 3792 2198 1928 869 811 748 51097 1253 2203 952 2718 731 1822 283
is_linear=0
shrinkage=0.06


Tree=9
num_leaves=31
num_cat=0
split_feature=0 0 14 0 3 11 14 0 7 23 0 4 0 23 11 23 2 0 11 3 23 25 21 1 21 24 11 24 24 23
split_gain=5585.59 365.475 340.773 174.172 133.443 76.4421 53.61 53.3618 67.1684 50.9972 41.8922 44.1922 38.4226 32.7235 29.8241 25.4891 24.9197 24.6025 24.1166 29.0363 31.1681 22.9677 24.2344 20.1023 19.7588 23.8451 18.2519 18.0022 16.8697 16.7056
threshold=43.765167236328132 69.17972564697267 1.0000000180025095e-35 31.149155616760257 101.50000000000001 0.20570998638868335 1.0000000180025095e-35 32.498483657836921 2.5000000000000004 4.8467845916748056 78.621612548828139 108.50000000000001 13.606397628784181 12.495970249176027 0.24385127425193789 9.8534979820251483 5.5000000000000009 51.080162048339851 0.52300366759300243 131.50000000000003 7.5184257030487069 2.5000000000000004 0.23404077440500262 38.000000000000007 0.53120040893554699 10352.190429687502 0.31268873810768133 9248.4008789062518 8214.5830078125018 28.859872817993168
decision_type=2 2 2 2 2 2 2 2 2 2 2 2 2 2 2 2 2 2 2 2 2 2 2 2 2 2 2 2 2 2
left_child=2 4 3 12 17 6 13 8 -4 -5 11 -3 16 24 21 27 -1 23 -14 -20 -21 -13 -23 -2 -6 -26 -10 -7 -11 -18
right_child=1 10 7 9 5 15 -8 -9 26 28 -12 14 18 -15 -16 -17 29 -19 19 20 -22 22 -24 -25 25 -27 -28 -29 -30 -31
leaf_value=-0.87312685508273202 0.59381588414415432 0.99740201209985591 0.18166289206804209 0.13048999455502003 0.29479842932245248 0.42569151495158736 1.6078652312154031 0.89254062136015877 0.62378887797133098 0.20954825556696316 2.6504433745637201 0.42728678301071621 -0.2678397421062042 1.4292476919115507 2.4914737076127036 2.6795806754903868 -0.60748198221107874 0.6921021971023319 -0.080647290841063146 0.11261987169003598 0.60833124646130909 0.33132223321773108 2.1247600139728746 0.54787020638634809 0.26950447343062794 1.6617168703960081 1.7560570644597384 0.90818597789330457 0.56048821314710862 1.8229875216678084
leaf_weight=105170 340 996 2125 3190 1780 139 200 699 1004 283 4312 193 20381 134 266 198 47597 1543 2607 1380 523 204 503 612 182 135 276 531 809 107
leaf_count=105170 340 996 2125 3190 1780 139 200 699 1004 283 4312 193 20381 134 266 198 47597 1543 2607 1380 523 204 503 612 182 135 276 531 809 107
internal_value=-0.000849688 0.0383642 -0.00343402 -0.00381947 0.0274173 0.0194986 0.0140411 0.0136637 0.0105639 0.00813825 0.0481613 0.041345 -0.0041075 0.0113734 0.0334168 0.0347834 -0.00446344 0.0378878 -0.00192142 0.00204878 0.00768366 0.0282 0.0332079 0.0303025 0.00953648 0.0233375 0.0214219 0.029194 0.0193297 -0.00332601
internal_weight=198419 12268 186151 182047 5794 3299 2431 4104 3405 4282 6474 2162 177765 2231 1166 868 152874 2495 24891 4510 1903 900 707 952 2097 317 1280 670 1092 47704
internal_count=198419 12268 186151 182047 5794 3299 2431 4104 3405 4282 6474 2162 177765 2231 1166 868 152874 2495 24891 4510 1903 900 707 952 2097 317 1280 670 1092 47704
is_linear=0
shrinkage=0.06


Tree=10
num_leaves=31
num_cat=0
split_feature=0 0 0 14 4 11 14 7 0 23 14 23 2 23 3 0 21 7 11 3 3 23 21 16 0 24 24 21 24 23
split_gain=5194.72 422.241 258.803 173.36 127.223 86.3179 80.194 51.6811 43.6464 40.0428 36.8568 40.3172 31.2844 26.5176 22.5354 27.3278 25.9872 21.2675 20.8932 20.8702 20.8255 19.9055 18.2547 25.857 17.1601 17.147 21.011 18.9786 16.9904 16.493
threshold=48.56915473937989 32.498483657836921 75.529083251953139 1.0000000180025095e-35 108.50000000000001 0.24385127425193789 1.0000000180025095e-35 2.5000000000000004 17.298931121826175 4.7883341312408456 1.0000000180025095e-35 12.495970249176027 5.5000000000000009 28.859872817993168 183.50000000000003 86.781265258789077 0.21874103695154193 1.0000000180025095e-35 0.20570998638868335 44.000000000000007 44.000000000000007 12.026573657989504 0.67921254038810741 16.500000000000004 41.712530136108406 16180.004882812502 17028.370117187504 0.54243248701095592 8214.5830078125018 5.032947540283204
decision_type=2 2 2 2 2 2 2 2 2 2 2 2 2 2 2 2 2 2 2 2 2 2 2 2 2 2 2 2 2 2
left_child=1 3 4 8 18 10 9 -5 12 19 11 25 -1 29 -4 16 -16 -8 20 24 -2 -14 -21 -24 -3 27 -27 -6 -11 -10
right_child=2 6 14 7 5 -7 17 -9 13 28 -12 -13 21 -15 15 -17 -18 -19 -20 22 -22 -23 23 -25 -26 26 -28 -29 -30 -31
leaf_value=-0.74263028087132532 0.55803501157622548 0.10757742464683569 2.3979658657178269 0.17076311854395967 0.37007434958825569 1.7725129425549053 0.12794462827978317 0.8309576773257985 -0.16092100310346119 0.19881423925720412 1.6951571790828428 1.8416704353988003 -0.59914439179609758 2.4731370394708283 2.163848818091707 2.6403343092782752 2.3169755883265832 1.0689845438554546 1.0355434795049274 0.12522156861721717 0.61250347579757625 0.15956410202746599 1.2336208656869685 -0.087878676627467345 0.26511553674307603 0.63126780926905834 0.17827392763718369 1.0884202504831642 0.49291773245091486 0.1212323395567967
leaf_weight=112913 643 370 3342 2125 1481 781 153 1280 10225 287 146 137 47836 176 209 999 482 737 736 2867 1335 3261 154 89 235 119 128 279 903 3991
leaf_count=112913 643 370 3342 2125 1481 781 153 1280 10225 287 146 137 47836 176 209 999 482 737 736 2867 1335 3261 154 89 235 119 128 279 903 3991
internal_value=-0.000924076 -0.00325525 0.0395061 -0.00376345 0.0308505 0.0224858 0.0126885 0.00964758 -0.00401942 0.00968196 0.0166114 0.014625 -0.00429742 -0.000851308 0.0494571 0.0438106 0.0346368 0.0292584 0.0403154 0.00661373 0.0371041 -0.00306558 0.00463022 0.0204198 0.0168099 0.0124753 0.0272794 0.0103977 0.0192605 -0.00113787
internal_weight=198419 187602 10817 181807 5785 3071 5795 3405 178402 4905 2290 2144 164010 14392 5032 1690 691 890 2714 3715 1978 51097 3110 243 605 2007 247 1760 1190 14216
internal_count=198419 187602 10817 181807 5785 3071 5795 3405 178402 4905 2290 2144 164010 14392 5032 1690 691 890 2714 3715 1978 51097 3110 243 605 2007 247 1760 1190 14216
is_linear=0
shrinkage=0.06


Tree=11
num_leaves=31
num_cat=0
split_feature=0 0 0 14 1 11 14 7 2 23 23 23 14 0 21 11 11 11 21 16 1 24 3 17 7 3 0 11 20 0
split_gain=4692.27 375.239 297.354 149.472 141.18 78.7764 72.7791 43.5869 41.4368 43.383 36.038 34.5706 35.0319 27.9481 27.0935 25.8561 23.2964 22.3201 28.4089 29.5838 22.0071 21.9769 20.9662 20.2189 19.4263 18.1264 17.7484 17.9388 16.1862 15.0348
threshold=48.56915473937989 32.498483657836921 78.621612548828139 1.0000000180025095e-35 125.50000000000001 0.24385127425193789 1.0000000180025095e-35 1.5000000000000002 3.5000000000000004 13.007656097412111 4.8467845916748056 12.495970249176027 1.0000000180025095e-35 69.17972564697267 0.75626978278160106 0.4306721985340119 0.20570998638868335 0.31268873810768133 0.48083676397800451 14.500000000000002 205.00000000000003 15805.925292968752 49.000000000000007 1.0000000180025095e-35 1.0000000180025095e-35 44.000000000000007 91.426315307617202 0.24385127425193789 1.5000000000000002 41.712530136108406
decision_type=2 2 2 2 2 2 2 2 2 2 2 2 2 2 2 2 2 2 2 2 2 2 2 2 2 2 2 2 2 2
left_child=1 3 4 8 13 11 10 -5 -1 15 25 12 -6 16 21 -10 22 18 -9 -20 -4 -11 -2 -7 -8 29 27 -22 -23 -3
right_child=2 6 20 7 5 23 24 17 9 14 -12 -13 -14 -15 -16 -17 -18 -19 19 -21 26 28 -24 -25 -26 -27 -28 -29 -30 -31
leaf_value=-0.57871539078332057 0.46199244287392471 0.10112277916802564 2.3475388201468275 -0.0046475642360348955 0.52556897378568213 0.32346922319706523 0.12026795058299609 0.24180239526361466 -0.70550455473486484 0.032436340402111116 0.40860512864587745 2.1394748265336094 1.5907674978191617 0.87434114123713946 2.8816638346045114 -0.060503536660046674 0.82436245359964366 1.2482635927096124 1.995729948561813 0.3893426013268832 1.2697236881778979 0.6463661760643119 0.5214367225476505 1.9006270845327988 1.0048454712241273 0.19272489846861535 2.7918931054522611 2.6125535315483286 0.11260635806582717 0.25030838689356039
leaf_weight=84604 553 370 2947 1263 2238 151 153 1205 76931 4580 1176 177 128 1022 82 11642 579 441 208 288 498 185 984 673 737 3121 712 155 378 238
leaf_count=84604 553 370 2947 1263 2238 151 153 1205 76931 4580 1176 177 128 1022 82 11642 579 441 208 288 498 185 984 673 737 3121 712 155 378 238
internal_value=-0.00102689 -0.00324246 0.0373984 -0.00372154 0.029299 0.0207657 0.0117877 0.00873128 -0.00395922 -0.00309077 0.00892355 0.0155415 0.0136281 0.0384551 0.00222201 -0.00340418 0.0345198 0.013944 0.0108254 0.0229113 0.0496169 0.00167645 0.0306558 0.0368883 0.027573 0.0060354 0.0433187 0.0361746 0.0128632 0.0155132
internal_weight=198419 187602 10817 181807 6505 3367 5795 3405 178402 93798 4905 2543 2366 3138 5225 88573 2116 2142 1701 496 4312 5143 1537 824 890 3729 1365 653 563 608
internal_count=198419 187602 10817 181807 6505 3367 5795 3405 178402 93798 4905 2543 2366 3138 5225 88573 2116 2142 1701 496 4312 5143 1537 824 890 3729 1365 653 563 608
is_linear=0
shrinkage=0.06


Tree=12
num_leaves=31
num_cat=0
split_feature=0 0 0 1 14 14 23 23 0 6 11 14 7 3 23 11 11 3 11 0 0 11 0 0 5 21 24 17 20 3
split_gain=4181.2 348.53 285.474 131.371 81.0716 70.3092 65.4751 48.9541 40.0926 38.5453 35.1516 34.6384 34.3902 31.849 31.711 31.4545 30.119 29.6129 27.8479 27.7803 23.6752 28.2078 23.338 21.5992 18.5667 16.6664 17.1453 20.2031 16.9899 16.5566
threshold=46.076341629028327 78.621612548828139 22.482932090759281 125.50000000000001 1.0000000180025095e-35 1.0000000180025095e-35 15.521236896514894 4.8467845916748056 51.080162048339851 15.550000190734865 0.35558888316154486 1.0000000180025095e-35 3.5000000000000004 176.50000000000003 4.7883341312408456 0.2314923703670502 0.31268873810768133 47.500000000000007 0.20570998638868335 57.770694732666023 91.426315307617202 0.23976726084947589 37.445917129516609 34.128473281860359 8.5000000000000018 0.54243248701095592 16180.004882812502 5.5000000000000009 2.5000000000000004 36.000000000000007
decision_type=2 2 2 2 2 2 2 2 2 2 2 2 2 2 2 2 2 2 2 2 2 2 2 2 2 2 2 2 2 2
left_child=2 3 5 8 7 9 10 22 -2 -1 11 25 -7 -3 -11 -16 -6 -10 -19 -12 21 -15 -4 24 -9 26 -5 -28 -27 -24
right_child=1 13 4 6 16 12 -8 23 17 14 19 -13 -14 20 15 -17 -18 18 -20 -21 -22 -23 29 -25 -26 28 27 -29 -30 -31
leaf_value=-0.60351086027065182 0.57595501923551828 2.2066864909380182 -0.028159413814551747 0.34143231746343022 0.48175084257368495 0.14071913699709868 2.5073669191808992 0.15979044967849843 0.58108072264631172 -0.60687769778185341 0.37486427361960523 1.4752960950453173 0.90983328038831657 1.2739124624021143 -0.27871023429266684 0.34696680441599914 1.4907943502602308 0.6106321837741252 1.1201691708631347 1.546526719194945 2.6112991943438568 2.4558003196554288 0.22455564986523049 0.4075303108238193 0.88613465561100913 1.1295390980986622 0.44126750574585955 0.59057204875194724 0.12878055586506548 0.16735032568020616
leaf_weight=105674 718 2746 6154 1968 1369 2022 213 1475 977 53708 239 150 494 578 10227 2427 322 1306 499 443 802 186 205 880 296 264 241 82 132 1622
leaf_count=105674 718 2746 6154 1968 1369 2022 213 1475 977 53708 239 150 494 578 10227 2427 322 1306 499 443 802 186 205 880 296 264 241 82 132 1622
internal_value=-0.00112668 0.0339168 -0.00329145 0.0258667 0.00553453 -0.00391455 0.0180354 0.00359368 0.0342171 -0.00406017 0.0160801 0.0131399 0.00604292 0.0474184 -0.00292686 -0.000224752 0.0177374 0.0374795 0.0329252 0.0283108 0.04059 0.0330314 0.00124721 0.0106579 0.0068402 0.0115735 0.0096089 0.0224211 0.0229394 0.00720197
internal_weight=198419 11544 186875 7232 12323 174552 3732 10632 3500 172036 3519 2837 2516 4312 66362 12654 1691 2782 1805 682 1566 764 7981 2651 1771 2687 2291 323 396 1827
internal_count=198419 11544 186875 7232 12323 174552 3732 10632 3500 172036 3519 2837 2516 4312 66362 12654 1691 2782 1805 682 1566 764 7981 2651 1771 2687 2291 323 396 1827
is_linear=0
shrinkage=0.06


Tree=13
num_leaves=31
num_cat=0
split_feature=0 0 0 4 14 23 14 0 11 14 2 3 0 0 23 7 11 23 3 7 11 23 11 23 0 21 23 23 11 11
split_gain=3685.05 342.172 264.763 125.306 92.3639 89.9546 59.1621 50.1443 48.1544 41.2349 39.7138 38.3074 38.0827 38.0304 36.8322 30.2437 28.8359 28.3454 23.7626 23.0446 23.9086 22.7244 21.7805 22.3305 21.7063 20.5867 20.2703 20.0355 18.856 18.0451
threshold=51.080162048339851 21.800677299499515 82.491657257080092 67.000000000000014 1.0000000180025095e-35 15.521236896514894 1.0000000180025095e-35 37.445917129516609 0.62687611579895031 1.0000000180025095e-35 3.5000000000000004 184.50000000000003 41.712530136108406 69.17972564697267 18.059432983398441 2.5000000000000004 0.43672485649585729 5.032947540283204 71.500000000000014 1.0000000180025095e-35 0.31268873810768133 20.268400192260746 0.21494740992784503 1.3482347726821902 69.17972564697267 0.11913262307643892 6.2878470420837411 12.026573657989504 0.25478133559226995 0.24962412565946582
decision_type=2 2 2 2 2 2 2 2 2 2 2 2 2 2 2 2 2 2 2 2 2 2 2 2 2 2 2 2 2 2
left_child=1 6 3 24 7 8 10 17 9 13 -1 -4 19 26 28 -8 27 -3 -19 -6 -21 -18 23 -13 -2 -20 -5 -12 -9 -15
right_child=2 4 11 5 12 -7 15 14 -10 -11 16 22 -14 29 -16 -17 21 18 25 20 -22 -23 -24 -25 -26 -27 -28 -29 -30 -31
leaf_value=-0.58674864808660332 0.46055243724287448 -0.030567783871369391 2.2036053698411124 0.25752094496063632 -0.1420336124516913 2.1487828550432497 -0.018255623457074852 0.21638453242848812 0.93138424276794851 1.4018227548541218 -0.67839321478701176 1.4611822937842223 1.1366092374234478 0.59390106798545206 1.1280415142252889 0.60229343937686319 -0.051434182714964222 -0.026082958297352084 0.42804440678080352 0.42694359255655834 1.3997965391057079 1.5733225031216329 3.0791356324072692 1.9744337339177902 0.66432512098615704 0.44609168647717179 0.43230005710394886 0.0074302161280514105 0.24577997654735823 1.9117931968104318
leaf_weight=80982 1047 6623 2381 1776 211 294 1374 2855 314 184 74223 669 393 1520 134 1048 10826 805 151 1119 270 185 274 266 776 1237 326 5188 702 266
leaf_count=80982 1047 6623 2381 1776 211 294 1374 2855 314 184 74223 669 393 1520 134 1048 10826 805 151 1119 270 185 274 266 776 1237 326 5188 702 266
internal_value=-0.00123524 -0.00312817 0.0340852 0.0268648 0.0057269 0.0216667 -0.00386683 0.0038153 0.019513 0.0177672 -0.00399841 0.0471643 0.017723 0.0164537 0.0096868 0.00544509 -0.00313411 0.00135708 0.00726949 0.0136125 0.016419 -0.000256654 0.0384665 0.034107 0.0402095 0.0120259 0.0109838 -0.00353309 0.00852347 0.0228914
internal_weight=198419 188326 10093 6503 14500 4680 173826 12507 4386 4072 171404 3590 1993 3888 3691 2422 90422 8816 2193 1600 1389 11011 1209 935 1823 1388 2102 79411 3557 1786
internal_count=198419 188326 10093 6503 14500 4680 173826 12507 4386 4072 171404 3590 1993 3888 3691 2422 90422 8816 2193 1600 1389 11011 1209 935 1823 1388 2102 79411 3557 1786
is_linear=0
shrinkage=0.06


Tree=14
num_leaves=31
num_cat=0
split_feature=0 0 0 1 23 14 14 0 11 3 6 11 14 0 0 23 11 23 0 7 11 23 23 0 7 23 7 23 21 21
split_gain=3299.81 300.338 247.521 113.219 93.7029 72.5696 53.9624 42.7936 41.8853 41.0619 40.4963 33.0553 33.0491 35.4813 30.4632 29.7118 27.7998 30.2553 27.5446 26.7672 25.0457 25.3449 24.5685 22.7888 21.9166 18.4849 18.332 17.9484 17.3657 40.087
threshold=51.080162048339851 21.800677299499515 82.491657257080092 62.000000000000007 15.521236896514894 1.0000000180025095e-35 1.0000000180025095e-35 37.445917129516609 0.62687611579895031 178.50000000000003 15.299999713897707 0.51942425966262828 1.0000000180025095e-35 69.17972564697267 41.712530136108406 12.102154254913332 0.21494740992784503 4.8467845916748056 96.72674942016603 2.5000000000000004 0.55249637365341198 20.268400192260746 9.0041098594665545 69.17972564697267 2.5000000000000004 6.2878470420837411 1.0000000180025095e-35 12.026573657989504 0.23251585662364962 0.28280414640903478
decision_type=2 2 2 2 2 2 2 2 2 2 2 2 2 2 2 2 2 2 2 2 2 2 2 2 2 2 2 2 2 2
left_child=1 6 3 23 8 7 10 20 12 -4 -1 27 13 25 24 -9 17 18 -11 -8 -3 -22 -13 -2 -7 -5 -16 -12 -15 -30
right_child=2 5 9 4 -6 14 19 15 -10 16 11 22 -14 28 26 -17 -18 -19 -20 -21 21 -23 -24 -25 -26 -27 -28 -29 29 -31
leaf_value=-0.54340013300071022 0.48431318797097533 -0.012589028524717272 2.0736193427099168 0.24861532815710946 2.0009758480748756 0.33857948659268561 -0.017160286049650499 0.2105757430741616 0.87359588913231756 0.6850920141161535 -0.62516549360582718 0.0026721345116935422 1.2112114726850818 0.39396665485183519 0.073989307683019909 0.67255391961342326 2.8943874944628325 1.8932027199444672 2.2712600744188878 0.56615583301425132 0.17158607443791624 1.9225072474451663 0.32933355806814296 0.65134451322053466 1.3161962831391392 0.40758640318847283 1.2304916421277308 0.096488358369669375 2.825581966939168 0.56684577399583391
leaf_weight=103442 809 7209 2305 1925 322 1292 1374 3427 354 472 57832 5502 212 595 91 264 289 205 319 1048 1466 141 651 586 308 354 302 3977 216 1130
leaf_count=103442 809 7209 2305 1925 322 1292 1374 3427 354 472 57832 5502 212 595 91 264 289 205 319 1048 1466 141 651 586 308 354 302 3977 216 1130
internal_value=-0.00131174 -0.003103 0.0321116 0.0251302 0.020993 0.0051931 -0.00379504 0.00349868 0.0188851 0.0447577 -0.0039207 -0.00278291 0.0172987 0.0161374 0.0158264 0.00892278 0.0361634 0.0314096 0.026086 0.00509826 0.00122777 0.00800124 0.00141102 0.0402796 0.01215 0.0110601 0.0307939 -0.00320041 0.0220989 0.0258722
internal_weight=198419 188326 10093 6503 5108 14500 173826 12507 4786 3590 171404 67962 4432 4220 1993 3691 1285 996 791 2422 8816 1607 6153 1395 1600 2279 393 61809 1941 1346
internal_count=198419 188326 10093 6503 5108 14500 173826 12507 4786 3590 171404 67962 4432 4220 1993 3691 1285 996 791 2422 8816 1607 6153 1395 1600 2279 393 61809 1941 1346
is_linear=0
shrinkage=0.06


Tree=15
num_leaves=31
num_cat=0
split_feature=0 0 0 1 23 14 11 23 2 0 1 14 11 21 7 14 4 23 0 11 0 11 23 17 23 0 0 23 25 17
split_gain=2902.26 261.065 238.355 114.528 105.46 67.979 57.3336 52.9828 43.8364 42.7742 42.7212 36.5085 34.5003 39.9879 29.345 28.3189 26.1777 25.8919 23.516 22.444 19.887 19.4913 19.326 17.6262 16.1421 15.2602 15.2494 15.0158 14.167 13.8816
threshold=51.080162048339851 27.322209358215336 86.781265258789077 62.000000000000007 15.521236896514894 1.0000000180025095e-35 0.23976726084947589 24.933436393737797 3.5000000000000004 69.17972564697267 224.00000000000003 1.0000000180025095e-35 0.2133271470665932 0.48632842302322393 3.5000000000000004 1.0000000180025095e-35 108.50000000000001 4.8467845916748056 69.17972564697267 0.65231239795684826 104.55176544189455 0.31268873810768133 5.315803289413453 1.5000000000000002 14.959635734558107 39.752513885498054 91.426315307617202 10.212798595428469 7.5000000000000009 5.5000000000000009
decision_type=2 2 2 2 2 2 2 2 2 2 2 2 2 2 2 2 2 2 2 2 2 2 2 2 2 2 2 2 2 2
left_child=1 5 3 18 6 8 15 11 -1 -8 26 19 24 22 -7 16 -5 20 -2 25 -12 -13 -14 -15 -10 -3 -4 -25 -11 -18
right_child=2 7 10 4 -6 14 9 -9 12 28 17 21 13 23 -16 -17 29 -19 -20 -21 -22 -23 -24 27 -26 -27 -28 -29 -30 -31
leaf_value=-0.48320280156603745 0.45525439669271678 0.046563031157072179 1.0121569372559958 0.39734393200896234 1.8819645789126462 0.14739131663013474 0.45047352415320968 1.9112509096638695 -0.63013317831227567 1.823854594384795 1.2500236571407495 0.383359880092769 -0.26504141116127405 1.0590065911900541 0.98008521045335661 1.2400722733677938 0.31638429279606012 2.9363794571974067 0.6483221117060205 0.27431429384260919 2.0407323325096915 0.99112822400680767 0.15190417570574913 0.043706914055488086 0.14122157834434645 0.20160991428196878 2.1299258360626596 1.4340745096570897 1.4321917123099102 2.332965674595743
leaf_weight=83278 809 4407 521 1232 381 2501 628 211 70795 497 490 1057 13327 949 522 194 2285 176 720 621 125 277 2792 2048 2349 2843 1559 349 92 384
leaf_count=83278 809 4407 521 1232 381 2501 628 211 70795 497 490 1057 13327 949 522 194 2285 176 720 621 125 277 2792 2048 2349 2843 1559 349 92 384
internal_value=-0.00141546 -0.00309536 0.0299299 0.0241163 0.0202006 -0.00360785 0.0180136 0.00664231 -0.00376118 0.0294478 0.0445538 0.00596089 -0.00286294 -0.000618034 0.00531326 0.0146154 0.0135027 0.0326852 0.0386959 0.00440528 0.026878 0.0151394 -0.00185706 0.00535087 -0.00346035 0.00346758 0.0490673 0.00261076 0.0410628 0.0101634
internal_weight=198419 188326 10093 7222 5693 178910 5312 9416 175887 1217 2871 9205 92609 19465 3023 4095 3901 791 1529 7871 615 1334 16119 3346 73144 7250 2080 2397 589 2669
internal_count=198419 188326 10093 7222 5693 178910 5312 9416 175887 1217 2871 9205 92609 19465 3023 4095 3901 791 1529 7871 615 1334 16119 3346 73144 7250 2080 2397 589 2669
is_linear=0
shrinkage=0.06


Tree=16
num_leaves=31
num_cat=0
split_feature=0 0 0 1 23 4 0 11 23 6 14 11 14 0 14 11 7 23 4 11 4 14 0 24 21 0 0 23 20 11
split_gain=2513.56 245.269 236.702 99.5819 86.5939 60.8247 56.6335 49.7154 50.5925 48.4276 38.8043 35.7172 32.3903 32.2866 29.6863 27.4906 24.7333 24.0958 23.3919 22.4957 24.5103 25.3421 21.095 20.4721 19.5776 19.226 17.9726 17.7238 16.9778 15.8663
threshold=51.080162048339851 18.613037109375004 82.491657257080092 62.000000000000007 15.521236896514894 153.00000000000003 34.128473281860359 0.21494740992784503 4.8467845916748056 15.550000190734865 1.0000000180025095e-35 0.4306721985340119 1.0000000180025095e-35 91.426315307617202 1.0000000180025095e-35 0.39678713679313665 1.0000000180025095e-35 19.682042121887211 108.50000000000001 0.26540583372116094 73.500000000000014 1.0000000180025095e-35 104.55176544189455 15740.303710937502 0.23912741243839267 69.17972564697267 12.764007568359377 4.534365415573121 1.5000000000000002 0.69292697310447704
decision_type=2 2 2 2 2 2 2 2 2 2 2 2 2 2 2 2 2 2 2 2 2 2 2 2 2 2 2 2 2 2
left_child=1 9 3 25 11 13 19 8 22 -1 15 14 17 -4 18 27 -14 29 -5 -3 -21 23 -7 -22 -13 -2 -17 -11 -25 -8
right_child=2 6 5 4 -6 7 12 -9 -10 10 -12 24 16 -15 -16 26 -18 -19 -20 20 21 -23 -24 28 -26 -27 -28 -29 -30 -31
leaf_value=-0.52817670689843221 0.42793913289115382 -0.022035572464196705 0.99870472150765854 0.36210393373042277 1.7679994224556244 0.74055844279370597 0.1458876785627258 2.5445414773632185 1.6283986547314804 -0.68119378832735566 0.38467205184247061 1.2063864928742565 -0.017963278470992342 2.0021302118192472 1.0875297181123074 -0.081366977047130237 0.74334132805759157 0.96653013353563544 0.34214982966665658 -0.047653239220198935 0.13481004617111569 1.3506950014452104 1.9021544220809712 1.2241357350887083 1.0849776242905502 0.57336451572494107 0.27438061366664435 -0.16588321779723209 0.02364527692606886 0.26922895043519951
leaf_weight=103237 809 9509 864 1213 322 758 4384 335 241 44808 982 272 168 1261 209 7390 702 183 2624 1474 2067 232 131 330 468 586 1348 10965 191 356
leaf_count=103237 809 9509 864 1213 322 758 4384 335 241 44808 982 272 168 1261 209 7390 702 183 2624 1474 2067 232 131 330 468 586 1348 10965 191 356
internal_value=-0.00147624 -0.0030396 0.0276946 0.0208676 0.0169875 0.0400613 0.00331414 0.0306553 0.0246372 -0.00377752 -0.00250131 0.0149611 0.00829311 0.0465459 0.0127444 -0.0026815 0.0189655 0.00640707 0.011545 0.00122451 0.00482906 0.00810638 0.018027 0.0064034 0.0270811 0.0350753 0.000447698 -0.00317175 0.0170326 0.00558228
internal_weight=198419 188326 10093 6503 5108 3590 19596 1465 1130 168730 65493 4786 5793 2125 4046 64511 870 4923 3837 13803 4294 2820 889 2588 740 1395 8738 55773 521 4740
internal_count=198419 188326 10093 6503 5108 3590 19596 1465 1130 168730 65493 4786 5793 2125 4046 64511 870 4923 3837 13803 4294 2820 889 2588 740 1395 8738 55773 521 4740
is_linear=0
shrinkage=0.06


Tree=17
num_leaves=31
num_cat=0
split_feature=0 0 0 1 23 3 14 2 23 0 11 14 0 11 11 21 11 11 14 21 23 0 23 21 25 0 21 21 21 20
split_gain=2194.41 259.915 218.97 99.2708 94.7997 63.4284 49.1639 48.5523 41.6763 41.3616 52.0954 33.1559 31.3124 30.9975 28.4346 22.0158 21.2716 20.4579 19.0532 18.2535 18.146 16.805 16.7645 22.2323 24.1724 16.5789 15.4951 15.3797 15.1071 14.7544
threshold=51.080162048339851 86.781265258789077 18.613037109375004 47.500000000000007 16.400203704833988 148.50000000000003 1.0000000180025095e-35 3.5000000000000004 4.8467845916748056 69.17972564697267 0.23976726084947589 1.0000000180025095e-35 34.128473281860359 0.21494740992784503 0.31268873810768133 0.21874103695154193 0.39678713679313665 0.58095309138298046 1.0000000180025095e-35 0.34331221878528601 12.026573657989504 96.72674942016603 4.534365415573121 0.81262066960334789 3.5000000000000004 69.17972564697267 0.41394232213497167 0.48083676397800451 0.19782134145498279 3.5000000000000004
decision_type=2 2 2 2 2 2 2 2 2 2 2 2 2 2 2 2 2 2 2 2 2 2 2 2 2 2 2 2 2 2
left_child=2 3 7 25 9 -3 12 -1 13 18 15 16 17 21 27 -11 22 -4 -5 -12 -14 -7 23 -9 -25 -2 -22 28 -8 -21
right_child=1 5 6 4 -6 8 14 11 -10 10 19 -13 20 -15 -16 -17 -18 -19 -20 29 26 -23 -24 24 -26 -27 -28 -29 -30 -31
leaf_value=-0.50765829208933844 0.4197115727073904 1.7522177747034173 -0.039737629844532628 0.23768125383302013 1.7157278249704695 0.6083057223588958 0.38799100626317035 -0.63315800165605207 2.4243681749322139 0.14973524740170205 1.7062474785251276 0.34163109412275661 0.15238432184864698 1.5606376496047516 1.0772137224505578 0.54255555643669762 -0.052666455258429369 0.17509122821292672 0.93818251477081016 1.1002819857327581 0.1546660070272399 1.9051634965944058 -0.20616443438591076 0.88641358344860399 -0.43301924615269027 0.59617484751768957 0.97681729472736079 0.44319866192888557 -0.018521305398681135 0.15959927210837188
leaf_weight=79307 630 1599 10471 2641 350 412 592 60991 295 661 405 1288 4530 196 506 1513 11878 1776 222 114 274 369 14966 153 147 572 119 492 836 114
leaf_count=79307 630 1599 10471 2641 350 412 592 60991 295 661 405 1288 4530 196 506 1513 11878 1776 222 114 274 369 14966 153 147 572 119 492 836 114
internal_value=-0.001547 0.0257091 -0.00300774 0.0196383 0.016495 0.0409801 0.00299571 -0.00370497 0.0309811 0.0146243 0.0197998 -0.00274648 0.00186604 0.0250133 0.0109909 0.0153891 -0.00288614 0.000241527 0.00955012 0.0349479 0.00590737 0.0196594 -0.00325402 -0.00369363 0.0126 0.035381 0.0182748 0.00765625 0.0045042 0.0213684
internal_weight=198419 10093 188326 7222 6020 2871 19596 168730 1272 5670 2807 89423 17170 977 2426 2174 88135 12247 2863 633 4923 781 76257 61291 300 1202 393 1920 1428 228
internal_count=198419 10093 188326 7222 6020 2871 19596 168730 1272 5670 2807 89423 17170 977 2426 2174 88135 12247 2863 633 4923 781 76257 61291 300 1202 393 1920 1428 228
is_linear=0
shrinkage=0.06


Tree=18
num_leaves=31
num_cat=0
split_feature=0 0 0 23 1 1 0 11 0 6 23 11 4 23 23 4 23 24 14 14 0 7 11 14 0 0 14 24 24 21
split_gain=1910.31 254.555 200.027 110.391 91.3408 64.1804 58.8245 52.4184 48.6781 43.0731 32.2826 30.3174 30.1256 27.2042 25.7057 23.9577 22.3459 21.7925 20.5054 18.9253 18.7478 17.7447 17.1289 17.1208 16.8426 16.1256 15.2191 14.9642 22.4198 14.365
threshold=51.080162048339851 91.426315307617202 15.020546913146974 16.400203704833988 47.500000000000007 200.00000000000003 34.128473281860359 0.23976726084947589 69.17972564697267 15.299999713897707 4.8467845916748056 0.24962412565946582 92.500000000000014 8.489507198333742 24.933436393737797 108.50000000000001 11.868320941925051 15472.451660156252 1.0000000180025095e-35 1.0000000180025095e-35 104.55176544189455 1.0000000180025095e-35 0.43672485649585729 1.0000000180025095e-35 69.17972564697267 69.17972564697267 1.0000000180025095e-35 9248.4008789062518 10965.451660156252 0.48083676397800451
decision_type=2 2 2 2 2 2 2 2 2 2 2 2 2 2 2 2 2 2 2 2 2 2 2 2 2 2 2 2 2 2
left_child=2 3 9 4 24 -3 11 15 -9 -1 20 26 -13 17 18 25 22 19 -8 -14 -7 -20 -11 -17 -2 -6 -4 -10 -29 -28
right_child=1 5 6 -5 7 10 14 8 27 16 -12 12 13 -15 -16 23 -18 -19 21 -21 -22 -23 -24 -25 -26 -27 29 28 -30 -31
leaf_value=-0.53950695714691277 0.37909390937534543 1.7790511996575367 -0.11981367422857797 1.5134025307271008 0.24093229321637846 1.0034910159003037 0.1471136980608915 0.35567767089846186 1.7094193386367087 -0.53795440028870267 2.4620621106278362 -0.03548215163594385 0.02259783777615261 0.80732508973300343 1.431459464966941 0.35453622298805898 0.1949144064921173 0.57576731396546843 -0.03913672057255041 0.84736913785182799 1.6574196840627549 0.58332042671725559 -0.0085270327239474857 1.1267867026447735 0.49410691695639514 0.44157165742712923 0.0558805511733255 0.16053097603323344 1.031887041365489 0.56177787016601965
leaf_weight=95655 599 1413 14073 472 775 399 4834 709 259 52773 182 3130 2693 799 120 2961 3808 757 167 161 156 672 7033 124 609 913 1229 141 381 422
leaf_count=95655 599 1413 14073 472 775 399 4834 709 259 52773 182 3130 2693 799 120 2961 3808 757 167 161 156 672 7033 124 609 913 1229 141 381 422
internal_value=-0.00160597 0.0238246 -0.00296887 0.0188672 0.0170893 0.0421395 0.00160918 0.0141756 0.024 -0.00380409 0.0277856 0.000262034 0.00338992 0.00658503 0.00701916 0.0111087 -0.00259415 0.00436832 0.00643786 0.00196776 0.0205946 0.0150965 -0.00287791 0.00796434 0.0321954 0.0168554 -0.00123785 0.0343329 0.0284828 0.00421199
internal_weight=198419 10093 188326 7943 7471 2150 29057 6263 1490 159269 737 23264 7540 4410 5793 4773 63614 3611 5673 2854 555 839 59806 3085 1208 1688 15724 781 522 1651
internal_count=198419 10093 188326 7943 7471 2150 29057 6263 1490 159269 737 23264 7540 4410 5793 4773 63614 3611 5673 2854 555 839 59806 3085 1208 1688 15724 781 522 1651
is_linear=0
shrinkage=0.06


Tree=19
num_leaves=31
num_cat=0
split_feature=0 0 0 23 1 3 23 11 2 0 11 0 0 14 11 3 23 21 25 14 0 21 21 23 23 21 23 24 14 21
split_gain=1653.55 285.029 145.477 84.9414 72.705 66.8011 55.7356 48.7817 45.0735 39.1456 37.9201 32.5504 30.4529 27.7869 23.0018 21.3524 20.113 18.143 17.9491 17.908 17.3176 16.8229 16.558 15.9493 15.5524 14.8968 16.062 14.6486 14.0891 13.6031
threshold=46.076341629028327 86.781265258789077 15.020546913146974 17.144623756408695 41.500000000000007 104.00000000000001 4.8467845916748056 0.21494740992784503 4.5000000000000009 69.17972564697267 0.23976726084947589 31.149155616760257 104.55176544189455 1.0000000180025095e-35 0.24962412565946582 68.500000000000014 4.1234867572784433 0.40094302594661718 4.5000000000000009 1.0000000180025095e-35 69.17972564697267 0.59352794289588939 0.21874103695154193 6.2427423000335702 28.859872817993168 0.26013524830341345 1.4496549367904665 17764.509765625004 1.0000000180025095e-35 0.56469395756721508
decision_type=2 2 2 2 2 2 2 2 2 2 2 2 2 2 2 2 2 2 2 2 2 2 2 2 2 2 2 2 2 2
left_child=2 3 8 4 20 -3 7 12 -1 19 22 14 -7 17 28 -16 -13 -10 -12 29 -2 23 -11 27 -19 26 -24 -17 -4 -6
right_child=1 5 11 -5 9 6 -8 -9 13 10 18 16 -14 -15 15 21 -18 24 -20 -21 -22 -23 25 -25 -26 -27 -28 -29 -30 -31
leaf_value=-0.50270161082405507 0.35053385008389681 1.5317906108511359 -0.13892918550617189 1.4607101496281427 0.16915915282547911 0.75165550593104735 2.1203489987025019 1.5474713297103881 -0.49637511621909686 0.13359564402731303 1.5720667207038137 0.10648453011827429 1.6382834437489564 0.39579268348211671 -0.06411091166802782 0.040875118580828033 0.31032926892967477 -0.1921993685477365 0.48091676932416683 0.78988476202705382 0.4394388509974852 1.2362026402712458 1.0495048965945968 0.24667078145744994 1.7147304434504629 0.36670948082355609 2.6533352364194234 0.25865268148602294 0.18088224965186589 0.83632767834310118
leaf_weight=93676 764 1127 13095 484 3207 840 427 289 44496 668 303 4274 188 816 2139 3353 1517 20193 337 374 496 499 98 1141 88 1356 94 86 1502 492
leaf_count=93676 764 1127 13095 484 3207 840 427 289 44496 668 303 4274 188 816 2139 3353 1517 20193 337 374 496 499 98 1141 88 1356 94 86 1502 492
internal_value=-0.00166554 0.0203721 -0.00302689 0.0149478 0.0135042 0.0367586 0.0294014 0.0232938 -0.00372385 0.0110934 0.016479 0.00099413 0.0171712 -0.00251762 -6.73863e-05 0.00270324 0.00499292 -0.00265622 0.0293437 0.00731696 0.0267619 0.00482103 0.0127635 0.00368122 -0.00116888 0.0161705 0.0318125 0.00164175 -0.00143742 0.0060519
internal_weight=198419 11544 186875 8673 8189 2871 1744 1317 159269 6929 2856 27606 1028 65593 21815 7218 5791 64777 640 4073 1260 5079 2216 4580 20281 1548 192 3439 14597 3699
internal_count=198419 11544 186875 8673 8189 2871 1744 1317 159269 6929 2856 27606 1028 65593 21815 7218 5791 64777 640 4073 1260 5079 2216 4580 20281 1548 192 3439 14597 3699
is_linear=0
shrinkage=0.06


Tree=20
num_leaves=31
num_cat=0
split_feature=0 0 0 23 11 1 0 23 1 6 14 4 11 23 23 21 7 0 11 14 21 23 24 3 23 21 11 21 21 5
split_gain=1472.71 279.28 152.286 82.754 72.1316 76.4691 70.0498 49.9242 44.2691 41.9743 29.082 28.3732 29.2268 25.9367 23.9025 22.7306 21.5716 23.3076 21.3662 19.9958 20.2352 19.1657 18.2182 16.553 16.3623 15.6411 14.1985 13.316 18.4595 13.1402
threshold=69.17972564697267 29.780868530273441 96.72674942016603 16.400203704833988 0.24962412565946582 69.500000000000014 12.30664110183716 24.933436393737797 187.50000000000003 15.299999713897707 1.0000000180025095e-35 88.500000000000014 0.24962412565946582 8.489507198333742 3.2892084121704106 0.56469395756721508 1.0000000180025095e-35 41.712530136108406 0.69292697310447704 1.0000000180025095e-35 0.48932217061519628 11.868320941925051 15644.583496093752 122.00000000000001 16.804028511047367 0.26463150978088384 0.43672485649585729 0.59352794289588939 0.23404077440500262 9.5000000000000018
decision_type=2 2 2 2 2 2 2 2 2 2 2 2 2 2 2 2 2 2 2 2 2 2 2 2 2 2 2 2 2 2
left_child=1 6 3 4 5 -2 9 10 -4 -1 18 -8 19 22 -10 -6 -12 -18 -3 24 -21 26 -14 -9 -13 -15 -11 28 -24 -27
right_child=2 7 8 -5 15 -7 11 23 14 21 16 12 13 25 -16 -17 17 -19 -20 20 -22 -23 27 -25 -26 29 -28 -29 -30 -31
leaf_value=-0.54192982137537349 0.386622472349473 0.1267902802864973 1.7851547626638702 1.2326779281294844 1.1673590472368391 0.42077198262293325 -0.13010027281607683 0.69823193466760891 1.4744523490942474 -0.50321596755242537 -0.038274555539297338 -0.23289050422116928 0.015178574665186481 0.12697792347830092 2.4201731691656718 0.10026762641955511 0.30922466673321786 0.86540207774658273 0.29255191804365699 0.094363016471022382 0.93696592044104843 0.23177013352127346 0.36734592026208401 2.3097400942713069 0.18102220957016499 0.49815807674924134 -0.018611983532405063 1.4957347061979143 -0.075136535138913038 1.2374962176237316
leaf_weight=89044 836 9271 924 415 927 2778 11554 158 373 49748 282 11818 4212 574 133 88 651 497 616 913 261 3191 414 111 1125 440 6342 129 460 134
leaf_count=89044 836 9271 924 415 927 2778 11554 158 373 49748 282 11818 4212 574 133 88 651 497 616 913 261 3191 414 111 1125 440 6342 129 460 134
internal_value=-0.00170878 -0.00265811 0.0264374 0.0215377 0.0192366 0.0152673 -0.00323818 0.00637183 0.0437203 -0.0037877 0.0057646 -0.000693764 0.00064746 0.00402357 0.0294545 0.0333695 0.0137622 0.0174146 0.00460787 -0.000874267 0.00662351 -0.00255067 0.00222627 0.0319182 -0.00155436 0.0121882 -0.00280799 0.00949352 0.00683753 0.0191916
internal_weight=198419 191945 6474 5044 4629 3614 180359 11586 1430 148325 11317 32034 20480 6363 506 1015 1430 1148 9887 14117 1174 59281 5215 269 12943 1148 56090 1003 874 574
internal_count=198419 191945 6474 5044 4629 3614 180359 11586 1430 148325 11317 32034 20480 6363 506 1015 1430 1148 9887 14117 1174 59281 5215 269 12943 1148 56090 1003 874 574
is_linear=0
shrinkage=0.06


Tree=21
num_leaves=31
num_cat=0
split_feature=0 0 0 23 3 11 6 1 0 14 14 23 7 11 21 23 23 11 21 25 25 2 4 1 24 24 25 25 21 10
split_gain=1288.22 252.936 149.796 78.7669 57.7886 60.7722 53.3995 51.8387 51.0404 40.4898 37.3745 34.8683 26.1352 22.9766 21.9924 21.8821 20.6552 19.3819 18.6433 23.799 18.2274 18.0521 17.4407 17.2292 16.8613 19.6056 16.187 22.927 19.0664 16.135
threshold=69.17972564697267 20.731276512146 96.72674942016603 16.400203704833988 47.500000000000007 0.24962412565946582 8.1500000953674334 184.50000000000003 39.752513885498054 1.0000000180025095e-35 1.0000000180025095e-35 4.534365415573121 1.0000000180025095e-35 0.2314923703670502 0.42809192836284643 4.8467845916748056 12.026573657989504 0.4306721985340119 0.81262066960334789 3.5000000000000004 5.5000000000000009 2.5000000000000004 103.00000000000001 41.500000000000007 9248.4008789062518 10965.451660156252 10.500000000000002 4.5000000000000009 0.6846919357776643 1.5000000000000002
decision_type=2 2 2 2 2 2 2 2 2 2 2 2 2 2 2 2 2 2 2 2 2 2 2 2 2 2 2 2 2 2
left_child=1 6 3 4 -2 22 -1 -4 14 16 11 17 -11 -13 -3 -9 23 18 -8 -20 -14 -16 -6 -10 -7 -26 27 -23 -29 -15
right_child=2 8 7 -5 5 24 10 15 9 12 -12 13 20 29 21 -17 -18 -19 19 -21 -22 26 -24 -25 25 -27 -28 28 -30 -31
leaf_value=-0.40100280509228475 0.38137983520796376 -0.01254049001083655 1.6728552049441092 1.1587172524417151 0.38238926355607084 1.434286799828669 -0.51824989917108155 1.3837040008191308 0.17969004766335975 0.015426760672640859 0.26421666508604724 -0.18738305799018093 0.47621043499882498 0.33372938640094241 -0.012175334098126633 2.2749627790157314 0.36201560502042374 -0.073239491945963242 0.90328057798922567 -0.36512451987939742 1.239745770389544 0.085323796250972431 0.39879211513776486 0.15703907718792015 0.036791837814226284 0.81437201068768594 0.042504765160545029 1.068327516169719 1.144022562315552 0.1761471011821247
leaf_weight=59530 708 8151 912 415 952 266 77728 386 895 200 1676 17579 298 170 1535 132 542 11344 175 191 374 636 2124 4931 117 462 842 950 225 3973
leaf_count=59530 708 8151 912 415 952 266 77728 386 895 200 1676 17579 298 170 1535 132 542 11344 175 191 374 636 2124 4931 117 462 842 950 225 3973
internal_value=-0.00175898 -0.00264685 0.0245653 0.0197058 0.0174608 0.0146121 -0.00338092 0.0417063 0.00381562 0.00781492 -0.00261385 -0.00274793 0.0199404 -0.00059166 0.001469 0.0265483 0.00615452 -0.00327163 -0.00360827 0.00990164 0.0256071 0.00500286 0.010697 0.00511225 0.0288639 0.0231192 0.00799924 0.0111949 0.0161617 0.00342795
internal_weight=198419 191945 6474 5044 4629 3921 172366 1430 19579 7240 112836 111160 872 21722 12339 518 6368 89438 78094 366 672 4188 3076 5826 845 579 2653 1811 1175 4143
internal_count=198419 191945 6474 5044 4629 3921 172366 1430 19579 7240 112836 111160 872 21722 12339 518 6368 89438 78094 366 672 4188 3076 5826 845 579 2653 1811 1175 4143
is_linear=0
shrinkage=0.06


Tree=22
num_leaves=31
num_cat=0
split_feature=0 0 0 23 3 1 11 3 0 23 23 1 11 11 14 11 21 21 25 21 11 0 2 11 23 17 10 21 21 20
split_gain=1147.57 223.486 143.99 70.6135 52.9885 51.8875 49.9978 55.1306 45.2148 34.9712 31.2983 25.4415 23.5442 21.4146 17.917 17.6696 17.4558 17.0449 21.6102 16.8184 16.1377 14.7921 14.7144 17.2756 14.447 14.2819 13.4539 11.7263 15.9329 15.5503
threshold=69.17972564697267 20.203450202941898 96.72674942016603 16.400203704833988 128.50000000000003 184.50000000000003 0.24962412565946582 66.500000000000014 39.752513885498054 21.848299980163578 4.534365415573121 41.500000000000007 0.2314923703670502 0.21494740992784503 1.0000000180025095e-35 0.4306721985340119 0.42809192836284643 0.81262066960334789 3.5000000000000004 0.56469395756721508 0.73034450411796581 12.188961982727053 3.5000000000000004 0.69292697310447704 3.2892084121704106 1.5000000000000002 1.5000000000000002 0.22698328644037249 0.26013524830341345 1.5000000000000002
decision_type=2 2 2 2 2 2 2 2 2 2 2 2 2 2 2 2 2 2 2 2 2 2 2 2 2 2 2 2 2 2
left_child=1 4 3 6 21 -4 7 -2 16 11 14 -10 -12 24 15 17 25 -6 -19 -8 -13 -1 -18 -24 -7 -3 -14 -9 29 -29
right_child=2 8 5 -5 10 13 19 27 9 -11 12 20 26 -15 -16 -17 22 18 -20 -21 -22 -23 23 -25 -26 -27 -28 28 -30 -31
leaf_value=-0.50548879767364774 0.32929371605390922 0.13246381808676971 1.5724838926474625 1.0891942172952118 -0.49301704432266696 1.624441561857338 1.0617648053820945 0.14327614668891664 0.22292108744680356 1.6558017869762662 -0.14372838451879696 0.16833271392193341 0.33474352866774337 5.3814506876131771 0.2103532888341651 -0.035521259653630274 0.034644800368564176 0.82303411794566617 -0.39121141815844157 0.080877638199198743 0.53983619712368869 -0.10867103087884278 0.63567663262378737 0.61296967844431971 0.80360895608542871 -0.075232191392448466 0.25560739310942809 0.93736075693327869 0.35610071358077894 2.4051858049143515
leaf_weight=73019 895 2510 912 415 59562 321 927 895 1171 176 13686 5631 172 93 1057 8696 2294 138 146 88 262 11977 2008 167 104 6084 3189 126 1602 96
leaf_count=73019 895 2510 912 415 59562 321 927 895 1171 176 13686 5631 172 93 1057 8696 2294 138 146 88 262 11977 2008 167 104 6084 3189 126 1602 96
internal_value=-0.00179103 -0.00262904 0.0230547 0.0182902 -0.00333317 0.0398601 0.0161646 0.01286 0.00332374 0.00712707 -0.00228904 0.00646885 1.51332e-05 0.024695 -0.0028534 -0.00297295 0.0012158 -0.00334017 0.0113239 0.027931 0.00486374 -0.00439757 0.00425733 0.0077931 0.0189882 -0.000365838 0.00451473 0.00860831 0.0113684 0.0264324
internal_weight=198419 191945 6474 5044 171642 1430 4629 3614 20303 7240 86646 7064 17047 518 69599 68542 13063 59846 284 1015 5893 84996 4469 2175 425 8594 3361 2719 1824 222
internal_count=198419 191945 6474 5044 171642 1430 4629 3614 20303 7240 86646 7064 17047 518 69599 68542 13063 59846 284 1015 5893 84996 4469 2175 425 8594 3361 2719 1824 222
is_linear=0
shrinkage=0.06


Tree=23
num_leaves=31
num_cat=0
split_feature=0 0 0 23 2 1 0 11 3 14 21 7 11 23 23 3 23 24 24 23 23 1 11 21 17 17 20 23 11 21
split_gain=983.286 196.779 143.315 63.0912 51.2279 49.9793 48.9533 35.6506 46.5447 29.6957 22.3416 20.8623 19.5205 17.4424 17.3037 19.4049 16.4181 14.9519 15.6699 14.1622 13.5308 13.0693 12.8046 14.1474 14.1638 12.4129 19.676 12.3617 11.722 11.5275
threshold=69.17972564697267 16.753225326538089 96.72674942016603 17.144623756408695 3.5000000000000004 166.50000000000003 37.445917129516609 0.24962412565946582 66.500000000000014 1.0000000180025095e-35 0.40094302594661718 1.0000000180025095e-35 0.21494740992784503 7.3470351696014413 5.6679339408874521 68.500000000000014 3.2892084121704106 9248.4008789062518 10965.451660156252 28.859872817993168 23.276655197143558 216.00000000000003 0.21373439580202105 0.48632842302322393 1.5000000000000002 4.5000000000000009 2.5000000000000004 3.0626915693283085 0.73091167211532604 0.54729878902435314
decision_type=2 2 2 2 2 2 2 2 2 2 2 2 2 2 2 2 2 2 2 2 2 2 2 2 2 2 2 2 2 2
left_child=1 4 3 7 -1 -4 14 8 -2 28 27 -11 16 -13 -3 -16 25 -9 -19 22 -17 -22 -12 -24 -25 -7 -27 -6 29 -8
right_child=2 6 5 -5 10 12 9 17 -10 11 19 13 -14 -15 15 20 -18 18 -20 -21 21 -23 23 24 -26 26 -28 -29 -30 -31
leaf_value=-0.39006915762017624 0.30827085758688177 -0.028865044334288888 1.4837989084736232 1.0910796550897726 -0.47295103518187043 0.030531964053825071 0.089602775149312655 1.277760861642173 0.33799021996358503 -0.013134578016056258 -0.23256738027880822 0.49775666857630335 4.1508302255451106 1.2526807050522613 -0.055166230836116069 0.15441274454076695 0.75539241872030316 0.073543050613214186 0.68960599922831789 1.6178070953826975 0.71190736456644532 1.876864980385009 -0.10516294821354868 1.0179563157070681 0.12107691629531779 4.4205556410990932 0.51420950698964119 -0.16904849396067473 0.3907173996659366 0.36428530620781502
leaf_weight=77231 914 14697 852 341 46233 164 5503 316 2774 225 22186 588 105 191 1519 3105 117 140 559 104 198 98 2417 774 1982 104 88 13437 266 1191
leaf_count=77231 914 14697 852 341 46233 164 5503 316 2774 225 22186 588 105 191 1519 3105 117 140 559 104 198 98 2417 774 1982 104 88 13437 266 1191
internal_value=-0.00183457 -0.00261028 0.021164 0.0164108 -0.00339724 0.0379301 0.00207947 0.0146039 0.0118633 0.00604671 -0.00239999 0.0156932 0.0243114 0.0203415 0.000468878 0.00354878 0.0191163 0.0245616 0.0196652 -0.000983798 0.00606704 0.0183243 -0.0010678 0.00162033 0.00455878 0.0127079 0.0230625 -0.00305179 0.00465517 0.00416432
internal_weight=198419 191945 6474 5044 164364 1430 27581 4703 3688 7964 87133 1004 578 779 19617 4920 473 1015 699 27463 3401 296 27359 5173 2756 356 192 59670 6960 6694
internal_count=198419 191945 6474 5044 164364 1430 27581 4703 3688 7964 87133 1004 578 779 19617 4920 473 1015 699 27463 3401 296 27359 5173 2756 356 192 59670 6960 6694
is_linear=0
shrinkage=0.06


Tree=24
num_leaves=31
num_cat=0
split_feature=0 0 0 23 1 0 2 1 11 14 11 14 23 21 7 3 23 25 23 11 0 24 21 14 11 21 20 21 21 23
split_gain=842.238 181.483 121.851 62.7703 55.3731 50.9615 49.4362 29.3971 35.87 25.5969 24.5403 23.5023 22.9254 19.0579 17.8786 17.6031 20.6477 16.0793 15.9027 15.8992 14.8924 13.8019 13.1203 13.0972 12.4212 11.3812 11.865 13.3843 21.7856 11.0675
threshold=69.17972564697267 14.13877058029175 96.72674942016603 17.144623756408695 166.50000000000003 37.445917129516609 3.5000000000000004 41.500000000000007 0.24962412565946582 1.0000000180025095e-35 0.24962412565946582 1.0000000180025095e-35 3.2892084121704106 0.40094302594661718 1.0000000180025095e-35 62.500000000000007 24.933436393737797 5.5000000000000009 28.859872817993168 0.57048034667968761 104.55176544189455 15644.583496093752 0.22241626679897311 1.0000000180025095e-35 0.32602486014366155 0.3112658560276032 3.5000000000000004 0.56469395756721508 0.52006244659423839 8.023776054382326
decision_type=2 2 2 2 2 2 2 2 2 2 2 2 2 2 2 2 2 2 2 2 2 2 2 2 2 2 2 2 2 2
left_child=1 6 3 7 20 10 -1 -2 25 -7 -3 13 -6 -8 -11 -12 21 -16 -15 -10 -4 23 -21 29 -23 -9 27 28 -27 -17
right_child=2 5 4 -5 12 9 11 8 19 14 15 -13 -14 18 17 16 -18 -19 -20 22 -22 24 -24 -25 -26 26 -28 -29 -30 -31
leaf_value=-0.40821077241531772 0.35019983671097776 -0.060589090978401511 0.67124151188819037 1.0256148757843864 1.0408793282100337 0.14246182342207298 -0.4041478792001777 0.21149890509263922 1.1105131754078013 -0.012346503335092825 -0.055734080798627642 0.3100483625994026 1.5665281574852898 -0.16189439483788928 0.3498555149333164 0.011842497764626996 2.0103415828122055 0.98458469486140543 1.5207386696597358 1.0748290123554172 1.780929660630719 1.1876402992904311 0.095292724820070285 0.54064399253489326 0.17780150322930069 0.34088465220971331 0.069878233818432889 0.10991200696615257 0.94550631152558928 0.17206925596580649
leaf_weight=73432 645 18927 390 341 426 6960 56489 1704 456 225 2216 913 152 25424 355 4044 107 424 97 102 462 133 305 294 1080 721 381 263 126 825
leaf_count=73432 645 18927 390 341 426 6960 56489 1704 456 225 2216 913 152 25424 355 4044 107 424 97 102 462 133 305 294 1080 721 381 263 126 825
internal_value=-0.00183578 -0.0025537 0.0194495 0.0150666 0.0349091 0.00131329 -0.00343392 0.0132643 0.0113731 0.00554194 9.42576e-05 -0.00242994 0.0205744 -0.00253652 0.014498 0.00273204 0.00431004 0.018801 -0.00117574 0.0222271 0.0446338 0.00387139 0.0136069 0.0025183 0.00963067 0.00844131 0.0122696 0.0154054 0.0190767 0.00177572
internal_weight=198419 191945 6474 5044 1430 35590 156355 4703 4058 7964 27626 82923 578 82010 1004 8699 6483 779 25521 863 852 6376 407 5163 1213 3195 1491 1110 847 4869
internal_count=198419 191945 6474 5044 1430 35590 156355 4703 4058 7964 27626 82923 578 82010 1004 8699 6483 779 25521 863 852 6376 407 5163 1213 3195 1491 1110 847 4869
is_linear=0
shrinkage=0.06


Tree=25
num_leaves=31
num_cat=0
split_feature=0 0 0 23 0 2 1 11 1 0 11 14 21 23 2 21 21 21 24 24 24 7 0 1 3 2 25 21 16 14
split_gain=760.247 166.822 118.203 85.9304 47.1927 46.5636 36.9057 37.0192 32.396 30.6936 27.6259 26.0736 19.5553 17.974 17.7374 15.6369 16.5654 37.969 14.8131 13.9851 15.134 13.9839 13.6546 15.7451 13.6536 12.9969 12.4266 11.5458 11.5445 10.9982
threshold=69.17972564697267 12.764007568359377 104.55176544189455 17.144623756408695 41.712530136108406 3.5000000000000004 76.000000000000014 0.24962412565946582 166.50000000000003 91.426315307617202 0.24962412565946582 1.0000000180025095e-35 0.67921254038810741 8.489507198333742 8.5000000000000018 0.3112658560276032 0.56469395756721508 0.52006244659423839 16044.857421875002 9248.4008789062518 13227.383789062502 1.0000000180025095e-35 86.781265258789077 132.00000000000003 63.500000000000007 4.5000000000000009 5.5000000000000009 0.26463150978088384 14.500000000000002 1.0000000180025095e-35
decision_type=2 2 2 2 2 2 2 2 2 2 2 2 2 2 2 2 2 2 2 2 2 2 2 2 2 2 2 2 2 2
left_child=1 5 3 6 10 -1 9 15 -4 -2 29 -6 13 -12 -7 -8 17 -17 -10 27 -21 -13 23 -5 -15 -14 -23 -9 -27 -3
right_child=2 4 8 22 11 14 7 19 18 -11 12 21 25 24 -16 16 -18 -19 -20 20 -22 26 -24 -25 -26 28 -28 -29 -30 -31
leaf_value=-0.41222978145964445 0.26033990412317543 -0.089631302030486748 1.6740738809928759 0.53243256385431803 0.14005417559431449 -0.35364894452008 0.24032856240878436 0.65259024853646108 1.4834201527568178 0.45878289637893976 0.019191715349742882 0.035529461698430201 0.49255819991498462 -0.035765118061442315 -0.10051354738244 0.27888615178001153 0.025940702927092538 0.74496948639805316 0.1259595280854526 0.089504544401135394 0.6909469714997053 0.4343895900056105 1.3493367969152039 0.99895060656499979 0.34037851468269836 0.87019933100403679 1.1146937596470992 1.2746018201341827 1.5266296414573197 0.13563281991914852
leaf_weight=70666 1086 21759 462 123 5773 63514 1729 131 160 296 8376 174 386 508 16330 907 329 219 88 216 278 249 191 128 1387 99 320 131 141 2263
leaf_count=70666 1086 21759 462 123 5773 63514 1729 131 160 296 8376 174 386 508 16330 907 329 219 88 216 278 249 191 128 1387 99 320 131 141 2263
internal_value=-0.00182974 -0.00251181 0.018393 0.0155475 0.000859417 -0.00343991 0.0134363 0.0104772 0.041493 0.0218726 -1.5294e-05 0.00554696 0.00249041 0.00186291 -0.00244707 0.00764321 0.0122268 0.0156874 0.024 0.0224127 0.0164696 0.0161265 0.0409683 0.0317689 0.00713984 0.0127859 0.0206784 0.0336183 0.02375 -0.00115195
internal_weight=198419 191945 6474 5764 41435 150510 5322 3940 710 1382 34919 6516 10897 10271 79844 3184 1455 1126 248 756 494 743 442 251 1895 626 569 262 240 24022
internal_count=198419 191945 6474 5764 41435 150510 5322 3940 710 1382 34919 6516 10897 10271 79844 3184 1455 1126 248 756 494 743 442 251 1895 626 569 262 240 24022
is_linear=0
shrinkage=0.06


Tree=26
num_leaves=31
num_cat=0
split_feature=0 0 0 23 2 0 6 1 11 0 11 23 23 2 25 0 2 24 21 21 21 0 1 21 1 14 24 14 23 24
split_gain=677.968 153.767 113.299 73.411 46.4783 42.1113 33.7699 31.2291 34.2238 29.7224 24.8773 21.2936 18.5399 16.3582 15.6845 24.7404 14.9451 17.2004 14.5357 14.6798 33.5971 14.0166 14.4017 13.2725 13.1112 12.0455 11.9476 11.6501 12.8582 13.9747
threshold=69.17972564697267 12.457590103149416 104.55176544189455 17.144623756408695 3.5000000000000004 43.765167236328132 16.94999980926514 72.500000000000014 0.24962412565946582 91.426315307617202 0.24962412565946582 21.848299980163578 24.933436393737797 8.5000000000000018 4.5000000000000009 82.491657257080092 1.5000000000000002 15644.583496093752 0.3112658560276032 0.56469395756721508 0.52006244659423839 86.781265258789077 132.00000000000003 0.2010445445775986 41.500000000000007 1.0000000180025095e-35 15961.212890625002 1.0000000180025095e-35 4.1234867572784433 6487.3454589843759
decision_type=2 2 2 2 2 2 2 2 2 2 2 2 2 2 2 2 2 2 2 2 2 2 2 2 2 2 2 2 2 2
left_child=1 4 3 7 -1 10 -4 9 18 -2 27 24 16 -6 -10 -16 -12 25 -9 20 -20 22 -5 -8 -7 -18 -19 28 29 -3
right_child=2 5 6 21 13 11 23 8 14 -11 12 -13 -14 -15 15 -17 17 26 19 -21 -22 -23 -24 -25 -26 -27 -28 -29 -30 -31
leaf_value=-0.39482672800664004 0.24356707879774245 0.60489120129010854 1.4951160540506865 0.50048661002305916 -0.33740269757076086 0.19775563552088346 0.015075889469488287 0.22520444994034358 1.0158166480616102 0.43125592302776627 -0.065896310006321041 1.5363219457115014 1.5496994417133547 -0.095028995375441808 0.014163921662864993 0.72537537072219349 0.043379927283740148 1.4420057942436093 0.25785782928257167 0.027291417253430112 0.69892970180609471 1.2683765891002914 0.93901357017109965 2.5779042086013302 0.16840616754696583 0.41699143624277657 0.20698508871328347 0.14311762517440038 0.021897115591929726 -0.17948926491497202
leaf_weight=69945 1043 1371 488 123 62910 921 82 1753 392 286 2404 157 153 16196 251 125 6909 150 918 333 221 191 128 140 4716 372 1500 2367 7469 14405
leaf_count=69945 1043 1371 488 123 62910 921 82 1753 392 286 2404 157 153 16196 251 125 6909 150 918 333 221 191 128 140 4716 372 1500 2367 7469 14405
internal_value=-0.0018255 -0.00246962 0.0172715 0.0144858 -0.00338063 0.00069604 0.0398873 0.0125344 0.00988279 0.0205011 -4.69017e-05 0.00545323 0.00227298 -0.00238435 0.0212656 0.0125106 0.00199294 0.00312328 0.00717209 0.0115679 0.0148077 0.0379819 0.0286614 0.0204865 0.00484619 0.0018698 0.00865454 -0.00108746 -0.00149581 -0.00246679
internal_weight=198419 191945 6474 5764 149051 42894 710 5322 3993 1329 37100 5794 11488 79106 768 376 11335 8931 3225 1472 1139 442 251 222 5637 7281 1650 25612 23245 15776
internal_count=198419 191945 6474 5764 149051 42894 710 5322 3993 1329 37100 5794 11488 79106 768 376 11335 8931 3225 1472 1139 442 251 222 5637 7281 1650 25612 23245 15776
is_linear=0
shrinkage=0.06


Tree=27
num_leaves=31
num_cat=0
split_feature=0 0 0 1 23 2 11 23 1 4 11 0 23 21 25 0 0 2 0 24 14 2 21 24 16 25 0 25 24 21
split_gain=586.207 155.931 94.3783 67.4855 52.5686 45.708 27.4329 31.1793 26.5433 23.2258 20.0289 16.9962 16.7595 16.3462 25.2401 15.5099 15.2414 14.7804 13.6707 13.4306 13.4072 13.3883 12.8803 15.7494 13.1637 12.0274 31.5209 11.9155 13.1483 17.2335
threshold=46.076341629028327 96.72674942016603 10.88622045516968 171.50000000000003 17.144623756408695 3.5000000000000004 0.24962412565946582 24.933436393737797 41.500000000000007 135.50000000000003 0.31268873810768133 104.55176544189455 28.859872817993168 0.81262066960334789 3.5000000000000004 82.491657257080092 82.491657257080092 1.5000000000000002 82.491657257080092 10965.451660156252 1.0000000180025095e-35 8.5000000000000018 0.48932217061519628 9452.7729492187518 15.500000000000002 4.5000000000000009 57.770694732666023 4.5000000000000009 15644.583496093752 0.59352794289588939
decision_type=2 2 2 2 2 2 2 2 2 2 2 2 2 2 2 2 2 2 2 2 2 2 2 2 2 2 2 2 2 2
left_child=2 4 5 11 8 -1 20 17 18 16 -10 -3 13 21 -15 25 -6 -8 -2 -17 -4 -7 -22 -24 -25 26 -12 -19 -29 -30
right_child=1 3 6 -5 9 12 7 -9 10 -11 15 -13 -14 14 -16 19 -18 27 -20 -21 22 -23 23 24 -26 -27 -28 28 29 -31
leaf_value=-0.41428741471711827 0.20930293675656766 0.55995023619244555 -0.095116226661243017 1.0417524761427068 0.27872508158590964 -0.34865934755232003 -0.064102259063805983 1.6005853913103276 0.2279204584089139 1.3826341986658486 0.027696241631684684 1.4627343778759758 1.4127137820812565 0.85306195823729958 -0.28288203045742905 1.0131846140545777 0.67238004197220069 -0.039457368890625073 0.32188145450994171 0.36250819763750103 0.029200282863226602 -0.13667515658516677 -0.032793874536571364 1.8270582829362438 0.23485185787356613 0.13048988646500959 0.84953445953073214 0.082013674066088546 0.17426976628450347 1.2719995586211401
leaf_weight=65669 1169 398 30299 564 244 58472 2946 186 6490 245 262 468 112 148 177 129 85 2880 240 177 2034 14993 205 150 180 820 253 6788 1503 133
leaf_count=65669 1169 398 30299 564 244 58472 2946 186 6490 245 262 468 112 148 177 129 85 2880 240 177 2034 14993 205 150 180 820 253 6788 1503 133
internal_value=-0.00183457 0.0112869 -0.00264514 0.0298322 0.00866482 -0.00343013 -0.000329022 0.0018512 0.00760377 0.0262997 0.00628631 0.040351 -0.00240659 -0.0024418 0.0109846 0.0122084 0.0158845 0.00153263 0.0152065 0.0243922 -0.0012866 -0.00250119 0.00287505 0.0111589 0.0192727 0.00941573 0.0166019 0.00251911 0.00365812 0.00848655
internal_weight=198419 11544 186875 1430 10114 139571 47304 14436 9540 574 8131 866 73902 73790 325 1641 329 14250 1409 306 32868 73465 2569 535 330 1335 515 11304 8424 1636
internal_count=198419 11544 186875 1430 10114 139571 47304 14436 9540 574 8131 866 73902 73790 325 1641 329 14250 1409 306 32868 73465 2569 535 330 1335 515 11304 8424 1636
is_linear=0
shrinkage=0.06


Tree=28
num_leaves=31
num_cat=0
split_feature=0 0 0 1 23 2 11 6 1 3 23 11 21 16 11 0 11 21 25 23 0 21 25 0 24 23 11 23 11 11
split_gain=505.786 135.183 90.4601 65.8039 48.4888 42.566 27.0339 21.7402 20.4009 19.5721 21.4024 18.5727 18.0617 27.2654 23.2559 16.4849 16.1162 15.2351 19.8392 14.2325 13.9628 13.8589 23.1596 13.4843 13.3138 13.1351 14.9251 12.9939 12.9516 23.6995
threshold=46.076341629028327 96.72674942016603 9.8272161483764666 171.50000000000003 17.144623756408695 3.5000000000000004 0.2133271470665932 14.900000095367433 41.500000000000007 64.500000000000014 2.0546913146972661 0.24962412565946582 0.59352794289588939 14.500000000000002 0.35088355839252477 82.491657257080092 0.21494740992784503 0.81262066960334789 3.5000000000000004 4.534365415573121 21.800677299499515 0.2694262564182282 4.5000000000000009 82.491657257080092 17119.833007812504 24.933436393737797 0.31626549363136297 9.4319357872009295 0.43672485649585729 0.44277396798133856
decision_type=2 2 2 2 2 2 2 2 2 2 2 2 2 2 2 2 2 2 2 2 2 2 2 2 2 2 2 2 2 2
left_child=2 4 5 16 8 -1 20 15 23 -8 12 -10 24 14 -14 -6 -3 19 -19 28 -4 22 -13 -2 -11 -12 -27 -5 -7 -30
right_child=1 3 6 27 7 17 9 -9 11 10 25 21 13 -15 -16 -17 -18 18 -20 -21 -22 -23 -24 -25 -26 26 -28 -29 29 -31
leaf_value=-0.41454714842419044 0.19674476055117343 0.64631506912619952 -0.14160986851315782 0.48149831511808866 0.30911047630691557 -0.41131063051567179 -0.056183599511164653 1.3255282685339598 0.20656797998162868 -0.0248980768620276 0.15617374057919151 0.93600490899433908 1.1988853751875002 -0.013545782399178165 0.19978860753660066 0.64935315913924496 1.6054183100929964 0.8018782407430618 -0.24754429674225045 -0.081021894393284055 0.025904823022698257 0.14962250975783931 0.19182055842291226 0.30256856723934561 0.35559111367608109 0.18912862701995281 1.7171842616756097 4.4424701279861196 3.044824979888511 -0.084141896082154083
leaf_weight=62227 1169 588 27961 469 264 51663 4629 214 6283 7220 4360 409 128 380 158 96 278 136 145 11943 9073 917 522 240 344 206 147 95 139 6016
leaf_count=62227 1169 588 27961 469 264 51663 4629 214 6283 7220 4360 409 128 380 158 96 278 136 145 11943 9073 917 522 240 344 206 147 95 139 6016
internal_value=-0.00184727 0.010341 -0.00260019 0.0276084 0.00789954 -0.00344838 -0.000545656 0.0248362 0.0068805 0.00139244 0.00258997 0.00572549 0.000743619 0.0102162 0.0242098 0.0158333 0.0379954 -0.00243386 0.0115089 -0.00249002 -0.00146525 0.011013 0.0161697 0.0135458 -9.04298e-05 0.00581413 0.0169462 0.0116596 -0.00287952 -0.000277824
internal_weight=198419 11544 186875 1430 10114 132269 54606 574 9540 17572 12943 8131 8230 666 286 360 866 70042 281 69761 37034 1848 931 1409 7564 4713 353 564 57818 6155
internal_count=198419 11544 186875 1430 10114 132269 54606 574 9540 17572 12943 8131 8230 666 286 360 866 70042 281 69761 37034 1848 931 1409 7564 4713 353 564 57818 6155
is_linear=0
shrinkage=0.06


Tree=29
num_leaves=31
num_cat=0
split_feature=0 0 0 1 23 3 11 14 7 11 3 2 0 23 0 14 3 24 1 11 0 21 23 23 21 21 23 21 0 23
split_gain=431.712 112.522 87.7737 68.3638 43.1125 37.9765 31.2125 29.2384 21.2619 26.6465 20.8355 19.243 19.1056 18.9128 16.9603 18.6734 14.6662 13.947 18.0296 14.5125 13.565 12.9715 12.5558 12.0102 15.9006 12.7399 11.6482 11.1471 11.6885 13.2877
threshold=46.076341629028327 96.72674942016603 8.1051063537597674 163.00000000000003 17.144623756408695 155.00000000000003 0.51942425966262828 1.0000000180025095e-35 1.5000000000000002 0.31268873810768133 208.50000000000003 2.5000000000000004 82.491657257080092 4.8467845916748056 82.491657257080092 1.0000000180025095e-35 63.500000000000007 9401.8671875000018 72.500000000000014 0.32278057932853704 104.55176544189455 0.39240394532680517 8.489507198333742 4.1234867572784433 0.81262066960334789 0.40094302594661718 4.8467845916748056 0.23251585662364962 13.606397628784181 5.0384602546691903
decision_type=2 2 2 2 2 2 2 2 2 2 2 2 2 2 2 2 2 2 2 2 2 2 2 2 2 2 2 2 2 2
left_child=2 4 5 20 14 -1 7 11 -9 -10 12 -4 -6 21 15 -2 -8 19 -19 -16 26 -13 -18 24 -7 -25 -3 -15 -29 -30
right_child=1 3 6 -5 10 23 16 8 9 -11 -12 13 -14 27 17 -17 22 18 -20 -21 -22 -23 -24 25 -26 -27 -28 28 29 -31
leaf_value=-0.43752918205122221 0.14637790426365996 0.47194386935925814 -0.12964568608556834 0.89980365010695429 0.38795530667999467 -0.34869925453008344 -0.047682270584043888 -0.046633416827946882 0.28826044357563418 0.99723021406844992 1.3763049249982728 -0.24417018113673902 0.65254783236751257 -0.15842326647398816 0.31140253288194875 0.52972142727081739 0.088892325076726536 0.30058071416143378 0.20859267295733058 0.89885272508530056 1.3033650620733539 -0.01037707314091697 0.25246671343894989 -0.20049057088351227 0.71075011647826858 0.31859909284797644 0.45229801044697804 0.027293161418629586 3.6683960838259111 0.22532409859778268
leaf_weight=67673 6989 234 18770 597 322 40638 2752 1409 1528 178 135 16656 117 2518 441 536 6529 346 1081 147 447 11317 1386 6202 150 2224 152 3845 95 3005
leaf_count=67673 6989 234 18770 597 322 40638 2752 1409 1528 178 135 16656 117 2518 441 536 6529 346 1081 147 447 11317 1386 6202 150 2224 152 3845 95 3005
internal_value=-0.00183941 0.009421 -0.00253501 0.0251748 0.00719359 -0.00354122 -0.000854548 -0.00139185 0.00426645 0.00877139 0.0231638 -0.00170544 0.0168246 -0.00091933 0.0062327 0.00492359 0.00213349 0.0111216 0.00791731 0.018898 0.0362809 -0.00170372 0.00344536 -0.00227301 -0.00269903 -0.000210778 0.0280414 0.00139934 0.00263931 0.00538064
internal_weight=198419 11544 186875 1430 10114 116887 69988 59321 3115 1706 574 56206 439 37436 9540 7525 10667 2015 1427 588 833 27973 7915 49214 40788 8426 386 9463 6945 3100
internal_count=198419 11544 186875 1430 10114 116887 69988 59321 3115 1706 574 56206 439 37436 9540 7525 10667 2015 1427 588 833 27973 7915 49214 40788 8426 386 9463 6945 3100
is_linear=0
shrinkage=0.06


Tree=30
num_leaves=31
num_cat=0
split_feature=0 0 23 0 6 3 0 11 11 23 25 20 23 23 4 3 0 0 3 21 3 2 16 20 17 21 24 21 11 11
split_gain=381.213 115.139 83.066 49.6486 48.4301 43.6549 28.4373 23.0884 18.0139 18.0079 17.9559 17.4891 17.4861 15.2149 17.6793 14.1987 14.422 13.8482 14.7749 13.8268 13.6899 10.4483 9.82104 16.9773 18.7918 9.77409 25.5945 9.18286 13.7465 8.70012
threshold=69.17972564697267 11.921046733856203 17.144623756408695 104.55176544189455 8.1500000953674334 155.00000000000003 29.780868530273441 0.43672485649585729 0.24962412565946582 2.2476330995559697 1.5000000000000002 2.5000000000000004 10.295216560363771 24.933436393737797 142.50000000000003 106.50000000000001 86.781265258789077 82.491657257080092 163.50000000000003 0.39240394532680517 68.500000000000014 6.5000000000000009 10.500000000000002 3.5000000000000004 4.5000000000000009 0.48632842302322393 10257.641113281252 0.22241626679897311 0.44277396798133856 0.25947250425815588
decision_type=2 2 2 2 2 2 2 2 2 2 2 2 2 2 2 2 2 2 2 2 2 2 2 2 2 2 2 2 2 2
left_child=1 4 3 8 -1 -5 9 12 15 -3 -10 27 19 -8 -15 16 -2 18 -4 -6 -11 -21 -14 -24 -25 -9 -27 -12 -29 -22
right_child=2 6 17 5 7 -7 13 25 10 20 11 -13 22 14 -16 -17 -18 -19 -20 21 29 -23 23 24 -26 26 -28 28 -30 -31
leaf_value=-0.35075963280621447 0.1462435583421702 -0.087316931130712941 0.23658968994920693 0.81483230150850483 -0.39185385258897915 0.52126647495806167 0.089745564402047687 -0.018700877946874257 1.2216691973333305 -0.058996700691466883 0.72474828828724436 0.041716420105608748 -0.2227852327196489 0.30296333418829491 1.7146055848916173 0.23380276669245445 0.30062203089355732 1.879602245263015 0.64078736266481795 -0.24062518656824583 0.056421847368350736 -0.021933283146351741 0.16172083103790383 1.5624883311116937 -0.30605469552955228 -0.25668480427877777 1.7363809110530291 0.41520966506813606 0.024209347895880085 0.17174989266557794
leaf_weight=50375 1105 21613 116 366 53624 242 11317 9137 96 3558 208 334 2503 179 90 2550 586 348 80 16903 6041 9093 3067 258 136 525 518 261 182 3008
leaf_count=50375 1105 21613 116 366 53624 242 11317 9137 96 3558 208 334 2503 179 90 2550 586 348 80 16903 6041 9093 3067 258 136 525 518 261 182 3008
internal_value=-0.00184002 -0.00232301 0.0124801 0.0104216 -0.00314573 0.0266645 0.000301793 -0.00235354 0.00856595 -0.00056809 0.0154801 0.013066 -0.00267485 0.00287105 0.016974 0.00680358 0.0110668 0.0349191 0.0221633 -0.00290957 0.00123407 -0.00177397 0.000458751 0.00252933 0.0142538 0.000347739 0.00585043 0.0187926 0.0139097 0.00247386
internal_weight=198419 191945 6474 5930 146139 608 45806 95764 5322 34220 1081 985 85584 11586 269 4241 1691 544 196 79620 12607 25996 5964 3461 394 10180 1043 651 443 9049
internal_count=198419 191945 6474 5930 146139 608 45806 95764 5322 34220 1081 985 85584 11586 269 4241 1691 544 196 79620 12607 25996 5964 3461 394 10180 1043 651 443 9049
is_linear=0
shrinkage=0.06


Tree=31
num_leaves=31
num_cat=0
split_feature=0 0 0 4 6 2 11 23 4 14 21 16 24 23 23 11 14 4 21 0 0 24 16 24 21 25 23 21 23 21
split_gain=331.832 83.4213 80.6071 53.1073 36.1025 28.9906 30.8562 28.3458 20.2684 18.7264 18.8625 19.0595 19.2657 18.2692 15.7455 14.6086 14.4466 13.7554 13.5533 13.5236 13.4932 11.3643 12.8841 11.1878 11.1262 20.463 11.0429 10.7453 13.3523 12.0543
threshold=46.076341629028327 7.8963713645935067 96.72674942016603 142.50000000000003 15.449999809265138 1.5000000000000002 0.2133271470665932 17.144623756408695 136.50000000000003 1.0000000180025095e-35 0.67921254038810741 11.500000000000002 12847.137695312502 4.1234867572784433 2.0322954654693608 0.21373439580202105 1.0000000180025095e-35 210.50000000000003 0.48932217061519628 18.613037109375004 104.55176544189455 9452.7729492187518 14.500000000000002 17932.731445312504 0.2694262564182282 1.5000000000000002 10.738750457763674 0.40094302594661718 4.6513192653656015 0.81262066960334789
decision_type=2 2 2 2 2 2 2 2 2 2 2 2 2 2 2 2 2 2 2 2 2 2 2 2 2 2 2 2 2 2
left_child=1 4 7 20 -1 -3 13 15 -9 10 14 12 -12 16 23 -2 -7 -11 -18 -15 -4 -20 -23 -8 25 -17 -5 -6 29 -29
right_child=2 5 3 26 27 6 9 8 -10 17 11 -13 -14 19 -16 24 18 -19 21 -21 -22 22 -24 -25 -26 -27 -28 28 -30 -31
leaf_value=-0.39321908482904605 0.1745731160551805 -0.11404241943984972 0.4211642407579802 0.44883491001242104 -0.32594337343963231 -0.20027148579397394 -0.026166464420458165 0.33838272047809465 1.1207181850472681 0.20396847825532055 0.30625319909014131 0.1620082761412493 1.2381230179437284 -0.012499165000903969 0.11814897762295727 1.1483690454933309 0.0011829483164281251 1.857619800193099 0.0008057162250520028 0.16064813583005083 1.1053239676804747 1.7463797032487023 0.21130338718928418 0.19910791130644914 0.12874914473212101 0.33588137771290683 4.0704188553153617 -0.20521921068911364 0.35362783015083438 0.67140957691331238
leaf_weight=69865 7292 12978 378 546 31677 27824 10524 333 241 413 192 562 113 9117 5783 96 1493 168 196 2418 423 129 181 90 1105 1047 83 11232 1782 138
leaf_count=69865 7292 12978 378 546 31677 27824 10524 333 241 413 192 562 113 9117 5783 96 1493 168 196 2418 423 129 181 90 1105 1047 83 11232 1782 138
internal_value=-0.00184939 -0.00245924 0.00802287 0.0213566 -0.00346491 -0.000861253 -0.000298263 0.00613763 0.0190871 0.00178705 0.00143049 0.0100554 0.0221311 -0.00119803 0.000974445 0.00535849 -0.0019823 0.0123821 0.00294447 0.000829647 0.031603 0.0114308 0.0185806 -0.000397966 0.00958719 0.0137375 0.00830842 -0.00213598 -0.000694344 -0.00145119
internal_weight=198419 186875 11544 1430 114694 72181 59203 10114 574 17845 17264 867 305 41358 16397 9540 29823 581 1999 11535 801 506 310 10614 2248 1143 629 44829 13152 11370
internal_count=198419 186875 11544 1430 114694 72181 59203 10114 574 17845 17264 867 305 41358 16397 9540 29823 581 1999 11535 801 506 310 10614 2248 1143 629 44829 13152 11370
is_linear=0
shrinkage=0.06


Tree=32
num_leaves=31
num_cat=0
split_feature=0 0 0 1 3 23 2 11 6 11 23 11 21 23 16 21 1 14 0 21 2 24 21 16 24 21 21 23 5 0
split_gain=290.979 72.9949 68.9351 48.4058 35.7016 28.3062 27.6113 26.9361 20.8691 18.7319 16.1656 15.0573 14.8644 15.9687 15.5734 16.3688 12.9586 11.1398 10.8325 10.456 10.4223 10.2948 10.2792 12.1902 16.3298 25.5576 10.2411 11.4778 9.85383 9.84769
threshold=41.712530136108406 7.8963713645935067 96.72674942016603 156.00000000000003 206.50000000000003 16.914893150329593 1.5000000000000002 0.2133271470665932 9.0000000000000018 0.21494740992784503 4.1234867572784433 0.21373439580202105 0.67921254038810741 2.0322954654693608 11.500000000000002 0.72861218452453624 87.000000000000014 1.0000000180025095e-35 18.613037109375004 0.48932217061519628 4.5000000000000009 17932.731445312504 0.49900193512439733 11.500000000000002 7534.7277832031259 0.57018676400184642 0.40094302594661718 4.6513192653656015 6.5000000000000009 69.17972564697267
decision_type=2 2 2 2 2 2 2 2 2 2 2 2 2 2 2 2 2 2 2 2 2 2 2 2 2 2 2 2 2 2
left_child=1 4 5 9 16 11 -3 10 -7 -4 17 22 13 21 15 20 -1 -8 -12 -19 -14 -9 -2 24 -24 28 -6 -28 -26 -13
right_child=2 6 3 -5 26 8 7 12 -10 -11 18 29 14 -15 -16 -17 -18 19 -20 -21 -22 -23 23 -25 25 -27 27 -29 -30 -31
leaf_value=-0.41348497894224434 0.092495201698849505 -0.11602227514294598 0.42072165682031426 0.66262219146087642 -0.28879512797823303 0.15068849537792739 -0.19384320763348933 -0.018416318415617451 0.8267701700632607 1.2517957349864055 -0.011749215100849749 0.12404584168371675 0.69473024471823641 0.13206497815277629 0.15266426009499404 0.037658834415909143 -0.31255789055596062 -0.0043276257602847734 0.16621659813010078 0.52226763224721351 1.1975067041679717 0.18716143662806223 -0.087553825665960969 0.038123755528882072 0.77754215876086819 0.38481530072806064 -0.12120517232854965 0.56241388571082784 1.2356187780255468 0.480425920537288
leaf_weight=35760 6808 12667 541 631 22024 253 27225 10683 358 258 9117 1425 88 6011 561 105 47644 1421 2173 492 102 90 232 680 128 501 7940 1326 99 1076
leaf_count=35760 6808 12667 541 631 22024 253 27225 10683 358 258 9117 1425 88 6011 561 105 47644 1421 2173 492 102 90 232 680 128 501 7940 1326 99 1076
internal_value=-0.00184969 -0.00245784 0.00683141 0.0192587 -0.00339272 0.00529412 -0.000941968 -0.000388305 0.0178625 0.0290688 -0.00124191 0.00459275 0.00156803 0.00117469 0.00928037 0.0204407 -0.0040411 -0.00198874 0.000685561 0.00243701 0.0309474 -0.000207743 0.0033821 0.00764634 0.012 0.0164176 -0.00166443 9.06397e-06 0.0331189 0.00868213
internal_weight=198419 185429 12990 1430 114694 11560 70735 58068 611 799 40428 10949 17640 16784 856 295 83404 29138 11290 1913 190 10773 8448 1640 960 728 31290 9266 227 2501
internal_count=198419 185429 12990 1430 114694 11560 70735 58068 611 799 40428 10949 17640 16784 856 295 83404 29138 11290 1913 190 10773 8448 1640 960 728 31290 9266 227 2501
is_linear=0
shrinkage=0.06


Tree=33
num_leaves=31
num_cat=0
split_feature=0 0 0 3 23 2 11 1 11 14 23 7 0 17 24 11 23 21 16 5 11 11 0 24 21 23 21 25 21 11
split_gain=247.98 62.234 62.004 35.4169 33.8739 26.1001 25.1818 23.2572 20.978 15.396 15.1294 14.3153 16.3951 13.972 13.3998 13.8316 12.5948 18.0217 13.321 11.9434 11.7701 18.14 11.6292 10.4687 9.83833 11.4411 12.7727 9.67368 9.41559 9.11294
threshold=35.662218093872077 82.491657257080092 7.8963713645935067 120.50000000000001 17.144623756408695 1.5000000000000002 0.2133271470665932 72.500000000000014 0.26825551688671118 1.0000000180025095e-35 5.6679339408874521 1.0000000180025095e-35 51.080162048339851 1.0000000180025095e-35 9401.8671875000018 0.32278057932853704 2.0322954654693608 0.57403510808944713 11.500000000000002 8.5000000000000018 0.43672485649585729 0.44277396798133856 91.426315307617202 17932.731445312504 0.40094302594661718 4.6513192653656015 0.81262066960334789 3.5000000000000004 0.42381054162979132 0.25947250425815588
decision_type=2 2 2 2 2 2 2 2 2 2 2 2 2 2 2 2 2 2 2 2 2 2 2 2 2 2 2 2 2 2
left_child=2 9 3 -1 7 -4 10 22 -6 -2 -7 -11 -13 -14 15 -9 17 23 19 -19 24 -22 -3 -8 -5 26 28 -16 -26 -27
right_child=1 4 5 20 8 6 16 14 -10 11 -12 12 13 -15 27 -17 -18 18 -20 -21 21 -23 -24 -25 25 29 -28 -29 -30 -31
leaf_value=-0.36046254083819634 0.092039971047476299 0.17540532807276846 -0.11739725849429927 -0.33982475030578846 0.283205706685137 -0.15791163078524811 -0.032802053357688113 0.37226776367510406 3.8340646041070601 -0.05893215106031096 0.041135688007614891 0.25534696266661244 0.16869424528003477 0.77734942321610656 -0.10077114277293743 0.63853316247738057 0.14156424738472589 0.69996685628979294 0.072996266689325975 1.1311676051831545 2.75687725049543 -0.02174969066568103 0.48517623829374229 0.37090495500995918 0.31833353262191738 0.17684078838423345 0.66527991558331789 0.40577356189974917 -0.27501131481994551 1.0871506781765565
leaf_weight=54810 10367 331 12204 38197 193 29558 9908 512 155 263 9556 617 82 242 424 187 6035 330 731 162 164 5392 446 80 1373 1892 176 1342 12535 155
leaf_count=54810 10367 331 12204 38197 193 29558 9908 512 155 263 9556 617 82 242 424 187 6035 330 731 162 164 5392 446 80 1373 1892 176 1342 12535 155
internal_value=-0.00185816 0.00551639 -0.00246826 -0.00332157 0.0124178 -0.00104084 -0.000496098 0.0105083 0.0302069 0.00337516 -0.00133824 0.00979734 0.0132561 0.0241852 0.00765517 0.0146867 0.00141389 0.000224243 0.00709894 0.0147317 -0.00231287 0.000317493 0.0195598 -0.000617542 -0.00258187 -0.00133941 -0.0019486 0.00487203 -0.00215186 0.00285198
internal_weight=198419 15161 183258 114694 3590 68564 56360 3242 348 11571 39114 1204 941 324 2465 699 17246 11211 1223 492 59884 5556 777 9988 54328 16131 14084 1766 13908 2047
internal_count=198419 15161 183258 114694 3590 68564 56360 3242 348 11571 39114 1204 941 324 2465 699 17246 11211 1223 492 59884 5556 777 9988 54328 16131 14084 1766 13908 2047
is_linear=0
shrinkage=0.06


Tree=34
num_leaves=31
num_cat=0
split_feature=0 1 0 11 11 0 21 23 23 23 10 6 25 14 25 24 23 6 17 15 2 25 21 21 23 11 14 16 20 17
split_gain=219.407 55.7766 54.969 42.689 26.4539 21.482 20.5148 19.7662 19.7152 18.6172 17.774 17.5458 17.2572 17.2035 17.0704 16.5013 15.154 22.6447 12.6448 16.6148 12.7695 11.2528 11.1531 11.4317 10.5378 14.3711 10.8669 11.6331 9.91573 10.5669
threshold=29.780868530273441 93.500000000000014 82.491657257080092 0.21158529072999957 0.21494740992784503 10.13441848754883 0.48632842302322393 3.1263412237167363 12.026573657989504 15.119426727294924 1.5000000000000002 11.050000190734865 7.5000000000000009 1.0000000180025095e-35 1.5000000000000002 10257.641113281252 23.276655197143558 16.650000572204593 2.5000000000000004 1.0000000180025095e-35 5.5000000000000009 8.5000000000000018 0.39240394532680517 0.48841498792171484 3.1620360612869267 0.58946129679679882 1.0000000180025095e-35 14.500000000000002 3.5000000000000004 5.5000000000000009
decision_type=2 2 2 2 2 2 2 2 2 2 2 2 2 2 2 2 2 2 2 2 2 2 2 2 2 2 2 2 2 2
left_child=1 5 16 8 11 -1 7 -5 13 14 -9 -4 28 22 -6 -8 -2 -18 20 -20 -17 -16 -3 -24 25 -12 -26 -28 29 -10
right_child=2 3 4 6 9 -7 15 10 12 -11 24 -13 -14 -15 21 18 17 -19 19 -21 -22 -23 23 -25 26 -27 27 -29 -30 -31
leaf_value=-0.32298785952596842 0.091287631348289835 -0.32831303535590034 0.31350062208483725 -0.06663574132778563 0.64885676947718629 -0.065673547995638668 -0.087434120965174972 0.30309215634616404 0.019505090455419916 3.4956604353776592 0.019882900694927205 0.23838452521866282 -0.065761458243023554 0.16553643586445971 0.083248278975635262 0.36340349620082901 0.29828243045126501 1.5410725615185876 2.6330474096551577 0.079611373771956123 1.2395463612987501 0.55832007535150485 -0.022852949113576847 -0.22289229546600281 0.034148892938761187 1.9313502785082892 -0.1983312158681281 0.87448863890453987 0.83436487828208172 0.88083535682016445
leaf_weight=46566 14109 57062 1148 15712 106 16076 1303 282 1059 204 118 1497 3840 1866 414 561 268 93 175 1720 503 221 11190 16771 4305 103 89 126 322 610
leaf_count=46566 14109 57062 1148 15712 106 16076 1303 282 1059 204 118 1497 3840 1866 414 561 268 93 175 1720 503 221 11190 16771 4305 103 89 126 322 610
internal_value=-0.00185332 -0.00248468 0.00445183 -0.00171498 0.0110975 -0.0039311 0.000485577 -0.000293708 -0.00230824 0.0197143 0.00298268 0.0080189 0.00106911 -0.00253489 0.0152955 0.00427686 0.00280304 0.0149418 0.00675431 0.0038153 0.0119887 0.0115748 -0.00265996 -0.00167827 0.00211221 0.014905 0.00148672 0.0146512 0.00560221 0.00374236
internal_weight=198419 180359 18060 117717 3590 62642 24997 20735 92720 945 5023 2645 5831 86889 741 4262 14470 361 2959 1895 1064 635 85023 27961 4741 221 4520 215 1991 1669
internal_count=198419 180359 18060 117717 3590 62642 24997 20735 92720 945 5023 2645 5831 86889 741 4262 14470 361 2959 1895 1064 635 85023 27961 4741 221 4520 215 1991 1669
is_linear=0
shrinkage=0.06


Tree=35
num_leaves=31
num_cat=0
split_feature=0 2 0 11 11 21 0 0 24 14 11 6 14 0 25 25 7 11 7 17 23 17 15 21 25 7 25 11 21 2
split_gain=192.617 53.8394 42.9022 38.0299 21.0774 19.8869 18.9714 16.8453 16.2614 15.123 15.3598 14.1671 13.6198 14.8267 13.2205 17.3722 12.1143 12.0116 11.938 15.2781 11.8401 11.3672 16.1402 10.9323 12.3852 10.6435 10.7267 9.48848 9.28287 9.23736
threshold=29.780868530273441 2.5000000000000004 82.491657257080092 0.21158529072999957 0.21494740992784503 0.48632842302322393 10.213494300842287 7.8263909816741952 10257.641113281252 1.0000000180025095e-35 0.51942425966262828 11.550000190734865 1.0000000180025095e-35 53.801986694335945 1.5000000000000002 7.5000000000000009 3.5000000000000004 0.23303439468145373 1.0000000180025095e-35 1.0000000180025095e-35 5.6679339408874521 3.5000000000000004 1.0000000180025095e-35 0.81262066960334789 3.5000000000000004 1.5000000000000002 5.5000000000000009 0.56429800391197216 0.033042430877685554 6.5000000000000009
decision_type=2 2 2 2 2 2 2 2 2 2 2 2 2 2 2 2 2 2 2 2 2 2 2 2 2 2 2 2 2 2
left_child=1 6 12 7 11 9 -1 23 -7 10 17 -4 -2 25 -6 -16 -11 -5 -15 -20 28 29 -23 -3 -25 -14 -27 -8 -9 -10
right_child=2 3 4 5 14 8 27 20 21 16 -12 -13 13 18 15 -17 -18 -19 19 -21 -22 22 -24 24 -26 26 -28 -29 -30 -31
leaf_value=-0.29844644236592849 0.069374514977587703 -0.29971551762936477 0.29874353550799126 0.38867543023248069 0.60992536330855474 -0.096253639550289941 -0.089010190329621222 0.76105131077363297 0.50722862572227012 0.12335979573743508 0.052397429344666152 0.21794025829869887 0.0068193614500281861 -0.02536834781148524 0.086486824194957138 0.82714708681496596 1.0967520544945442 -0.124848768487647 0.12993309799023164 0.82250507145776919 0.075673317900681256 2.475064565075848 0.074282763654392389 0.71651474285859518 -0.18841143183610171 0.014763867769734575 0.7176074140155132 0.028199728911207242 -0.16678137893994416 1.1660525544016864
leaf_weight=44991 12862 63461 1209 670 106 1326 12895 200 785 308 9558 1436 775 87 399 440 101 10479 81 205 7400 174 1641 142 151 190 270 2396 23282 399
leaf_count=44991 12862 63461 1209 670 106 1326 12895 200 785 308 9558 1436 775 87 399 440 101 10479 81 205 7400 174 1641 142 151 190 270 2396 23282 399
internal_value=-0.00185121 -0.00244276 0.00405648 -0.00170826 0.00992758 0.000351164 -0.00390584 -0.00226189 0.0040578 -0.000408033 -0.0006337 0.00717958 0.00259986 0.00780597 0.017619 0.0150965 0.0110171 -0.00214674 0.0182895 0.0242098 -0.00111172 0.00650417 0.00352066 -0.00281902 0.00874403 0.00463967 0.0118696 -0.00208005 -0.00177123 0.0110777
internal_weight=198419 180359 18060 120077 3590 25441 60282 94636 4325 21116 20707 2645 14470 1608 945 839 409 11149 373 286 30882 2999 1815 63754 293 1235 460 15291 23482 1184
internal_count=198419 180359 18060 120077 3590 25441 60282 94636 4325 21116 20707 2645 14470 1608 945 839 409 11149 373 286 30882 2999 1815 63754 293 1235 460 15291 23482 1184
is_linear=0
shrinkage=0.06


Tree=36
num_leaves=31
num_cat=0
split_feature=0 0 0 1 11 2 11 14 25 25 3 7 14 0 23 6 21 7 17 7 25 1 24 21 14 25 0 18 23 20
split_gain=172.846 53.1808 34.9752 34.0875 21.5153 18.1724 17.9615 15.2878 13.6588 14.6173 13.2895 12.6576 12.1437 12.9703 12.0092 11.2293 11.1679 10.5966 13.3119 9.47261 9.48392 8.78066 8.12646 7.9024 7.83112 7.80541 8.05551 7.797 7.69928 10.4986
threshold=29.780868530273441 7.8963713645935067 82.491657257080092 96.500000000000014 0.47201801836490637 2.5000000000000004 0.21494740992784503 1.0000000180025095e-35 1.5000000000000002 7.5000000000000009 252.00000000000003 3.5000000000000004 1.0000000180025095e-35 53.801986694335945 4.9729187488555917 11.050000190734865 0.39240394532680517 1.0000000180025095e-35 1.0000000180025095e-35 1.5000000000000002 5.5000000000000009 275.50000000000006 17885.785156250004 0.033042430877685554 1.0000000180025095e-35 7.5000000000000009 23.120385169982914 1.1642719507217409 1.4496549367904665 2.5000000000000004
decision_type=2 2 2 2 2 2 2 2 2 2 2 2 2 2 2 2 2 2 2 2 2 2 2 2 2 2 2 2 2 2
left_child=1 3 12 -1 5 -3 15 14 -8 -10 -5 -9 -2 19 16 28 23 -15 -19 -14 -21 -6 25 -7 -12 26 -16 -28 -4 -30
right_child=2 4 6 10 21 7 8 11 9 -11 24 -13 13 17 22 -17 -18 18 -20 20 -22 -23 -24 -25 -26 -27 27 -29 29 -31
leaf_value=-0.32354485482652862 0.065212044078932385 -0.11580215606719253 0.24226487210493233 -0.24796904199315545 0.025626828832570697 1.0612645878742761 0.57332984151004185 0.106037138554302 0.081297614743259319 0.77751826160606829 -0.13410893393080567 0.86126715322538361 0.006410199763026544 -0.023846246942796471 0.22288311052010254 0.21100503820762123 -0.0086060253361172952 0.12213711211081771 0.77315476717030296 0.01387803570355034 0.67455096917458213 0.28102108541420356 0.23060517742241346 -0.2216780208809854 0.28792544022541577 -0.044012382157407819 0.64224540867234192 0.046977359615606784 0.18054245908455185 0.40359217459467583
leaf_weight=40612 12862 17760 777 54683 10184 153 106 1366 399 440 19158 276 775 87 3318 1497 10340 81 205 190 270 1144 97 15421 241 5437 80 89 223 148
leaf_count=40612 12862 17760 777 54683 10184 153 106 1366 399 440 19158 276 775 87 3318 1497 10340 81 205 190 270 1144 97 15421 241 5437 80 89 223 148
internal_value=-0.00183881 -0.00239918 0.00375747 -0.00317876 -0.00103754 -0.00153343 0.00905849 -0.000768845 0.0161587 0.0135948 -0.0024129 0.00488916 0.00244229 0.00735821 -0.00103478 0.00652174 -0.00169113 0.0171635 0.0227413 0.00439676 0.0112174 0.0013411 0.00085068 -0.00270605 -0.00106366 0.00066293 0.00287869 0.0156568 0.0109861 0.018097
internal_weight=198419 180359 18060 114694 65665 54337 3590 36577 945 839 74082 1642 14470 1608 34935 2645 25914 373 286 1235 460 11328 9021 15574 19399 8924 3487 169 1148 371
internal_count=198419 180359 18060 114694 65665 54337 3590 36577 945 839 74082 1642 14470 1608 34935 2645 25914 373 286 1235 460 11328 9021 15574 19399 8924 3487 169 1148 371
is_linear=0
shrinkage=0.06


Tree=37
num_leaves=31
num_cat=0
split_feature=0 11 2 0 23 1 0 4 23 14 11 25 21 15 21 23 2 11 2 20 0 11 18 21 21 21 24 20 21 21
split_gain=153.669 50.3741 37.95 32.1286 21.2922 18.5238 16.6582 16.6218 16.2688 14.842 14.4091 24.9671 14.2433 17.2988 13.4319 12.9896 12.4223 12.2023 15.7996 15.1153 11.2855 11.0081 10.9258 10.6574 9.88158 9.35954 11.5492 9.89786 8.49872 8.76642
threshold=29.780868530273441 0.21158529072999957 2.5000000000000004 104.55176544189455 2.0322954654693608 165.00000000000003 69.17972564697267 265.50000000000006 4.1234867572784433 1.0000000180025095e-35 0.24385127425193789 1.5000000000000002 0.48632842302322393 1.0000000180025095e-35 0.39240394532680517 0.31413850188255316 4.5000000000000009 0.44277396798133856 7.5000000000000009 1.0000000180025095e-35 4.1343591213226327 0.51942425966262828 1.5158133506774905 0.30095402896404272 0.12394391745328905 0.29584926366806036 17234.285156250004 1.5000000000000002 0.49316413700580602 0.81262066960334789
decision_type=2 2 2 2 2 2 2 2 2 2 2 2 2 2 2 2 2 2 2 2 2 2 2 2 2 2 2 2 2 2
left_child=1 2 -1 6 12 22 -2 -6 14 10 -8 -12 21 16 25 -15 -14 18 -13 -19 -17 -3 -5 -10 -23 26 -4 -28 -16 -30
right_child=3 4 8 5 7 -7 9 -9 23 -11 11 17 13 15 28 20 -18 19 -20 -21 -22 24 -24 -25 -26 -27 27 -29 29 -31
leaf_value=-0.23340194218719912 0.059890666318099639 -0.13762183769329592 -0.29534322790275019 0.39569636630956007 0.033562757616758136 0.31687290975607868 0.11951922824203715 0.44739143504733131 -0.1716826726082411 1.0879254214189775 1.0315664978443575 0.26873732218901591 0.59562474537306054 0.0026553833171377699 -0.016423826187451057 -0.4148282532405092 2.3361571782166961 0.80995392231103658 0.46780548995166638 -0.040284183672304637 1.9170626786910472 0.24489154622888423 1.8401517021130429 0.057174946262751006 -0.047903568303376783 -0.32540174120540039 0.29266277972423976 -0.24581889793020587 -0.19494481550466 0.58086040648129511
leaf_weight=47642 11586 13338 33389 283 9511 257 4406 1232 9822 112 96 437 117 3696 10547 82 80 129 92 492 221 1442 170 9492 8362 14368 1147 947 14506 418
leaf_count=47642 11586 13338 33389 283 9511 257 4406 1232 9822 112 96 437 117 3696 10547 82 80 129 92 492 221 1442 170 9492 8362 14368 1147 947 14506 418
internal_value=-0.00181492 -0.00234329 -0.00286206 0.00346179 -0.000405085 0.0159718 0.00294985 0.00185814 -0.00216679 0.0055857 0.00515711 0.0108539 -0.00129446 0.00192183 -0.00256515 0.00106677 0.0192792 0.0084 0.0150964 0.00269565 0.0130099 -0.00187763 0.0232715 -0.000613235 -0.000351287 -0.00313787 -0.00261472 0.00170773 -0.00144423 -0.00236559
internal_weight=198419 180359 142278 18060 38081 710 17350 10743 94636 5764 5652 1246 27338 4196 75322 3999 197 1150 529 621 303 23142 453 19314 9804 49851 35483 2094 25471 14924
internal_count=198419 180359 142278 18060 38081 710 17350 10743 94636 5764 5652 1246 27338 4196 75322 3999 197 1150 529 621 303 23142 453 19314 9804 49851 35483 2094 25471 14924
is_linear=0
shrinkage=0.06


Tree=38
num_leaves=31
num_cat=0
split_feature=0 1 0 11 11 25 14 23 10 21 11 11 20 15 0 14 7 21 21 23 23 20 24 24 24 23 25 21 24 24
split_gain=138.745 48.0556 44.8867 28.2261 19.7709 29.0904 20.1557 17.0803 17.4166 13.7882 13.7011 13.6319 15.0876 12.6222 10.765 9.96513 10.9458 10.6498 9.81407 9.32746 21.9581 9.84128 9.07942 9.05886 9.51325 8.95988 8.6588 8.48617 9.41786 8.42223
threshold=15.688108921051027 96.500000000000014 69.17972564697267 0.21158529072999957 0.21494740992784503 1.5000000000000002 1.0000000180025095e-35 2.9929676055908208 1.5000000000000002 0.40094302594661718 0.21494740992784503 0.44277396798133856 1.0000000180025095e-35 1.0000000180025095e-35 8.1051063537597674 1.0000000180025095e-35 2.5000000000000004 0.17814790457487109 0.33398847281932836 1.4496549367904665 1.8304285407066347 3.5000000000000004 11234.955566406252 13000.543457031252 13141.845703125002 2.629718661308289 3.5000000000000004 0.28979149460792547 17234.285156250004 11920.465332031252
decision_type=2 2 2 2 2 2 2 2 2 2 2 2 2 2 2 2 2 2 2 2 2 2 2 2 2 2 2 2 2 2
left_child=1 14 15 9 6 -6 19 10 -9 25 -5 -7 -13 -11 -1 18 -17 22 23 -4 -21 -22 -18 -2 -25 27 -20 28 -3 -19
right_child=2 3 4 7 5 11 -8 8 -10 13 -12 12 -14 -15 -16 16 17 29 26 20 21 -23 -24 24 -26 -27 -28 -29 -30 -31
leaf_value=-0.29109091658273062 -0.07476906639352536 -0.29343539214085629 0.070967788442224844 0.84205664740701225 0.85240142352741199 0.393491487015452 1.0322705986234719 0.30093117881228681 0.12904568316528434 0.045645893578367534 -0.049055455264365701 3.207457368281541 -0.03688844318404616 -0.17184637033527991 -0.092063628665073921 0.069626952790525679 1.4604928697807471 -0.081853475232952597 -0.060675363832273184 2.1751481651846758 0.10304655450198759 0.34034252505067142 0.14405048197775464 1.290544179508168 0.019594761841417306 -0.12144777788024556 0.087799290246072317 -0.33155549524265054 0.14229038808574743 0.7537471739438546
leaf_weight=41340 8636 28113 3257 240 145 762 84 238 4402 11691 15924 184 530 15133 15078 2469 95 276 2715 105 1202 205 80 107 5758 13467 10094 14069 1756 264
leaf_count=41340 8636 28113 3257 240 145 762 84 238 4402 11691 15924 184 530 15133 15078 2469 95 276 2715 105 1202 205 80 107 5758 13467 10094 14069 1756 264
internal_value=-0.00178649 -0.0025457 0.00152921 -0.00178704 0.00606673 0.0118038 0.00415042 0.000192077 0.00340086 -0.00227587 -0.000729029 0.00928455 0.00332773 -0.00115285 -0.0039581 0.00056588 0.00374246 0.0102797 0.000195531 0.00363724 0.00753174 0.0055565 0.0231429 -0.000873458 0.00094629 -0.00280063 0.00140573 -0.00321562 -0.00264334 0.00611111
internal_weight=198419 161451 36968 105033 6474 1621 4853 20804 4640 84229 16164 1476 714 26824 56418 30494 3184 715 27310 4769 1512 1407 175 14501 5865 57405 12809 43938 29869 540
internal_count=198419 161451 36968 105033 6474 1621 4853 20804 4640 84229 16164 1476 714 26824 56418 30494 3184 715 27310 4769 1512 1407 175 14501 5865 57405 12809 43938 29869 540
is_linear=0
shrinkage=0.06


Tree=39
num_leaves=31
num_cat=0
split_feature=0 0 1 11 0 23 21 23 14 7 20 24 25 16 11 23 2 21 2 17 11 23 0 21 21 24 21 25 23 25
split_gain=126.339 51.3716 41.7628 18.7576 17.5067 14.6505 14.6437 14.6101 14.4931 13.6762 12.5824 13.0738 11.2441 16.5804 10.6175 14.2774 10.7046 9.18578 8.46948 8.33304 7.72087 11.1828 9.5105 7.69251 8.65716 7.44321 7.98951 10.1809 7.68379 10.5864
threshold=10.88622045516968 46.076341629028327 87.000000000000014 0.43672485649585729 104.55176544189455 4.1234867572784433 0.81262066960334789 15.119426727294924 1.0000000180025095e-35 1.0000000180025095e-35 2.5000000000000004 10352.190429687502 3.5000000000000004 14.500000000000002 0.24962412565946582 24.933436393737797 4.5000000000000009 0.30095402896404272 6.5000000000000009 1.5000000000000002 0.45182290673255926 1.0241547226905825 4.2997608184814462 0.37399552762508398 0.37659685313701635 6487.3454589843759 0.14853189885616305 8.5000000000000018 20.129112243652347 6.5000000000000009
decision_type=2 2 2 2 2 2 2 2 2 2 2 2 2 2 2 2 2 2 2 2 2 2 2 2 2 2 2 2 2 2
left_child=2 14 -1 5 8 6 18 10 -3 -10 -6 -12 13 -8 23 -16 -17 19 -4 -7 21 22 -5 25 -25 26 27 -2 -27 -30
right_child=1 4 3 20 7 17 12 -9 9 -11 11 -13 -14 -15 15 16 -18 -19 -20 -21 -22 -23 -24 24 -26 28 -28 -29 29 -31
leaf_value=-0.24345832822957561 1.7674638529959128 0.11759161479913444 -0.24119911866307567 2.264009246902746 0.10220737574881271 -0.28282708374872428 0.09866280482619974 3.211480371393161 -0.10169096255323903 0.51676949662025418 0.44820525785135912 0.32899937194595791 -0.15917178888078351 0.95499201455713845 0.022761245506408859 0.64351407961001195 1.4218944544856551 0.065335918615020819 -0.22267733905241599 -0.088601129038928209 0.0014523342593215801 -0.18482760059619899 2.0420288613370055 1.2057233755072869 -0.00017863357277026314 -0.1119383137459444 -0.026963898815278255 -0.30474431716241535 0.48005438948419332 0.0057942659368661357
leaf_weight=43188 328 10164 47601 103 368 2503 93 114 158 512 95 133 129 87 14250 100 86 7016 22714 6196 9597 177 167 127 13999 16361 922 139 177 815
leaf_count=43188 328 10164 47601 103 368 2503 93 114 158 512 95 133 129 87 14250 100 86 7016 22714 6196 9597 177 167 127 13999 16361 922 139 177 815
internal_value=-0.00177984 0.000551793 -0.00276294 -0.00206819 0.00414033 -0.00235368 -0.00272236 0.0132676 0.00354218 0.0120896 0.00950335 0.0205789 0.0103107 0.02 -0.000323949 0.00103242 0.0175484 -0.000696788 -0.00277964 -0.00199954 0.000385901 0.00809396 0.0157778 -0.00091968 0.000137617 -0.00171657 0.00250972 0.00890364 -0.00205486 0.00307258
internal_weight=198419 58848 139571 96383 11544 86339 70624 710 10834 670 596 228 309 180 47304 14436 186 15715 70315 8699 10044 447 270 32868 14126 18742 1389 467 17353 992
internal_count=198419 58848 139571 96383 11544 86339 70624 710 10834 670 596 228 309 180 47304 14436 186 15715 70315 8699 10044 447 270 32868 14126 18742 1389 467 17353 992
is_linear=0
shrinkage=0.06


Tree=40
num_leaves=31
num_cat=0
split_feature=0 0 6 11 14 7 23 0 23 0 21 23 11 10 23 11 11 25 23 23 7 24 21 25 24 17 11 15 21 25
split_gain=114.618 42.4145 40.9779 17.2248 14.8695 12.0236 11.4003 10.4913 10.2221 10.1799 10.0997 9.44521 10.9341 9.78356 11.3514 12.9272 9.40625 14.5606 14.3557 9.18325 9.4389 9.32781 8.92918 8.91076 9.18814 15.0837 8.81187 8.78996 10.4754 8.20969
threshold=10.88622045516968 46.076341629028327 8.1500000953674334 0.21158529072999957 1.0000000180025095e-35 1.0000000180025095e-35 10.295216560363771 69.17972564697267 10.529996871948244 82.491657257080092 0.42260582745075231 4.7883341312408456 0.21494740992784503 1.5000000000000002 6.2427423000335702 0.29007530212402349 0.26825551688671118 1.5000000000000002 15.119426727294924 13.349164962768556 3.5000000000000004 6487.3454589843759 0.39240394532680517 3.5000000000000004 12762.763671875002 5.5000000000000009 0.37377136945724493 1.0000000180025095e-35 0.48632842302322393 3.5000000000000004
decision_type=2 2 2 2 2 2 2 2 2 2 2 2 2 2 2 2 2 2 2 2 2 2 2 2 2 2 2 2 2 2
left_child=2 10 -1 6 9 -6 22 -7 -8 -3 19 12 -5 -13 15 -15 23 -18 -19 21 -21 -2 -4 -11 25 -25 -23 28 -12 -29
right_child=1 4 3 11 5 7 8 -9 -10 16 27 13 -14 14 -16 -17 17 18 -20 20 -22 26 -24 24 -26 -27 -28 29 -30 -31
leaf_value=-0.22523449890598349 0.15304421492362752 0.082140955456623158 -0.25689907539063112 0.76957969100073265 -0.052534027803962297 0.36874166424964683 0.61342143335367427 0.98806576517334088 -0.0052416638818604923 -0.026410597819147431 0.064486432536635788 0.34763077980494739 -0.05113995568905811 1.1772569839527385 0.03199247707564358 0.22340690720778236 0.41883647884918507 0.051519574111691099 3.029745062957923 0.023787807982124657 0.50920146444368009 -0.10306970276862458 -0.14685780364879691 0.20530402491482219 0.042520350911973245 3.8800582607932927 0.0090926622935404624 -0.12207065625559173 0.80859459472613893 0.033301309371536109
leaf_weight=48206 2165 7318 47421 236 163 428 160 98 4832 668 5274 96 13800 107 1889 239 106 455 161 3303 269 19276 22585 1227 761 159 6518 2203 750 7546
leaf_count=48206 2165 7318 47421 236 163 428 160 98 4832 668 5274 96 13800 107 1889 239 106 455 161 3303 269 19276 22585 1227 761 159 6518 2203 750 7546
internal_value=-0.00174144 0.000479403 -0.00267782 -0.00193105 0.00374012 0.0122874 -0.0023159 0.0166996 0.000454325 0.0031976 -0.000316338 -0.000167534 -0.000754917 0.00336937 0.00256376 0.0125549 0.00584054 0.0119501 0.00841558 -0.000936413 0.00192833 -0.00130241 -0.00251344 0.00427353 0.0061565 0.00906493 -0.00161991 0.000923222 0.0027251 -0.000190175
internal_weight=198419 58848 139571 91365 11544 689 74998 526 4992 10855 47304 16367 14036 2331 2235 346 3537 722 616 31531 3572 27959 70006 2815 2147 1386 25794 15773 6024 9749
internal_count=198419 58848 139571 91365 11544 689 74998 526 4992 10855 47304 16367 14036 2331 2235 346 3537 722 616 31531 3572 27959 70006 2815 2147 1386 25794 15773 6024 9749
is_linear=0
shrinkage=0.06


Tree=41
num_leaves=31
num_cat=0
split_feature=0 1 0 11 14 2 23 21 21 7 23 25 7 11 24 11 23 24 25 0 14 11 21 25 25 11 25 21 21 25
split_gain=105.145 38.0261 37.4949 14.5109 13.8559 12.4346 11.8775 14.4311 11.2724 10.8758 10.1304 9.89592 9.82032 9.7287 10.1903 9.29389 11.4268 9.21508 9.18677 9.10931 9.09056 8.78341 8.43737 21.4102 12.6419 8.32106 17.2297 16.2395 11.0687 8.57794
threshold=9.8272161483764666 96.500000000000014 46.076341629028327 0.43672485649585729 1.0000000180025095e-35 1.5000000000000002 3.0626915693283085 0.81262066960334789 0.42260582745075231 1.0000000180025095e-35 17.846974372863773 3.5000000000000004 3.5000000000000004 0.37377136945724493 6487.3454589843759 0.45182290673255926 1.0241547226905825 14736.229980468752 3.5000000000000004 4.2997608184814462 1.0000000180025095e-35 0.46633338928222662 0.14853189885616305 10.500000000000002 8.5000000000000018 0.4306721985340119 1.5000000000000002 0.22241626679897311 0.16896060109138492 3.5000000000000004
decision_type=2 2 2 2 2 2 2 2 2 2 2 2 2 2 2 2 2 2 2 2 2 2 2 2 2 2 2 2 2 2
left_child=1 -1 5 6 25 -2 7 20 10 -6 13 -10 -12 14 22 16 19 -15 -9 -5 -3 -19 24 -24 -7 29 -27 28 -28 -4
right_child=2 3 4 15 9 8 -8 18 11 -11 12 -13 -14 17 -16 -17 -18 21 -20 -21 -22 -23 23 -25 -26 26 27 -29 -30 -31
leaf_value=-0.22346174738263752 -0.056535908498557545 -0.22393382196284153 -0.021011052934787701 2.1269003505900259 -0.049381986135724823 3.2088520364920416 -0.059931045901876596 0.63231786437195514 -0.059839404532048883 0.53906656578558765 0.072567093135207691 0.1341646493246815 0.83413295115480302 -0.011605522014143796 -0.11021560473974587 -0.0021361140593423476 -0.20722089142313255 1.5308990895155135 -0.13473908521317737 1.9309861701998696 0.24810078519494408 0.10783120434704777 -0.097923520054727362 1.3959633005345442 -0.46723031295961381 0.50215514232523828 0.256443000648094 -0.0019664692606938452 2.9219155943165855 0.14673400787276425
leaf_weight=46475 10004 60796 2616 95 163 292 15625 154 3534 526 1665 11312 169 4791 19552 8220 158 115 95 152 499 1823 1074 142 133 223 328 966 131 6591
leaf_count=46475 10004 60796 2616 95 163 292 15625 154 3534 526 1665 11312 169 4791 19552 8220 158 115 95 152 499 1823 1074 142 133 223 328 966 131 6591
internal_value=-0.00171997 -0.00269673 0.000233105 -0.00194797 0.00333992 -0.000423691 -0.00220884 -0.00258391 5.11045e-06 0.0115907 -0.00066864 0.00135552 0.00365103 -0.000952369 -0.00158345 0.000386086 0.00925926 0.00103522 0.0118313 0.0173198 -0.00264247 0.00452631 0.00295795 0.000414472 0.0102353 0.00281621 0.00674272 0.00431579 0.0136078 0.00211339
internal_weight=198419 132269 66150 85794 11544 54606 77169 61544 44602 689 29756 14846 1834 27922 21193 8625 405 6729 249 247 61295 1938 1641 1216 425 10855 1648 1425 459 9207
internal_count=198419 132269 66150 85794 11544 54606 77169 61544 44602 689 29756 14846 1834 27922 21193 8625 405 6729 249 247 61295 1938 1641 1216 425 10855 1648 1425 459 9207
is_linear=0
shrinkage=0.06


Tree=42
num_leaves=31
num_cat=0
split_feature=0 0 5 2 23 23 20 11 11 14 21 25 1 14 14 7 21 21 21 17 0 24 11 24 2 0 24 11 25 25
split_gain=95.673 37.118 32.1398 17.2824 14.4309 14.8806 11.5915 11.2437 11.0534 10.9501 10.6256 11.9291 9.50625 8.99123 8.80182 10.9333 8.39355 8.38279 8.59356 8.07153 16.8487 9.70533 7.96857 8.82144 7.69087 7.63129 10.5756 8.72561 30.3179 8.83934
threshold=7.8963713645935067 39.752513885498054 2.5000000000000004 1.5000000000000002 8.4409470558166522 8.6239829063415545 2.5000000000000004 0.21373439580202105 0.4306721985340119 1.0000000180025095e-35 0.81262066960334789 3.5000000000000004 181.00000000000003 1.0000000180025095e-35 1.0000000180025095e-35 2.5000000000000004 0.39240394532680517 0.40094302594661718 0.48932217061519628 5.5000000000000009 8.9045305252075213 12375.156250000002 0.45370142161846166 14462.160644531252 7.5000000000000009 69.17972564697267 15805.925292968752 0.24962412565946582 1.5000000000000002 3.5000000000000004
decision_type=2 2 2 2 2 2 2 2 2 2 2 2 2 2 2 2 2 2 2 2 2 2 2 2 2 2 2 2 2 2
left_child=2 3 -1 -2 7 6 -6 13 10 19 17 -12 -11 16 25 -16 -5 -4 24 -7 -21 -22 23 -10 -19 -3 27 29 -29 -27
right_child=1 14 8 4 5 9 -8 -9 22 12 11 -13 -14 -15 15 -17 -18 18 -20 20 21 -23 -24 -25 -26 26 -28 28 -30 -31
leaf_value=-0.23099353737424266 -0.07217323510117421 0.030883487385102711 -0.21977237495446192 -0.15930946936177884 1.8592898199394445 0.0050515217967205183 -0.12544440370206411 0.025680438883484927 0.52821545033147799 0.08053098999364447 0.64093582939596305 -0.15108664003811412 1.0507237072007851 0.12103372362021544 0.2107729010861511 1.0217074464461138 -0.02986014908108978 -0.091583213913865966 -0.17044411458028497 2.1653301371002787 0.034282345189735754 0.39393509466413795 -0.027974293740214082 1.9862761492235312 0.30159227212570455 -0.017911359113147091 -0.057646165279871951 0.75914407536090744 0.20940504138303162 0.22278356767488575
leaf_weight=41316 12521 6368 46721 18243 281 7720 135 14648 576 80 141 141 80 2152 878 125 12252 5903 11366 124 1356 419 6406 103 2021 1302 909 145 1087 2900
leaf_count=41316 12521 6368 46721 18243 281 7720 135 14648 576 80 141 141 80 2152 878 125 12252 5903 11366 124 1356 419 6406 103 2021 1302 909 145 1087 2900
internal_value=-0.00169003 -0.000147986 -0.0028157 -0.000707119 -0.000267178 0.00178028 0.0128942 -0.000708533 -0.00206204 0.00130749 -0.00230278 0.00931915 0.016875 -0.00132821 0.00270643 0.00811765 -0.00159272 -0.00235243 -0.00130016 0.00104855 0.00455292 0.00305915 0.000190542 0.00637113 0.000216556 0.00227944 0.00375248 0.00475451 0.0091948 0.00345264
internal_weight=198419 83725 114694 70011 57490 10195 416 47295 73378 9779 66293 282 160 32647 13714 1003 30495 66011 19290 9619 1899 1775 7085 679 7924 12711 6343 5434 1232 4202
internal_count=198419 83725 114694 70011 57490 10195 416 47295 73378 9779 66293 282 160 32647 13714 1003 30495 66011 19290 9619 1899 1775 7085 679 7924 12711 6343 5434 1232 4202
is_linear=0
shrinkage=0.06


Tree=43
num_leaves=31
num_cat=0
split_feature=0 0 6 11 2 3 23 14 3 0 24 20 24 21 15 21 25 24 24 24 21 27 21 23 23 16 1 23 23 25
split_gain=89.0483 35.4444 30.9103 17.3475 10.9546 10.5359 9.6084 9.62011 9.0561 8.47856 8.67428 14.5563 7.92858 7.58969 7.62988 8.51716 7.5163 7.49787 9.02991 15.275 7.39316 7.31158 7.22732 9.17262 7.77981 16.681 7.07755 7.00475 6.99378 7.46104
threshold=7.078780174255372 29.780868530273441 8.1500000953674334 0.2133271470665932 1.5000000000000002 252.00000000000003 8.4409470558166522 1.0000000180025095e-35 52.500000000000007 82.491657257080092 9472.9199218750018 3.5000000000000004 17885.785156250004 0.39240394532680517 1.0000000180025095e-35 0.49900193512439733 3.5000000000000004 15805.925292968752 11029.454589843752 11234.955566406252 0.45558665692806249 12.871875762939455 0.57403510808944713 2.9929676055908208 3.1620360612869267 12.500000000000002 290.50000000000006 3.0626915693283085 8.7969288825988787 7.5000000000000009
decision_type=2 2 2 2 2 2 2 2 2 2 2 2 2 2 2 2 2 2 2 2 2 2 2 2 2 2 2 2 2 2
left_child=2 3 -1 4 -2 -4 7 13 -5 -3 11 -11 28 -6 15 -15 -12 18 -18 -20 -21 -13 23 -10 25 -25 -26 -7 -8 -30
right_child=1 9 5 8 6 27 12 -9 22 10 16 21 -14 14 -16 -17 17 -19 19 20 -22 -23 -24 24 26 -27 -28 -29 29 -31
leaf_value=-0.24421009688351253 -0.10332733438692943 0.053150938831486048 -0.18331245189403067 -0.041100443299102986 -0.16394249396056063 -0.13999298024993517 2.8311808420140481 0.14651796031218189 -0.0083865905755341492 0.11026344136588571 -0.06076463672881191 0.31119750129688489 0.19629394841111308 0.055539822984671826 -0.10352972969426659 3.7145642526844731 -0.015107335725977866 -0.046581529524980209 3.7427183468382008 0.15454780021041592 0.47386081092257137 0.52964122255663104 0.32081935532411382 1.2682515139633255 0.044981098989649686 -0.11676768102378075 0.41669940060986349 0.1497787689619787 0.21621934162477316 -0.04949659140446494
leaf_weight=36888 8820 14470 51133 4388 20050 14183 216 1801 11405 810 558 94 119 5481 7737 113 433 487 134 623 347 104 1682 179 4436 158 402 3686 2624 4858
leaf_count=36888 8820 14470 51133 4388 20050 14183 216 1801 11405 810 558 94 119 5481 7737 113 433 487 134 623 347 104 1682 179 4436 158 402 3686 2624 4858
internal_value=-0.00165798 -0.000298221 -0.00284616 -0.000876527 -0.00148197 -0.00209664 -0.00108686 -0.00150964 0.000508608 0.00208638 0.00469638 0.00941667 0.000815913 -0.00174009 -0.000630562 0.00105756 0.0028536 0.00455336 0.00660898 0.00948913 0.00686598 0.024 0.0010967 0.000716525 0.00281159 0.0116261 0.0021976 -0.000842466 0.000578331 0.000271049
internal_weight=198419 92529 105890 74469 51819 69002 42999 35182 22650 18060 3590 1008 7817 33381 13331 5594 2582 2024 1537 1104 970 198 18262 16580 5175 337 4838 17869 7698 7482
internal_count=198419 92529 105890 74469 51819 69002 42999 35182 22650 18060 3590 1008 7817 33381 13331 5594 2582 2024 1537 1104 970 198 18262 16580 5175 337 4838 17869 7698 7482
is_linear=0
shrinkage=0.06


Tree=44
num_leaves=31
num_cat=0
split_feature=0 0 6 11 11 11 2 21 25 23 24 1 14 14 23 24 21 16 17 24 23 0 14 24 21 21 21 23 17 20
split_gain=80.4645 32.1434 31.3045 15.2161 10.6227 17.3091 10.1898 9.50216 11.3111 8.18377 8.47314 8.12083 8.3833 7.74301 7.71308 8.65046 8.22471 7.45333 9.76994 25.3849 7.81624 7.39503 10.7342 8.13273 7.65522 9.352 26.8289 10.0739 11.7034 24.1378
threshold=7.078780174255372 29.780868530273441 8.1500000953674334 0.2133271470665932 0.43672485649585729 0.44277396798133856 1.5000000000000002 0.81262066960334789 3.5000000000000004 4.1234867572784433 17885.785156250004 270.00000000000006 1.0000000180025095e-35 1.0000000180025095e-35 2.629718661308289 17885.785156250004 0.17814790457487109 11.500000000000002 1.0000000180025095e-35 8725.8950195312518 5.5688123703002939 69.17972564697267 1.0000000180025095e-35 15805.925292968752 0.12656717747449878 0.2694262564182282 0.26463150978088384 17.144623756408695 5.5000000000000009 1.0000000180025095e-35
decision_type=2 2 2 2 2 2 2 2 2 2 2 2 2 2 2 2 2 2 2 2 2 2 2 2 2 2 2 2 2 2
left_child=2 3 -1 6 7 -6 -2 14 -9 13 -11 -5 -13 -8 15 -4 -16 -7 19 -19 -20 -3 23 24 -23 26 27 28 -26 -30
right_child=1 21 4 11 5 17 9 8 -10 10 -12 12 -14 -15 16 -17 -18 18 20 -21 -22 22 -24 -25 25 -27 -28 -29 29 -31
leaf_value=-0.22955749107050183 -0.097127694323713681 0.036377735500163322 -0.20357463159010591 -0.00047773785157751786 1.8780983273837615 -0.17843606958452604 -0.12019600161116083 0.54631260819720484 -0.11909003555866263 0.0038466350076798664 0.1845163115064464 0.16632018354367767 1.8672306588928225 0.14560391042738657 -0.25982653735850975 0.51692618588896377 0.0039881012476476341 0.98427819269156336 -0.064161717402083734 0.1863803423971403 0.42360741017923847 -0.085077563128162989 0.72852249517218415 -0.05451726583834024 0.090227308387090491 0.082665388187079067 0.71040637450936339 2.9690128608740647 -0.12032773581518369 3.4005206098025442
leaf_weight=36888 8820 11586 50213 19870 183 2249 29366 122 132 12009 119 2684 96 1505 3459 360 8756 143 2448 531 406 516 131 909 1401 2987 145 106 124 155
leaf_count=36888 8820 11586 50213 19870 183 2249 29366 122 132 12009 119 2684 96 1505 3459 360 8756 143 2448 531 406 516 131 909 1401 2987 145 106 124 155
internal_value=-0.0016232 -0.000330644 -0.00275267 -0.000881361 -0.00199838 0.000422817 -0.00144839 -0.00222728 0.00935433 -0.00106733 0.000253297 0.000415893 0.00345324 -0.00158615 -0.00227413 -0.00260095 -0.000921 -0.000152676 0.00156803 0.00806528 3.36356e-05 0.0019402 0.00356441 0.0032133 0.00409201 0.00482147 0.00807561 0.00606047 0.00492857 0.0161505
internal_weight=198419 92529 105890 74469 69002 5960 51819 63042 254 42999 12128 22650 2780 30871 62788 50573 12215 5777 3528 674 2854 18060 6474 6343 5434 4918 1931 1786 1680 279
internal_count=198419 92529 105890 74469 69002 5960 51819 63042 254 42999 12128 22650 2780 30871 62788 50573 12215 5777 3528 674 2854 18060 6474 6343 5434 4918 1931 1786 1680 279
is_linear=0
shrinkage=0.06


Tree=45
num_leaves=31
num_cat=0
split_feature=0 1 0 2 11 11 11 21 25 3 19 23 24 21 21 21 24 16 17 24 23 25 23 1 0 14 11 25 23 25
split_gain=73.6939 30.8337 27.8026 14.3084 12.3002 12.0321 15.6588 10.0054 11.4275 7.95229 7.84976 7.77245 7.44432 7.31302 7.45341 7.02848 6.48345 6.05533 7.51129 19.6035 7.70928 6.65243 5.75186 6.81481 5.68691 10.0793 7.84307 27.7005 6.24352 6.13243
threshold=7.078780174255372 87.000000000000014 29.780868530273441 1.5000000000000002 0.2133271470665932 0.43672485649585729 0.44277396798133856 0.81262066960334789 4.5000000000000009 230.00000000000003 39.186883926391609 4.1234867572784433 17885.785156250004 0.39240394532680517 0.033042430877685554 0.57403510808944713 9472.9199218750018 14.500000000000002 1.0000000180025095e-35 8725.8950195312518 5.5688123703002939 8.5000000000000018 2.2476330995559697 290.50000000000006 69.17972564697267 1.0000000180025095e-35 0.24962412565946582 1.5000000000000002 15.521236896514894 3.5000000000000004
decision_type=2 2 2 2 2 2 2 2 2 2 10 2 2 2 2 2 2 2 2 2 2 2 2 2 2 2 2 2 2 2
left_child=1 -1 3 -2 11 7 10 9 -9 -3 -7 13 -13 14 -5 22 -17 -8 19 -19 -20 -22 -6 -24 29 26 -26 -28 -29 -4
right_child=2 5 24 4 15 6 17 8 -10 -11 -12 12 -14 -15 -16 16 -18 18 20 -21 21 -23 23 -25 25 -27 27 28 -30 -31
leaf_value=-0.22139033286626603 -0.068200138668654084 -0.18143774980241406 -0.05224260902080493 0.66870388811433912 -0.012523914156970573 1.5832894464246523 -0.13707664019892185 0.55980990011089993 -0.23583406205358087 -0.12327364788622354 1.9276251143642487 0.0036158369072190927 0.17344533281605948 -0.033561017731495925 -0.15236363563254626 -0.14324416865569065 0.39983931382634658 0.92250268178230155 -0.050786222047860465 0.17519752185331192 0.77395146428340067 0.12503289606414503 0.050581677885657407 0.42963325884921233 0.057394488874189652 0.68481114546185295 0.66778199203880173 0.066349949267013916 2.2447264879520432 0.070776041243500495
leaf_weight=33090 13123 45238 2628 262 10950 95 2420 155 116 20878 102 12009 119 12429 18180 236 1456 154 2622 574 160 286 5239 466 4976 131 145 1045 177 8958
leaf_count=33090 13123 45238 2628 262 10950 95 2420 155 116 20878 102 12009 119 12429 18180 236 1456 154 2622 574 160 286 5239 466 4976 131 145 1045 177 8958
internal_value=-0.0015981 -0.00267901 -0.000361121 -0.000873304 -0.00048864 -0.00198874 0.00049306 -0.00222848 0.00927675 -0.00227564 0.0171472 -0.00104361 0.000243402 -0.00154922 -0.00230734 0.000812011 0.00449645 -3.47505e-05 0.00146048 0.00693956 0.000160364 0.00745291 0.000437705 0.00198247 0.00175083 0.00317516 0.00283493 0.00686028 0.00391817 0.000954944
internal_weight=198419 105890 92529 74469 61346 72800 6413 66387 271 66116 197 42999 12128 30871 18442 18347 1692 6216 3796 728 3068 446 16655 5705 18060 6474 6343 1367 1222 11586
internal_count=198419 105890 92529 74469 61346 72800 6413 66387 271 66116 197 42999 12128 30871 18442 18347 1692 6216 3796 728 3068 446 16655 5705 18060 6474 6343 1367 1222 11586
is_linear=0
shrinkage=0.06


Tree=46
num_leaves=31
num_cat=0
split_feature=0 2 0 2 24 11 11 21 21 25 11 14 7 21 11 1 16 23 25 11 23 21 24 21 24 24 0 0 11 14
split_gain=66.9359 30.4929 23.1837 13.5141 10.5672 10.559 12.9306 11.5733 11.1059 11.4408 10.4064 9.14587 10.0678 9.55767 7.40518 7.25087 7.06301 6.79825 9.15253 13.6597 10.4125 8.19122 6.52346 11.9729 7.33741 10.7211 7.49321 6.35105 6.1979 6.08419
threshold=7.078780174255372 2.5000000000000004 39.752513885498054 1.5000000000000002 17932.731445312504 0.21158529072999957 0.23523334413766864 0.28175266087055212 0.81262066960334789 3.5000000000000004 0.54383811354637157 1.0000000180025095e-35 3.5000000000000004 0.37399552762508398 0.42220656573772436 345.00000000000006 9.5000000000000018 2.2476330995559697 6.5000000000000009 0.4306721985340119 21.794277191162113 0.051596859470009811 17234.285156250004 0.14853189885616305 6432.6215820312509 6390.0229492187509 13.769601821899416 17.885603904724125 0.71455863118171703 1.0000000180025095e-35
decision_type=2 2 2 2 2 2 2 2 2 2 2 2 2 2 2 2 2 2 2 2 2 2 2 2 2 2 2 2 2 2
left_child=1 14 3 -2 5 8 7 16 -3 -10 11 13 -13 17 -1 -8 -7 22 19 20 21 -19 24 27 25 26 -5 -24 -12 -4
right_child=2 4 29 10 -6 6 15 -9 9 -11 28 12 -14 -15 -16 -17 -18 18 -20 -21 -22 -23 23 -25 -26 -27 -28 -29 -30 -31
leaf_value=-0.21930569155605234 -0.060735921936390408 -0.17370327202001681 0.058394066800153223 -0.11410232705998181 0.90357213716371076 1.1215741768275505 -0.068287215113858435 0.29332016654071003 0.56025291419939693 -0.12991702627467511 0.095041602421703703 0.067709329932948342 0.6795990474157042 0.0034850677382832155 -0.019582606722192534 0.15932243773822072 0.48173711107504613 0.78571283333057973 -0.053482847446413885 1.8210309987683322 0.69723876468455492 -0.013037117195369635 0.54959010972345457 -0.10185958118893876 -0.15221048322870451 3.403225095177413 0.46021810330942559 -0.07281730516053421 -0.030975067982891961 0.24199451373244452
leaf_weight=32973 14047 59242 12711 1160 90 88 8794 256 129 131 5464 2226 306 22616 2483 1548 156 81 8927 110 190 1491 240 664 18120 82 433 82 2576 1003
leaf_count=32973 14047 59242 12711 1160 90 88 8794 256 129 131 5464 2226 306 22616 2483 1548 156 81 8927 110 190 1491 240 664 18120 82 433 82 2576 1003
internal_value=-0.0015718 -0.00260195 -0.000392894 -0.000789064 -0.00187955 -0.00190584 -0.000183731 0.00924 -0.00221962 0.0101538 -0.000423173 -0.000709492 0.00281516 -0.000874162 -0.00403701 -0.000639336 0.0185902 -0.00154845 -0.000327254 0.00348718 0.00220658 0.000603052 -0.00218305 0.00258012 -0.00242031 0.0013791 0.000290017 0.0120745 0.00159701 0.00188391
internal_weight=198419 105890 92529 78815 70434 70344 10842 500 59502 260 64768 56728 2532 54196 35456 10342 244 31580 10799 1872 1762 1572 20781 986 19795 1675 1593 322 8040 13714
internal_count=198419 105890 92529 78815 70434 70344 10842 500 59502 260 64768 56728 2532 54196 35456 10342 244 31580 10799 1872 1762 1572 20781 986 19795 1675 1593 322 8040 13714
is_linear=0
shrinkage=0.06


Tree=47
num_leaves=31
num_cat=0
split_feature=0 2 0 2 24 21 25 11 11 11 21 11 21 23 23 25 27 21 25 17 17 20 21 21 20 16 24 24 17 17
split_gain=62.7219 29.4752 21.8068 12.0491 10.5199 10.4627 11.4408 10.4034 9.40527 9.29058 8.13536 7.37299 6.57041 8.52448 12.4824 10.1096 12.1593 6.76635 8.09117 8.62032 11.508 9.8222 7.49935 6.99929 8.61037 6.9922 13.1122 12.1931 7.59598 8.85707
threshold=7.0201427936553964 2.5000000000000004 27.322209358215336 1.5000000000000002 17932.731445312504 0.81262066960334789 3.5000000000000004 0.21158529072999957 0.2133271470665932 0.23523334413766864 0.28175266087055212 0.38462381064891821 0.22241626679897311 1.1887561678886416 1.384432911872864 3.5000000000000004 16.135438919067386 0.28979149460792547 3.5000000000000004 4.5000000000000009 3.5000000000000004 2.5000000000000004 0.39240394532680517 0.42381054162979132 1.5000000000000002 10.500000000000002 17350.135742187504 11057.514648437502 1.5000000000000002 2.5000000000000004
decision_type=2 2 2 2 2 2 2 2 2 2 2 2 2 2 2 2 2 2 2 2 2 2 2 2 2 2 2 2 2 2
left_child=1 11 3 -2 5 7 -7 12 -5 10 -9 -1 -3 17 -15 16 -16 18 19 20 -14 -22 -19 24 -24 26 27 28 -20 -30
right_child=2 4 -4 8 -6 6 -8 9 -10 -11 -12 -13 13 14 15 -17 -18 22 25 -21 21 -23 23 -25 -26 -27 -28 -29 29 -31
leaf_value=-0.21007404684003297 -0.063286261785625741 -0.23551684363552894 0.052550479783141861 -0.062848341203651473 0.84935780893388824 0.52663773934743319 -0.12212200469819456 0.89935586830411463 0.023633998585150837 -0.033318253677197804 0.27572095654826739 -0.024106929200244803 0.30529971415644264 3.1276992420501251 0.051288552109764102 -0.047632958404063647 1.8479775622386503 -0.24161646704869835 -0.29482198136729126 -0.21666897282976988 1.1889369933599381 0.35397746500176014 0.91790999715077704 -0.16845629259057693 -0.1756126201461011 -0.22213302572652155 0.60217422122540498 -0.26078314182325163 1.4473318450648616 0.59990564166704885
leaf_weight=32516 12960 20350 19509 42695 90 129 131 244 18101 10222 256 2695 1103 165 158 8872 94 8870 202 621 229 246 978 12030 786 2433 137 1018 152 427
leaf_count=32516 12960 20350 19509 42695 90 129 131 244 18101 10222 256 2695 1103 165 158 8872 94 8870 202 621 229 246 978 12030 786 2433 137 1018 152 427
internal_value=-0.00154156 -0.00254621 -0.000408836 -0.000880689 -0.00183347 -0.00185988 0.0101538 -0.00190476 -0.000526615 -0.000185788 0.0078 -0.003962 -0.00221783 -0.00175712 -0.000173755 -0.000469532 0.011381 -0.00226026 -0.000564557 0.00240382 0.00476045 0.0125684 -0.00275168 -0.00187647 0.00165306 -0.0020586 0.00063223 -0.000730407 0.00490909 0.00840414
internal_weight=198419 105154 93265 73756 69943 69853 260 69593 60796 10722 500 35211 58871 38521 9289 9124 252 29232 6568 2199 1578 475 22664 13794 1764 4369 1936 1799 781 579
internal_count=198419 105154 93265 73756 69943 69853 260 69593 60796 10722 500 35211 58871 38521 9289 9124 252 29232 6568 2199 1578 475 22664 13794 1764 4369 1936 1799 781 579
is_linear=0
shrinkage=0.06


Tree=48
num_leaves=31
num_cat=0
split_feature=0 1 0 11 23 21 25 23 2 21 24 21 11 11 11 23 27 11 24 2 23 3 21 23 14 11 21 23 21 11
split_gain=60.3562 28.0782 18.3888 12.3239 11.6976 10.4059 11.4443 8.90678 8.76042 8.33235 7.32298 6.52615 6.06204 8.91965 6.2215 6.10924 6.55917 5.9819 6.01421 5.90357 17.1987 6.81488 5.87815 5.81768 6.11696 6.33746 7.84141 8.32276 6.64825 8.82614
threshold=7.0201427936553964 81.000000000000014 27.322209358215336 0.41343545913696295 2.0322954654693608 0.81262066960334789 3.5000000000000004 2.629718661308289 1.5000000000000002 0.17814790457487109 17885.785156250004 0.04125477001070977 0.45370142161846166 0.43672485649585729 0.50419721007347118 1.0241547226905825 10.844287395477297 0.47201801836490637 17885.785156250004 6.5000000000000009 16.804028511047367 253.50000000000003 0.2694262564182282 1.3482347726821902 1.0000000180025095e-35 0.24962412565946582 0.39240394532680517 1.1887561678886416 0.57403510808944713 0.35088355839252477
decision_type=2 2 2 2 2 2 2 2 2 2 2 2 2 2 2 2 2 2 2 2 2 2 2 2 2 2 2 2 2 2
left_child=1 -1 4 5 8 7 -7 10 -2 -9 -3 -6 13 -5 -14 16 -15 18 -13 -4 -21 -22 -19 24 25 26 -10 -28 -27 -30
right_child=2 3 19 12 11 6 -8 9 23 -11 -12 17 14 15 -16 -17 -18 22 -20 20 21 -23 -24 -25 -26 28 27 -29 29 -31
leaf_value=-0.19508369840495346 -0.08402024734237809 -0.16970907919851605 0.027300739979439131 -0.040638844464552841 0.7392322865372376 0.50651186569259066 -0.10042474731608975 -0.19826771913624985 -0.14672701406814201 0.011395214948689652 0.44802333948006257 -0.014120455112542221 -0.2459955816077122 1.6501927580546374 0.030178390051964373 -0.13149854161279187 1.4386462130522235 -0.0025097567643394851 0.13827894469068139 0.15608189859461646 0.1276018148834055 1.0962019389345981 0.15962493295158578 -0.20126938849541953 0.15468423652814065 -0.0085159866039480839 -0.037384304195557709 2.5354184608581285 0.77403875319739301 0.036520446868610251
leaf_weight=30333 8320 54089 15762 423 92 135 145 3653 15842 9452 390 20756 1044 117 5083 86 204 1965 224 3555 80 112 2080 1661 1444 9674 10556 167 334 641
leaf_count=30333 8320 54089 15762 423 92 135 145 3653 15842 9452 390 20756 1044 117 5083 86 204 1965 224 3555 80 112 2080 1661 1444 9674 10556 167 334 641
internal_value=-0.00150648 -0.002492 -0.000395327 -0.00186774 -0.000828626 -0.00211429 0.00942857 -0.00216211 -0.00137162 -0.000757727 -0.00249994 0.000222876 0.000537299 0.0053494 -0.000114576 0.0116904 0.0154953 0.000164234 -0.00024309 0.00124281 0.00338351 0.020875 0.00227688 -0.00100583 -0.000856435 -0.00100511 -0.00150085 -0.00024788 0.00023157 0.00495384
internal_weight=198419 105154 93265 74821 73756 67864 280 67584 48639 13105 54479 25117 6957 830 6127 407 321 25025 20980 19509 3747 192 4045 40319 38658 37214 26565 10723 10649 975
internal_count=198419 105154 93265 74821 73756 67864 280 67584 48639 13105 54479 25117 6957 830 6127 407 321 25025 20980 19509 3747 192 4045 40319 38658 37214 26565 10723 10649 975
is_linear=0
shrinkage=0.06


Tree=49
num_leaves=31
num_cat=0
split_feature=0 6 11 11 0 21 23 25 2 1 14 21 24 21 20 16 14 17 21 23 23 16 3 11 25 21 21 24 14 25
split_gain=56.5206 28.8951 17.9986 28.9621 16.4993 11.9422 11.8474 11.5229 10.6482 8.32033 9.06329 8.05932 7.68291 14.3182 10.0469 8.50239 6.39083 6.8229 8.84843 6.08453 6.04346 7.64277 6.17364 6.00847 5.92562 7.28307 11.7475 8.61119 8.17015 8.73463
threshold=6.1732130050659189 8.1500000953674334 0.54383811354637157 0.5467192828655244 17.045269966125492 0.81262066960334789 11.868320941925051 3.5000000000000004 1.5000000000000002 282.50000000000006 1.0000000180025095e-35 0.4179298877716065 16952.113281250004 0.17628498375415805 1.0000000180025095e-35 10.500000000000002 1.0000000180025095e-35 5.5000000000000009 0.48841498792171484 2.5169547796249394 20.268400192260746 14.500000000000002 143.50000000000003 0.43257689476013189 3.5000000000000004 0.293117105960846 0.29802435636520391 2154.069702148438 1.0000000180025095e-35 4.5000000000000009
decision_type=2 2 2 2 2 2 2 2 2 2 2 2 2 2 2 2 2 2 2 2 2 2 2 2 2 2 2 2 2 2
left_child=1 23 4 -4 6 9 8 -7 -2 -3 19 12 -10 14 -14 -16 17 -8 -19 -11 -5 -22 -23 -1 -6 28 -27 -28 29 -26
right_child=2 5 3 20 24 7 16 -9 11 10 -12 -13 13 -15 15 -17 -18 18 -20 -21 21 22 -24 -25 25 26 27 -29 -30 -31
leaf_value=-0.20861296356986866 -0.093556993583370066 -0.13945738097380941 0.55766430634196307 0.033973287491743914 -0.036384131123293376 0.38749686704598574 0.0010612155119063037 -0.055485117870447291 -0.10919894814068312 -0.10817427473778644 0.36539868807079384 -0.0072750111933670486 2.6156345082601198 -0.07391704466709538 0.61430506049764455 -0.18221897753060551 0.47053961553224316 1.015100177356002 -0.074122228111228969 0.17316983410806611 0.097553493918129439 0.29335658461918379 1.3284459010964478 -0.026390321431498987 0.73807463737893886 2.4040591156133284 0.60812006417135211 0.05844498953350051 0.15773432035199322 -0.061019159866421528
leaf_weight=31023 9660 48775 163 11915 6626 105 5169 106 28716 9538 222 15729 246 1454 111 235 84 684 304 2974 181 83 81 2134 883 211 408 11368 1346 7885
leaf_count=31023 9660 48775 163 11915 6626 105 5169 106 28716 9538 222 15729 246 1454 111 235 84 684 304 2974 181 83 81 2134 883 211 408 11368 1346 7885
internal_value=-0.00147594 -0.00253383 -0.000506578 0.00163584 -0.000798671 -0.00176637 -0.00134652 0.0124834 -0.00162216 -0.00181525 -0.000449507 -0.00124553 -0.00181042 0.00174193 0.00960811 0.00301734 0.00113347 0.000909208 0.00547773 -0.000662725 0.00130179 0.00913043 0.0185122 -0.00396242 0.000391198 0.000863036 0.00186352 0.00161209 -0.000322722 -0.000990877
internal_weight=198419 94877 103542 12423 91119 61720 62392 211 56151 61509 12734 46491 30762 2046 592 346 6241 6157 988 12512 12260 345 164 33157 28727 22101 11987 11776 10114 8768
internal_count=198419 94877 103542 12423 91119 61720 62392 211 56151 61509 12734 46491 30762 2046 592 346 6241 6157 988 12512 12260 345 164 33157 28727 22101 11987 11776 10114 8768
is_linear=0
shrinkage=0.06


Tree=50
num_leaves=31
num_cat=0
split_feature=0 6 11 0 25 23 25 2 17 20 21 0 25 25 24 5 23 3 25 21 17 19 17 21 0 21 11 24 0 21
split_gain=51.151 28.0475 17.6799 14.5021 9.93023 9.75067 9.44456 8.67796 9.15498 13.3177 8.33934 8.27938 17.2342 8.07234 8.01031 7.82846 7.71662 12.1773 7.57081 7.50552 14.2805 7.22196 7.07591 6.94493 6.91329 6.24117 6.05907 5.52287 9.14128 11.1875
threshold=6.1732130050659189 8.1500000953674334 0.2133271470665932 21.312211990356449 3.5000000000000004 2.3127331733703618 10.500000000000002 6.5000000000000009 1.0000000180025095e-35 1.5000000000000002 0.81262066960334789 69.17972564697267 1.5000000000000002 3.5000000000000004 17932.731445312504 1.5000000000000002 24.933436393737797 222.50000000000003 8.5000000000000018 0.23251585662364962 5.5000000000000009 39.186883926391609 1.5000000000000002 0.41141399741172796 2.9036418199539189 0.04125477001070977 0.43257689476013189 6432.6215820312509 13.249187946319582 0.21537154167890551
decision_type=2 2 2 2 2 2 2 2 2 2 2 2 2 2 2 2 2 2 2 2 2 10 2 2 2 2 2 2 2 2
left_child=1 26 3 5 -5 15 25 -6 9 -9 14 16 -13 -12 21 -2 -4 -18 19 22 -21 -3 -10 27 -23 -7 -1 28 -17 -30
right_child=2 10 11 4 7 6 -8 8 18 -11 13 12 -14 -15 -16 23 17 -19 -20 20 -22 24 -24 -25 -26 -27 -28 -29 29 -31
leaf_value=-0.19609618575567658 -0.10721830394965018 -0.056617446967905813 0.0092267742264013995 -0.066265889706420639 0.023525175119519598 0.69521294652528065 0.10827366370477652 2.8821601439846547 0.77261824822368086 0.22940885730389027 0.36424705502322657 0.58286972260732728 0.11113554221037247 -0.052156010798220485 0.7825132068262487 -0.071842489330743456 0.085882574832325309 1.3906717440616982 -0.080906521927134697 0.49158058435445184 2.608425368908998 -0.2011309872541793 -0.31278718705640091 -0.035205767801874038 -0.088307800128496552 -0.04382258167422147 -0.024806902145609027 -0.14625676516164041 3.0434590328813425 0.87016250400347817
leaf_weight=31023 7533 19166 27338 4300 11084 94 3145 132 164 324 105 145 1476 106 89 1065 469 137 1085 547 128 21769 349 10981 20485 15191 2134 17626 98 131
leaf_count=31023 7533 19166 27338 4300 11084 94 3145 132 164 324 105 145 1476 106 89 1065 469 137 1085 547 128 21769 349 10981 20485 15191 2134 17626 98 131
internal_value=-0.00144903 -0.00245541 -0.00052686 -0.00102251 0.000452823 -0.00150086 -0.000371135 0.00123666 0.0042675 0.0120263 -0.00169929 0.000713342 0.00488217 0.0102085 -0.00174014 -0.00205706 0.000471513 0.00716832 0.00271095 0.0060202 0.0101778 -0.0017662 0.000549706 -0.00162155 -0.00220438 -0.000987244 -0.0038629 -0.00231818 0.00146522 0.0123406
internal_weight=198419 94877 103542 73977 18113 55864 18430 13813 2729 456 61720 29565 1621 211 61509 37434 27944 606 2273 1188 675 61420 513 29901 42254 15285 33157 18920 1294 229
internal_count=198419 94877 103542 73977 18113 55864 18430 13813 2729 456 61720 29565 1621 211 61509 37434 27944 606 2273 1188 675 61420 513 29901 42254 15285 33157 18920 1294 229
is_linear=0
shrinkage=0.06


Tree=51
num_leaves=31
num_cat=0
split_feature=0 6 11 0 2 3 14 21 24 25 23 21 20 11 0 25 21 23 0 21 25 24 24 16 24 25 17 16 20 21
split_gain=47.4684 27.9465 16.4297 12.9758 8.11572 8.00656 8.34956 7.48032 7.36686 7.30538 7.17437 7.34579 6.58816 6.13455 5.89225 9.22225 5.60362 5.68251 5.31398 5.24019 5.1821 7.83101 21.6389 9.1333 8.75707 11.3632 11.4175 8.73307 37.4915 7.44643
threshold=6.1732130050659189 8.1500000953674334 0.2133271470665932 14.13877058029175 1.5000000000000002 266.50000000000006 1.0000000180025095e-35 0.81262066960334789 17932.731445312504 3.5000000000000004 2.629718661308289 0.17814790457487109 3.5000000000000004 0.43257689476013189 57.770694732666023 1.5000000000000002 0.40094302594661718 2.3127331733703618 3.7049018144607548 0.56469395756721508 3.5000000000000004 6851.4042968750009 6703.2258300781259 14.500000000000002 9401.8671875000018 4.5000000000000009 5.5000000000000009 10.500000000000002 1.0000000180025095e-35 0.23251585662364962
decision_type=2 2 2 2 2 2 2 2 2 2 2 2 2 2 2 2 2 2 2 2 2 2 2 2 2 2 2 2 2 2
left_child=1 13 3 4 -2 14 -7 8 10 -9 -3 -12 -13 18 19 -16 17 -6 -1 -4 -5 22 -22 -24 -23 26 27 28 -26 -27
right_child=2 7 5 20 16 6 -8 9 -10 -11 11 12 -14 -15 15 -17 -18 -19 -20 -21 21 24 23 -25 25 29 -28 -29 -30 -31
leaf_value=-0.23757047293535882 -0.091477602360274829 -0.13221802975947719 -0.0071937633326178124 -0.047310759209603273 -0.14007639142164499 0.15277475022419437 1.8282712737374243 0.34239223172183292 0.7355624144166738 -0.049026650150327221 -0.18678133122733798 -0.0034749309542598445 0.40275967035090571 -0.02331848801687245 0.31759131322341744 0.093860202246800667 -0.023058043198200835 -0.030846740584795161 -0.109565101185397 0.11547152275697371 0.075755459888221813 -0.088434495996626186 0.58630093136529193 3.5198309623331316 1.384509938800633 -0.072807066979380913 2.862501816989302 -0.015393043135809564 0.028816341397466298 0.042900237624201754
leaf_weight=20338 7594 49693 22113 6571 15827 2916 92 105 89 106 3363 7084 1280 2134 130 1852 13648 7836 10685 2462 2016 4190 102 100 125 3893 246 946 490 10393
leaf_count=20338 7594 49693 22113 6571 15827 2916 92 105 89 106 3363 7084 1280 2134 130 1852 13648 7836 10685 2462 2016 4190 102 100 125 3893 246 946 490 10393
internal_value=-0.00142332 -0.0023928 -0.000534973 -0.00101278 -0.00165216 0.000660577 0.00359441 -0.00163804 -0.00167673 0.00963981 -0.00170173 -0.000366847 0.000585364 -0.00379775 0.000328274 0.00347528 -0.00128825 -0.00184668 -0.0040118 7.44645e-05 -2.51803e-05 0.000407714 0.0037926 0.0225149 3.7567e-05 0.000673708 0.00515661 0.00326329 0.00882927 0.000106676
internal_weight=198419 94877 103542 73977 44905 29565 3008 61720 61509 211 61420 11727 8364 33157 26557 1982 37311 23663 31023 24575 29072 22501 2218 202 20283 16093 1807 1561 615 14286
internal_count=198419 94877 103542 73977 44905 29565 3008 61720 61509 211 61420 11727 8364 33157 26557 1982 37311 23663 31023 24575 29072 22501 2218 202 20283 16093 1807 1561 615 14286
is_linear=0
shrinkage=0.06


Tree=52
num_leaves=31
num_cat=0
split_feature=0 1 2 11 0 11 23 16 11 0 19 0 25 21 23 21 21 23 24 21 16 17 23 2 11 25 24 24 25 0
split_gain=45.3457 22.1729 18.726 15.2326 10.0276 8.3371 9.51325 8.13959 8.0874 7.98337 7.81669 7.07319 13.0281 6.9631 6.84936 8.13795 12.6026 10.2917 7.26546 8.70165 12.5403 6.62131 6.35455 6.28076 6.11839 5.73737 7.39656 10.8061 9.31257 8.38764
threshold=3.7049018144607548 96.500000000000014 1.5000000000000002 0.21158529072999957 14.13877058029175 0.21494740992784503 24.933436393737797 10.500000000000002 0.21373439580202105 14.796993255615236 26.907747268676761 69.17972564697267 1.5000000000000002 0.39240394532680517 2.3127331733703618 0.30095402896404272 0.32230302691459661 5.0384602546691903 17234.285156250004 0.18130980432033542 8.5000000000000018 1.5000000000000002 1.7708882093429568 4.5000000000000009 0.50485298037529003 3.5000000000000004 7031.1650390625009 9401.8671875000018 7.5000000000000009 86.781265258789077
decision_type=2 2 2 2 2 2 2 2 2 2 10 2 2 2 2 2 2 2 2 2 2 2 2 2 2 2 2 2 2 2
left_child=1 -1 9 4 13 8 11 -8 -5 -2 22 -7 -13 14 18 21 17 -17 -4 20 -20 -16 -3 -9 -24 -6 29 -28 -29 -27
right_child=2 10 3 5 25 6 7 23 -10 -11 -12 12 -14 -15 15 16 -18 -19 19 -21 -22 -23 24 -25 -26 26 27 28 -30 -31
leaf_value=-0.21411079778048342 -0.083156471235838358 -0.091058535403210863 -0.13781765873219542 0.09222889264109739 -0.063570595106230463 0.0097859763977660337 -0.040733452639321065 0.4988951560858943 1.939269323982896 -0.013105094276459768 -0.16129681003665147 0.53219439513088274 0.11539734106198536 -0.028961456691700044 -0.17626304428640072 0.56449841137168155 -0.016900489979991141 0.24853676897895402 2.4019831155670093 -0.116471350949167 0.071760143973892951 -0.034650429479637625 0.039844929288866619 1.3878481752633673 0.48515899145100977 0.21383453947972528 -0.12705328912668956 0.19820391211358063 -0.013279174338630453 0.55436661605104731
leaf_weight=21844 16879 7186 25733 203 5413 26871 164 137 100 7655 28454 122 1154 21927 2250 255 2393 845 170 926 324 6097 2486 102 407 1983 3049 5280 7815 195
leaf_count=21844 16879 7186 25733 203 5413 26871 164 137 100 7655 28454 122 1154 21927 2250 255 2393 845 170 926 324 6097 2486 102 407 1983 3049 5280 7815 195
internal_value=-0.0013819 -0.0027534 -0.000782024 -0.000457132 -0.000862916 0.00073344 0.00062837 0.00978164 0.0106337 -0.00228516 -0.00188768 0.000497316 0.00486207 -0.00127052 -0.00175155 -0.000547299 0.00188434 0.0072 -0.00227666 0.00190141 0.00833198 -0.00156488 -0.000451832 0.0168452 0.00192257 0.000183272 0.000690316 0.000247521 0.000996562 0.00397245
internal_weight=198419 60377 138042 113508 84655 28853 28550 403 303 24534 38533 28147 1276 60920 38993 11840 3493 1100 27153 1420 494 8347 10079 239 2893 23735 18322 16144 13095 2178
internal_count=198419 60377 138042 113508 84655 28853 28550 403 303 24534 38533 28147 1276 60920 38993 11840 3493 1100 27153 1420 494 8347 10079 239 2893 23735 18322 16144 13095 2178
is_linear=0
shrinkage=0.06


Tree=53
num_leaves=31
num_cat=0
split_feature=0 1 11 0 2 3 23 23 21 23 21 21 23 17 24 16 23 25 21 14 23 24 16 21 11 15 2 11 11 21
split_gain=42.8576 21.837 17.1133 13.1768 12.727 8.03402 7.94091 6.71811 6.70202 6.28883 6.89113 10.4916 10.192 6.39911 6.16032 7.09701 10.3047 16.1637 8.7017 5.96884 5.6333 5.32257 13.2621 5.21657 7.93085 6.21906 6.35886 6.20457 8.25218 5.03133
threshold=3.7049018144607548 96.500000000000014 0.21158529072999957 14.13877058029175 1.5000000000000002 266.50000000000006 4.9729187488555917 26.186221122741703 0.39240394532680517 2.3127331733703618 0.30095402896404272 0.32230302691459661 5.0384602546691903 1.5000000000000002 17234.285156250004 10.500000000000002 0.24628029763698581 9.5000000000000018 0.14386009424924853 1.0000000180025095e-35 1.2338826060295107 9472.9199218750018 14.500000000000002 0.48632842302322393 0.2272412106394768 1.0000000180025095e-35 4.5000000000000009 0.54383811354637157 0.5467192828655244 0.48841498792171484
decision_type=2 2 2 2 2 2 2 2 2 2 2 2 2 2 2 2 2 2 2 2 2 2 2 2 2 2 2 2 2 2
left_child=1 -1 3 4 -2 23 -7 19 9 14 13 12 -12 -11 -6 16 17 18 -16 -3 -17 22 -14 27 -25 26 -26 -4 -29 -10
right_child=2 7 5 -5 8 6 -8 -9 29 10 11 -13 21 -15 15 20 -18 -19 -20 -21 -22 -23 -24 24 25 -27 -28 28 -30 -31
leaf_value=-0.20126414991365441 -0.092945795344088519 -0.1247605023067862 -0.034214915458164873 -0.0023346368617452266 -0.12954859920826367 0.074612279468852849 0.47158793913096342 0.58702932790584827 0.063467471931661551 -0.16568726162921665 0.53062850668938066 -0.015886460581191711 1.2096865767258791 -0.032571403710859419 0.44737901691077803 -0.21771706910308275 -0.28683629843808051 2.3649122417399133 -0.051430932267253947 0.28193059117464259 0.33146267951291314 0.074621874079356151 -0.037701884801344156 1.4940061043068253 0.15219050646309129 0.028384147781274027 0.6857324933233282 0.23158640521977211 0.015307599594793038 -0.059535642295186972
leaf_weight=21844 12617 38128 14726 29060 25733 3127 771 111 8983 2250 255 2393 80 6097 84 665 179 123 265 294 104 663 102 105 391 5252 200 155 10718 12944
leaf_count=21844 12617 38128 14726 29060 25733 3127 771 111 8983 2250 255 2393 80 6097 84 665 179 123 265 294 104 663 102 105 391 5252 200 155 10718 12944
internal_value=-0.00134652 -0.00267986 -0.000763334 -0.001156 -0.00158345 0.000373253 0.00294305 -0.00182073 -0.00122423 -0.00169615 -0.000542231 0.00169539 0.00654545 -0.00147862 -0.00219932 0.00164789 0.00625806 0.0109068 0.00431518 -0.00186331 -0.00225488 0.00337278 0.0124615 5.57249e-05 0.00165635 0.00136265 0.00719797 -0.000316186 0.000770899 -0.000385006
internal_weight=198419 60377 138042 102597 73537 35445 3898 38533 60920 38993 11840 3493 1100 8347 27153 1420 651 472 349 38422 769 845 182 31547 5948 5843 591 25599 10873 21927
internal_count=198419 60377 138042 102597 73537 35445 3898 38533 60920 38993 11840 3493 1100 8347 27153 1420 651 472 349 38422 769 845 182 31547 5948 5843 591 25599 10873 21927
is_linear=0
shrinkage=0.06


Tree=54
num_leaves=31
num_cat=0
split_feature=0 2 1 21 11 23 16 21 17 16 5 14 17 0 23 23 24 21 19 24 20 21 23 16 24 25 25 5 17 11
split_gain=39.715 17.7623 17.6936 12.9151 10.4368 9.87372 15.1802 9.17209 11.8469 19.7895 10.6622 9.10177 11.2987 8.15791 7.42172 12.235 8.28783 7.61992 7.34803 7.12431 8.77234 7.10932 7.09103 6.86327 11.7601 6.51694 6.1396 6.1894 6.02097 6.01793
threshold=3.2498396635055546 1.5000000000000002 96.500000000000014 0.4179298877716065 0.50419721007347118 28.859872817993168 11.500000000000002 0.42381054162979132 2.5000000000000004 11.500000000000002 7.5000000000000009 1.0000000180025095e-35 1.0000000180025095e-35 10.13441848754883 2.2476330995559697 2.2976937294006352 6432.6215820312509 0.23251585662364962 45.992685317993171 17234.285156250004 1.5000000000000002 0.39492434263229376 7.3470351696014413 10.500000000000002 17350.135742187504 11.500000000000002 2.5000000000000004 12.500000000000002 4.5000000000000009 0.47780500352382665
decision_type=2 2 2 2 2 2 2 2 2 2 2 2 2 2 2 2 2 2 10 2 2 2 2 2 2 2 2 2 2 2
left_child=2 13 -1 4 11 7 -7 8 9 -5 -11 14 -13 -2 16 -16 21 -17 -4 -18 23 29 -14 24 -21 -19 28 -28 -9 -3
right_child=1 3 18 5 -6 6 -8 26 -10 10 -12 12 22 -15 15 17 19 25 -20 20 -22 -23 -24 -25 -26 -27 27 -29 -30 -31
leaf_value=-0.1992228492848771 -0.090221362473246552 -0.0042145432584168351 -0.046318624322693333 -0.09572197064479325 0.033036694633554374 -0.15116370445449362 1.2197733689383599 -0.13100252329290393 0.024259296346770261 0.70952968104117542 0.75342460718604931 0.63760686114324483 -0.0049586928889370566 -0.021807143293580512 1.3626307067483232 -0.08868430963154092 -0.10554625358181485 0.013635763607678476 -0.15741333728909948 2.2889697812615539 -0.10553863471292226 1.2665982535913451 0.33492779804539913 0.083407012549676571 0.34504346562565152 0.17080208453626469 0.0068228335061652949 0.2639279626593779 0.051226402472457341 0.23941378310865585
leaf_weight=19519 13850 3370 11908 205 10496 139 144 3721 932 160 101 142 1757 11813 151 8528 41275 12520 22340 98 1284 143 407 509 346 135 26050 4275 1959 142
leaf_count=19519 13850 3370 11908 205 10496 139 144 3721 932 160 101 142 1757 11813 151 8528 41275 12520 22340 98 1284 143 407 509 346 135 26050 4275 1959 142
internal_value=-0.00131235 -0.000794819 -0.00270467 -0.000486046 -0.000911628 0.000432095 0.0115972 0.000347618 0.00511588 0.012927 0.0238851 -0.00117336 0.00253426 -0.00222648 -0.00129817 -0.000369552 -0.00171819 -0.000490867 -0.00188297 -0.00194871 0.00134913 0.00102599 0.00145841 0.00571039 0.0111622 0.000443302 0.000162476 0.000501565 -0.00164789 0.000492026
internal_weight=198419 144652 53767 118989 81303 37686 283 37403 1398 466 261 70807 2306 25663 68501 21334 47167 21183 34248 43512 2237 3655 2164 953 444 12655 36005 30325 5680 3512
internal_count=198419 144652 53767 118989 81303 37686 283 37403 1398 466 261 70807 2306 25663 68501 21334 47167 21183 34248 43512 2237 3655 2164 953 444 12655 36005 30325 5680 3512
is_linear=0
shrinkage=0.06


Tree=55
num_leaves=31
num_cat=0
split_feature=0 1 11 0 2 11 11 19 21 11 15 2 11 11 24 21 23 24 17 10 4 19 14 7 21 17 21 23 21 16
split_gain=36.3598 21.0366 14.3871 11.8685 10.7849 7.96253 9.54963 7.07591 6.53332 10.4721 7.16749 8.90617 6.31478 9.33003 5.83457 5.43429 5.8432 5.32994 14.894 5.24964 5.22087 5.03865 4.84563 6.11583 4.60707 5.56471 5.54892 6.34037 5.02526 7.33273
threshold=3.8018385171890263 81.000000000000014 0.21158529072999957 14.13877058029175 1.5000000000000002 0.43386259675025945 0.45370142161846166 94.51816558837892 0.48632842302322393 0.2272412106394768 1.0000000180025095e-35 6.5000000000000009 0.54383811354637157 0.5467192828655244 10257.641113281252 0.39240394532680517 3.8235820531845097 8347.2670898437518 2.5000000000000004 1.5000000000000002 154.50000000000003 83.81891250610353 1.0000000180025095e-35 1.5000000000000002 0.30021543800830847 1.5000000000000002 0.32325446605682379 5.0384602546691903 0.37399552762508398 14.500000000000002
decision_type=2 2 2 2 2 2 2 8 2 2 2 2 2 2 2 2 2 2 2 2 2 8 2 2 2 2 2 2 2 2
left_child=1 -1 3 4 -2 20 7 -7 12 -10 11 -11 22 -14 -12 16 -6 18 21 -15 -3 -8 -4 -24 25 -18 27 -26 -28 -30
right_child=2 5 8 -5 15 6 17 -9 9 10 14 -13 13 19 -16 -17 24 -19 -20 -21 -22 -23 23 -25 26 -27 28 -29 29 -31
leaf_value=-0.19113500848888298 -0.082237974136687056 -0.1438288006472119 -0.033957162231399253 -0.0015657716464114564 -0.10506016340818654 1.6118163063802662 0.88638175095183436 0.50941740678568292 1.7319237810390764 0.21885083616011131 -0.091907435063264778 0.9548519718540569 0.31425968257691966 0.13931771254923792 0.090696655938997228 -0.026810529496750207 -0.15395621902811124 -0.043190863209362551 -0.11017777097296368 0.014933281376425514 -0.094278040442998451 0.59215030256257728 -0.05231106787296614 0.31916635081118883 0.43110428146413898 -0.0070785223386235696 -0.090191877394320691 0.18852536118953586 1.9338126980805934 0.0077221244359668879
leaf_weight=18226 12395 18176 15875 29060 28252 103 92 91 123 509 1449 146 173 540 4438 21615 1942 2133 406 11407 22438 180 309 325 143 5107 1428 1057 85 196
leaf_count=18226 12395 18176 15875 29060 28252 103 92 91 123 509 1449 146 173 540 4438 21615 1942 2133 406 11407 22438 180 309 325 143 5107 1428 1057 85 196
internal_value=-0.00126064 -0.00246762 -0.000714076 -0.00107761 -0.00148962 -0.00175231 0.00122795 0.0141031 0.00032912 0.002021 0.00169489 0.00764885 -6.47609e-05 0.000975246 0.00103244 -0.00115587 -0.00158597 0.00033938 0.00497345 0.000774921 -0.00197282 0.0158382 -0.000828277 0.00431546 -0.000336214 -0.00116527 0.00167274 0.0048 -0.000523114 0.00681139
internal_weight=198419 61845 136574 101280 72220 43619 3005 194 35294 6665 6542 655 28629 12120 5887 59825 38210 2811 678 11947 40614 272 16509 634 9958 7049 2909 1200 1709 281
internal_count=198419 61845 136574 101280 72220 43619 3005 194 35294 6665 6542 655 28629 12120 5887 59825 38210 2811 678 11947 40614 272 16509 634 9958 7049 2909 1200 1709 281
is_linear=0
shrinkage=0.06


Tree=56
num_leaves=31
num_cat=0
split_feature=0 3 2 21 23 16 11 21 17 16 16 11 21 14 17 24 17 19 0 21 4 23 24 20 21 23 21 27 25 5
split_gain=34.2536 17.4362 15.5429 11.3528 8.82601 13.8456 8.57267 8.13387 10.8283 18.0053 9.93283 8.02604 8.0595 7.73588 11.0051 7.24286 17.6167 8.62821 7.14745 6.04245 7.87041 5.91604 7.69395 8.8008 8.23652 6.34825 6.62039 6.13815 5.55732 6.18077
threshold=3.2498396635055546 66.500000000000014 1.5000000000000002 0.4179298877716065 28.859872817993168 11.500000000000002 0.50419721007347118 0.42381054162979132 2.5000000000000004 11.500000000000002 17.500000000000004 0.43672485649585729 0.81262066960334789 1.0000000180025095e-35 1.0000000180025095e-35 8347.2670898437518 2.5000000000000004 89.485786437988295 11.211744308471681 0.17814790457487109 265.50000000000006 2.2476330995559697 2039.013854980469 1.5000000000000002 0.28577227890491491 2.2976937294006352 0.23251585662364962 18.382207870483402 3.5000000000000004 13.500000000000002
decision_type=2 2 2 2 2 2 2 2 2 2 2 2 2 2 2 2 2 8 2 2 2 2 2 2 2 2 2 2 2 2
left_child=1 -1 18 6 7 -6 13 8 9 -5 -11 12 -3 21 -15 16 17 -13 -2 20 -16 22 23 -4 -25 -23 -27 -26 -9 -30
right_child=2 11 3 4 5 -7 -8 28 -10 10 -12 15 -14 14 19 -17 -18 -19 -20 -21 -22 25 -24 24 27 26 -28 -29 29 -31
leaf_value=-0.19378299935299156 -0.077853179566219038 -0.12854124824482902 -0.12730868536353221 -0.082454387346466568 -0.14199993588843909 1.1489140668547573 0.027247498923939958 -0.05195092286360381 0.022914327549175082 0.74977024450978913 0.29070783004341438 1.2745282522879127 0.44284285899241688 0.59944439577343511 0.10943418479753715 -0.018032011896790674 -0.10882483141525934 0.60165738096835852 -0.017359512528273519 -0.073223018107275523 0.77877815604119915 1.2829102940773076 -0.084583026199221478 0.11439086206699418 1.0857248360903851 -0.079230792290274882 0.018217132260893217 1.4034922395901375 0.012828316659203871 0.33037576656672557
leaf_weight=13886 15103 37242 558 205 139 144 10496 9461 932 166 95 98 126 142 836 1910 326 179 10560 1220 108 151 45852 471 199 8528 12655 87 23482 3062
leaf_count=13886 15103 37242 558 205 139 144 10496 9461 932 166 95 98 126 142 836 1910 326 179 10560 1220 108 151 45852 471 199 8528 12655 87 23482 3062
internal_value=-0.00122526 -0.00251831 -0.00074463 -0.000455791 0.00040503 0.0109611 -0.000854804 0.00032516 0.00481545 0.0122833 0.0227356 -0.00188075 -0.00210148 -0.00109201 0.0023261 0.00140151 0.00713433 0.0182599 -0.00208386 0.00126432 0.00486864 -0.00120708 -0.00158208 0.00294296 0.0071572 -0.00037799 -0.000465375 0.0151888 0.000150811 0.000595839
internal_weight=198419 53767 144652 118989 37686 283 81303 37403 1398 466 261 39881 37368 70807 2306 2513 603 277 25663 2164 944 68501 47167 1315 757 21334 21183 286 36005 26544
internal_count=198419 53767 144652 118989 37686 283 81303 37403 1398 466 261 39881 37368 70807 2306 2513 603 277 25663 2164 944 68501 47167 1315 757 21334 21183 286 36005 26544
is_linear=0
shrinkage=0.06


Tree=57
num_leaves=31
num_cat=0
split_feature=0 3 11 0 2 19 11 18 23 23 24 24 16 23 0 27 25 25 19 0 1 23 4 21 24 2 21 17 20 11
split_gain=32.7281 20.6039 12.2604 10.9164 10.115 7.87109 6.28986 6.43171 5.90399 5.70192 8.11112 9.04059 6.93487 18.8067 6.45833 5.54373 5.30582 6.72768 6.48581 6.82792 5.24206 7.01383 5.00345 4.89582 7.24414 4.8237 4.98339 10.798 5.03299 4.7791
threshold=3.8018385171890263 66.500000000000014 0.21158529072999957 21.312211990356449 1.5000000000000002 26.907747268676761 0.21494740992784503 -0.19627394527196881 2.629718661308289 8.4409470558166522 14615.934570312502 15072.989746093752 11.500000000000002 16.400203704833988 15.417643547058107 24.66552829742432 3.5000000000000004 8.5000000000000018 94.19940567016603 27.322209358215336 292.50000000000006 12.102154254913332 110.50000000000001 0.293117105960846 2154.069702148438 6.5000000000000009 0.23404077440500262 5.5000000000000009 1.5000000000000002 0.50485298037529003
decision_type=2 2 2 2 2 10 2 2 2 2 2 2 2 2 2 2 2 2 10 2 2 2 2 2 2 2 2 2 2 2
left_child=1 -1 3 4 -2 8 7 -4 15 -6 -11 14 -13 -14 -12 -3 22 18 25 -20 -8 -22 -5 -19 -25 -18 -27 28 -28 -10
right_child=2 5 6 16 9 -7 20 -9 29 10 11 12 13 -15 -16 -17 17 23 19 -21 21 -23 -24 24 -26 26 27 -29 -30 -31
leaf_value=-0.17592712632499849 -0.067970967538599478 -0.075815972531887918 1.6255666415245325 0.012709494378241482 -0.065862158684109953 -0.12457560331521245 0.0001272371141961001 0.14844257908951738 0.053151865110554759 -0.017567377008875538 0.46121398927101442 -0.12491734899414188 0.082830537891842138 0.63429043112594685 1.0450356585799827 0.83371841256276091 0.040076075216382914 -0.098820301677659039 1.2098859048459387 0.33638085983206278 0.10120816761327815 0.82131202929984426 -0.17383825469137626 0.54376344000781063 -0.003482489713425465 0.040220460418873075 1.1095818425853312 2.2639636940657955 0.0078390557896794635 0.37968537357853549
leaf_weight=15895 14258 8003 90 1988 58697 34882 32354 287 2497 8368 258 677 702 117 99 140 5514 2412 95 663 2369 194 2312 364 3485 561 239 108 363 428
leaf_count=15895 14258 8003 90 1988 58697 34882 32354 287 2497 8368 258 677 702 117 99 140 5514 2412 95 663 2369 194 2312 364 3485 561 239 108 363 428
internal_value=-0.00118474 -0.00232986 -0.00066619 -0.00100178 -0.00129239 -0.00168575 0.00029682 0.0080053 -0.000291653 -0.000991441 0.000316406 0.00390826 0.00186096 0.00557509 0.0124874 -0.00112219 0.000333406 0.000906692 0.00211348 0.00737731 0.000213591 0.00282559 -0.00150698 -0.000547198 0.000780981 0.00152542 0.00485759 0.00819718 0.00506312 0.00202051
internal_weight=198419 61845 136574 101280 83176 45950 35294 377 11068 68918 10221 1853 1496 819 357 8143 18104 13804 7543 758 34917 2563 4300 6261 3849 6785 1271 710 602 2925
internal_count=198419 61845 136574 101280 83176 45950 35294 377 11068 68918 10221 1853 1496 819 357 8143 18104 13804 7543 758 34917 2563 4300 6261 3849 6785 1271 710 602 2925
is_linear=0
shrinkage=0.06


Tree=58
num_leaves=31
num_cat=0
split_feature=0 3 7 23 11 11 16 7 25 21 19 14 17 24 24 21 5 21 21 23 16 14 24 24 20 24 16 25 20 27
split_gain=30.5589 17.4251 13.6693 11.9791 9.14799 17.7287 13.6433 8.32641 12.1673 8.09758 7.86062 6.7753 10.0905 6.40058 5.8267 5.8192 5.59922 5.5648 5.23086 5.39881 11.8454 5.07374 4.764 9.56618 7.54532 4.66673 6.83133 14.6395 8.92585 4.45306
threshold=3.2498396635055546 66.500000000000014 1.0000000180025095e-35 4.7370638847351083 0.3195976614952088 0.32403683662414556 15.500000000000002 1.5000000000000002 4.5000000000000009 0.39240394532680517 39.186883926391609 1.0000000180025095e-35 1.0000000180025095e-35 17234.285156250004 17885.785156250004 0.79263004660606395 5.5000000000000009 0.3982848078012467 0.42809192836284643 28.859872817993168 11.500000000000002 1.0000000180025095e-35 6703.2258300781259 8214.5830078125018 1.0000000180025095e-35 17481.303710937504 10.500000000000002 9.5000000000000018 2.5000000000000004 6.3771440982818612
decision_type=2 2 2 2 2 2 2 2 2 2 10 2 2 2 2 2 2 2 2 2 2 2 2 2 2 2 2 2 2 2
left_child=1 -1 -2 4 9 6 7 -6 -9 11 -3 13 -13 -4 15 -12 -11 -18 21 22 -21 -5 -20 24 -24 26 27 28 -15 -25
right_child=2 10 3 18 5 -7 -8 8 -10 16 14 12 -14 25 -16 -17 17 -19 19 20 -22 -23 23 29 -26 -27 -28 -29 -30 -31
leaf_value=-0.17160039181231215 -0.060704055182956247 -0.028454521004572197 -0.085374236402861028 -0.0022277475847514517 0.23632120945268004 -0.00057506319198007843 -0.0061431058122150203 0.063495692306818674 0.80851280892759136 -0.042346130543429811 -0.13185805753558252 0.56607216675943106 0.038427794989134359 2.6127957739510923 0.50886166862571658 0.30067955988763206 1.9934171680317578 0.0245424129432424 -0.17478302044341998 -0.13564675742173093 1.0417360443756487 0.16556439418493066 3.26433856250233 0.29621964366422004 0.147066597028603 -0.047242219079231519 -0.023591023494291638 2.1551329757962994 -0.12331560511978511 0.012727311115770067
leaf_weight=13886 17260 11732 44353 20373 188 20404 318 88 183 14340 27788 154 1299 207 239 122 318 15059 391 149 159 734 146 1013 586 1312 564 103 194 4757
leaf_count=13886 17260 11732 44353 20373 188 20404 318 88 183 14340 27788 154 1299 207 239 122 318 15059 391 149 159 734 146 1013 586 1312 564 103 194 4757
internal_value=-0.00114633 -0.00236766 -0.000692367 -0.000477677 -0.000788666 0.000316981 0.00921235 0.0158301 0.0225609 -0.00108928 -0.0017303 -0.00156967 0.00246524 -0.00169512 -0.00227411 -0.002354 -0.000310329 0.000485009 0.000610851 0.00200722 0.00977922 0.000134456 0.00165994 0.00204675 0.0085082 0.00133613 0.0042809 0.00935714 0.00417456 0.00122703
internal_weight=198419 53767 144652 127392 99084 21181 777 459 271 77903 39881 48186 1453 46733 28149 27910 29717 15377 28308 7201 308 21107 6893 6502 732 2380 1068 504 401 5770
internal_count=198419 53767 144652 127392 99084 21181 777 459 271 77903 39881 48186 1453 46733 28149 27910 29717 15377 28308 7201 308 21107 6893 6502 732 2380 1068 504 401 5770
is_linear=0
shrinkage=0.06


Tree=59
num_leaves=31
num_cat=0
split_feature=0 3 11 21 15 25 2 19 11 26 23 0 24 21 0 23 0 11 17 24 24 17 5 26 17 21 21 0 23 25
split_gain=28.51 22.2745 10.0976 8.92805 11.665 11.173 10.1216 8.56939 8.18699 7.45724 7.33477 7.64041 9.98767 16.0598 8.72785 7.14077 6.38645 7.71187 10.7002 7.23555 8.0957 8.04621 16.2049 6.177 5.92025 8.52921 5.82126 5.9794 5.50815 8.00305
threshold=4.8192434310913095 52.500000000000007 0.54383811354637157 0.4718859344720841 1.0000000180025095e-35 10.500000000000002 6.5000000000000009 38.344703674316413 0.55249637365341198 24.000289916992191 4.1234867572784433 15.020546913146974 7031.1650390625009 0.057964274659752853 19.748422622680668 4.4657945632934579 26.249145507812504 1.0000000180025095e-35 1.0000000180025095e-35 9452.7729492187518 12867.219238281252 1.0000000180025095e-35 5.5000000000000009 5.9276075363159189 2.5000000000000004 0.48632842302322393 0.39492434263229376 53.801986694335945 12.229872703552248 7.5000000000000009
decision_type=2 2 2 2 2 2 2 10 2 2 2 2 2 2 2 2 2 2 2 2 2 2 2 2 2 2 2 2 2 2
left_child=1 -1 3 10 5 6 -5 -3 -4 24 11 -2 13 -13 23 -12 17 -6 -19 -18 21 22 -21 -15 -8 -26 -16 -28 -9 -30
right_child=2 7 8 4 16 -7 9 28 -10 -11 15 12 -14 14 26 -17 19 18 -20 20 -22 -23 -24 -25 25 -27 27 -29 29 -31
leaf_value=-0.16826150076891183 -0.072475369348766638 -0.027031400676567608 0.2302632234055747 0.23760434291230936 -0.053294172547857455 -0.125723688700285 0.49276114795091003 -0.10899323159768756 0.026207782366835679 0.042268410934638748 0.20465145060925236 0.95849431097788929 -0.035041984115438567 1.1111193779035173 -0.024256795701295415 -0.0076034291770491974 -0.069635462809451668 0.88436508451150198 0.02049537236273782 0.56714988683221901 0.0049665635270609524 0.20703716866465463 0.99206849809090869 0.6343969306771996 0.65709894920062784 2.9902036934561944 1.2791124877417153 0.020434232895982903 0.57912551361947284 -0.028487425624918267
leaf_weight=13982 42625 18635 255 2631 15379 890 201 43345 13292 210 326 129 15453 88 1737 20781 1169 381 2831 186 1259 1014 129 336 184 164 90 153 157 407
leaf_count=13982 42625 18635 255 2631 15379 890 201 43345 13292 210 326 129 15453 88 1737 20781 1169 381 2831 186 1259 1014 129 336 184 164 90 153 157 407
internal_value=-0.0011164 -0.0020241 -0.00054653 -0.000739632 0.00021451 0.00308411 0.00465487 -0.0015401 0.000997858 0.0107589 -0.00105054 -0.00138599 -0.000348939 0.00314331 0.0020366 -8.72711e-05 -0.000335065 -0.000791029 0.00188294 0.00192121 0.00369088 0.00695711 0.0153333 0.00984906 0.0144372 0.0191724 0.000363635 0.00906173 -0.00199763 0.00389362
internal_weight=198419 76526 121893 108346 26628 4280 3390 62544 13547 759 81718 60611 17986 2533 2404 21107 22348 18591 3212 3757 2588 1329 315 424 549 348 1980 243 43909 564
internal_count=198419 76526 121893 108346 26628 4280 3390 62544 13547 759 81718 60611 17986 2533 2404 21107 22348 18591 3212 3757 2588 1329 315 424 549 348 1980 243 43909 564
is_linear=0
shrinkage=0.06


Tree=60
num_leaves=31
num_cat=0
split_feature=0 3 7 23 14 19 11 21 3 24 21 4 23 0 5 17 11 23 16 24 11 24 25 5 11 16 5 11 21 23
split_gain=26.3909 16.3123 12.0288 10.2028 7.65308 7.17636 6.81289 8.2823 6.55901 5.35017 5.26882 4.77176 6.39057 4.62809 4.58266 4.37292 4.38166 6.55273 12.8346 4.35734 4.25697 4.21538 7.37536 6.46135 5.82289 13.5672 4.17928 4.04883 4.00927 4.27256
threshold=3.2498396635055546 66.500000000000014 1.0000000180025095e-35 4.8467845916748056 1.0000000180025095e-35 39.186883926391609 0.50419721007347118 0.39240394532680517 282.00000000000006 17885.785156250004 0.79263004660606395 255.50000000000003 24.933436393737797 11.211744308471681 5.5000000000000009 5.5000000000000009 0.67732810974121105 3.1263412237167363 15.500000000000002 11188.384277343752 0.26540583372116094 13227.383789062502 4.5000000000000009 7.5000000000000009 0.53461050987243663 14.500000000000002 5.5000000000000009 0.31268873810768133 0.30095402896404272 28.859872817993168
decision_type=2 2 2 2 2 10 2 2 2 2 2 2 2 2 2 2 2 2 2 2 2 2 2 2 2 2 2 2 2 2
left_child=1 -1 13 4 6 20 7 -4 -6 10 -7 14 19 -2 27 16 17 21 -19 -13 -3 -8 23 -23 25 -24 -9 -5 -16 -30
right_child=2 5 3 11 8 9 15 26 -10 -11 -12 12 -14 -15 28 -17 -18 18 -20 -21 -22 22 24 -25 -26 -27 -28 -29 29 -31
leaf_value=-0.15338403814138421 -0.079434926497322519 -0.067779581333703709 -0.064616380933988374 0.016458520720126268 0.051933096828470353 -0.11754453942782615 0.01670209096334831 -0.033030211445254996 0.55884669287090194 0.48486956240403484 0.28917838019023528 -0.022049410355660649 1.1586743331548226 -0.020058445704387796 -0.087757920180223381 -0.073042111872648835 -0.01624011543505427 1.817041987515386 -0.16950106730712047 0.26077785120336949 0.088125126747839622 0.24182498184462928 -0.22365622447483421 0.44636859023906666 -0.0031410389005344813 0.51447170935870645 0.028847521990978536 0.077443663052437411 0.020165075878259563 0.52011163516019854
leaf_weight=13886 10208 9520 52538 11185 2790 27788 3566 15530 315 239 122 1575 103 7052 5500 1652 4605 129 115 1956 2212 270 133 165 1040 167 16578 2407 4960 113
leaf_count=13886 10208 9520 52538 11185 2790 27788 3566 15530 315 239 122 1575 103 7052 5500 1652 4605 129 115 1956 2212 270 133 165 1040 167 16578 2407 4960 113
internal_value=-0.00109765 -0.00223263 -0.000675775 -0.00047438 -0.000758067 -0.00161596 -0.000852418 -0.001041 0.00217391 -0.00213557 -0.00221211 0.000541961 0.00256907 -0.00216223 0.000237118 0.000495523 0.000959763 0.00208952 0.0117049 0.00213934 -0.000369248 0.00165025 0.00403944 0.0108276 0.00183582 0.0092 -0.0002818 0.000965861 -0.000699708 0.000516853
internal_weight=198419 53767 144652 127392 99593 39881 96488 84646 3105 28149 27910 27799 3634 17260 24165 11842 10190 5585 244 3531 11732 5341 1775 435 1340 300 32108 13592 10573 5073
internal_count=198419 53767 144652 127392 99593 39881 96488 84646 3105 28149 27910 27799 3634 17260 24165 11842 10190 5585 244 3531 11732 5341 1775 435 1340 300 32108 13592 10573 5073
is_linear=0
shrinkage=0.06


Tree=61
num_leaves=31
num_cat=0
split_feature=0 3 7 11 11 11 19 23 0 24 21 21 11 11 3 21 21 20 24 23 0 24 25 6 24 21 20 25 17 23
split_gain=25.2922 18.6343 8.93888 8.29894 10.576 8.21065 7.46901 6.65719 6.50662 6.6372 6.48304 5.76453 5.36681 5.91973 4.92477 5.31011 6.68865 5.45376 7.6413 4.6571 5.04191 5.19241 5.24182 5.08987 4.5957 4.57456 4.90946 4.24475 6.23815 4.23022
threshold=3.8018385171890263 52.500000000000007 1.0000000180025095e-35 0.43672485649585729 0.45370142161846166 0.21158529072999957 94.51816558837892 3.8235820531845097 32.498483657836921 17452.613281250004 0.20445406436920169 0.10603866726160051 0.21494740992784503 0.21373439580202105 112.50000000000001 0.28355067968368536 0.3982848078012467 1.5000000000000002 17749.068359375004 12.102154254913332 96.72674942016603 11029.454589843752 8.5000000000000018 19.650000572204593 1429.7474365234377 0.39240394532680517 1.0000000180025095e-35 2.5000000000000004 4.5000000000000009 3.398565530776978
decision_type=2 2 2 2 2 2 8 2 2 2 2 2 2 2 2 2 2 2 2 2 2 2 2 2 2 2 2 2 2 2
left_child=1 -1 -2 10 6 7 -5 8 25 -10 24 -9 13 -7 -12 17 -17 18 -16 -14 21 22 23 -21 -3 -4 -27 28 -19 -6
right_child=2 3 5 4 29 12 -8 11 9 -11 14 -13 19 -15 15 16 -18 27 -20 20 -22 -23 -24 -25 -26 26 -28 -29 -30 -31
leaf_value=-0.16064779157542508 -0.047872531263170676 1.1812143294075719 -0.076947419433492953 1.6505686686998555 -0.015876842016983306 0.045202226624869675 0.5743247843760001 -0.1116477793452708 0.010223522929330691 3.0617384531771812 -0.09120419399634476 0.020763680616182442 0.003986126900888072 1.5146303657326432 0.1423669343542896 -0.11130065420937318 -0.013018970942170537 0.60734165386796646 0.5169148302786658 0.23791075694822819 2.1493349881410002 -0.0092502293491870096 0.0053762450800322048 0.6556768493027425 -0.15472540225230785 -0.1087702821391521 -0.0050385720977444487 -0.11395187092602178 -0.2509721791823723 0.23064189502417154
leaf_weight=11373 16311 128 36310 94 2528 221 84 2003 8216 206 10209 20210 28080 108 2598 7338 8845 302 101 432 105 1282 446 175 15143 4502 17967 2383 152 567
leaf_count=11373 16311 128 36310 94 2528 221 84 2003 8216 206 10209 20210 28080 108 2598 7338 8845 302 101 432 105 1282 446 175 15143 4502 17967 2383 152 567
internal_value=-0.00105834 -0.002065 -0.000602488 -0.00157061 0.00135105 -0.000423723 0.015573 -0.000714923 -0.00101258 0.000547137 -0.00177322 0.000185566 0.000420304 0.00804255 -0.0012869 -0.000776004 -0.00132472 0.000828033 0.0027588 0.000338137 0.00285246 0.00227409 0.00539601 0.00902471 -0.00279 -0.00123606 -0.000563177 -0.00100881 0.00430837 0.000533117
internal_weight=198419 61845 136574 50472 3273 120263 178 89414 67201 8422 47199 22213 30849 329 31928 21719 16183 5536 2699 30520 2440 2335 1053 607 15271 58779 22469 2837 454 3095
internal_count=198419 61845 136574 50472 3273 120263 178 89414 67201 8422 47199 22213 30849 329 31928 21719 16183 5536 2699 30520 2440 2335 1053 607 15271 58779 22469 2837 454 3095
is_linear=0
shrinkage=0.06


Tree=62
num_leaves=31
num_cat=0
split_feature=0 3 2 11 21 21 21 17 16 0 23 0 0 1 23 21 2 24 21 21 6 20 25 17 24 21 0 24 24 0
split_gain=23.8759 15.535 9.38881 8.27409 7.32605 6.95226 7.11684 10.3362 16.6386 10.5751 6.98523 5.88849 5.80854 4.67765 6.51262 4.57362 6.41916 7.65834 5.29114 5.07433 4.56488 4.14928 4.06689 5.52612 6.74494 7.55968 4.88847 8.09236 14.9388 10.9037
threshold=3.2498396635055546 52.500000000000007 1.5000000000000002 0.20880529284477237 0.79263004660606395 0.4179298877716065 0.42381054162979132 2.5000000000000004 11.500000000000002 8.1051063537597674 8.023776054382326 39.752513885498054 10.024745941162111 81.000000000000014 6.8165552616119394 0.48932217061519628 6.5000000000000009 12883.406738281252 0.4718859344720841 0.70080316066741954 11.84999990463257 3.5000000000000004 2.5000000000000004 4.5000000000000009 7534.7277832031259 0.47451655566692358 26.249145507812504 10965.451660156252 12847.137695312502 31.149155616760257
decision_type=2 2 2 2 2 2 2 2 2 2 2 2 2 2 2 2 2 2 2 2 2 2 2 2 2 2 2 2 2 2
left_child=1 -1 12 4 20 11 7 8 -7 -10 22 -4 13 -2 -15 16 -12 18 -18 21 -3 -17 23 24 25 -8 -24 -28 -29 -30
right_child=2 3 5 -5 -6 6 10 -9 9 -11 15 -13 -14 14 -16 19 17 -19 -20 -21 -22 -23 26 -25 -26 -27 27 28 29 -31
leaf_value=-0.1572646079992884 -0.071084114418224653 -0.11650918839794951 -0.037317030832014562 0.022685781015226471 0.27166571319907423 -0.053671665106218264 1.9940438905574003 0.017296604167886611 0.77972780422896604 0.31126005978881466 0.17731971155867174 0.038400560358205098 -0.01349553493009774 -0.020326282197018698 0.18362494242345562 -0.054982075595047676 -0.051247249621901199 0.6289491192532034 0.70433299871148225 0.39704667490913848 -0.086925974176392987 0.34327212650650968 -0.010010894344429427 0.041486536938807765 -0.15585269832374923 -0.026478787431179904 -0.02299011604969671 0.76672120494696971 1.2704113905443979 -0.072981637323172324
leaf_weight=9939 12161 15006 73812 5333 233 205 104 932 131 130 1112 7491 11944 1367 191 1543 168 107 122 427 23256 137 23047 1959 2700 917 2034 717 184 1010
leaf_count=9939 12161 15006 73812 5333 233 205 104 932 131 130 1112 7491 11944 1367 191 1543 168 107 122 427 23256 137 23047 1959 2700 917 2034 717 184 1010
internal_value=-0.0010281 -0.00210765 -0.00062683 -0.00162198 -0.00192882 -0.000402341 0.000271293 0.0044721 0.0117682 0.0218161 0.000109456 -0.000714588 -0.00166769 -0.00250995 0.000585364 0.00261172 0.0051332 0.0116826 0.00662069 0.000805884 -0.00199342 -0.000678573 -0.000167484 -0.00162676 -0.00298468 0.00116944 0.000139595 0.00209125 0.00489482 0.000783918
internal_weight=198419 53767 144652 43828 38495 118989 37686 1398 466 261 36288 81303 25663 13719 1558 3616 1509 397 290 2107 38262 1680 32672 5680 3721 1021 26992 3945 1911 1194
internal_count=198419 53767 144652 43828 38495 118989 37686 1398 466 261 36288 81303 25663 13719 1558 3616 1509 397 290 2107 38262 1680 32672 5680 3721 1021 26992 3945 1911 1194
is_linear=0
shrinkage=0.06


Tree=63
num_leaves=31
num_cat=0
split_feature=0 3 7 23 21 11 11 0 21 11 11 16 15 17 14 21 17 0 3 25 21 21 21 0 24 0 25 0 0 5
split_gain=22.8577 14.4464 9.63176 8.64615 7.35851 7.45332 7.05641 6.66571 6.07682 5.56725 14.0112 7.30376 10.065 8.44299 5.52813 5.267 6.01207 7.71689 5.77338 5.11503 4.759 5.69338 7.41697 6.87593 4.74331 7.13133 4.94088 4.85982 4.86869 4.93175
threshold=2.9036418199539189 52.500000000000007 1.0000000180025095e-35 2.0322954654693608 0.81262066960334789 0.43386259675025945 0.45370142161846166 27.322209358215336 0.23251585662364962 0.3195976614952088 0.32403683662414556 11.500000000000002 1.0000000180025095e-35 5.5000000000000009 1.0000000180025095e-35 0.14853189885616305 1.5000000000000002 10.989459514617922 155.00000000000003 11.500000000000002 0.39240394532680517 0.29584926366806036 0.25447905063629156 5.6073594093322763 15592.574218750002 91.426315307617202 7.5000000000000009 18.96811676025391 15.020546913146974 10.500000000000002
decision_type=2 2 2 2 2 2 2 2 2 2 2 2 2 2 2 2 2 2 2 2 2 2 2 2 2 2 2 2 2 2
left_child=1 -1 -2 7 5 -3 -7 9 14 20 11 12 -11 -13 24 16 17 -12 -19 -10 21 22 -4 -24 25 -5 27 28 29 -26
right_child=2 4 3 8 -6 6 -8 -9 19 10 15 13 -14 -15 -16 -17 -18 18 -20 -21 -22 -23 23 -25 26 -27 -28 -29 -30 -31
leaf_value=-0.1571913508378211 -0.048503553793565468 -0.091222185090012356 -0.080424111961721154 -0.069425350473225983 0.50698542897616694 1.3332626812389474 0.031930119391231526 0.023733373500422036 0.028719821318300462 0.17461456107618595 0.33784869552026986 -0.051977906516468352 0.82742240113472809 0.095858250918843646 0.14194905442637001 -0.026937365043632391 0.0066990779512168096 0.45100047418446648 0.34224297303279605 0.16338786314358794 -0.02950915307339121 -0.10869947582349979 0.17435422008018742 -0.02893384050001931 0.40353352413257565 2.0099984702241787 -0.035951422253935224 -0.050919497994934698 0.98416539039687179 1.3051313541421707
leaf_weight=9037 17852 37004 23118 9019 123 162 2293 11594 26494 230 431 280 102 87 900 14082 1378 97 80 142 24127 11386 2155 3749 383 107 1468 273 152 114
leaf_count=9037 17852 37004 23118 9019 123 162 2293 11594 26494 230 431 280 102 87 900 14082 1378 97 80 142 24127 11386 2155 3749 383 107 1468 273 152 114
internal_value=-0.000992114 -0.0021225 -0.000625235 -0.000448269 -0.00162832 -0.00167399 0.00152749 -0.000763177 0.000300828 -0.000955107 1.89644e-05 0.00833476 0.0147831 0.00250136 -0.000795427 -0.000342795 0.00254985 0.00751974 0.0180678 0.000811832 -0.00120818 -0.00160632 -0.00116022 0.000737803 -0.00114936 -0.00177252 0.00123012 0.00467245 0.00749769 0.00462374
internal_weight=198419 48619 149800 131948 39582 39459 2455 92896 39052 81302 16767 699 332 367 12416 16068 1986 608 177 26636 64535 40408 29022 5904 11516 9126 2390 922 649 497
internal_count=198419 48619 149800 131948 39582 39459 2455 92896 39052 81302 16767 699 332 367 12416 16068 1986 608 177 26636 64535 40408 29022 5904 11516 9126 2390 922 649 497
is_linear=0
shrinkage=0.06


Tree=64
num_leaves=31
num_cat=0
split_feature=0 3 21 14 11 23 24 21 20 11 7 25 2 21 15 25 2 17 26 0 26 24 23 0 25 20 24 25 5 20
split_gain=20.9521 20.6948 8.05277 8.02675 7.43277 7.29385 6.77668 6.6925 7.20663 6.63449 6.00283 5.99741 5.47652 5.01452 12.1859 11.4039 8.73812 7.82235 7.74705 10.8021 9.95034 7.10721 6.11537 6.63275 5.9753 11.8757 4.97639 8.69939 14.3071 6.42157
threshold=5.0838799476623544 46.000000000000007 0.81262066960334789 1.0000000180025095e-35 0.54383811354637157 2.629718661308289 17932.731445312504 0.17814790457487109 3.5000000000000004 0.55249637365341198 3.5000000000000004 3.5000000000000004 3.5000000000000004 0.47451655566692358 1.0000000180025095e-35 10.500000000000002 5.5000000000000009 2.5000000000000004 24.000289916992191 14.796993255615236 10.045489311218263 6432.6215820312509 2.2476330995559697 96.72674942016603 4.5000000000000009 3.5000000000000004 6135.1196289062509 1.5000000000000002 5.5000000000000009 1.0000000180025095e-35
decision_type=2 2 2 2 2 2 2 2 2 2 2 2 2 2 2 2 2 2 2 2 2 2 2 2 2 2 2 2 2 2
left_child=1 -1 3 5 13 6 12 -7 -9 -6 -5 -4 -3 21 15 16 -15 -18 19 20 -19 26 23 -23 -25 -26 -2 28 -28 -29
right_child=4 2 11 10 9 7 -8 8 -10 -11 -12 -13 -14 14 -16 -17 17 18 -20 -21 -22 22 -24 24 25 -27 27 29 -30 -31
leaf_value=-0.13864854294162285 -0.0044433094610807624 -0.091590163318888154 0.62933881770222666 0.024470478636629461 0.21630122133292515 -0.097238780551072143 0.73717355767066628 0.0044276140125238577 0.37500094250308963 0.021684639880325759 0.38773432510105238 0.012597510076223265 -0.073271990568372483 0.21132149855769106 -0.017943228478226898 -0.11353130209808375 0.4364870886949957 1.5595842386929568 0.21366821781049555 0.3245155402661149 2.8521448593848602 -0.055550086832643814 -0.0078622787097508938 2.6765021049172919 -0.10705346328983806 0.42522502223183845 1.0179702579029086 1.2466160343920103 1.8005440484919797 -0.018745509662149887
leaf_weight=12090 3117 21641 104 292 255 3430 99 7239 1325 13033 166 132 33685 1931 21606 861 367 133 126 153 94 48977 25138 124 336 95 104 599 80 1087
leaf_count=12090 3117 21641 104 292 255 3430 99 7239 1325 13033 166 132 33685 1931 21606 861 367 133 126 153 94 48977 25138 124 336 95 104 599 80 1087
internal_value=-0.000958851 -0.00170739 -0.00130134 -0.00133981 -0.000451006 -0.00139358 -0.0016839 -5.20274e-05 0.000844931 0.000885911 0.00657642 0.00976271 -0.00171196 -0.000620313 0.0001161 0.00331514 0.00516976 0.0101512 0.0149881 0.0192632 0.0275683 -0.000853938 -0.0010004 -0.00138723 0.00513513 0.00179582 0.00133908 0.00378609 0.0161739 0.00243416
internal_weight=198419 80203 68113 67877 118216 67419 55425 11994 8564 13288 458 236 55326 104928 25271 3665 2804 873 506 380 227 79657 74670 49532 555 431 4987 1870 184 1686
internal_count=198419 80203 68113 67877 118216 67419 55425 11994 8564 13288 458 236 55326 104928 25271 3665 2804 873 506 380 227 79657 74670 49532 555 431 4987 1870 184 1686
is_linear=0
shrinkage=0.06


Tree=65
num_leaves=31
num_cat=0
split_feature=0 3 11 2 21 21 21 20 14 16 7 10 23 0 25 25 21 25 21 0 0 0 0 17 0 16 3 3 11 27
split_gain=20.1411 11.8047 9.49889 8.9575 7.50264 6.74856 9.36565 13.4572 7.3276 7.11326 6.6264 5.68615 5.64549 5.64301 5.94357 10.6087 10.3844 6.72433 6.50904 7.76211 7.29608 6.72956 6.33368 11.3291 5.36133 5.25698 6.80625 5.068 4.96354 4.79745
threshold=2.4514626264572148 52.500000000000007 0.50419721007347118 1.5000000000000002 0.79263004660606395 0.18244930356740954 0.1898603290319443 1.0000000180025095e-35 1.0000000180025095e-35 12.500000000000002 1.5000000000000002 1.5000000000000002 4.1234867572784433 29.780868530273441 3.5000000000000004 8.5000000000000018 0.71621471643447887 5.5000000000000009 0.36101733148097997 39.752513885498054 86.781265258789077 65.666522979736342 91.426315307617202 4.5000000000000009 10.519749164581301 12.500000000000002 146.00000000000003 34.000000000000007 0.20880529284477237 2.7956354618072514
decision_type=2 2 2 2 2 2 2 2 2 2 2 2 2 2 2 2 2 2 2 2 2 2 2 2 2 2 2 2 2 2
left_child=1 -1 3 24 28 8 7 9 -5 -7 -10 -4 13 -8 -15 17 -17 22 20 -20 21 25 -16 -24 -2 26 -19 -26 -3 -30
right_child=2 4 11 5 -6 6 12 -9 10 -11 -12 -13 -14 14 15 16 -18 18 19 -21 -22 -23 23 -25 27 -27 -28 -29 29 -31
leaf_value=-0.15271430495136207 -0.061214309614969938 -0.095805533695893133 0.11896124253124529 -0.078132413886385504 0.29305345701514557 1.324891936448729 -0.038382217939234457 0.079496755845991265 -0.13980090821234858 3.6119079144452035 0.29631440030850364 0.012789325522017803 0.026864570051168282 -0.053537321520412476 0.0095166124562275477 -0.065834011882131449 0.79008773223289119 1.5179454299834836 0.73048524679468341 0.01501408106667532 -0.11188287412264039 1.7910117589083689 -0.30777638909471161 2.6661722357986144 0.014668688253194671 0.21059157287905605 3.1921717831498162 -0.04742377554033534 0.89076231708715958 -0.00038682208426375086
leaf_weight=7911 15040 30219 862 22937 164 83 61724 1133 387 87 730 17871 18567 2526 1321 2372 91 80 175 558 102 80 83 134 3978 168 80 5233 128 3595
leaf_count=7911 15040 30219 862 22937 164 83 61724 1133 387 87 730 17871 18567 2526 1321 2372 91 80 175 558 102 80 83 134 3978 168 80 5233 128 3595
internal_value=-0.000925286 -0.00209158 -0.000611963 -0.000784448 -0.00160723 -0.000560653 -0.000320533 0.00472909 -0.00145273 0.0204706 0.00329275 0.000655633 -0.00039525 -0.000643568 0.000880307 0.00203204 -0.000835568 0.00457174 0.00785358 0.00423192 0.0130588 0.0166471 0.00191937 0.0114194 -0.0018311 0.0128415 0.020625 -0.000691132 -0.00166908 0.000398065
internal_weight=198419 42017 156402 137669 34106 113418 89364 1303 24054 170 1117 18733 88061 69494 7770 5244 2463 2781 1243 733 510 408 1538 217 24251 328 160 9211 33942 3723
internal_count=198419 42017 156402 137669 34106 113418 89364 1303 24054 170 1117 18733 88061 69494 7770 5244 2463 2781 1243 733 510 408 1538 217 24251 328 160 9211 33942 3723
is_linear=0
shrinkage=0.06


Tree=66
num_leaves=31
num_cat=0
split_feature=0 3 7 23 21 17 0 21 16 21 11 11 11 16 21 25 25 23 21 24 0 16 24 21 20 17 20 21 6 0
split_gain=18.3553 10.5728 8.73234 7.81932 6.59586 6.02569 6.83561 6.29718 6.15304 5.65805 4.94594 4.90019 13.2094 7.72555 6.41068 5.94104 8.66017 21.0308 24.6031 8.12064 9.99723 8.07194 19.7141 7.19213 7.12908 6.34219 6.20953 5.88567 5.92388 5.41061
threshold=2.4514626264572148 52.500000000000007 1.0000000180025095e-35 1.8355448246002199 0.79263004660606395 2.5000000000000004 37.445917129516609 0.71621471643447887 10.500000000000002 0.17814790457487109 0.47201801836490637 0.32278057932853704 0.32403683662414556 11.500000000000002 0.10603866726160051 4.5000000000000009 3.5000000000000004 1.0000000180025095e-35 0.40887330472469335 7077.2265625000009 8.2435984611511248 11.500000000000002 6135.1196289062509 0.59814637899398815 3.5000000000000004 1.5000000000000002 3.5000000000000004 0.16196545958518985 19.650000572204593 9.6231088638305682
decision_type=2 2 2 2 2 2 2 2 2 2 2 2 2 2 2 2 2 2 2 2 2 2 2 2 2 2 2 2 2 2
left_child=1 -1 -2 5 -3 6 11 -8 -9 -5 -11 14 13 -13 -4 16 19 24 -19 20 -16 29 -23 -17 -18 -26 -20 28 -14 -22
right_child=2 4 3 9 -6 -7 7 8 -10 10 -12 12 27 -15 15 23 17 18 26 -21 21 22 -24 -25 25 -27 -28 -29 -30 -31
leaf_value=-0.14355144665428032 -0.043654367240217727 -0.076564111577030358 -0.19965288109798265 -0.032827255746631687 0.27547024959423694 -0.047421339151561978 0.068232947150347473 0.73773659029365346 0.17167327767860213 0.014525252588889429 0.10501169621215149 0.71026680864061253 0.11196531452077897 0.031135587726059726 -0.048542232678907317 -0.078623175949300739 -0.008362320233563536 3.4124505612439888 0.75286624326947182 -0.053162370420562488 0.38557681399068988 0.12672345621585868 2.9876449695781329 0.08000222627548581 1.7580527585346069 0.029780538254064268 -0.096717252587326427 -0.0085868174806321054 0.37307958109577033 -0.039434550413703584
leaf_weight=7911 18539 33942 1802 9732 164 56873 3398 82 81 27430 3658 134 690 104 680 13869 2132 95 385 7622 85 198 156 2021 104 145 118 5794 275 200
leaf_count=7911 18539 33942 1802 9732 164 56873 3398 82 81 27430 3658 134 690 104 680 13869 2132 95 385 7622 85 198 156 2021 104 145 118 5794 275 200
internal_value=-0.00088537 -0.00199876 -0.00058626 -0.000421855 -0.00154038 -0.000714922 -0.000152354 0.0023572 0.0138773 0.000274864 0.000670096 -0.000396461 0.00103158 0.0149244 -0.000733893 -0.000509171 0.000503354 0.00330513 0.0133645 -0.000430155 0.0039166 0.00930516 0.0153559 -0.00126872 0.000778663 0.0103855 0.00807555 0.000542386 0.00488083 0.00178947
internal_weight=198419 42017 156402 137863 34106 97043 40170 3561 163 40820 31088 36609 6997 238 29612 27810 11920 2979 598 8941 1319 639 354 15890 2381 249 503 6759 965 285
internal_count=198419 42017 156402 137863 34106 97043 40170 3561 163 40820 31088 36609 6997 238 29612 27810 11920 2979 598 8941 1319 639 354 15890 2381 249 503 6759 965 285
is_linear=0
shrinkage=0.06


Tree=67
num_leaves=31
num_cat=0
split_feature=0 6 11 2 21 21 17 24 0 17 25 20 6 10 20 0 24 4 16 23 23 0 17 24 26 0 0 0 17 19
split_gain=17.3761 10.5137 9.32644 7.65905 6.3317 6.88382 7.49609 10.1873 9.73312 11.7657 7.54293 11.7903 8.04678 5.38644 5.53556 6.21388 5.36675 4.99282 5.53876 4.83396 4.79673 5.57627 7.82398 4.74467 4.54126 4.52088 4.8238 9.91828 10.1418 6.68351
threshold=2.0976994037628178 8.1500000953674334 0.20570998638868335 1.5000000000000002 0.2516866028308869 0.26463150978088384 1.5000000000000002 8347.2670898437518 72.193359375000014 4.5000000000000009 3.5000000000000004 2.5000000000000004 15.550000190734865 1.5000000000000002 1.0000000180025095e-35 2.6447273492813115 17749.068359375004 103.00000000000001 11.500000000000002 6.8165552616119394 14.729770660400392 14.579007625579836 5.5000000000000009 6609.9169921875009 14.83086681365967 8.5737476348876971 20.731276512146 15.020546913146974 2.5000000000000004 88.441215515136733
decision_type=2 2 2 2 2 2 2 2 2 2 2 2 2 2 2 2 2 2 2 2 2 2 2 2 2 2 2 2 2 10
left_child=1 -1 3 -2 16 6 -6 -8 9 10 12 -12 -9 19 15 24 23 -13 -19 -4 -17 -22 -23 25 -15 -5 27 29 -29 -27
right_child=2 -3 13 4 5 -7 7 8 -10 -11 11 17 -14 14 -16 20 -18 18 -20 -21 21 22 -24 -25 -26 26 -28 28 -30 -31
leaf_value=-0.11743844759574287 -0.041363882538544422 -0.068288953040206435 0.037251652674124919 -0.058280611648955927 -0.17614300582763276 -0.020895556756685037 -0.09425917984238856 1.3537399738657545 2.9294720399044722 0.0029539055818798773 -0.10771017794540602 0.15216198470236467 1.8631515726716215 0.88109406424615344 -0.010785304946728655 0.022305112087917578 0.28252932755141857 1.3468835064303899 0.42595484209003281 0.17895472132967727 -0.02772509254153142 2.1653853956764961 0.34325380138634881 -0.071959139552478624 0.05963853633201481 0.023186369397599119 -0.023478583741958318 2.3378523655928807 0.98449211496667943 2.7936897135482961
leaf_weight=13366 21405 23513 1454 2199 437 62006 847 125 85 913 339 119 95 131 27962 8783 463 139 161 310 281 109 272 31126 143 591 767 103 92 83
leaf_count=13366 21405 23513 1454 2199 437 62006 847 125 85 913 339 119 95 131 27962 8783 463 139 161 310 281 109 272 31126 143 591 767 103 92 83
internal_value=-0.000855131 -0.00203026 -0.000586853 -0.000845982 -0.000626876 -0.000276347 0.00241104 0.00354304 0.00590283 0.00501005 0.00958282 0.00674406 0.0193636 0.000215235 6.35319e-05 0.00129705 -0.0012727 0.0134749 0.0176 0.00345578 0.00103864 0.00596374 0.0106929 -0.00135769 0.0102044 0.000633636 0.003022 0.00608285 0.018 0.00263501
internal_weight=198419 36879 161540 122095 100690 65266 3260 2823 1976 1891 978 758 220 39445 37681 9719 35424 419 300 1764 9445 662 381 34961 274 3835 1636 869 195 674
internal_count=198419 36879 161540 122095 100690 65266 3260 2823 1976 1891 978 758 220 39445 37681 9719 35424 419 300 1764 9445 662 381 34961 274 3835 1636 869 195 674
is_linear=0
shrinkage=0.06


Tree=68
num_leaves=31
num_cat=0
split_feature=0 3 21 19 23 11 25 24 21 0 27 20 23 23 16 17 20 16 25 25 16 24 21 25 21 25 20 27 0 25
split_gain=16.1654 18.1405 8.19255 7.22468 7.02527 5.20846 5.20582 4.89559 4.9563 4.66924 4.46676 4.83871 9.30523 4.25275 6.67105 5.63499 9.32718 9.08921 7.39027 5.40527 6.25165 6.17558 5.09544 5.05778 6.12961 5.00277 4.65367 4.43527 4.15332 4.12703
threshold=4.5494661331176767 39.000000000000007 0.81262066960334789 28.187292098999027 2.629718661308289 0.21158529072999957 4.5000000000000009 1287.2454223632815 0.18379971385002139 14.13877058029175 22.594213485717777 3.5000000000000004 5.981715440750123 10.295216560363771 10.500000000000002 5.5000000000000009 3.5000000000000004 16.500000000000004 8.5000000000000018 9.5000000000000018 21.500000000000004 9509.2387695312518 0.34812484681606298 6.5000000000000009 0.41277636587619787 10.500000000000002 1.5000000000000002 15.505638599395754 0.080422416329383864 11.500000000000002
decision_type=2 2 2 10 2 2 2 2 2 2 2 2 2 2 2 2 2 2 2 2 2 2 2 2 2 2 2 2 2 2
left_child=1 -1 3 4 28 9 -4 29 -9 13 11 -6 -13 -2 -15 16 23 -18 -19 20 21 -17 -23 24 26 -25 -16 -24 -3 -5
right_child=5 2 6 7 10 -7 -8 8 -10 -11 -12 12 -14 14 15 19 17 18 -20 -21 -22 22 27 25 -26 -27 -28 -29 -30 -31
leaf_value=-0.13700231273469812 -0.043582280321431507 0.54962080092184362 0.56517985986487429 0.047870491129120271 0.07365654263339258 0.0076300739886535273 -0.12891944551057855 -0.11813085460101358 -0.052366343510035038 -0.00097832544339636861 -0.15200946492975873 1.8844688405802397 0.12486170328160179 -0.051789995869215968 1.5979527836048115 1.6612206424447422 0.01606584206763105 1.4285559048468151 4.6116779844157625 -0.12327975544778803 -0.13627824718801942 0.16794861429694502 1.2748786099241463 -0.074288900186073911 -0.11815763264747929 0.14467258793430507 0.28851018860720729 0.74604801904416007 -0.042095094067945545 1.2523796587870659
leaf_weight=8387 56167 85 138 388 3051 33437 82 14461 34380 29060 390 182 320 3019 109 91 278 98 111 116 121 198 114 2073 176 225 100 81 10861 120
leaf_count=8387 56167 85 138 388 3051 33437 82 14461 34380 29060 390 182 320 3019 109 91 278 98 111 116 121 198 114 2073 176 225 100 81 10861 120
internal_value=-0.000825497 -0.00153655 -0.00119501 -0.0012346 -7.6165e-05 -0.000413017 0.0103636 -0.00158411 -0.00164505 -0.000645801 0.00209536 0.00276442 0.00822311 -0.000935715 0.000468884 0.00211102 0.00102208 0.00866119 0.0181148 0.00689875 0.00917355 0.0122231 0.00896183 -0.000364519 0.006 -0.00143081 0.0129474 0.0158462 -0.000858397 0.00427559
internal_weight=198419 72845 64458 64238 14889 125574 220 49349 48841 92137 3943 3553 502 63077 6910 3891 3170 487 209 721 605 484 393 2683 385 2298 209 195 10946 508
internal_count=198419 72845 64458 64238 14889 125574 220 49349 48841 92137 3943 3553 502 63077 6910 3891 3170 487 209 721 605 484 393 2683 385 2298 209 195 10946 508
is_linear=0
shrinkage=0.06


Tree=69
num_leaves=31
num_cat=0
split_feature=0 3 11 2 21 21 17 24 0 17 25 20 6 0 10 21 24 25 0 11 16 11 25 4 11 24 24 5 0 3
split_gain=15.3042 10.1053 7.24295 6.57687 5.74238 6.50789 7.14338 8.94318 9.94255 9.83777 8.07768 9.85748 8.38369 5.33424 4.7903 4.66975 6.4351 6.75991 4.97241 11.6362 9.5335 5.12775 5.16697 4.95899 4.91921 4.60407 4.53898 4.65206 4.42074 5.73333
threshold=2.0976994037628178 52.500000000000007 1.0000000180025095e-35 1.5000000000000002 0.2516866028308869 0.26463150978088384 1.5000000000000002 8347.2670898437518 72.193359375000014 4.5000000000000009 3.5000000000000004 2.5000000000000004 15.550000190734865 12.30664110183716 1.5000000000000002 0.48632842302322393 10257.641113281252 1.5000000000000002 8.9830675125122088 0.41736809909343725 9.5000000000000018 0.2663626372814179 7.5000000000000009 106.00000000000001 0.57048034667968761 17749.068359375004 13550.238281250002 9.5000000000000018 15.417643547058107 34.000000000000007
decision_type=2 2 2 2 2 2 2 2 2 2 2 2 2 2 2 2 2 2 2 2 2 2 2 2 2 2 2 2 2 2
left_child=1 -1 3 28 25 6 -6 -8 9 10 12 -12 -9 -13 -4 -16 -17 -18 19 26 -21 -20 -23 -24 -22 -5 27 -19 -2 -30
right_child=2 -3 14 4 5 -7 7 8 -10 -11 11 13 -14 -15 15 16 17 18 21 20 24 22 23 -25 -26 -27 -28 -29 29 -31
leaf_value=-0.12929428156987824 -0.050513067117715284 -0.067479855973645614 0.064937479763250094 -0.05732943368367218 -0.16278471604234077 -0.01873633501759767 -0.08546164844124314 1.2751305122530949 2.7537624170368082 0.0057953834641203249 -0.098210991169135065 0.41537145930224301 1.75397741513061 1.3012557499401436 -0.0088771534880836573 -0.047379640466583772 -0.12826390333778298 0.077449846901875022 0.46286734742583641 0.98354026799903671 2.2726683878639338 -0.04142059165036379 -0.004002160448955237 0.5612477315198573 0.60051602388742964 0.2681211207603279 -0.00061674562247642103 1.3363729586423612 0.029041061633340352 -0.046242356599222469
leaf_weight=7041 16541 29838 1781 34961 437 61733 847 125 85 913 339 336 95 83 30903 2077 519 145 401 177 123 1375 635 760 130 463 663 88 2083 2722
leaf_count=7041 16541 29838 1781 34961 437 61733 847 125 85 913 339 336 95 83 30903 2077 519 145 401 177 123 1375 635 760 130 463 663 88 2083 2722
internal_value=-0.000798887 -0.00190173 -0.000547111 -0.00077674 -0.00057343 -0.000238458 0.00237423 0.00347928 0.00569028 0.00478794 0.00896932 0.00603166 0.0190909 0.0121862 0.000155817 1.32631e-05 0.00140166 0.00256459 0.00331287 0.00639819 0.0145116 0.0020227 0.00110469 0.00367742 0.0219842 -0.00118801 0.00250446 0.00970815 -0.00173316 -0.000131115
internal_weight=198419 36879 161540 121763 100417 64993 3260 2823 1976 1891 978 758 220 419 39777 37996 7093 5016 4497 1326 430 3171 2770 1395 253 35424 896 233 21346 4805
internal_count=198419 36879 161540 121763 100417 64993 3260 2823 1976 1891 978 758 220 419 39777 37996 7093 5016 4497 1326 430 3171 2770 1395 253 35424 896 233 21346 4805
is_linear=0
shrinkage=0.06


Tree=70
num_leaves=31
num_cat=0
split_feature=0 3 23 21 14 21 24 11 27 25 20 25 10 23 23 23 24 17 27 24 24 17 11 11 0 0 1 23 21 16
split_gain=14.7947 17.3146 6.43748 6.40647 6.2408 6.41034 7.67492 5.71308 4.84431 4.80471 4.73416 6.38021 5.10697 4.48321 7.85691 4.71016 4.39266 5.14688 4.39229 5.78109 4.61688 8.10368 4.23645 4.82814 8.41884 4.05104 4.43957 3.94218 4.3407 4.20106
threshold=4.5494661331176767 39.000000000000007 11.227767944335939 0.81262066960334789 1.0000000180025095e-35 0.20445406436920169 17932.731445312504 0.35598148405551916 17.769328117370609 3.5000000000000004 3.5000000000000004 7.5000000000000009 1.5000000000000002 1.3322262763977053 1.384432911872864 0.41839247941970831 1429.7474365234377 1.5000000000000002 5.0987403392791757 13227.383789062502 8982.4550781250018 1.0000000180025095e-35 0.51942425966262828 0.52475640177726757 14.579007625579836 104.55176544189455 132.00000000000003 3.8235820531845097 0.10603866726160051 16.500000000000004
decision_type=2 2 2 2 2 2 2 2 2 2 2 2 2 2 2 2 2 2 2 2 2 2 2 2 2 2 2 2 2 2
left_child=1 -1 3 4 5 7 13 16 -6 -5 12 -12 -4 15 -15 -7 17 -3 19 -9 21 -20 25 24 -24 27 -27 -2 29 -29
right_child=22 2 10 9 8 6 -8 18 -10 -11 11 -13 -14 14 -16 -17 -18 -19 20 -21 -22 -23 23 -25 -26 26 -28 28 -30 -31
leaf_value=-0.1227677410594291 -0.028138428567305619 -0.12661590826149682 0.17333835829636915 0.53372803133172897 0.047314772918470083 -0.046394979992503589 0.71865875841307714 0.017450077789492913 0.71952931487442195 0.0076119515208655369 1.4254904831526021 0.0072094413503511539 0.015599578068679355 3.3065454389129711 0.0050724247636609685 -0.10476199751280986 -0.11461394166833822 1.4076999966023616 0.79573942695294086 2.9155312825192583 -0.11565606586538769 0.016636766643413511 1.1424099885100516 0.012509202362782513 -0.043268711960110069 0.27260338335907885 -0.065138225735524233 -0.13217135952385028 0.010708036436180965 0.047346370346493367
leaf_weight=8387 81832 81 104 107 306 31487 86 141 91 113 96 96 1717 137 8093 2018 18186 88 120 112 868 411 148 15336 167 295 304 1632 25166 694
leaf_count=8387 81832 81 104 107 306 31487 86 141 91 113 96 96 1717 137 8093 2018 18186 88 120 112 868 411 148 15336 167 295 304 1632 25166 694
internal_value=-0.000766531 -0.00144677 -0.0011131 -0.00122076 -0.00125689 -0.00130504 -0.000882477 -0.00218834 0.00624181 0.009 0.00222653 0.0111875 0.00128171 -0.000919374 0.000335357 -0.00122758 -0.00249251 0.00713609 0.00119128 0.0084664 -0.000124376 0.00428248 -0.000371926 0.000551657 0.00790476 -0.000503427 0.00441736 -0.000530388 9.12251e-05 -0.00238865
internal_weight=198419 72845 64458 62445 62225 61828 41821 20007 397 220 2013 192 1821 41735 8230 33505 18355 169 1652 253 1399 531 125574 15651 315 109923 599 109324 27492 2326
internal_count=198419 72845 64458 62445 62225 61828 41821 20007 397 220 2013 192 1821 41735 8230 33505 18355 169 1652 253 1399 531 125574 15651 315 109923 599 109324 27492 2326
is_linear=0
shrinkage=0.06


Tree=71
num_leaves=31
num_cat=0
split_feature=0 3 11 7 14 3 21 21 26 23 26 24 20 16 17 1 23 21 16 20 6 0 24 24 20 16 15 2 24 25
split_gain=14.2765 12.056 6.90242 5.84803 6.92855 8.39495 4.86514 13.6674 13.3656 7.01422 6.96172 6.94371 5.93295 7.81898 8.15693 5.9317 5.50234 10.179 6.6944 5.47445 4.7712 4.7285 4.47014 5.10519 4.20587 11.2124 7.63214 6.13611 4.17244 4.94078
threshold=3.2498396635055546 39.000000000000007 0.20880529284477237 1.0000000180025095e-35 1.0000000180025095e-35 331.50000000000006 0.18379971385002139 0.1898603290319443 27.312409400939945 3.1263412237167363 29.227758407592777 16952.113281250004 1.0000000180025095e-35 8.5000000000000018 4.5000000000000009 216.00000000000003 3.2032675743103032 0.44827167689800268 16.500000000000004 1.0000000180025095e-35 11.84999990463257 51.080162048339851 17481.303710937504 17271.875000000004 1.5000000000000002 12.500000000000002 1.0000000180025095e-35 5.5000000000000009 15805.925292968752 9.5000000000000018
decision_type=2 2 2 2 2 2 2 2 2 2 2 2 2 2 2 2 2 2 2 2 2 2 2 2 2 2 2 2 2 2
left_child=1 -1 20 -2 6 21 11 8 19 22 -10 -5 15 14 -14 -13 17 -11 -19 -8 -3 -6 23 28 25 26 27 -25 -9 -30
right_child=3 2 -4 4 5 -7 7 9 10 16 -12 12 13 -15 -16 -17 -18 18 -20 -21 -22 -23 -24 24 -26 -27 -28 -29 29 -31
leaf_value=-0.12121328980405191 -0.032510716289325566 -0.073937696458421159 0.028265630631417692 -0.053930986878621988 0.040212054626938616 1.0800112021254846 1.4403283242963201 -0.015324254957715036 2.4963917839111893 -0.034901938714302388 0.64263274967983053 0.16823064490001891 0.017516163894423727 -0.079003238768013642 2.0167077659993082 2.2339030719911692 0.018906093446037591 1.1279917259223189 0.02465185809534658 0.047999531390737191 -0.051059228175423479 0.28498363735950549 -0.12253548476917292 2.2095776322650234 0.012275692365627656 -0.12279731131118908 -0.031615395392499142 2.5765575963249323 -0.085785183503115883 0.043076101372739206
leaf_weight=6276 17260 18442 5635 24802 3556 92 107 59949 80 278 81 415 238 1138 126 199 23605 181 89 709 23414 361 1839 135 841 222 80 81 6517 1671
leaf_count=6276 17260 18442 5635 24802 3556 92 107 59949 80 278 81 415 238 1138 126 199 23605 181 89 709 23414 361 1839 135 841 222 80 81 6517 1671
internal_value=-0.000733873 -0.00156866 -0.00124205 -0.000423584 -0.000283159 0.00217161 -0.00036292 -0.000163895 0.00689662 -0.000236136 0.0226957 -0.00107616 0.00222306 0.000191743 0.00784615 0.00719218 0.00064762 0.00659124 0.0148889 0.00377941 -0.00150746 0.00175083 -0.000535363 -0.0004581 0.00318322 0.00743629 0.0150811 0.0209444 -0.000530726 -0.00180117
internal_weight=198419 53767 47491 144652 127392 4009 123383 96465 977 95488 161 26918 2116 1502 364 614 24153 548 270 816 41856 3917 71335 69496 1359 518 296 216 68137 8188
internal_count=198419 53767 47491 144652 127392 4009 123383 96465 977 95488 161 26918 2116 1502 364 614 24153 548 270 816 41856 3917 71335 69496 1359 518 296 216 68137 8188
is_linear=0
shrinkage=0.06


Tree=72
num_leaves=31
num_cat=0
split_feature=0 2 23 2 0 10 21 24 24 16 3 24 4 0 14 6 25 25 3 24 19 18 24 21 16 23 25 16 3 5
split_gain=13.1678 9.80033 6.78501 6.8788 5.03321 4.86799 4.64748 4.77614 8.61822 19.148 4.52 4.3982 4.25616 4.76472 4.58174 5.09095 4.30849 4.961 3.90044 3.81128 3.67164 3.8244 3.58234 3.57323 5.57152 4.20997 9.85169 12.7381 5.63587 3.70519
threshold=2.0976994037628178 1.5000000000000002 1.8355448246002199 1.5000000000000002 16.753225326538089 1.5000000000000002 0.17628498375415805 6703.2258300781259 6791.8967285156259 14.500000000000002 29.000000000000004 16952.113281250004 55.000000000000007 6.2392084598541269 1.0000000180025095e-35 24.849999427795414 5.5000000000000009 10.500000000000002 306.50000000000006 1287.2454223632815 39.186883926391609 -3.4632335901260372 17885.785156250004 0.04125477001070977 14.500000000000002 11.868320941925051 6.5000000000000009 12.500000000000002 189.00000000000003 5.5000000000000009
decision_type=2 2 2 2 2 2 2 2 2 2 2 2 2 2 2 2 2 2 2 2 10 2 2 2 2 2 2 2 2 2
left_child=1 -1 3 4 -2 -4 11 -8 9 -9 -6 23 13 -5 19 -16 -17 -18 -10 -14 21 -3 -22 24 -7 -25 27 -27 -29 -28
right_child=2 20 5 12 10 6 7 8 18 -11 -12 -13 14 -15 15 16 17 -19 -20 -21 22 -23 -24 25 -26 26 29 28 -30 -31
leaf_value=-0.11126957662447409 -0.050133469667098987 0.75359017541054285 0.075371514188357885 -0.031763073255379748 0.033833587515159975 -0.14219653978023267 -0.070507614335181823 -0.16642195182239863 0.007424536223668815 2.7696655029770634 -0.034073745588052123 0.30325018740097903 0.10602322773516287 0.055812821798368724 0.032637724447554563 0.064635005594565656 0.74072366725063976 1.7918810089882988 0.20955527031447119 -0.034509943697286376 -0.071274122268417825 -0.015827483523528866 0.45922022628946291 -0.074738958770904085 0.48082572457107214 -0.13531396934687254 0.011807914652950254 1.7903773678731603 1.4825076110101612 -0.22016181850503488
leaf_weight=6872 15868 120 2126 2126 1668 119 1786 180 30505 157 2464 603 1028 3228 2244 218 104 85 2197 85034 22360 7335 192 6938 157 232 1206 163 82 1022
leaf_count=6872 15868 120 2126 2126 1668 119 1786 180 30505 157 2464 603 1028 3228 2244 218 104 85 2197 85034 22360 7335 192 6938 157 232 1206 163 82 1022
internal_value=-0.000724196 -0.00174717 -0.000490654 -0.000741513 -0.001752 0.000112104 -1.94514e-05 0.000314428 0.000477798 0.0100237 0.000113261 -0.0011245 -0.000526669 0.00111617 -0.000625817 0.00183101 0.00800491 0.0146349 0.000379425 -0.000701496 -0.0012791 -0.00012475 -0.0016607 -0.00142696 0.00530435 -0.00161962 0.000388169 0.00821384 0.0177551 -0.00128725
internal_weight=198419 36879 161540 114067 20000 47473 45347 34825 33039 337 4132 10522 94067 5354 88713 2651 407 189 32702 86062 30007 7455 22552 9919 276 9643 2705 477 245 2228
internal_count=198419 36879 161540 114067 20000 47473 45347 34825 33039 337 4132 10522 94067 5354 88713 2651 407 189 32702 86062 30007 7455 22552 9919 276 9643 2705 477 245 2228
is_linear=0
shrinkage=0.06


Tree=73
num_leaves=31
num_cat=0
split_feature=0 6 7 14 3 21 21 20 23 25 23 21 3 0 17 16 19 27 16 25 11 21 24 0 0 23 23 24 21 24
split_gain=12.3909 9.05318 6.01489 5.82216 6.97085 6.24275 7.20351 9.07803 7.4324 5.48697 5.13096 8.36747 4.87453 4.30016 4.23171 4.00998 3.88098 3.64889 7.01756 3.67816 3.495 3.55074 4.30754 3.34932 3.27366 4.51779 5.55073 5.08765 4.43836 3.50078
threshold=2.0976994037628178 8.0500001907348651 1.0000000180025095e-35 1.0000000180025095e-35 282.00000000000006 0.18244930356740954 0.1898603290319443 1.0000000180025095e-35 3.1263412237167363 11.500000000000002 3.2032675743103032 0.44827167689800268 208.50000000000003 6.3610939979553232 2.5000000000000004 12.500000000000002 74.692401885986342 11.623192310333254 9.5000000000000018 4.5000000000000009 0.44730649888515478 0.15157151222229007 16617.359375000004 65.666522979736342 37.445917129516609 0.57454329729080211 0.26935572922229772 17452.613281250004 0.71621471643447887 976.11587524414074
decision_type=2 2 2 2 2 2 2 2 2 2 2 2 2 2 2 2 8 2 2 2 2 2 2 2 2 2 2 2 2 2
left_child=1 -1 13 5 23 20 7 15 14 10 11 -10 -13 -2 24 -7 -9 18 -18 -19 -4 -22 -23 -5 29 26 27 28 -26 -8
right_child=2 -3 3 4 -6 6 8 16 9 -11 -12 12 -14 -15 -16 -17 17 19 -20 -21 21 22 -24 -25 25 -27 -28 -29 -30 -31
leaf_value=-0.086399671663604502 -0.071209995601262746 -0.048052511195881928 -0.061744035179529415 0.029094143736586135 0.51614291278481927 0.9658066033860353 0.13979057874054016 -0.07015311396031447 -0.012017170863679967 0.18120526057185676 0.015601501652140151 0.45099167820319835 1.3915268952011266 -0.015264538629951068 -0.035660569003729069 3.0896651286573782 0.56414690916038845 -0.19498078688038398 0.078670334446797163 0.53743223478759294 0.03462205556957814 -0.12075932772102857 0.24486560652925693 0.30158628582374403 0.02958390130007001 -0.079408445108338555 2.0697650382611492 3.0405564906802662 0.63453276615352139 -0.011664373105377591
leaf_weight=13168 6884 23711 24961 3557 439 87 154 583 317 154 25286 219 87 12208 46038 95 146 174 229 290 3592 1478 157 111 2053 762 139 84 129 31127
leaf_count=13168 6884 23711 24961 3557 439 87 154 583 317 154 25286 219 87 12208 46038 95 146 174 229 290 3592 1478 157 111 2053 762 139 84 129 31127
internal_value=-0.000697888 -0.00169023 -0.00047134 -0.000337303 0.00188897 -0.000403396 -0.000190454 0.0038005 -0.000250534 0.000630087 0.000562969 0.00594221 0.0130196 -0.0014714 -0.000535697 0.0164176 0.00218565 0.00479857 0.0092 0.00124138 -0.00116629 0.000244498 -0.0020734 0.0010338 -3.27464e-05 0.00180549 0.00308108 0.00236717 0.00180935 -0.000218856
internal_weight=198419 36879 161540 142448 4107 138341 108153 1604 106549 26063 25909 623 306 19092 80486 182 1422 839 375 464 30188 5227 1635 3668 34448 3167 2405 2266 2182 31281
internal_count=198419 36879 161540 142448 4107 138341 108153 1604 106549 26063 25909 623 306 19092 80486 182 1422 839 375 464 30188 5227 1635 3668 34448 3167 2405 2266 2182 31281
is_linear=0
shrinkage=0.06


Tree=74
num_leaves=31
num_cat=0
split_feature=2 0 11 21 3 23 14 24 7 24 21 16 24 24 24 0 17 1 5 24 20 21 21 23 25 16 11 2 23 0
split_gain=11.8314 11.7546 6.99167 6.30826 5.11129 4.85846 4.84799 5.18664 5.59917 5.1712 9.68171 9.45341 8.64645 8.0695 7.05294 7.24228 9.33321 6.66462 5.85722 5.83359 4.99562 4.78105 6.85775 5.11776 4.97866 9.44217 4.35533 4.44156 4.33518 4.21511
threshold=1.5000000000000002 5.452667474746705 0.21158529072999957 0.22241626679897311 42.000000000000007 8.3458485603332537 1.0000000180025095e-35 8347.2670898437518 2.5000000000000004 11817.410156250002 0.033042430877685554 14.500000000000002 6609.9169921875009 12397.694824218752 12248.351562500002 11.682975769042971 4.5000000000000009 132.00000000000003 6.5000000000000009 14462.160644531252 1.0000000180025095e-35 0.089744016528129592 0.11913262307643892 7.1194770336151132 6.5000000000000009 14.500000000000002 0.21494740992784503 7.5000000000000009 40.624979019165046 31.149155616760257
decision_type=2 2 2 2 2 2 2 2 2 2 2 2 2 2 2 2 2 2 2 2 2 2 2 2 2 2 2 2 2 2
left_child=1 4 3 6 -1 -6 9 8 -8 12 11 -11 -2 14 -12 16 18 -13 -16 -19 -15 -22 24 -24 25 -23 27 -4 29 -5
right_child=2 -3 26 28 5 -7 7 -9 -10 10 13 17 -14 20 15 -17 -18 19 -20 -21 21 22 23 -25 -26 -27 -28 -29 -30 -31
leaf_value=-0.10091214813071311 0.019912978473719298 -0.01333993401888527 0.17409241055038657 -0.024081440588485475 -0.052733887507145479 0.083020342555327045 0.11822580965733187 0.011341879786766337 0.64891311813046892 -0.05028137502575622 -0.0013586055629214607 0.55250486998095649 -0.10328198647875521 0.017608389751325889 1.6062399406500723 -0.15032797663470054 -0.054911547115872893 1.9399557709028754 1.4987291142120407 0.54292810459929031 -0.15735349632362527 0.89733212047146782 -0.10551424773129779 0.17447038784739285 -0.031781070303586435 -0.047689297008311524 0.0076932829437982948 1.2581248979055113 0.64517164897337986 0.044207479245442223
leaf_weight=8893 4500 20226 385 79840 5966 369 188 866 114 287 843 106 16789 4277 168 128 123 98 165 106 2817 228 6983 911 621 238 34483 90 147 7464
leaf_count=8893 4500 20226 385 79840 5966 369 188 866 114 287 843 106 16789 4277 168 128 123 98 165 106 2817 228 6983 911 621 238 34483 90 147 7464
internal_value=-0.000674302 -0.00166763 -0.000458198 -0.000663575 -0.00292672 -0.00162431 -0.00128208 0.0025274 0.00929801 -0.00139505 -0.00064943 0.00686432 -0.00202894 -0.000905726 0.00341836 0.0084863 0.0120263 0.014129 0.0172432 0.0204706 -0.00128958 -0.00192643 -0.00124997 -0.00186522 0.00321803 0.00790558 0.000293837 0.006 -0.000376738 -0.000394073
internal_weight=198419 35454 162965 128007 15228 6335 40556 1168 302 39388 18099 597 21289 17502 1427 584 456 310 333 204 16075 11798 8981 7894 1087 466 34958 475 87451 87304
internal_count=198419 35454 162965 128007 15228 6335 40556 1168 302 39388 18099 597 21289 17502 1427 584 456 310 333 204 16075 11798 8981 7894 1087 466 34958 475 87451 87304
is_linear=0
shrinkage=0.06


Tree=75
num_leaves=31
num_cat=0
split_feature=0 3 23 10 2 4 0 3 0 20 11 4 25 20 17 16 0 0 16 27 0 11 20 23 16 21 5 25 17 0
split_gain=11.3417 8.67498 5.70392 5.35374 5.18876 6.07334 5.25681 6.22774 4.75798 4.52942 5.80114 5.53182 4.91218 5.33413 6.07686 5.90692 13.1398 4.99533 4.97111 4.40737 4.31078 4.28431 4.11306 6.50032 5.45194 12.202 12.9124 4.65623 3.83322 5.44945
threshold=2.0976994037628178 39.000000000000007 8.4409470558166522 1.5000000000000002 1.5000000000000002 55.000000000000007 10.024745941162111 34.000000000000007 11.323418617248537 1.5000000000000002 0.61135971546173107 186.50000000000003 7.5000000000000009 3.5000000000000004 4.5000000000000009 12.500000000000002 13.249187946319582 14.349258899688722 18.500000000000004 23.377543449401859 4.2997608184814462 0.69596979022026073 1.0000000180025095e-35 10.529996871948244 11.500000000000002 0.30543017387390142 6.5000000000000009 6.5000000000000009 4.5000000000000009 16.453348159790043
decision_type=2 2 2 2 2 2 2 2 2 2 2 2 2 2 2 2 2 2 2 2 2 2 2 2 2 2 2 2 2 2
left_child=1 -1 4 20 6 8 -2 -8 -6 10 22 -12 13 19 15 17 -17 -15 -14 -11 -4 -13 28 24 25 -24 -27 -25 -5 -30
right_child=2 -3 3 9 5 -7 7 -9 -10 12 11 21 18 14 -16 16 -18 -19 -20 -21 -22 -23 23 27 -26 26 -28 -29 29 -31
leaf_value=-0.11299860454602231 -0.043753653318682154 -0.051744276666449068 0.24211101382731604 -0.060404394566945019 0.009237839159553762 -0.023406346395730093 0.022234070579549747 -0.034970350089830737 0.082468789879471496 -0.022268507064334211 0.12467682022521763 0.74739747006789725 -0.052454121478280977 -0.18381194293788577 -0.18289185586425477 1.5644285912000795 -0.0035017255474671179 0.42898521469327805 0.051242235524852291 0.6600802382067178 0.073986943060542945 0.6220672955655826 -0.064006992393620218 0.75196053692258091 0.036036573758734348 1.0978963174884067 1.1684820665882047 0.0034191751117978162 0.142370915718081 -0.080930272707654613
leaf_weight=4406 15125 32473 83 2859 4526 108562 4028 5442 2048 2614 576 92 6705 147 144 116 93 108 1119 169 909 136 169 158 581 236 148 2859 1175 613
leaf_count=4406 15125 32473 83 2859 4526 108562 4028 5442 2048 2614 576 92 6705 147 144 116 93 108 1119 169 909 136 169 158 581 236 148 2859 1175 613
internal_value=-0.000659485 -0.00160888 -0.00044274 0.000459717 -0.000583594 -0.000414607 -0.00137467 -0.000266105 0.00135625 0.000254502 0.001211 0.00608955 -0.000564424 0.00134297 0.00643421 0.00977586 0.0172536 0.00364706 -0.00139111 0.000230685 0.00476613 0.014 0.000765172 0.0021378 0.00601058 0.0102749 0.0161875 0.000682133 -0.000460944 0.00171812
internal_weight=198419 36879 161540 21809 139731 115136 24595 9470 6574 20817 9602 804 11215 3391 608 464 209 255 7824 2783 992 228 8798 4151 1134 553 384 3017 4647 1788
internal_count=198419 36879 161540 21809 139731 115136 24595 9470 6574 20817 9602 804 11215 3391 608 464 209 255 7824 2783 992 228 8798 4151 1134 553 384 3017 4647 1788
is_linear=0
shrinkage=0.06


Tree=76
num_leaves=31
num_cat=0
split_feature=7 11 0 21 21 0 17 24 24 21 24 1 14 24 1 16 23 21 21 21 17 21 20 16 25 16 21 25 24 24
split_gain=10.1943 8.67648 8.52484 6.57354 6.20441 7.12787 5.00396 8.00286 9.50758 6.57302 11.005 7.97218 4.07864 4.74838 4.27319 4.03959 3.88111 6.15158 8.03411 5.97527 7.06658 10.8 7.18811 8.26486 5.77171 5.51045 5.04499 12.6391 5.64698 5.97531
threshold=1.0000000180025095e-35 0.21158529072999957 5.5513761043548593 0.2516866028308869 0.26247824728488928 91.426315307617202 1.5000000000000002 8496.8959960937518 9355.0634765625018 0.25664508342742925 11872.411621093752 132.00000000000003 1.0000000180025095e-35 8347.2670898437518 205.00000000000003 14.500000000000002 2.0322954654693608 0.39240394532680517 0.29584926366806036 0.27524790167808538 1.5000000000000002 0.27927991747856146 1.0000000180025095e-35 13.500000000000002 11.500000000000002 2.5000000000000004 0.42381054162979132 2.5000000000000004 12779.738281250002 11952.073242187502
decision_type=2 2 2 2 2 2 2 2 2 2 2 2 2 2 2 2 2 2 2 2 2 2 2 2 2 2 2 2 2 2
left_child=2 3 -1 12 5 6 -5 -8 -9 10 -10 -12 -2 14 -14 -13 17 18 19 25 21 -21 23 -22 -18 -6 27 -19 29 -28
right_child=1 -3 -4 4 16 -7 7 8 9 -11 11 15 13 -15 -16 -17 24 26 -20 20 22 -23 -24 -25 -26 -27 28 -29 -30 -31
leaf_value=-0.083832559806918422 -0.055374968567910028 0.010979711061473354 -0.015425094447474185 -0.11915011931326969 1.2799818557430214 2.251435093684933 -0.080780766558439063 1.2070470295021876 -0.12480852230123048 0.019627576368281573 0.24914802057850632 1.7410100478763162 0.19605880914648108 0.0016420261907934784 0.59309419960482435 0.42455828340993185 0.0050028952284606604 0.64976744790380414 -0.073182434384430603 1.6028094742760672 2.5541629913578188 0.11520355080169219 -0.017665538817447521 -0.052886734953560208 0.17090903032415097 -0.12172484724769567 -0.014443918800074951 0.052818979894020776 -0.068511212644278674 0.21771319770916681
leaf_weight=10147 49595 37519 13396 499 117 125 1078 151 164 1300 207 132 208 1090 114 167 21925 143 18093 153 90 1043 3632 93 161 1658 16293 4523 11631 2972
leaf_count=10147 49595 37519 13396 499 117 125 1078 151 164 1300 207 132 208 1090 114 167 21925 143 18093 153 90 1043 3632 93 161 1658 16293 4523 11631 2972
internal_value=-0.000630455 -0.000472656 -0.00180258 -0.000693537 -0.000374524 0.00198849 0.00151217 0.00238387 0.00452334 0.00341117 0.0082388 0.0126166 -0.0012336 0.00194617 0.00834782 0.0188829 -0.000483988 -0.000732716 -0.00145641 0.000304154 0.0013638 0.00538796 0.000102227 0.0117049 0.000196684 -0.00268733 -0.000226423 0.00161251 -0.000504144 0.000126134
internal_weight=198419 174876 23543 137357 86350 3823 3698 3199 2121 1970 670 506 51007 1412 322 299 82527 60441 24879 6786 5011 1196 3815 183 22086 1775 35562 4666 30896 19265
internal_count=198419 174876 23543 137357 86350 3823 3698 3199 2121 1970 670 506 51007 1412 322 299 82527 60441 24879 6786 5011 1196 3815 183 22086 1775 35562 4666 30896 19265
is_linear=0
shrinkage=0.06


Tree=77
num_leaves=31
num_cat=0
split_feature=0 3 7 14 3 21 21 20 23 24 24 0 21 0 23 23 24 24 16 21 21 16 11 25 24 19 25 17 21 24
split_gain=9.77343 8.19392 4.49267 4.44552 5.77232 4.6921 6.07329 8.11259 5.27364 5.5888 5.92678 5.36861 3.91234 3.87407 3.72913 4.85943 3.65878 7.74612 16.8851 3.64714 3.90207 3.53142 3.87622 3.67496 7.04674 7.07062 4.33066 4.863 3.46939 5.54175
threshold=2.0976994037628178 39.000000000000007 1.0000000180025095e-35 1.0000000180025095e-35 339.50000000000006 0.18244930356740954 0.1898603290319443 1.0000000180025095e-35 1.7987306118011477 17481.303710937504 17452.613281250004 13.952573776245119 0.81262066960334789 6.062026023864747 1.4634689092636111 1.4496549367904665 6703.2258300781259 6791.8967285156259 11.500000000000002 0.72861218452453624 0.077198345214128508 14.500000000000002 0.31268873810768133 10.500000000000002 10761.519042968752 67.430042266845717 4.5000000000000009 1.5000000000000002 0.39240394532680517 15682.521484375002
decision_type=2 2 2 2 2 2 2 2 2 2 2 2 2 2 2 2 2 2 2 2 2 2 2 2 2 8 2 2 2 2
left_child=1 -1 -2 5 19 -4 7 -7 9 10 14 13 -3 -12 15 28 -10 18 -18 20 -5 23 -23 24 -22 -26 -27 -28 29 -8
right_child=2 12 3 4 -6 6 8 -9 16 -11 11 -13 -14 -15 -16 -17 17 -19 -20 -21 21 22 -24 -25 25 26 27 -29 -30 -31
leaf_value=-0.10302289287668223 -0.027382408920532356 -0.047986892587658862 -0.038780952971920572 0.30375020306822081 0.9421022732594827 1.8506795903304349 -0.01807869432726333 0.072939754072759877 -0.063501731124081279 -0.12530410727211486 0.13649921631648537 3.1990782618237015 0.53043610825464149 -0.069156401951365132 -0.13188636534032305 1.5750085165769581 -0.29809468116033283 0.018059791235706734 2.6050985762046563 0.39070704180423155 -0.023233108053501414 -0.15529681258705788 0.17510710985914776 -0.10045797257415003 0.089203113024588054 1.5345600800783945 0.41567352739188479 0.010572696806088834 0.0012803712961535229 -0.081744377007445745
leaf_weight=4406 19092 32383 30188 302 82 182 32386 1422 1396 1873 138 81 90 182 1370 161 149 29322 157 164 687 1307 426 454 348 123 95 119 33473 5861
leaf_count=4406 19092 32383 30188 302 82 182 32386 1422 1396 1873 138 81 90 182 1370 161 149 29322 157 164 687 1307 426 454 348 123 95 119 33473 5861
internal_value=-0.000607171 -0.00148849 -0.000405969 -0.000290128 0.00165522 -0.000347881 -0.00016327 0.00350125 -0.000218436 -0.000488979 -0.000406671 0.00686783 -0.00115906 0.003375 -0.000446494 -0.000387392 0.000440174 0.000581611 0.0100784 0.00133416 0.000961926 0.000406292 -0.00153376 0.00224753 0.00379592 0.00810219 0.0142967 0.00914019 -0.000410766 -0.000801162
internal_weight=198419 36879 161540 142448 4107 138341 108153 1604 106549 75525 73652 401 32473 320 73251 71881 31024 29628 306 4025 3861 3559 1733 1826 1372 685 337 214 71720 38247
internal_count=198419 36879 161540 142448 4107 138341 108153 1604 106549 75525 73652 401 32473 320 73251 71881 31024 29628 306 4025 3861 3559 1733 1826 1372 685 337 214 71720 38247
is_linear=0
shrinkage=0.06


Tree=78
num_leaves=31
num_cat=0
split_feature=11 2 0 21 24 24 14 21 16 24 1 17 21 0 20 24 25 0 0 17 25 16 23 25 4 10 23 0 20 19
split_gain=8.84746 8.38674 8.10463 5.10582 5.70742 5.84967 11.4387 8.4953 8.00862 9.35824 7.12732 6.88573 9.52348 5.02323 5.09 4.88077 15.2274 7.89322 8.48062 5.71311 4.81256 6.66118 5.46567 8.2383 4.78629 4.77697 4.66626 4.89818 4.63654 3.73356
threshold=0.20570998638868335 1.5000000000000002 4.5494661331176767 0.17327156662940982 6650.7163085937509 10728.933593750002 1.0000000180025095e-35 0.033042430877685554 14.500000000000002 12735.981933593752 132.00000000000003 5.5000000000000009 0.12394391745328905 11.824396133422853 3.5000000000000004 6223.2419433593759 4.5000000000000009 19.748422622680668 13.249187946319582 5.5000000000000009 11.500000000000002 14.500000000000002 9.706268787384035 7.5000000000000009 136.50000000000003 1.5000000000000002 6.8165552616119394 15.236494541168215 3.5000000000000004 93.174892425537124
decision_type=2 2 2 2 2 2 2 2 2 2 2 2 2 2 2 2 2 2 2 2 2 2 2 2 2 2 2 2 2 8
left_child=1 2 -1 4 15 6 20 8 -7 -10 -11 -9 13 14 24 28 17 18 19 -17 22 -22 -6 -24 -13 26 -2 -28 -3 -18
right_child=25 3 -4 -5 5 7 -8 11 9 10 -12 12 -14 -15 -16 16 29 -19 -20 -21 21 -23 23 -25 -26 -27 27 -29 -30 -31
leaf_value=-0.071456967404053856 0.035200965825935369 -0.095938098436271907 -0.01576539252085981 -0.016867880824139141 -0.13230279966480868 -0.041736358482044725 0.45759966354846715 -0.07589753143592036 -0.11093418734643239 0.64717089024050767 1.4960444754296454 0.12183002020844699 -0.12336401870093235 -0.15630733241777817 -0.19109706762468698 0.63997724374727838 -0.15951149782288629 -0.25156343311651785 2.4928839198536323 1.161027319693726 -0.11490600563401211 0.18794878435490986 1.1832941080063919 -0.063644015778070134 0.8413589402175069 0.0014285085603520889 0.23016884012222405 0.016965687455149817 1.0427955532347735 0.26986031904519903
leaf_weight=11721 1606 1497 16045 99966 8434 360 159 10934 144 81 156 474 769 273 143 468 812 101 86 102 152 152 303 1052 592 40993 165 161 147 371
leaf_count=11721 1606 1497 16045 99966 8434 360 159 10934 144 81 156 474 769 273 143 468 812 101 86 102 152 152 303 1052 592 40993 165 161 147 371
internal_value=-0.000578746 -0.000789254 -0.00173435 -0.000583805 -0.00130365 -0.00163488 -0.00272259 -0.000834125 0.005417 0.0114803 0.0188101 -0.00118544 0.00183652 0.00464777 0.00630769 0.000930802 0.00296907 0.00961427 0.0120183 0.00936842 -0.00297414 0.00446052 -0.00320503 0.000332102 0.00773358 0.000183808 0.00309938 0.00964417 -0.00147445 -0.00128318
internal_weight=198419 155494 27766 127728 27762 24178 10252 13926 741 381 237 13185 2251 1482 1209 3584 1940 757 656 570 10093 304 9789 1355 1066 42925 1932 326 1644 1183
internal_count=198419 155494 27766 127728 27762 24178 10252 13926 741 381 237 13185 2251 1482 1209 3584 1940 757 656 570 10093 304 9789 1355 1066 42925 1932 326 1644 1183
is_linear=0
shrinkage=0.06


Tree=79
num_leaves=31
num_cat=0
split_feature=0 3 23 4 0 21 21 26 21 19 25 5 23 1 0 0 27 27 26 18 18 20 11 27 26 11 21 25 23 16
split_gain=8.47599 7.01248 4.3939 4.68472 4.27854 4.27686 5.22822 6.73771 6.96294 4.34497 4.11591 3.89299 7.05212 5.41766 3.74068 3.50441 4.49802 6.43257 4.99305 4.4286 3.22294 4.21979 3.19338 3.29844 8.03473 3.41077 3.27573 3.17643 5.09253 3.52003
threshold=2.0976994037628178 39.000000000000007 11.868320941925051 279.50000000000006 17.298931121826175 0.18244930356740954 0.1898603290319443 27.312409400939945 0.18616661429405215 72.613246917724624 6.5000000000000009 5.5000000000000009 14.729770660400392 77.500000000000014 11.440140247344972 35.662218093872077 3.1729515790939335 2.5404263734817509 18.531196594238285 -3.7958508729934688 -3.7362025976181026 2.5000000000000004 0.30906003713607794 5.285123586654664 19.290732383728031 0.32154493033885961 0.79263004660606395 7.5000000000000009 28.859872817993168 9.5000000000000018
decision_type=2 2 2 2 2 2 2 2 2 8 2 2 2 2 2 2 2 2 2 2 2 2 2 2 2 2 2 2 2 2
left_child=1 -1 5 11 10 -2 7 -7 -9 -8 -5 12 14 -14 -4 19 17 -17 -19 -11 21 -21 26 24 -24 -25 -3 29 -29 -13
right_child=2 22 3 4 -6 6 9 8 -10 15 -12 27 13 -15 -16 16 -18 18 -20 20 -22 -23 23 25 -26 -27 -28 28 -30 -31
leaf_value=-0.093403235457021186 -0.037828894735109211 -0.049538340611164265 0.11413105529486821 0.84851151788771251 0.51148790013924239 0.056165071525944098 -0.028754080046825788 0.11036472439028837 1.3350686260254763 -0.042360457027198851 0.075966676555104792 -0.10469264423540475 -0.072175266831115192 0.061380708936609928 0.027709920487353549 -0.066450004919618194 0.026818546365133152 0.18861252284561189 2.324635115831541 0.026099064936411828 -0.0012190039199944708 0.67722687560281702 1.2500952883601228 0.70263889944405655 -0.16638538429334468 -0.025826726920016575 0.12914527543894005 -0.11544206049865906 0.41758915279273523 0.30455525906174907
leaf_weight=4406 32525 30005 1426 144 218 1684 44445 179 125 7703 808 688 2118 2051 1528 153 5824 104 92 149 55602 99 253 84 146 1835 150 2871 121 883
leaf_count=4406 32525 30005 1426 144 218 1684 44445 179 125 7703 808 688 2118 2051 1528 153 5824 104 92 149 55602 99 253 84 146 1835 150 2871 121 883
internal_value=-0.000563627 -0.00138437 -0.000376255 0.000687926 0.00430769 -0.00046827 -0.00029799 0.00275251 0.0109737 -0.000351106 0.00257143 0.000325516 0.00120202 -0.000387145 0.00344482 -5.55905e-05 0.00130925 0.0079255 0.0151224 -0.000188159 -2.15004e-06 0.00682258 -0.00107961 0.00106644 0.00603007 3.43915e-05 -0.00124457 -0.00104274 -0.00218984 0.00114195
internal_weight=198419 36879 161540 12856 1170 148684 116159 1988 304 114171 952 11686 7123 4169 2954 69726 6173 349 196 63553 55850 248 32473 2318 399 1919 30155 4563 2992 1571
internal_count=198419 36879 161540 12856 1170 148684 116159 1988 304 114171 952 11686 7123 4169 2954 69726 6173 349 196 63553 55850 248 32473 2318 399 1919 30155 4563 2992 1571
is_linear=0
shrinkage=0.06


Tree=80
num_leaves=31
num_cat=0
split_feature=0 7 0 11 21 21 17 24 24 0 21 24 1 16 24 24 20 5 25 0 16 24 24 24 0 23 23 23 24 17
split_gain=8.32225 6.22396 5.67922 5.11853 4.26639 7.57016 5.62341 9.76718 9.32069 10.4743 6.26707 8.75318 6.69682 4.11921 4.0543 9.11139 7.94851 5.90374 7.50825 5.59377 5.52693 4.13237 4.03996 5.30475 5.62512 3.76327 3.57748 14.6693 3.36455 3.58698
threshold=1.0000000180025095e-35 1.0000000180025095e-35 5.6700773239135751 0.21158529072999957 0.2516866028308869 0.26247824728488928 1.5000000000000002 8496.8959960937518 9355.0634765625018 72.193359375000014 0.25664508342742925 11872.411621093752 132.00000000000003 14.500000000000002 6432.6215820312509 6135.1196289062509 2.5000000000000004 4.5000000000000009 6.5000000000000009 3.3500279188156132 14.500000000000002 17885.785156250004 17481.303710937504 17350.135742187504 23.120385169982914 17.846974372863773 0.087454974651336684 0.11806936934590341 7791.9338378906259 4.5000000000000009
decision_type=2 2 2 2 2 2 2 2 2 2 2 2 2 2 2 2 2 2 2 2 2 2 2 2 2 2 2 2 2 2
left_child=-1 2 -2 4 14 6 -6 -8 -9 10 11 -10 -13 -14 15 -3 17 -17 19 -19 -21 26 23 -7 -25 -24 -16 -28 -29 -30
right_child=1 3 -4 -5 5 22 7 8 9 -11 -12 12 13 -15 21 16 -18 18 -20 20 -22 -23 25 24 -26 -27 27 28 29 -31
leaf_value=-0.068740522825363942 -0.064984948700766709 -0.054845453020995791 -0.011134094964571333 0.0097147628804430224 -0.11028560937892644 -0.013178915806976272 -0.064874898093718047 1.1434755547928728 -0.1126971761121474 2.3538525956517558 0.025332869776012762 0.28288421298277716 1.6487941371708115 0.40628405981011595 -0.062813456684434388 0.19210884147664381 -0.18199921374494371 1.6341769022651136 0.21654626038549199 0.25067833225006347 2.5050378525347679 0.4432520754074436 -0.11944597083593383 0.045372089150875469 2.9907975991876183 0.092242860650181793 2.1597406468459637 -0.084576590682135938 -0.031363081151106885 0.049278976592777461
leaf_weight=12585 8502 2277 13252 36895 473 74841 966 142 149 90 1209 190 129 142 26083 535 282 92 328 116 141 156 2029 521 84 161 156 2460 9824 3609
leaf_count=12585 8502 2277 13252 36895 473 74841 966 142 149 90 1209 190 129 142 26083 535 282 92 328 116 141 156 2029 521 84 161 156 2460 9824 3609
internal_value=-0.000549717 -0.000448595 -0.00140223 -0.000322161 -0.000502655 -0.000240812 0.00249284 0.00344647 0.00578937 0.00468622 0.00369763 0.00865574 0.0127419 0.018797 -0.000963852 0.00092124 0.00456225 0.00667327 0.0103959 0.0165215 0.0119767 -0.00113195 -0.000363699 -0.000289957 0.00530578 -0.00290411 -0.00116804 -0.000463208 -0.000642926 -0.000269338
internal_weight=198419 185834 21754 164080 127185 81126 3490 3017 2051 1909 1819 610 461 271 46059 3771 1494 1212 677 349 257 42288 77636 75446 605 2190 42132 16049 15893 13433
internal_count=198419 185834 21754 164080 127185 81126 3490 3017 2051 1909 1819 610 461 271 46059 3771 1494 1212 677 349 257 42288 77636 75446 605 2190 42132 16049 15893 13433
is_linear=0
shrinkage=0.06


Tree=81
num_leaves=31
num_cat=0
split_feature=0 7 0 14 3 21 23 21 24 23 21 25 11 24 24 25 5 27 16 24 17 21 0 6 23 24 24 25 16 25
split_gain=7.73298 5.54326 5.22147 4.83192 9.96657 5.54007 5.34563 5.31727 6.30864 5.19247 7.78771 4.47117 4.01854 4.02028 6.70264 10.7098 11.9254 3.96802 5.36911 3.61395 7.37528 9.64717 6.18508 5.29515 4.88626 4.56314 4.89137 4.46535 4.51151 4.34562
threshold=1.0000000180025095e-35 1.0000000180025095e-35 5.6700773239135751 1.0000000180025095e-35 339.50000000000006 0.18379971385002139 3.1263412237167363 0.1898603290319443 14757.500000000002 3.2032675743103032 0.44827167689800268 11.500000000000002 0.44730649888515478 6432.6215820312509 6223.2419433593759 9.5000000000000018 8.5000000000000018 12.14766311645508 8.5000000000000018 10728.933593750002 5.5000000000000009 0.12394391745328905 11.921046733856203 16.550000190734867 9.706268787384035 12583.756347656252 13982.787597656252 11.500000000000002 14.500000000000002 6.5000000000000009
decision_type=2 2 2 2 2 2 2 2 2 2 2 2 2 2 2 2 2 2 2 2 2 2 2 2 2 2 2 2 2 2
left_child=-1 2 -2 5 -5 12 7 8 17 10 -8 -11 13 14 -3 16 -16 18 -7 24 -21 22 23 -22 27 -25 -27 -15 -29 -26
right_child=1 3 -4 4 -6 6 9 -9 -10 11 -12 -13 -14 19 15 -17 -18 -19 -20 20 21 -23 -24 25 29 26 -28 28 -30 -31
leaf_value=-0.064616091455842101 -0.061085851778720709 -0.050844996863650863 -0.010466049266697043 0.048198364189863667 0.79454167315246338 0.47157576870079176 -0.025024451522881273 -0.016419151811569169 2.0301562080352054 0.012531179304412381 0.6171554533778737 0.16197564223199615 0.01335888903393666 -0.10501838526195294 0.69077626608672982 -0.19428531986210074 2.0004559880291075 -0.047105992783834247 0.060665673228100049 -0.053256221380656811 0.11024898240560967 -0.11346797721675152 -0.099001137614472129 0.60919885617959701 1.3546460965238796 -0.019074527015989173 1.0809572836400867 -0.076644727265372178 0.16533715740641042 -0.011677739683703753
leaf_weight=12585 8502 1523 13252 4197 100 145 326 92941 156 27825 341 161 5659 9788 443 268 191 595 378 14453 780 721 310 121 162 168 270 152 165 1741
leaf_count=12585 8502 1523 13252 4197 100 145 326 92941 156 27825 341 161 5659 9788 443 268 191 595 378 14453 780 721 310 121 162 168 270 152 165 1741
internal_value=-0.000522502 -0.000425026 -0.001325 -0.000305706 0.00167978 -0.000359101 -0.000165447 -0.000383698 0.00346625 0.000552192 0.00578411 0.000427498 -0.00100366 -0.00127003 0.00107629 0.00517516 0.00942587 0.00188909 0.00570172 -0.00146738 -0.000899841 0.00220253 0.00473378 0.00650187 -0.00226249 0.0109589 0.00810959 -0.00278773 0.00422082 0.000526536
internal_weight=198419 185834 21754 164080 4297 159783 122868 94215 1274 28653 667 27986 36915 31256 2425 902 634 1118 523 28831 16823 2370 1649 1339 12008 559 438 10105 317 1903
internal_count=198419 185834 21754 164080 4297 159783 122868 94215 1274 28653 667 27986 36915 31256 2425 902 634 1118 523 28831 16823 2370 1649 1339 12008 559 438 10105 317 1903
is_linear=0
shrinkage=0.06


Tree=82
num_leaves=31
num_cat=0
split_feature=0 11 2 0 4 0 10 20 11 16 21 24 11 2 26 21 26 0 24 11 16 16 21 21 24 24 0 24 21 17
split_gain=7.17015 5.06032 4.57142 4.64946 4.55713 4.33263 3.95721 3.44477 3.69718 6.54526 4.75248 4.16564 4.83234 5.17568 4.92883 4.53498 6.09677 4.52895 7.65952 4.61991 3.93825 4.5447 3.37591 6.98939 5.92774 13.2221 13.2536 6.3096 7.75852 6.51429
threshold=1.0000000180025095e-35 0.20570998638868335 1.5000000000000002 4.9177978038787851 55.000000000000007 11.101244926452638 1.5000000000000002 1.0000000180025095e-35 0.62564304471015941 6.5000000000000009 0.23404077440500262 15201.062500000002 0.56995591521263134 7.5000000000000009 6.6988196372985849 0.23711710423231128 3.9678518772125249 3.9936095476150517 7495.5214843750009 0.38261900842189794 19.500000000000004 14.500000000000002 0.2516866028308869 0.26247824728488928 8496.8959960937518 9355.0634765625018 82.491657257080092 11872.411621093752 0.25664508342742925 1.5000000000000002
decision_type=2 2 2 2 2 2 2 2 2 2 2 2 2 2 2 2 2 2 2 2 2 2 2 2 2 2 2 2 2 2
left_child=-1 2 3 -2 5 -4 -3 8 11 10 -10 12 14 -14 15 16 -8 18 -16 -19 21 -11 -6 24 -24 -26 27 -27 29 -29
right_child=1 6 4 -5 22 -7 7 -9 9 20 -12 -13 13 -15 17 -17 -18 19 -20 -21 -22 -23 23 -25 25 26 -28 28 -30 -31
leaf_value=-0.060739125968491563 -0.051789290967174176 0.053051944812004682 0.00299317336463969 -0.011785288964518158 -0.040715784626553057 0.074978263512447255 0.57218166545302362 -0.0092801391744482386 1.7381098308335112 0.0014662879139714787 0.0925749697830371 -0.018237811572716194 0.12272324834045091 0.68462482959472626 1.3639198734904445 0.10345054819619798 0.97650120271566965 0.046978085769544056 0.04295136174834218 -0.10145176164573004 0.093366043870721088 -0.15053394231947229 -0.074345397793744716 -0.018122030054148894 1.0974478415285485 -0.12745480173800341 2.3615243958014487 -0.31960625243803509 0.022906246867433696 1.1097778706256913
leaf_weight=12585 9979 1924 4824 15290 40550 1796 124 29834 121 1464 218 1841 565 119 150 751 93 1708 566 1115 291 1331 863 68099 126 475 83 82 1044 408
leaf_count=12585 9979 1924 4824 15290 40550 1796 124 29834 121 1464 218 1841 565 119 150 751 93 1708 566 1115 291 1331 863 68099 126 475 83 82 1044 408
internal_value=-0.000504358 -0.000410497 -0.000580245 -0.00131284 -0.000423829 0.00110574 0.000167001 4.00571e-05 0.000977143 -0.000639417 0.00727433 0.0017645 0.00263417 0.00733333 0.00192101 0.00571487 0.0133548 0.000883299 0.00514525 -0.000197663 -0.00150875 -0.00220036 -0.000514456 -0.000265525 0.0025297 0.00417132 0.00303442 0.00206371 0.00393481 0.0101633
internal_weight=198419 185834 143619 25269 118350 6620 42215 40291 10457 3425 339 7032 5191 684 4507 968 217 3539 716 2823 3086 2795 111730 71180 3081 2218 2092 2009 1534 490
internal_count=198419 185834 143619 25269 118350 6620 42215 40291 10457 3425 339 7032 5191 684 4507 968 217 3539 716 2823 3086 2795 111730 71180 3081 2218 2092 2009 1534 490
is_linear=0
shrinkage=0.06


Tree=83
num_leaves=31
num_cat=0
split_feature=0 7 0 23 3 21 14 11 21 24 24 24 25 5 16 24 17 21 0 20 4 21 16 6 23 0 0 25 2 25
split_gain=6.6353 4.64908 4.44694 4.35508 4.45098 4.22108 3.80229 3.60636 3.81312 4.03902 3.66029 5.09719 9.02933 8.61449 3.96196 3.59627 5.70805 8.58148 5.44264 4.53231 4.70357 4.44347 5.2119 4.90432 4.3324 4.10876 11.526 4.27731 3.89795 3.69912
threshold=1.0000000180025095e-35 1.0000000180025095e-35 6.3610939979553232 24.933436393737797 255.00000000000003 0.18244930356740954 1.0000000180025095e-35 0.44730649888515478 0.14853189885616305 16617.359375000004 6432.6215820312509 6223.2419433593759 9.5000000000000018 8.5000000000000018 14.500000000000002 10728.933593750002 5.5000000000000009 0.12394391745328905 11.921046733856203 3.5000000000000004 168.00000000000003 0.033042430877685554 14.500000000000002 10.449999809265138 9.706268787384035 23.120385169982914 39.752513885498054 6.5000000000000009 3.5000000000000004 11.500000000000002
decision_type=2 2 2 2 2 2 2 2 2 2 2 2 2 2 2 2 2 2 2 2 2 2 2 2 2 2 2 2 2 2
left_child=-1 2 -2 5 -5 6 7 10 -9 -10 11 -3 13 -13 -15 24 21 18 19 20 -18 22 -17 -24 29 27 -27 -26 -29 -12
right_child=1 3 -4 4 -6 -7 -8 8 9 -11 15 12 -14 14 -16 16 17 -19 -20 -21 -22 -23 23 -25 25 26 -28 28 -30 -31
leaf_value=-0.057094778410382047 -0.052082277571498019 -0.04744928479299132 -0.0083051656946747238 0.048110602261279709 0.85938980261295406 -0.0052989084847552973 0.072303754844549761 0.051998122573982765 -0.10480039000944801 0.23414094086533377 -0.097590468437567884 0.65177263719911915 -0.1800260486335214 0.42187067768583136 2.2396885760389105 -0.10277196682684421 0.14932985416602959 -0.10421695150615325 -0.09248923121574304 -0.16024779424933874 0.68360507021685402 -0.054681688454284248 -0.089345361530436734 1.1953601393594571 1.2779719800052391 0.3579254121116518 -0.02048803759243939 0.036288850438685634 -0.18736542154276642 0.085212890951528064
leaf_weight=12585 9546 1523 12208 805 163 125669 1252 3818 1684 157 9629 443 268 102 89 213 716 721 310 132 491 13358 102 215 159 83 151 609 901 317
leaf_count=12585 9546 1523 12208 805 163 125669 1252 3818 1684 157 9629 443 268 102 89 213 716 721 310 132 491 13358 102 215 159 83 151 609 901 317
internal_value=-0.000480772 -0.000390479 -0.00121467 -0.000281206 0.0037314 -0.000305019 -0.000864195 -0.000976653 0.000414559 -0.00182836 -0.00123451 0.00100206 0.0045765 0.00847949 0.0191309 -0.00142748 -0.000848076 0.00187342 0.00426076 0.00591934 0.00707374 -0.0013125 0.00407547 0.00895268 -0.00222247 0.000400419 0.00784615 -0.000643501 -0.00162914 -0.00272431
internal_weight=198419 185834 21754 164080 968 163112 37443 36191 5659 1841 30532 2425 902 634 191 28107 16258 2370 1649 1339 1207 13888 530 317 11849 1903 234 1669 1510 9946
internal_count=198419 185834 21754 164080 968 163112 37443 36191 5659 1841 30532 2425 902 634 191 28107 16258 2370 1649 1339 1207 13888 530 317 11849 1903 234 1669 1510 9946
is_linear=0
shrinkage=0.06


Tree=84
num_leaves=31
num_cat=0
split_feature=0 21 23 0 16 17 16 21 11 1 24 23 24 23 25 5 23 2 21 20 16 21 23 20 16 17 21 21 16 25
split_gain=6.12561 4.2722 4.63662 4.6356 4.76023 4.91589 7.23227 10.8372 7.09001 9.47641 15.3036 5.27075 4.37779 7.7256 16.6788 14.4341 6.17018 6.172 5.56989 5.08209 8.25784 4.29469 8.98214 6.15377 7.80991 5.17743 5.64215 18.803 7.98261 5.59975
threshold=1.0000000180025095e-35 0.18244930356740954 1.8355448246002199 17.045269966125492 3.5000000000000004 1.0000000180025095e-35 10.500000000000002 0.3112658560276032 0.40412232279777532 92.500000000000014 10965.451660156252 1.4072164297103884 15072.989746093752 1.1887561678886416 7.5000000000000009 8.5000000000000018 1.0033378601074221 1.5000000000000002 0.81262066960334789 1.0000000180025095e-35 14.500000000000002 0.28979149460792547 0.054109174758195884 3.5000000000000004 16.500000000000004 4.5000000000000009 0.27524790167808538 0.28175266087055212 14.500000000000002 3.5000000000000004
decision_type=2 2 2 2 2 2 2 2 2 2 2 2 2 2 2 2 2 2 2 2 2 2 2 2 2 2 2 2 2 2
left_child=-1 -2 3 12 -5 6 7 -6 9 -9 -11 -7 16 -14 15 -15 17 -3 21 -20 -21 22 25 24 -24 26 29 28 -28 -19
right_child=1 2 -4 4 5 11 -8 8 -10 10 -12 -13 13 14 -16 -17 -18 18 19 20 -22 -23 23 -25 -26 -27 27 -29 -30 -31
leaf_value=-0.05366909170575912 -0.030069306422017543 -0.032329962916960144 0.011283237233593053 -0.12526586285380639 -0.10801879322386397 0.0062487324948989065 0.02482354759673068 0.11400430481643341 -0.021789026527768481 0.18718039583125018 1.5935355432107399 1.4368768390504161 -0.051807096078993684 1.4573762379243209 -0.031927597489107867 2.4450382574061669 -0.073252888460826879 0.14136185981237467 -0.11845120654721536 0.10323730986725681 0.69424001986011397 -0.015879059598367676 2.6292142121747242 -0.040340613571098444 -0.031925428754914775 -0.04931520702918385 0.096013144295299474 0.0513929788875934 1.4745958536043295 -0.029402983936723567
leaf_weight=12585 42666 10833 39039 1498 227 14203 1396 143 120 154 146 151 18829 197 808 86 4192 3538 101 120 91 35905 269 145 103 3760 127 1258 160 5569
leaf_count=12585 42666 10833 39039 1498 227 14203 1396 143 120 154 146 151 18829 197 808 86 4192 3538 101 120 91 35905 269 145 103 3760 127 1258 160 5569
internal_value=-0.000466257 -0.000379501 -0.000222453 -0.000431524 0.000443063 0.000736395 0.00338701 0.00797468 0.0124369 0.0159413 0.022 0.000332728 -0.00061477 -0.00139458 0.00351421 0.0160495 -0.000380017 -0.000229337 4.62192e-05 0.00803846 0.0133365 -2.83418e-06 0.000852433 0.00862282 0.0127097 0.000573687 0.00124934 0.00460194 0.0184599 0.000680574
internal_weight=198419 185834 143168 104129 18038 16540 2186 790 563 443 300 14354 86091 19920 1091 283 66171 61979 51146 312 211 50834 14929 517 372 14412 10652 1545 287 9107
internal_count=198419 185834 143168 104129 18038 16540 2186 790 563 443 300 14354 86091 19920 1091 283 66171 61979 51146 312 211 50834 14929 517 372 14412 10652 1545 287 9107
is_linear=0
shrinkage=0.06


Tree=85
num_leaves=31
num_cat=0
split_feature=0 3 24 6 21 24 5 23 21 23 23 0 24 24 25 16 23 23 24 21 21 23 16 24 24 25 24 0 0 25
split_gain=5.71847 9.59678 5.31701 4.74127 4.54138 8.61232 4.54081 4.34335 5.47909 5.04464 4.186 4.06269 4.04203 11.3461 9.34253 5.58835 3.97824 9.39452 3.96327 3.88706 3.64507 4.67987 7.07116 4.02791 7.78484 8.26911 6.69031 7.44617 9.53108 6.95487
threshold=4.8192434310913095 37.500000000000007 17932.731445312504 11.050000190734865 0.19782134145498279 1287.2454223632815 3.5000000000000004 1.3322262763977053 0.81262066960334789 1.384432911872864 0.90695166587829601 104.55176544189455 12033.684082031252 13446.868652343752 4.5000000000000009 17.500000000000004 2.7925844192504887 3.3235583305358891 11029.454589843752 0.20608495920896533 0.4179298877716065 28.859872817993168 11.500000000000002 13494.974609375002 11952.073242187502 3.5000000000000004 13290.918945312502 32.498483657836921 51.080162048339851 4.5000000000000009
decision_type=2 2 2 2 2 2 2 2 2 2 2 2 2 2 2 2 2 2 2 2 2 2 2 2 2 2 2 2 2 2
left_child=1 -1 4 6 5 -3 11 8 10 -9 -6 -2 -7 14 15 -14 -15 -18 -13 -11 -5 23 -23 24 -22 -26 27 29 -29 -27
right_child=3 2 -4 20 7 12 -8 9 -10 19 -12 18 13 16 -16 -17 17 -19 -20 -21 21 22 -24 -25 25 26 -28 28 -30 -31
leaf_value=-0.06793718419124524 -0.0033852545281066481 1.2909458891449139 0.66652761693200657 -0.040434381072947209 -0.021056678818538004 -0.075661231187288097 0.040417280473255837 2.9292431055290571 0.25106159682966955 0.25321406947676312 -0.10330815737575644 -0.021694526988650695 1.1343372355813743 -0.086077797002159978 0.033499118715540947 -0.14316791242021487 0.65449194708642378 -0.0038251688495521525 0.97594616730761741 0.014427624185932882 -0.0088703873874084026 -0.13899868209175689 0.7986631616796197 -0.060851761419377474 -0.1694476456800757 1.4578050717098969 1.1788128860942697 0.55869154279136735 -0.069535200960331514 0.21877219720961205
leaf_weight=7991 42043 87 105 44702 35829 11902 13345 159 189 132 1039 126 499 5312 1620 84 91 1374 153 10113 11099 83 85 7048 631 136 193 200 125 1924
leaf_count=7991 42043 87 105 44702 35829 11902 13345 159 189 132 1039 126 499 5312 1620 84 91 1374 153 10113 11099 83 85 7048 631 136 193 200 125 1924
internal_value=-0.000457185 -0.000863708 -0.000634276 -0.000201965 -0.000654977 -0.00139034 0.000206189 -0.000330083 -0.000634214 0.00075317 -0.00068645 -9.81064e-05 -0.00146883 -0.000507797 0.00323286 0.00974614 -0.00172377 0.00104437 0.00711828 0.000588578 -0.000545044 9.6449e-05 0.0100714 1.79795e-05 0.000596308 0.00319913 0.00470597 0.00383648 0.0122769 0.00250485
internal_weight=198419 76526 68535 121893 68430 20969 55667 47461 37057 10404 36868 42322 20882 8980 2203 583 6777 1465 279 10245 66226 21524 168 21356 14308 3209 2578 2385 325 2060
internal_count=198419 76526 68535 121893 68430 20969 55667 47461 37057 10404 36868 42322 20882 8980 2203 583 6777 1465 279 10245 66226 21524 168 21356 14308 3209 2578 2385 325 2060
is_linear=0
shrinkage=0.06


Tree=86
num_leaves=31
num_cat=0
split_feature=11 21 23 25 2 21 24 21 0 24 23 16 24 0 16 23 24 2 24 24 25 17 17 0 17 17 25 16 16 24
split_gain=5.63156 5.17103 6.20805 6.63456 5.78883 5.14354 7.02302 6.03195 5.44909 4.64982 4.51544 9.43566 13.0286 4.40742 4.31542 4.94697 4.2895 4.14411 3.95063 6.03434 5.86132 6.53769 4.63323 10.4478 21.6796 7.25154 6.95318 7.77017 6.54143 16.3982
threshold=0.20570998638868335 0.39240394532680517 8.9206295013427752 6.5000000000000009 5.5000000000000009 0.32596074044704443 17452.613281250004 0.22453764826059344 12.30664110183716 14615.934570312502 9.8196783065795916 14.500000000000002 13323.810058593752 5.9491839408874521 6.5000000000000009 20.129112243652347 1429.7474365234377 1.5000000000000002 8214.5830078125018 8607.9941406250018 4.5000000000000009 4.5000000000000009 2.5000000000000004 69.17972564697267 5.5000000000000009 1.5000000000000002 11.500000000000002 10.500000000000002 12.500000000000002 13000.543457031252
decision_type=2 2 2 2 2 2 2 2 2 2 2 2 2 2 2 2 2 2 2 2 2 2 2 2 2 2 2 2 2 2
left_child=1 2 5 4 -4 7 16 13 -8 17 -6 -12 -13 -1 15 -5 -7 -9 -19 20 21 -20 25 -24 -25 26 -21 -28 29 -27
right_child=-2 -3 3 14 10 6 8 9 -10 -11 11 12 -14 -15 -16 -17 -18 18 19 22 -22 -23 23 24 -26 28 27 -29 -30 -31
leaf_value=-0.060674014729035608 0.004581708703177762 -0.0050989732705164423 0.070465785246967005 0.029603512717134479 1.0271112829978497 0.12010431675630509 -0.023644337339671726 -0.030627108811906955 2.7899581817015608 -0.048705263411676185 -0.086443169332952166 1.2242424880574052 -0.057783373864920017 -0.01940766097848268 -0.014506060836781888 0.51963540527594998 -0.0685692952607002 -0.026240945524515912 1.0016913489439319 -0.016034410697644833 0.055190760819259929 0.19588598499269039 -0.02470979684903845 -0.07798755045843804 1.873410420288105 1.1961390027177605 4.7968439997001076 0.053791119944644812 0.068256503330277621 0.82385985401421413
leaf_weight=26299 42925 52640 1140 751 114 386 93 3887 85 8397 199 105 93 18460 9540 106 15263 5434 146 2630 607 153 6510 195 153 612 103 187 946 260
leaf_count=26299 42925 52640 1140 751 114 386 93 3887 85 8397 199 105 93 18460 9540 106 15263 5434 146 2630 607 153 6510 195 153 612 103 187 946 260
internal_value=-0.000439949 -0.000607896 -0.000855428 0.000424301 0.0039576 -0.00102522 -0.00200809 -0.00081775 0.0098427 -0.000162808 0.00926419 0.00624181 0.0155152 -0.00125995 -0.000136772 0.00394166 -0.00214289 0.000298858 0.000683763 0.00127084 0.00598675 0.0128629 0.000902379 -9.44896e-05 0.0100345 0.00234529 0.000493149 0.00931034 0.00532013 0.00906881
internal_weight=198419 155494 102854 12048 1651 90806 15827 74979 178 30220 511 397 198 44759 10397 857 15649 21823 17936 12502 906 299 11596 6858 348 4738 2920 290 1818 872
internal_count=198419 155494 102854 12048 1651 90806 15827 74979 178 30220 511 397 198 44759 10397 857 15649 21823 17936 12502 906 299 11596 6858 348 4738 2920 290 1818 872
is_linear=0
shrinkage=0.06


Tree=87
num_leaves=31
num_cat=0
split_feature=11 21 23 25 2 21 24 21 0 0 24 2 24 19 10 24 0 23 0 20 21 24 21 0 25 24 3 20 18 27
split_gain=5.17326 4.9001 5.58338 6.24418 5.67615 4.35272 6.12022 5.4334 5.27222 4.65077 7.99837 4.03652 3.96837 3.82986 3.80443 3.71469 3.33487 3.19312 3.36933 3.73192 3.14727 7.30475 7.36441 6.40346 4.52016 3.74087 7.0437 6.59516 4.14428 3.76162
threshold=0.20570998638868335 0.39240394532680517 8.9206295013427752 6.5000000000000009 7.5000000000000009 0.32596074044704443 17452.613281250004 0.21333827078342441 20.203450202941898 5.9491839408874521 1287.2454223632815 4.5000000000000009 15740.303710937502 33.836162567138679 1.5000000000000002 1429.7474365234377 7.2692391872406015 6.8165552616119394 17.298931121826175 1.0000000180025095e-35 0.48632842302322393 10257.641113281252 0.48841498792171484 24.521744728088382 2.5000000000000004 13290.918945312502 115.50000000000001 3.5000000000000004 3.3339608907699589 8.607676029205324
decision_type=2 2 2 2 2 2 2 2 2 2 2 2 2 10 2 2 2 2 2 2 2 2 2 2 2 2 2 2 2 2
left_child=1 2 5 4 -4 7 15 9 -8 10 -1 -5 -13 -14 17 16 -7 -2 19 -19 -16 -22 23 -23 -24 26 -26 -28 29 -27
right_child=14 -3 3 11 -6 6 8 -9 -10 -11 -12 12 13 -15 20 -17 -18 18 -20 -21 21 22 24 -25 25 28 27 -29 -30 -31
leaf_value=1.2113380208446101 0.032751335281589147 -0.0047930348742854286 0.11735724649701899 0.019720623941266602 0.92454227969695957 0.34207714235514297 -0.023830850143255099 -0.0086593944669956981 2.6554045465239065 -0.018033974862126441 -0.062830997996021848 -0.12499221633112763 0.39465704332320084 -0.0067932020660112745 -0.0067144962196780461 -0.06445513754505823 -0.13495946488395028 0.074062022160567981 0.0087180456460387839 0.23475371237010931 -0.061087916820002842 1.5158769596257204 -0.11554083446260366 0.21552045972434655 0.022009525650800117 0.27341401499085533 1.0652459162006771 0.13386620723956738 -0.14784950980770664 0.0091706543014993258
leaf_weight=99 1606 52640 1390 6168 261 229 96 34563 82 16520 23797 3707 179 343 33688 15263 157 81 137 108 2070 80 542 88 811 687 565 366 468 1628
leaf_count=99 1606 52640 1390 6168 261 229 96 34563 82 16520 23797 3707 179 343 33688 15263 157 81 137 108 2070 80 542 88 811 687 565 366 468 1628
internal_value=-0.000427249 -0.000588217 -0.000829177 0.000384461 0.00381223 -0.0009902 -0.00189436 -0.000799345 0.00916854 -0.00127168 -0.00180683 -0.000159855 -0.00158761 0.00331034 0.000155852 -0.00202019 0.00379274 0.00275776 0.00817178 0.0133651 3.32238e-05 0.00116222 0.0023553 0.0147143 0.00194553 0.00256574 0.00474627 0.0083072 0.00120086 0.0022419
internal_weight=198419 155494 102854 12048 1651 90806 15827 74979 178 40416 23896 10397 4229 522 42925 15649 386 1932 326 189 40993 7305 5235 168 5067 4525 1742 931 2783 2315
internal_count=198419 155494 102854 12048 1651 90806 15827 74979 178 40416 23896 10397 4229 522 42925 15649 386 1932 326 189 40993 7305 5235 168 5067 4525 1742 931 2783 2315
is_linear=0
shrinkage=0.06


Tree=88
num_leaves=31
num_cat=0
split_feature=0 0 21 21 17 16 16 5 25 24 24 16 2 21 14 11 24 21 24 16 16 18 24 24 24 25 0 24 6 21
split_gain=4.89429 3.44118 3.60088 5.91367 12.0875 15.1875 14.692 6.89751 4.42671 4.77381 6.98784 7.73326 6.03508 4.83015 4.04843 3.53638 3.8703 6.54217 4.51482 5.799 5.01881 5.40433 3.91752 10.0569 5.70634 9.66829 10.5554 5.9686 4.99991 4.55927
threshold=1.0000000180025095e-35 69.17972564697267 0.4179298877716065 0.42381054162979132 2.5000000000000004 14.500000000000002 17.500000000000004 7.5000000000000009 2.5000000000000004 17649.014648437504 17350.135742187504 14.500000000000002 5.5000000000000009 0.42809192836284643 1.0000000180025095e-35 0.38462381064891821 6278.3269042968759 0.39492434263229376 6135.1196289062509 14.500000000000002 18.500000000000004 -0.85276618599891651 10728.933593750002 10833.450195312502 9355.0634765625018 10.500000000000002 6.9567875862121591 7751.2326660156259 11.84999990463257 0.14386009424924853
decision_type=2 2 2 2 2 2 2 2 2 2 2 2 2 2 2 2 2 2 2 2 2 2 2 2 2 2 2 2 2 2
left_child=-1 2 15 4 5 -4 7 -7 14 10 13 -12 -13 -10 -5 16 17 18 -2 -20 21 -21 24 28 27 -26 -27 -18 -24 -29
right_child=1 -3 3 8 -6 6 -8 -9 9 -11 11 12 -14 -15 -16 -17 22 -19 19 20 -22 -23 23 -25 25 26 -28 29 -30 -31
leaf_value=-0.04496261793944227 -0.0081683992458099156 0.032682828500018177 0.0099874722322811152 -0.050019392053492776 -0.0080187361268731355 0.79451048631613364 0.20684953556023394 1.9259082505494107 -0.10089906915528971 -0.097830484005293927 -0.0057237590023015549 0.3204405210952781 0.89324541943973357 0.010330947280434585 0.23321527743149098 0.0056169621069410624 -0.050865790697424515 1.0277148792738746 -0.034593548337109627 1.4373869812492068 -0.054398714065962042 0.36014670788015907 0.043592889023167908 -0.019134518443830267 -0.089382350419555778 0.16019390298663994 -0.10145295562560452 -0.059346183071732325 0.92536331283797835 0.030450086276293978
leaf_weight=12585 4145 6474 338 8001 1306 101 149 102 1654 1185 270 183 92 41159 183 19617 14474 145 496 136 155 235 472 58794 10222 1259 1105 2310 482 10590
leaf_count=12585 4145 6474 338 8001 1306 101 149 102 1654 1185 270 183 92 41159 183 19617 14474 145 496 136 155 235 472 58794 10222 1259 1105 2310 482 10590
internal_value=-0.000411525 -0.000333977 -0.00038303 2.26947e-05 0.00322846 0.00965217 0.018375 0.0288768 -9.86606e-05 0.00013699 0.000239678 0.00699082 0.0140727 0.000153737 -0.00138123 -0.000561167 -0.000699297 0.000878764 0.000526029 0.00409785 0.00848669 0.0122749 -0.000783369 -0.0004758 -0.00124324 -0.00230065 0.00115736 -0.00075707 0.00563522 0.000181394
internal_weight=198419 185834 179360 54723 1996 690 352 203 52727 44543 43358 545 275 42813 8184 124637 105020 5312 5167 1022 526 371 99708 59748 39960 12586 2364 27374 954 12900
internal_count=198419 185834 179360 54723 1996 690 352 203 52727 44543 43358 545 275 42813 8184 124637 105020 5312 5167 1022 526 371 99708 59748 39960 12586 2364 27374 954 12900
is_linear=0
shrinkage=0.06


Tree=89
num_leaves=31
num_cat=0
split_feature=0 3 6 24 23 19 21 24 21 21 20 24 25 21 16 24 25 24 25 6 25 21 16 21 23 24 25 14 24 24
split_gain=4.35876 8.23392 5.37851 4.8116 4.50644 4.41672 4.20986 8.53788 3.46664 6.66052 5.01358 4.97594 3.48223 6.74615 9.21552 7.87733 6.87205 13.2517 6.67752 6.66033 6.52029 5.08324 4.0509 3.95138 5.30537 3.42598 3.76754 3.37496 3.40832 9.35591
threshold=4.8192434310913095 37.500000000000007 11.050000190734865 17932.731445312504 26.186221122741703 73.874481201171889 0.1960960924625397 1287.2454223632815 0.32596074044704443 0.39240394532680517 1.5000000000000002 17749.068359375004 5.5000000000000009 0.27524790167808538 14.500000000000002 10516.396484375002 4.5000000000000009 13124.946777343752 4.5000000000000009 10.299999713897707 1.5000000000000002 0.24008239060640338 11.500000000000002 0.24158938974142077 10.295216560363771 1429.7474365234377 5.5000000000000009 1.0000000180025095e-35 12033.684082031252 13446.868652343752
decision_type=2 2 2 2 2 8 2 2 2 2 2 2 2 2 2 2 2 2 2 2 2 2 2 2 2 2 2 2 2 2
left_child=1 -1 5 4 6 -2 7 -3 10 25 11 12 13 16 15 -15 -8 19 -17 -18 -16 22 -21 24 -14 -10 -27 28 -9 -30
right_child=2 3 -4 -5 -6 -7 8 27 9 -11 -12 -13 23 14 20 18 17 -19 -20 21 -22 -23 -24 -25 -26 26 -28 -29 29 -31
leaf_value=-0.057410375813712999 -0.0086942688772321062 1.1458224561061092 -0.026652453583746495 0.62982723748114089 0.23796356969201127 0.016128623231595252 -0.031104950225869541 -0.065925319506503557 0.18834552280143474 -0.0039303278575357013 -0.01699080368532889 0.54659335266225062 0.057865012885876824 1.3691640803214029 1.2838734612373983 -0.13696485881960646 0.19286396936097328 -0.20196525496909146 2.4100053550425566 0.53130057149165821 0.13057888610596757 1.3929294822597948 -0.039825004752588017 -0.030288854790691804 0.51715792496617363 -0.09705446520673007 -0.025953391179263829 0.31004349339588533 0.25443861087052938 -0.05726506271058357
leaf_weight=7991 25289 87 66226 105 164 30378 2106 11688 164 18911 11021 177 1293 114 173 363 209 322 122 101 245 186 80 3792 156 3968 4136 157 2176 6519
leaf_count=7991 25289 87 66226 105 164 30378 2106 11688 164 18911 11021 177 1293 114 173 363 209 322 122 101 245 186 80 3792 156 3968 4136 157 2176 6519
internal_value=-0.000406081 -0.000760998 -0.000183261 -0.00054848 -0.000568173 0.000251458 -0.000592038 -0.00130809 -0.000281997 -0.000726077 0.000307916 0.00132281 0.00113237 0.00246058 0.00668436 0.00191319 0.00103062 0.00542539 -0.00142268 0.010875 0.0135215 0.0157439 0.00858563 0.000113336 0.00277847 -0.00214659 -0.00232034 -0.00138754 -0.00145504 -0.000555493
internal_weight=198419 76526 121893 68535 68430 55667 68266 20627 47639 27179 20460 9439 9262 4021 1017 599 3004 898 485 576 418 367 181 5241 1449 8268 8104 20540 20383 8695
internal_count=198419 76526 121893 68535 68430 55667 68266 20627 47639 27179 20460 9439 9262 4021 1017 599 3004 898 485 576 418 367 181 5241 1449 8268 8104 20540 20383 8695
is_linear=0
shrinkage=0.06


Tree=90
num_leaves=31
num_cat=0
split_feature=0 3 6 24 18 21 24 5 23 21 23 17 11 25 25 16 24 21 21 21 24 17 21 21 24 24 21 20 21 17
split_gain=4.61014 7.28488 4.90073 4.82343 4.10287 3.71456 8.46203 3.49288 3.45296 4.73962 4.40951 3.18088 3.80505 4.33687 3.80438 4.37908 6.84143 6.67042 3.90324 15.3347 3.20956 7.91759 3.06072 3.74603 4.39629 10.029 3.7073 7.69237 5.04328 10.1022
threshold=4.8192434310913095 37.500000000000007 11.050000190734865 17932.731445312504 4.0124847888946542 0.20445406436920169 1287.2454223632815 3.5000000000000004 1.3322262763977053 0.81262066960334789 1.384432911872864 5.5000000000000009 0.51078239083290111 3.5000000000000004 4.5000000000000009 9.5000000000000018 12332.306152343752 0.11700579151511194 0.16614678502082827 0.17814790457487109 8982.4550781250018 1.0000000180025095e-35 0.29802435636520391 0.39091403782367712 6487.3454589843759 6372.1987304687509 0.42381054162979132 1.5000000000000002 0.4179298877716065 1.0000000180025095e-35
decision_type=2 2 2 2 2 2 2 2 2 2 2 2 2 2 2 2 2 2 2 2 2 2 2 2 2 2 2 2 2 2
left_child=1 -1 4 5 7 6 -3 -2 9 22 -10 12 13 -8 15 16 -15 -18 -17 -20 21 -14 -7 24 25 -24 27 28 29 -25
right_child=2 3 -4 -5 -6 8 11 -9 10 -11 -12 -13 20 14 -16 18 17 -19 19 -21 -22 -23 23 26 -26 -27 -28 -29 -30 -31
leaf_value=-0.053965753264890247 0.0027023357589093205 1.0770731087397425 -0.025053306368721679 0.59203760323227239 -0.031675008895436174 0.0050898309407134135 -0.097025511845051288 0.043583844825872554 2.628102794450287 0.23620738434320321 0.017191322954855936 0.01793636281342657 0.770751323863622 0.0032420200055737411 -0.052343902636693383 -0.077708057318324544 1.4766417535204837 0.1324481892527847 0.81026348276244164 -0.10794223227817622 -0.032237197995519933 0.025872866089831668 -0.004637387249323467 -0.22800077623098516 -0.06766805292732174 1.3550365434174358 -0.029462473637854421 -0.041905496260987801 1.8596341012914208 1.256891694072263
leaf_weight=7991 37099 87 66226 105 6446 11461 5433 12122 159 189 10138 3413 137 249 10332 600 102 82 137 235 842 312 541 266 8723 93 13100 1070 222 507
leaf_count=7991 37099 87 66226 105 6446 11461 5433 12122 159 189 10138 3413 137 249 10332 600 102 82 137 235 842 312 541 266 8723 93 13100 1070 222 507
internal_value=-0.000399127 -0.000764134 -0.00016997 -0.000564239 0.000244991 -0.000583956 -0.00122699 0.0004314 -0.000280059 -0.000556012 0.000689326 -0.00130127 -0.00161237 -0.00184857 -0.0011998 0.00172954 0.00674827 0.0155217 -0.000506174 0.00432258 0.00152905 0.00562583 -0.000605787 -0.000984097 -0.00192818 0.0028959 -0.000401584 0.00196126 0.00575879 0.0034696
internal_weight=198419 76526 121893 68535 55667 68430 21961 49221 46469 36172 10297 21874 18461 17170 11737 1405 433 184 972 372 1291 449 35983 24522 9357 634 15165 2065 995 773
internal_count=198419 76526 121893 68535 55667 68430 21961 49221 46469 36172 10297 21874 18461 17170 11737 1405 433 184 972 372 1291 449 35983 24522 9357 634 15165 2065 995 773
is_linear=0
shrinkage=0.06


Tree=91
num_leaves=31
num_cat=0
split_feature=0 3 24 6 19 21 24 23 23 21 23 3 21 24 24 24 25 0 11 11 2 24 21 0 26 21 18 21 21 25
split_gain=4.38214 6.50946 4.81751 4.29318 3.93262 3.45736 6.69028 3.81114 4.38654 3.57495 2.97184 5.23864 3.09376 3.22151 7.69774 4.71617 6.1688 5.87034 9.72405 6.82916 8.78419 6.28669 5.80313 7.14479 4.42656 4.00408 3.28891 3.15016 4.19138 3.1446
threshold=4.8192434310913095 37.500000000000007 17932.731445312504 11.050000190734865 70.884185791015639 0.1960960924625397 1287.2454223632815 1.3322262763977053 1.384432911872864 0.81262066960334789 14.959635734558107 296.00000000000006 0.4179298877716065 13494.974609375002 13323.810058593752 11952.073242187502 3.5000000000000004 32.498483657836921 0.21373439580202105 0.72573435306549083 6.5000000000000009 12735.981933593752 0.42381054162979132 7.760831594467164 9.107208728790285 0.73566424846649181 0.79141938686370861 0.60342115163803112 0.59814637899398815 7.5000000000000009
decision_type=2 2 2 2 8 2 2 2 2 2 2 2 2 2 2 2 2 2 2 2 2 2 2 2 2 2 2 2 2 2
left_child=1 -1 5 4 -2 6 -3 9 -9 -7 12 -12 -5 14 15 22 25 18 -18 20 -20 26 23 -14 -25 -17 -19 28 -15 -24
right_child=3 2 -4 10 -6 7 -8 8 -10 -11 11 -13 13 27 -16 16 17 21 19 -21 -22 -23 29 24 -26 -27 -28 -29 -30 -31
leaf_value=-0.050727808068996828 -0.010732745210010573 1.012448722215358 0.55651534703833616 -0.03980865705367518 0.013761310336018155 -0.02163948530327325 -0.043328618079411484 2.4704166267832699 0.018964412186125094 0.22203494128261103 0.013746941982270387 0.43408961897178222 0.44127899498095102 -0.036501285545665445 2.2064577095967555 -0.25902745490746565 0.096793135622129114 0.477845293585826 0.43481927913310736 0.19980183324897674 1.0544884957640133 0.054185631806164189 0.025589955025949147 0.23555204438338309 -0.055845838053641066 0.14021837543080207 0.61656033788594367 -0.13123843550417177 0.39515242488175811 -0.081094411070001482
leaf_weight=7991 21629 87 105 41977 34038 37052 20592 159 10351 189 2978 441 140 4794 106 529 1708 122 118 134 80 136 6123 110 283 102 89 1916 144 4196
leaf_count=7991 21629 87 105 41977 34038 37052 20592 159 10351 189 2978 441 140 4794 106 529 1708 122 118 134 80 136 6123 110 283 102 89 1916 144 4196
internal_value=-0.00038945 -0.000745317 -0.000556359 -0.000166032 0.000222357 -0.000576065 -0.00122414 -0.000295409 0.000713605 -0.000580168 -0.000492497 0.00123018 -0.000586274 1.15204e-05 0.000534057 0.000410957 0.00250894 0.00390364 0.00267647 0.0120723 0.0191515 0.0111182 -0.000172504 0.00593246 0.00178626 -0.00276704 0.0176019 -0.00105398 -0.000252735 -0.000487839
internal_weight=198419 76526 68535 121893 55667 68430 20679 47751 10510 37241 66226 3419 62807 20830 13976 13870 3018 2387 2040 332 198 347 10852 533 393 631 211 6854 4938 10319
internal_count=198419 76526 68535 121893 55667 68430 20679 47751 10510 37241 66226 3419 62807 20830 13976 13870 3018 2387 2040 332 198 347 10852 533 393 631 211 6854 4938 10319
is_linear=0
shrinkage=0.06


Tree=92
num_leaves=31
num_cat=0
split_feature=23 10 24 0 2 23 23 23 24 24 24 21 0 24 2 24 19 23 24 20 0 24 17 21 0 11 18 23 1 11
split_gain=3.96204 4.69665 4.42492 4.4873 4.04612 3.9693 3.68112 12.7122 3.83124 5.83934 7.93936 5.29102 8.67016 9.63195 8.36325 5.31537 4.32332 3.89023 4.49079 3.88638 3.77283 5.88071 4.93402 3.86883 4.67942 5.36721 3.2389 3.21924 3.20758 4.87349
threshold=1.8355448246002199 1.5000000000000002 1429.7474365234377 27.322209358215336 1.5000000000000002 6.4740757942199716 1.4496549367904665 1.7259050011634829 10965.451660156252 11234.955566406252 11153.663085937502 0.48632842302322393 48.56915473937989 12847.137695312502 3.5000000000000004 15740.303710937502 94.19940567016603 0.39329834282398229 17413.000000000004 1.0000000180025095e-35 65.666522979736342 10257.641113281252 2.5000000000000004 0.13758362084627154 82.491657257080092 0.24962412565946582 -0.19627394527196881 2.2976937294006352 132.00000000000003 0.73709043860435497
decision_type=2 2 2 2 2 2 2 2 2 2 2 2 2 2 2 2 10 2 2 2 2 2 2 2 2 2 2 2 2 2
left_child=2 5 -1 4 -4 -2 8 -8 20 10 19 17 13 14 26 -15 -14 18 28 -10 -5 22 23 -22 25 -25 -13 -3 -11 -30
right_child=1 27 3 6 -6 -7 7 -9 9 11 -12 12 16 15 -16 -17 -18 -19 -20 -21 21 -23 -24 24 -26 -27 -28 -29 29 -31
leaf_value=0.064161030598247099 -0.006982621088306021 0.056821371173562368 -0.029646420339354499 -0.048669564291505041 -0.019740329273592643 0.1112728876091675 1.4138819896463803 -0.11303858035294805 0.82642309818490933 0.045037375473080406 2.222438368477222 1.1567605432624062 -0.067404472649909827 -0.11190691401911375 1.1044377730448989 0.83872073634734245 0.29404463560452271 -0.11855220312132485 1.9952972340992039 -0.052041363793693292 0.60816181910825418 -0.12611335666918319 -0.012633541821914932 0.13337430966087344 -0.0031495762707512468 0.55057783462894472 -0.18303639476684072 -0.0041821546243737363 -0.093375013185719086 0.17834840496617413
leaf_weight=2554 980 2043 22928 3862 106178 1391 105 163 134 2005 106 85 624 202 178 160 87 647 140 207 105 454 991 393 462 80 81 49098 1876 100
leaf_count=2554 980 2043 22928 3862 106178 1391 105 163 134 2005 106 85 624 202 178 160 87 647 140 207 105 454 991 393 462 80 81 49098 1876 100
internal_value=-0.000371911 6.92914e-05 -0.000534841 -0.000579252 -0.000687158 0.00267988 0.000472407 0.00743283 0.000328683 0.00133715 0.00795973 0.000858527 0.00407763 0.00878753 0.0159767 0.0019558 -0.000599158 -9.81558e-05 0.000580926 0.00350146 -0.000725068 0.00109859 0.00247858 0.00536538 0.00413904 0.00833404 0.00628916 -5.17407e-05 0.000209494 -0.00150607
internal_weight=198419 53512 144907 142353 129106 2371 13247 268 12979 6632 447 6185 1417 706 344 362 711 4768 4121 341 6347 2485 2031 1040 935 473 166 51141 3981 1976
internal_count=198419 53512 144907 142353 129106 2371 13247 268 12979 6632 447 6185 1417 706 344 362 711 4768 4121 341 6347 2485 2031 1040 935 473 166 51141 3981 1976
is_linear=0
shrinkage=0.06


Tree=93
num_leaves=31
num_cat=0
split_feature=11 21 24 20 16 5 23 10 16 17 23 23 0 24 25 20 23 24 0 24 24 16 25 5 17 25 16 19 0 0
split_gain=3.68556 4.00892 4.51589 7.54421 10.2767 9.74594 3.33866 3.24793 3.22658 3.56386 4.6714 6.0876 5.24816 6.98792 10.4675 4.11644 4.64063 3.69288 8.06396 6.01896 5.25747 10.2539 29.2503 9.71565 7.41521 5.6934 11.0561 4.67452 4.2223 3.61967
threshold=0.20570998638868335 0.083033982664346709 7031.1650390625009 1.5000000000000002 14.500000000000002 4.5000000000000009 2.5169547796249394 1.5000000000000002 18.500000000000004 3.5000000000000004 5.0265502929687509 4.8467845916748056 7.8963713645935067 14562.096191406252 9.5000000000000018 2.5000000000000004 15.237924098968508 12883.406738281252 15.020546913146974 13494.974609375002 8214.5830078125018 14.500000000000002 9.5000000000000018 6.5000000000000009 4.5000000000000009 10.500000000000002 11.500000000000002 71.250602722167983 9.4515752792358416 82.491657257080092
decision_type=2 2 2 2 2 2 2 2 2 2 2 2 2 2 2 2 2 2 2 2 2 2 2 2 2 2 2 8 2 2
left_child=1 2 3 -1 -5 -6 -3 -2 9 29 11 12 13 14 -11 17 -17 20 19 27 21 24 23 -23 -12 -22 -27 -19 -21 -8
right_child=7 6 -4 4 5 -7 8 -9 -10 10 15 -13 -14 -15 -16 16 -18 18 -20 28 25 22 -24 -25 -26 26 -28 -29 -30 -31
leaf_value=-0.064477902963171463 0.053833450945272067 -0.019393353365932672 -0.059243616213635782 -0.048270411304158982 0.4511486709330238 1.2428841238763781 -0.02678336482604559 0.00070391059357396838 0.040561357420915614 0.16257942165665215 1.1186992029104961 1.4617583238834408 -0.031740857533723452 -0.07429958251907938 0.78701656559346467 -0.09465526873460213 0.10677806145542439 0.85134576599635226 -0.025442197341950443 0.059515726779962898 -0.066698276830959302 1.3093725668381571 -0.13560325431013595 2.6370194991788654 -0.20319463727490239 0.82216264347612611 -0.22010468339300565 0.27846421917039549 1.2706117252916964 0.51669792293353389
leaf_weight=379 1932 109393 10410 197 98 91 16490 40993 5529 1239 103 162 1051 389 142 2533 441 101 1082 860 2987 90 192 86 402 137 146 181 332 251
leaf_count=379 1932 109393 10410 197 98 91 16490 40993 5529 1239 103 162 1051 389 142 2533 441 101 1082 860 2987 90 192 86 402 137 146 181 332 251
internal_value=-0.000355885 -0.00049175 -0.00158658 0.00286274 0.00876684 0.0187619 -0.000406975 0.000136283 0.000103761 -0.000146343 0.000613463 0.00268924 0.0020397 0.0040339 0.00603476 -2.66736e-05 -0.00188433 0.000798028 0.00259155 0.00547897 -0.000308474 0.00382818 0.0114457 0.0291136 -0.00172277 -0.00141285 0.00672085 0.0133617 0.00361409 -0.000720747
internal_weight=198419 155494 11175 765 386 189 144319 42925 34926 29397 12656 2983 2821 1770 1381 9673 2974 6699 2556 1474 4143 873 368 176 505 3270 283 282 1192 16741
internal_count=198419 155494 11175 765 386 189 144319 42925 34926 29397 12656 2983 2821 1770 1381 9673 2974 6699 2556 1474 4143 873 368 176 505 3270 283 282 1192 16741
is_linear=0
shrinkage=0.06


Tree=94
num_leaves=31
num_cat=0
split_feature=11 21 14 7 24 19 16 0 10 20 11 16 25 24 16 16 5 0 26 24 24 23 16 17 24 25 21 21 3 16
split_gain=3.49015 3.60971 3.69431 3.75764 4.66846 3.06922 3.46261 3.1982 2.94247 2.84015 3.32486 5.73423 4.40398 4.33929 3.6572 3.67234 3.36238 3.76071 3.02094 2.96331 2.95076 2.82622 4.17417 3.33357 5.45485 6.93129 9.19833 6.08461 5.78148 8.72393
threshold=0.20570998638868335 0.083033982664346709 1.0000000180025095e-35 1.5000000000000002 11234.955566406252 21.422952651977543 22.500000000000004 0.080422416329383864 1.5000000000000002 1.0000000180025095e-35 0.62564304471015941 6.5000000000000009 8.5000000000000018 14736.229980468752 19.500000000000004 14.500000000000002 12.500000000000002 13.249187946319582 6.0593731403350839 8347.2670898437518 11354.464843750002 2.68842625617981 18.500000000000004 1.5000000000000002 12883.406738281252 7.5000000000000009 0.29802435636520391 0.26759469509124761 104.00000000000001 14.500000000000002
decision_type=2 2 2 2 2 10 2 2 2 2 2 2 2 2 2 2 2 2 2 2 2 2 2 2 2 2 2 2 2 2
left_child=1 2 -1 -4 -5 6 7 -3 -2 10 16 12 -12 -14 15 -13 -10 18 -18 -20 -16 -7 23 -23 -25 26 27 -26 -28 -30
right_child=8 5 3 4 -6 21 -8 -9 9 -11 11 14 13 -15 20 -17 17 -19 19 -21 -22 22 -24 24 25 -27 28 -29 29 -31
leaf_value=-0.053825708241384579 0.050603443888555651 0.44338931460645992 -0.072231660527387345 0.44857747098138129 0.037251396664734211 -0.02277301231175765 -0.10555887684064823 0.0098882869808782775 0.035690814102005169 -0.0076947382627403811 -0.0095366026862950953 -0.0030191135989290851 2.3096649252159636 0.18600935712963138 -0.11617258435571955 -0.13803861303162793 0.60362620359164432 -0.11585182057584437 0.54563748341193574 0.11029485741172179 0.14600638306002631 -0.042222825172967188 0.046631569455308435 -0.020801269701203488 0.32840184354821822 0.0067013077771107404 0.14982552152501316 -0.11635832183092921 0.70625833218718548 0.08458989049207534
leaf_weight=10625 1932 98 250 105 195 89985 1232 25564 6239 30402 171 1464 84 84 98 1348 145 182 104 479 193 6456 4158 10519 620 4430 311 505 248 193
leaf_count=10625 1932 98 250 105 195 89985 1232 25564 6239 30402 171 1464 84 84 98 1348 145 182 104 479 193 6456 4158 10519 620 4430 311 505 248 193
internal_value=-0.000351046 -0.000483261 -0.00152215 0.00327273 0.0078 -0.000402817 0.000175354 0.000324525 0.000127896 2.00508e-05 0.000866206 -0.000665893 0.00674336 0.0136429 -0.00147535 -0.00213798 0.00160386 0.00501099 0.00693956 0.00501201 0.00492783 -0.000535237 -2.18802e-06 -0.000314923 0.000129798 0.00152497 0.00458071 0.00114667 0.00971808 0.0141361
internal_weight=198419 155494 11175 550 300 144319 26894 25662 42925 40993 10591 3442 339 168 3103 2812 7149 910 728 583 291 117425 27440 23282 16826 6307 1877 1125 752 441
internal_count=198419 155494 11175 550 300 144319 26894 25662 42925 40993 10591 3442 339 168 3103 2812 7149 910 728 583 291 117425 27440 23282 16826 6307 1877 1125 752 441
is_linear=0
shrinkage=0.06


Tree=95
num_leaves=31
num_cat=0
split_feature=0 19 14 1 21 7 16 25 0 19 26 24 18 18 21 24 11 26 21 0 20 27 24 27 17 23 0 24 21 26
split_gain=3.14908 3.36112 4.14587 7.51671 5.19732 3.18925 3.33985 4.83707 4.08537 4.37049 3.5561 3.15233 2.48884 2.4255 3.03666 4.38933 2.40445 2.2549 2.90681 5.72746 2.17118 2.1256 2.5623 2.42427 2.02834 2.02505 2.88246 2.02407 4.35251 4.81212
threshold=1.0000000180025095e-35 67.430042266845717 1.0000000180025095e-35 360.00000000000006 0.077198345214128508 1.5000000000000002 14.500000000000002 10.500000000000002 11.824396133422853 74.845867156982436 17.346798896789554 7232.7141113281259 -3.8565529584884639 -5.5349051952362052 0.26013524830341345 11153.663085937502 0.31626549363136297 9.4890217781066912 0.10603866726160051 7.2692391872406015 1.0000000180025095e-35 16.135438919067386 8415.7783203125018 19.968845367431644 1.0000000180025095e-35 11.868320941925051 7.2692391872406015 1429.7474365234377 0.70080316066741954 5.1307387351989755
decision_type=2 8 2 2 2 2 2 2 2 10 2 2 2 2 2 2 2 2 2 2 2 2 2 2 2 2 2 2 2 2
left_child=24 13 4 5 20 -4 7 8 -7 -10 -11 -8 17 14 15 -2 -13 18 19 -6 21 -3 -23 -24 -1 -15 -27 28 29 -14
right_child=1 2 3 -5 12 6 11 -9 9 10 -12 16 27 25 -16 -17 -18 -19 -20 -21 -22 22 23 -25 -26 26 -28 -29 -30 -31
leaf_value=-0.090387357852124026 -0.014205877668403685 -0.04488290739568887 -0.024557563912684793 0.67005831283768169 -0.052123117211805778 0.035900249596388774 0.31874314272185755 -0.088004136516097925 1.008515408281631 -0.073985713296838507 0.30639753146106802 -0.071506923023093749 0.43502927082186404 -0.0260437108079737 -0.013459303995680552 2.0475940407398658 0.63949801983742016 -0.037901324753710483 -0.0004012731333217079 0.39418066745267177 -0.065466798576275714 0.63338779545989388 0.13214887784754747 -0.06295647837560038 -0.024589635712786887 0.10969425851145818 -0.0047590726112292907 0.00025859961891653394 0.18496439765564432 0.0041619347901743079
leaf_weight=1764 111 829 1118 94 91 175 111 132 161 80 125 596 181 51124 284 120 92 9755 4303 87 5748 90 192 231 10821 806 3991 103809 88 1310
leaf_count=1764 111 829 1118 94 91 175 111 132 161 80 125 596 181 51124 284 120 92 9755 4303 87 5748 90 192 231 10821 806 3991 103809 88 1310
internal_value=-0.000337741 -0.000275538 -0.00010702 0.00222653 -0.000156448 0.00162162 0.00345652 0.00657058 0.00908318 0.0126885 0.00687805 0.00083354 -6.28985e-05 -0.000661919 0.00343689 0.00854545 -0.000680234 -0.000807532 0.000306627 0.00782022 -0.00173484 0.000438151 0.00347368 0.00151773 -0.00125626 -0.000699667 0.000479048 3.76879e-05 0.00216973 0.00140443
internal_weight=198419 185834 129398 2684 126714 2590 1472 673 541 366 205 799 119624 56436 515 231 688 14236 4481 178 7090 1342 513 423 12585 55921 4797 105388 1579 1491
internal_count=198419 185834 129398 2684 126714 2590 1472 673 541 366 205 799 119624 56436 515 231 688 14236 4481 178 7090 1342 513 423 12585 55921 4797 105388 1579 1491
is_linear=0
shrinkage=0.06


Tree=96
num_leaves=31
num_cat=0
split_feature=7 1 14 3 0 23 16 2 0 0 25 21 19 21 23 24 17 21 24 21 16 24 24 0 17 24 25 16 16 21
split_gain=2.96283 4.20633 4.02804 8.28033 3.78659 3.62522 6.77672 3.32283 3.4015 3.15006 3.4623 3.03566 2.94477 2.9288 2.8308 2.8022 3.12444 2.79886 4.16424 5.91642 6.39141 5.88415 11.5842 7.05832 3.91842 3.86186 5.53862 10.2608 9.4514 4.63024
threshold=1.0000000180025095e-35 149.00000000000003 1.0000000180025095e-35 339.50000000000006 5.5109925270080575 28.859872817993168 10.500000000000002 1.5000000000000002 6.0089447498321542 104.55176544189455 8.5000000000000018 0.81262066960334789 70.884185791015639 0.077198345214128508 1.7708882093429568 1287.2454223632815 5.5000000000000009 0.18244930356740954 11872.411621093752 0.033042430877685554 14.500000000000002 12397.694824218752 12248.351562500002 8.1695337295532244 4.5000000000000009 6650.7163085937509 11.500000000000002 14.500000000000002 16.500000000000004 0.14578184485435489
decision_type=2 2 2 2 2 2 2 2 2 2 2 2 8 2 2 2 2 2 2 2 2 2 2 2 2 2 2 2 2 2
left_child=7 4 5 13 11 15 -7 8 -1 12 -11 14 -6 -4 -2 16 -3 18 25 20 -20 22 -21 -24 -22 29 -27 -28 -29 -17
right_child=1 2 3 -5 9 6 -8 -9 -10 10 -12 -13 -14 -15 -16 17 -18 -19 19 21 24 -23 23 -25 -26 26 27 28 -30 -31
leaf_value=-0.049747874496800432 -0.020073872457487919 0.23165251467397807 0.30023228196924429 0.66923571488900735 -0.0035627031963416256 -0.19630626876845864 0.71431048315432721 0.0051209784941694866 -0.0098969533088902259 0.050549434756150813 0.56143964690128534 0.63845784318232346 0.020317897810029413 0.020940528032099563 0.014494317886601341 -0.063105442351945984 -0.083770794996123041 -0.021942875922997988 -0.069989050842225647 -0.063672358578382493 1.6976470431200337 -0.047193475771215215 1.2945262342938006 0.3643298980191777 0.36431710767840703 -0.11352317285267377 -0.26224754871350253 0.43948500724360862 0.16447857690345205 0.43793289534076529
leaf_weight=8039 30131 495 160 102 21477 105 141 6160 9344 221 100 107 26689 1932 7211 1488 322 65520 137 456 90 7883 159 88 92 8706 250 136 191 487
leaf_count=8039 30131 495 160 102 21477 105 141 6160 9344 221 100 107 26689 1932 7211 1488 322 65520 137 456 90 7883 159 88 92 8706 250 136 191 487
internal_value=-0.000322017 -0.000236946 -0.000526199 0.00201276 6.24171e-05 -0.000590415 0.00668293 -0.000953916 -0.00137824 0.000412439 0.00633645 -0.000390773 0.000372959 0.00119885 -0.00041969 -0.0006111 0.00288617 -0.000644447 -0.00126261 -0.000293095 0.00773041 -0.000591196 0.00466856 0.0151336 0.0150989 -0.00202949 -0.00254207 0.00315078 0.0101468 0.000379745
internal_weight=198419 174876 88940 2194 85936 86746 246 23543 17383 48487 321 37449 48166 2092 37342 86500 817 85683 20163 8905 319 8586 703 247 182 11258 9283 577 327 1975
internal_count=198419 174876 88940 2194 85936 86746 246 23543 17383 48487 321 37449 48166 2092 37342 86500 817 85683 20163 8905 319 8586 703 247 182 11258 9283 577 327 1975
is_linear=0
shrinkage=0.06


Tree=97
num_leaves=31
num_cat=0
split_feature=21 21 17 16 16 20 25 21 25 17 16 2 2 0 24 17 24 27 25 20 17 25 24 24 0 20 0 23 24 19
split_gain=2.87601 5.12948 10.5351 12.5589 11.2386 8.27837 6.27574 3.89188 6.44858 8.51395 7.39386 3.76673 4.55716 3.692 3.63436 6.32927 8.73063 5.18561 4.35734 3.67487 3.63462 3.47902 4.45939 5.9838 6.43677 3.70824 3.40905 3.39552 3.3818 3.32678
threshold=0.4179298877716065 0.42381054162979132 2.5000000000000004 14.500000000000002 17.500000000000004 2.5000000000000004 10.500000000000002 0.42809192836284643 1.5000000000000002 4.5000000000000009 12.500000000000002 5.5000000000000009 1.5000000000000002 46.076341629028327 6487.3454589843759 1.0000000180025095e-35 6372.1987304687509 12.787161350250246 11.500000000000002 3.5000000000000004 4.5000000000000009 2.5000000000000004 17649.014648437504 17350.135742187504 11.682975769042971 1.0000000180025095e-35 4.450169801712037 17.144623756408695 6135.1196289062509 84.959926605224624
decision_type=2 2 2 2 2 2 2 2 2 2 2 2 2 2 2 2 2 2 2 2 2 2 2 2 2 2 2 2 2 8
left_child=11 2 3 6 5 -5 -2 8 9 -3 -11 12 26 14 15 16 -13 -18 28 20 -20 25 23 -23 29 -9 -1 -15 -17 -25
right_child=1 7 -4 4 -6 -7 -8 21 -10 10 -12 13 -14 27 -16 18 17 -19 19 -21 -22 22 -24 24 -26 -27 -28 -29 -30 -31
leaf_value=-0.036893460517016509 -0.14221537776388898 -0.21003103415431595 -0.0031714370305880443 2.2481841160741207 0.19988319845135258 0.44618985416699491 0.55863544666263965 -0.086505462187242102 -0.10245138549182321 0.15982804650996499 0.073394548135533949 0.0089715946483898065 -0.0002515320893596848 0.038516323534584083 -0.062316236522204527 -0.13149640497304663 0.70206058536486016 1.901558079417474 -0.23092206921710698 1.2166180741115298 0.92936103427619787 0.0095336363990309557 -0.088073135227658722 0.65339683946593785 -0.043015510451982208 -0.015577189462093693 -0.0063563305099105976 0.9579895664559297 0.092057991304877601 0.10733383976706547
leaf_weight=9718 276 188 1416 99 149 114 99 1818 2526 90 92 289 71823 2165 37781 1036 100 120 112 112 104 44048 1269 233 205 6067 15213 143 897 117
leaf_count=9718 276 188 1416 99 149 114 99 1818 2526 90 92 289 71823 2165 37781 1036 100 120 112 112 104 44048 1269 233 205 6067 15213 143 897 117
internal_value=-0.000308712 4.32595e-05 0.00291779 0.00873541 0.0167072 0.0255493 0.00104 -6.5982e-05 -0.00220856 0.00518919 0.0144396 -0.000456965 -0.000249542 -0.000925221 -0.00105808 0.00103971 0.00708448 0.0160909 -0.000321098 0.00607317 0.0015 4.94433e-05 0.000249563 0.000349347 0.00654054 -0.00111478 -0.000948459 0.00140901 -0.00140611 0.0114857
internal_weight=198419 58806 2153 737 362 213 375 56653 2896 370 182 139613 96754 42859 40551 2770 509 220 2261 328 216 53757 45872 44603 555 7885 24931 2308 1933 350
internal_count=198419 58806 2153 737 362 213 375 56653 2896 370 182 139613 96754 42859 40551 2770 509 220 2261 328 216 53757 45872 44603 555 7885 24931 2308 1933 350
is_linear=0
shrinkage=0.06


Tree=98
num_leaves=31
num_cat=0
split_feature=11 21 24 20 16 5 19 18 0 3 19 27 27 26 16 3 2 21 24 21 24 11 11 16 17 16 21 25 23 24
split_gain=2.86979 3.08666 3.95052 4.8605 8.96189 7.92151 2.85813 3.43967 3.02964 4.60285 3.02378 3.01607 2.90569 2.74728 2.72655 2.56257 3.06202 3.8333 5.56254 9.9672 5.92543 5.56042 8.08191 19.3559 5.95311 15.2301 4.5141 4.28957 7.25696 7.19615
threshold=0.20570998638868335 0.083033982664346709 7031.1650390625009 1.5000000000000002 14.500000000000002 4.5000000000000009 73.704257965087905 2.6557959318161015 16.453348159790043 40.500000000000007 78.345775604248061 24.031622886657718 24.845652580261234 23.49708461761475 22.500000000000004 21.500000000000004 3.5000000000000004 0.48632842302322393 10257.641113281252 0.48841498792171484 10559.457031250002 0.33720590174198156 0.3195976614952088 11.500000000000002 1.0000000180025095e-35 14.500000000000002 0.56017047166824352 3.5000000000000004 2.2476330995559697 15201.062500000002
decision_type=2 2 2 2 2 2 8 2 2 2 10 2 2 2 2 2 2 2 2 2 2 2 2 2 2 2 2 2 2 2
left_child=1 2 3 -1 -5 -6 12 8 10 -10 -8 14 -3 -14 -9 -2 -17 27 26 -20 -21 22 24 -24 25 -22 -19 28 29 -18
right_child=15 6 -4 4 5 -7 7 11 9 -11 -12 -13 13 -15 -16 16 17 18 19 20 21 -23 23 -25 -26 -27 -28 -29 -30 -31
leaf_value=-0.048896475871838548 -0.037290136215846169 -0.023216089705333991 -0.048239482967521202 -0.10115009315808389 0.42939796869276325 1.1713660937251473 0.0026599431540235176 0.037272342874990108 0.048988715514744825 0.007472502110302451 -0.022077608237766125 1.7948721653880073 0.065950157621891187 1.6245901756966383 0.42282608067420951 0.019898556036010755 0.057968373316916101 0.071913814247002147 1.2353345866327972 1.2464546832842707 -0.57948082760442432 -0.023577867944621678 0.70239007937852083 -0.047587932295629042 0.010178353390813175 1.1928721071988868 -0.29352852807352714 -0.044487473242035482 1.5344462326500559 -0.21017452628921099
leaf_weight=379 2201 55221 10410 197 98 91 33137 3097 1451 10785 40088 124 197 81 138 18276 3225 571 94 86 90 1600 81 103 704 103 565 14388 186 652
leaf_count=379 2201 55221 10410 197 98 91 33137 3097 1451 10785 40088 124 197 81 138 18276 3225 571 94 86 90 1600 81 103 704 103 565 14388 186 652
internal_value=-0.000296616 -0.000416506 -0.00137718 0.00278431 0.00752331 0.0168571 -0.000342119 -0.000131053 -0.000205077 0.000668845 -0.000351111 0.00175231 -0.000679906 0.00543885 0.00140031 0.000137681 0.000245456 -0.000223986 0.00146059 0.00287102 0.00221829 0.001721 0.00504533 0.0165 0.00269565 0.0120311 -0.00209155 -0.000588913 0.00113266 0.000577249
internal_weight=198419 155494 11175 765 386 189 144319 88820 85461 12236 73225 3359 55499 278 3235 42925 40724 22448 3997 2861 2767 2681 1081 184 897 193 1136 18451 4063 3877
internal_count=198419 155494 11175 765 386 189 144319 88820 85461 12236 73225 3359 55499 278 3235 42925 40724 22448 3997 2861 2767 2681 1081 184 897 193 1136 18451 4063 3877
is_linear=0
shrinkage=0.06


Tree=99
num_leaves=31
num_cat=0
split_feature=23 10 0 16 11 0 25 24 24 0 0 16 20 23 16 24 0 26 21 16 24 23 4 5 0 21 20 21 15 0
split_gain=2.6555 4.55358 3.89516 3.44954 6.22026 3.67986 3.86068 5.3598 6.14552 5.84144 5.58723 4.77543 5.56032 4.62413 14.0258 4.05162 4.09895 3.98235 3.43149 9.28278 3.28555 4.35384 6.03212 3.86391 3.25043 6.06667 8.84586 3.71691 4.47375 3.44768
threshold=8.4409470558166522 1.5000000000000002 3.3500279188156132 1.5000000000000002 0.30487553775310522 104.55176544189455 7.5000000000000009 14736.229980468752 8607.9941406250018 18.96811676025391 15.688108921051027 19.500000000000004 3.5000000000000004 28.859872817993168 14.500000000000002 6278.3269042968759 9.7368164062500018 26.925598144531254 0.061696462333202369 14.500000000000002 7339.4455566406259 8.6239829063415545 215.50000000000003 4.5000000000000009 10.776923656463625 0.30543017387390142 2.5000000000000004 0.14386009424924853 1.0000000180025095e-35 8.9045305252075213
decision_type=2 2 2 2 2 2 2 2 2 2 2 2 2 2 2 2 2 2 2 2 2 2 2 2 2 2 2 2 2 2
left_child=-1 2 -2 4 -3 6 7 8 24 10 17 13 -13 15 -15 16 -8 -9 19 -10 -17 22 -22 -23 25 29 -27 -26 -29 -5
right_child=1 3 -4 5 -6 -7 11 9 18 -11 -12 12 -14 14 -16 20 -18 -19 -20 -21 21 23 -24 -25 27 26 -28 28 -30 -31
leaf_value=-0.01228447304021078 0.23289237747537106 0.025946776900839054 0.058426465206230932 -0.024686280838418072 1.0045745260452721 0.63181772803795955 1.2152009576714997 0.28945559755494077 -0.34327052657487117 -0.075288196376415512 0.78624022178401687 0.024978933113207941 0.73612211414135298 -0.29236426304906238 0.89353154103080534 -0.10886150828672297 0.00053194002915578115 -0.021283327561878115 -0.035159986346135388 1.6423744843795822 0.061968510346548586 -0.0018687586632435062 2.2719781981836813 -0.10893800880675478 0.30082252034699791 1.266609144319806 0.12778459605663811 -0.1361344165689673 0.26043550089445322 1.2004116185158145
leaf_weight=174696 147 648 940 353 165 165 104 826 88 296 111 1264 207 165 131 1386 179 285 4346 81 461 4790 120 5321 166 143 127 465 148 95
leaf_count=174696 147 648 940 353 165 165 104 826 88 296 111 1264 207 165 131 1386 179 285 4346 81 461 4790 120 5321 166 143 127 465 148 95
internal_value=-0.000287847 0.000307801 0.00410119 0.000125639 0.0039631 -1.73226e-05 -8.53279e-05 0.00101195 0.000207583 0.00419763 0.00602946 -0.00067016 0.0025656 -0.00104622 0.00636486 -0.00122369 0.00587279 0.00474707 -0.000897011 0.00749112 -0.00138997 -0.00103367 0.00401721 -0.00132391 0.00353908 0.00645125 0.0135556 0.000854941 -0.0013018 0.00216964
internal_weight=198419 23723 1087 22636 813 21823 21658 7530 6012 1518 1222 14128 1471 12657 296 12361 283 1111 4515 169 12078 10692 581 10111 1497 718 270 779 613 448
internal_count=198419 23723 1087 22636 813 21823 21658 7530 6012 1518 1222 14128 1471 12657 296 12361 283 1111 4515 169 12078 10692 581 10111 1497 718 270 779 613 448
is_linear=0
shrinkage=0.06


Tree=100
num_leaves=31
num_cat=0
split_feature=21 21 11 0 11 16 20 2 25 20 23 0 11 18 18 27 19 17 16 21 21 2 19 27 11 26 11 21 21 26
split_gain=2.33868 3.19383 3.41635 3.63775 3.86028 5.83046 15.1246 9.4402 3.73914 3.69269 3.29213 5.3392 3.14424 2.69927 2.74282 4.61316 5.85244 7.37952 2.66883 2.70289 2.67309 2.90461 2.641 3.17158 2.44262 2.49797 2.39761 5.3026 4.57914 3.90232
threshold=0.20445406436920169 0.20257904380559924 0.50419721007347118 48.56915473937989 0.52979543805122387 14.500000000000002 2.5000000000000004 3.5000000000000004 3.5000000000000004 3.5000000000000004 8.3458485603332537 61.939558029174812 0.51078239083290111 3.8941751718521123 3.7011747360229497 16.317432403564457 63.384860992431648 3.5000000000000004 1.5000000000000002 0.18616661429405215 0.069169893860816969 3.5000000000000004 77.339645385742202 4.7379081249237069 0.69596979022026073 26.14304351806641 0.20570998638868335 0.2516866028308869 0.26463150978088384 7.9862735271453866
decision_type=2 2 2 2 2 2 2 2 2 2 2 2 2 2 2 2 10 2 2 2 2 2 10 2 2 2 2 2 2 2
left_child=1 2 -1 4 5 12 7 -7 9 -6 11 -5 -4 14 26 -16 -17 -18 -10 20 -20 -22 -15 -24 25 -21 -2 29 -29 -28
right_child=13 -3 3 10 8 6 -8 -9 18 -11 -12 -13 -14 22 15 16 17 -19 19 24 21 -23 23 -25 -26 -27 27 28 -30 -31
leaf_value=-0.02400125320626571 -0.0079256651232039784 -0.098253544581303337 0.10559749088690759 0.48447865154123487 0.095604795501820938 0.45255208034066546 -0.18270293331279469 0.56856762715358655 0.18142936233363979 0.67024956260859003 2.1445284660026145 -0.018796149693259556 -0.10781312785291655 -0.043364084972334502 -0.010330667148111717 0.044042706202407016 4.4504332723187243 0.12416684547717201 0.058333185775194973 0.095661519278950433 -0.0099985945304294898 -0.18340162927374959 0.67292027742651217 0.018340162681105752 -0.094979421919124785 0.28845854373759167 0.32646574722086497 -0.086565428778375281 0.0091123881677104487 0.0404521402255252
leaf_weight=47323 104674 908 85 92 631 131 168 144 127 126 84 213 357 9894 597 183 83 83 670 449 1482 1680 90 861 161 81 1023 1513 21560 2946
leaf_count=47323 104674 908 85 92 631 131 168 144 127 126 84 213 357 9894 597 183 83 83 670 449 1482 1680 90 861 161 81 1023 1513 21560 2946
internal_value=-0.000287847 -0.000620849 -0.000561515 0.000708575 0.000360456 0.0040339 0.00889842 0.0175636 -0.0002408 0.00366975 0.00633933 0.00344262 -0.00084163 -0.000160426 -8.60246e-05 0.00313319 0.00861318 0.0167711 -0.000877421 -0.00111829 -0.00174113 -0.00247059 -0.00107054 0.00194953 0.00233574 0.00430189 -0.000109145 0.000394496 4.60264e-05 0.00242026
internal_weight=198419 54912 54004 6681 6292 885 443 275 5407 757 389 305 442 143507 132662 946 349 166 4650 4523 3832 3162 10845 951 691 530 131716 27042 23073 3969
internal_count=198419 54912 54004 6681 6292 885 443 275 5407 757 389 305 442 143507 132662 946 349 166 4650 4523 3832 3162 10845 951 691 530 131716 27042 23073 3969
is_linear=0
shrinkage=0.06


Tree=101
num_leaves=31
num_cat=0
split_feature=19 1 21 24 0 16 26 16 11 27 23 24 24 24 24 20 21 17 14 25 20 25 0 17 0 0 25 0 25 24
split_gain=2.31951 2.95763 3.66466 3.16336 3.02469 2.89136 2.74296 2.09013 2.24751 2.26374 2.12951 1.86467 1.92314 2.41564 3.15623 4.26268 3.21543 3.09783 2.76683 3.22571 2.33708 5.35283 3.88722 7.03362 3.59318 2.87391 3.0121 2.00197 2.00011 4.50383
threshold=32.645650863647468 151.00000000000003 0.56469395756721508 17932.731445312504 1.6419573426246645 17.500000000000004 616.05508422851574 22.500000000000004 0.40412232279777532 8.9510717391967791 2.8542082309722905 17649.014648437504 17041.088867187504 15805.925292968752 15721.367675781252 1.0000000180025095e-35 0.17628498375415805 3.5000000000000004 1.0000000180025095e-35 9.5000000000000018 1.5000000000000002 9.5000000000000018 9.7368164062500018 1.0000000180025095e-35 8.3264079093933123 17.58416843414307 5.5000000000000009 4.1343591213226327 4.5000000000000009 12332.306152343752
decision_type=10 2 2 2 2 2 2 2 2 2 2 2 2 2 2 2 2 2 2 2 2 2 2 2 2 2 2 2 2 2
left_child=7 2 4 11 -2 6 -4 -1 -9 -10 -11 12 13 14 16 -16 18 -17 28 -20 22 -22 -14 -24 27 26 -25 -23 29 -3
right_child=1 3 5 -5 -6 -7 -8 8 9 10 -12 -13 20 -15 15 17 -18 -19 19 -21 21 24 23 25 -26 -27 -28 -29 -30 -31
leaf_value=0.0060213107668590712 -0.027928431855564668 -0.082172432693897443 0.033448855830606111 0.30711896008855044 -0.0032048532810927343 -0.020093849528584947 0.19651870763235035 -0.11062740245931643 1.1188876915862231 -0.19264961937535033 0.13251238383694725 -0.11441531702365978 0.0019311469867907564 -0.083037574365530428 -0.10176847371834476 0.094968947962779868 -0.01822655525639966 0.81304207485477964 -0.0057249879844870274 0.25915527393425541 -0.094037282152718032 0.36970158910086715 1.4853047449266223 0.35063623617949558 -0.064156973795249136 -0.21015011040777021 -0.014265985410903969 0.57171213384376462 -0.099852782403792834 0.23810347765885656
leaf_weight=45395 15030 2784 7073 114 67456 2519 188 1484 84 127 98 1253 690 5109 155 167 38227 92 275 114 1052 98 91 102 95 133 83 87 7180 1064
leaf_count=45395 15030 2784 7073 114 67456 2519 188 1484 84 127 98 1253 690 5109 155 167 38227 92 275 114 1052 98 91 102 95 133 83 87 7180 1064
internal_value=-0.000275449 -0.000390041 -0.000177922 -0.000721955 -0.000308126 0.000920244 0.00152789 9.18016e-05 -0.00191746 0.00273786 -0.000400001 -0.000741297 -0.000691484 -0.000764263 -0.000637422 0.00457971 -0.00068093 0.00928957 -0.00156451 0.00340874 0.000960097 -0.000729731 0.00300819 0.00764303 0.00664286 0.00343396 0.00827027 0.0115135 -0.00173994 -0.000636176
internal_weight=198419 151231 92266 58965 82486 9780 7261 47188 1793 309 225 58851 57598 55167 50058 414 49644 259 11417 389 2431 1332 1099 409 280 318 185 185 11028 3848
internal_count=198419 151231 92266 58965 82486 9780 7261 47188 1793 309 225 58851 57598 55167 50058 414 49644 259 11417 389 2431 1332 1099 409 280 318 185 185 11028 3848
is_linear=0
shrinkage=0.06


Tree=102
num_leaves=31
num_cat=0
split_feature=7 1 0 21 14 3 24 23 27 7 0 21 24 24 24 23 25 24 21 16 16 16 17 21 0 0 24 0 0 27
split_gain=2.18927 4.03712 3.09915 3.36626 2.93452 7.52761 2.77147 2.74409 2.71735 2.64302 2.92397 2.57753 3.99846 4.11296 3.29694 5.11306 6.02246 10.227 7.46047 9.12415 6.49915 5.3824 3.7127 3.63473 4.34015 4.13042 3.13836 4.04334 7.68197 4.07195
threshold=1.0000000180025095e-35 125.50000000000001 5.452667474746705 0.81262066960334789 1.0000000180025095e-35 339.50000000000006 1287.2454223632815 1.7987306118011477 14.566906452178957 3.5000000000000004 21.800677299499515 0.17327156662940982 17932.731445312504 17540.340820312504 11872.411621093752 12.537551403045656 4.5000000000000009 13494.974609375002 0.033042430877685554 14.500000000000002 16.500000000000004 14.500000000000002 5.5000000000000009 0.12394391745328905 1.7699356675148012 4.450169801712037 16236.231445312502 8.1051063537597674 16.753225326538089 20.504293441772464
decision_type=2 2 2 2 2 2 2 2 2 2 2 2 2 2 2 2 2 2 2 2 2 2 2 2 2 2 2 2 2 2
left_child=-1 2 3 7 6 9 8 -2 -3 -6 -11 14 13 -13 -8 16 17 20 19 -18 -16 -17 -19 24 -24 -26 -20 -28 29 -29
right_child=1 4 -4 -5 5 -7 11 -9 -10 10 -12 12 -14 -15 15 21 18 22 26 -21 -22 -23 23 -25 25 -27 27 28 -30 -31
leaf_value=-0.017185769544995556 -0.016121906565258942 -0.0010693683326253264 0.01361893104432675 0.69872686721065003 -0.00062959031921358197 0.6381542042508016 -0.06379966692706078 0.01772242203582652 0.30875685096564826 0.19345024737928782 0.45278954876430644 -0.013106934574119739 0.4255889981743346 -0.11107286801615801 0.90627492078025529 -0.1111622683016595 -0.09277148672625099 -0.063992229028470238 -0.11768093987936591 1.2576742290574299 -0.064241297099168454 0.80490339968009839 -0.22796360885151573 -0.23178486035099818 2.4916386419988421 0.77166459780188412 -0.12843451262834957 0.20462417804827024 -0.085009776504339829 2.1323524901335276
leaf_weight=23543 23044 573 37084 80 2103 102 13041 5397 430 394 90 80165 103 2333 611 188 129 1473 4490 166 274 207 88 107 84 228 1044 355 393 100
leaf_count=23543 23044 573 37084 80 2103 102 13041 5397 430 394 90 80165 103 2333 611 188 129 1473 4490 166 274 207 88 107 84 228 1044 355 393 100
internal_value=-0.00026547 -0.000192343 0.00017971 -0.000290524 -0.00041572 0.00154184 -0.000465108 -0.000325095 0.00267398 0.000911479 0.00490909 -0.000494929 -0.000338569 -0.000353319 -0.00105701 -0.000233674 -0.000510586 0.00179057 -0.00149798 0.00783051 0.00715254 0.00645569 -0.000606062 0.00382248 0.00645 0.00976923 -0.00192918 0.000120506 0.00319811 0.00850549
internal_weight=198419 174876 65605 28521 109271 2689 106582 28441 1003 2587 484 105579 82601 82498 22978 9937 9542 2865 6677 295 885 395 1980 507 400 312 6382 1892 848 455
internal_count=198419 174876 65605 28521 109271 2689 106582 28441 1003 2587 484 105579 82601 82498 22978 9937 9542 2865 6677 295 885 395 1980 507 400 312 6382 1892 848 455
is_linear=0
shrinkage=0.06


Tree=103
num_leaves=31
num_cat=0
split_feature=21 19 19 0 18 0 21 1 0 19 21 11 27 0 2 24 25 24 0 27 24 24 24 25 16 0 14 16 21 17
split_gain=2.4828 2.43468 3.29635 2.7437 2.7432 2.65742 2.85517 2.61015 2.45003 2.3421 3.45003 2.86192 3.12592 2.83191 2.34205 3.8184 4.67915 12.1868 6.0495 4.09348 3.37446 8.1481 11.7949 5.47121 12.0444 9.99253 4.73191 4.27883 6.69243 5.14632
threshold=0.17327156662940982 73.874481201171889 78.345775604248061 11.101244926452638 4.1357512474060067 104.55176544189455 0.35429145395755773 137.50000000000003 10.213494300842287 97.889629364013686 0.17814790457487109 0.71972233057022106 18.295266151428226 6.1135640144348153 4.5000000000000009 6432.6215820312509 5.5000000000000009 6223.2419433593759 3.3500279188156132 14.016833305358888 11817.410156250002 12397.694824218752 12248.351562500002 11.500000000000002 14.500000000000002 6.4687130451202401 1.0000000180025095e-35 10.500000000000002 0.033042430877685554 4.5000000000000009
decision_type=2 8 10 2 2 2 2 2 2 10 2 2 2 2 2 2 2 2 2 2 2 2 2 2 2 2 2 2 2 2
left_child=14 5 -3 4 8 -2 -7 -5 9 11 -11 -4 13 -13 -1 16 17 -16 -19 -20 23 22 -22 26 -25 -26 -17 -23 -29 -30
right_child=1 2 3 7 -6 6 -8 -9 -10 10 -12 12 -14 -15 15 20 -18 18 19 -21 21 27 -24 24 25 -27 -28 28 29 -31
leaf_value=-0.0073256642863472679 -0.015060763155879391 0.013123557262587756 -0.011398574080915831 0.03003617267170074 0.12524707556170661 1.940140101583302 -0.020714173743777063 -0.01650803154813359 -0.080495455422014708 1.2217734111519238 -0.049699027148707962 0.035922228814164868 -0.14279825902285836 4.0737870798207645 -0.073270955955509823 -0.1229411702657907 -0.08692795069160357 1.1564962375448906 -0.11432601562862894 2.140445191312812 0.0061273650280051608 -0.12041618871016319 1.1061498580951465 -0.25027185043259037 0.46629549590280839 -0.043832970926239882 0.15621893296260733 1.0717038290407574 -0.06637276713252642 0.40258252024037527
leaf_weight=25757 61852 42208 27950 7256 491 121 123 6603 1511 83 6547 109 102 133 432 7817 682 82 89 124 496 3174 221 251 157 112 294 162 2472 1008
leaf_count=25757 61852 42208 27950 7256 491 121 123 6603 1511 83 6547 109 102 133 432 7817 682 82 89 124 496 3174 221 251 157 112 294 162 2472 1008
internal_value=-0.000267284 -0.000155099 3.91628e-05 -0.000286503 -0.000556682 -0.00044602 0.00580328 0.000433363 -0.000616716 -0.000514375 -0.00152941 -0.000276526 0.00516279 0.00887603 -0.000668822 -0.00120287 0.00179276 0.00514168 0.0145424 0.00921127 -0.001464 -0.000536043 0.00554812 -0.0022739 0.00369231 0.012513 -0.00265639 -0.00117606 0.000227346 -0.000327588
internal_weight=198419 155089 92993 50785 36926 62096 244 13859 36435 34924 6630 28294 344 242 43330 17573 1409 727 295 213 16164 7533 717 8631 520 269 8111 6816 3642 3480
internal_count=198419 155089 92993 50785 36926 62096 244 13859 36435 34924 6630 28294 344 242 43330 17573 1409 727 295 213 16164 7533 717 8631 520 269 8111 6816 3642 3480
is_linear=0
shrinkage=0.06


Tree=104
num_leaves=31
num_cat=0
split_feature=21 2 24 24 0 17 24 24 24 25 16 0 14 27 21 16 17 24 16 21 24 25 20 17 0 21 19 11 16 11
split_gain=2.26606 2.57695 2.47523 3.391 4.22823 9.16597 3.02016 6.99942 11.6717 3.42741 7.39632 9.0796 4.18934 3.0098 2.64662 4.81679 2.70076 3.26363 13.3348 9.75248 3.88138 7.72646 2.95519 4.11857 4.08334 4.6618 3.10559 2.68052 4.55294 4.34657
threshold=0.18244930356740954 5.5000000000000009 6432.6215820312509 6390.0229492187509 3.3018347024917607 4.5000000000000009 11817.410156250002 12397.694824218752 12248.351562500002 11.500000000000002 14.500000000000002 6.4117753505706796 1.0000000180025095e-35 14.117574691772463 0.033042430877685554 14.500000000000002 4.5000000000000009 14615.934570312502 14.500000000000002 0.089744016528129592 16952.113281250004 6.5000000000000009 3.5000000000000004 2.5000000000000004 10.213494300842287 0.097057621926069274 60.873748779296882 0.44730649888515478 14.500000000000002 0.52979543805122387
decision_type=2 2 2 2 2 2 2 2 2 2 2 2 2 2 2 2 2 2 2 2 2 2 2 2 2 2 10 2 2 2
left_child=1 -1 3 4 5 -3 9 8 -8 12 -11 -12 -4 -10 15 -9 22 18 -18 -20 -19 -22 27 -24 25 -25 -27 -16 -29 -30
right_child=-2 2 6 -5 -6 -7 7 14 13 10 11 -13 -14 -15 16 -17 17 20 19 -21 21 -23 23 24 -26 26 -28 28 29 -31
leaf_value=-0.0082544821993511402 -0.004582666510757589 -0.058498735249521233 -0.13389419356393673 1.6757200052482404 -0.14077792543997231 0.60661332129692946 0.0016952011608031608 -0.083752210695985138 0.92518902513184964 -0.24271304354897455 0.42661090471107321 -0.052192657088673565 0.18103022772815927 1.0698757163431283 -0.16628921239892075 1.0258800054954549 -0.40121066714567905 -0.14862986000733278 2.3832112923007744 0.63032767476062612 -0.13546203801990336 2.1907692409996873 -0.16873116783942643 0.014976616357146888 -0.073616237469518356 1.3710966372948279 1.3615190117984379 -0.18573952569045243 0.43799995191981822 0.0058848700652021687
leaf_weight=32437 151620 258 6361 115 596 97 375 104 84 219 119 110 221 83 2210 121 207 725 146 86 207 160 381 154 237 80 81 414 117 294
leaf_count=32437 151620 258 6361 115 596 97 375 104 84 219 119 110 221 83 2210 121 207 725 146 86 207 160 381 154 237 80 81 414 117 294
internal_value=-0.000261841 -0.00062681 -0.00129592 0.00148593 0.000309147 0.00549296 -0.00151895 -0.000561125 0.00595572 -0.00237269 0.00270536 0.0102445 -0.00271832 0.0191497 -0.0011782 0.0052 -0.00143917 0.000701501 0.00507061 0.0149483 -0.00105495 0.00397275 -0.00226512 0.000688101 0.004 0.00847619 0.0156149 -0.00317298 -0.000254547 0.00421898
internal_weight=198419 46799 14362 1066 951 355 13296 6266 542 7030 448 229 6582 167 5724 225 5499 1531 439 232 1092 367 3968 933 552 315 161 3035 825 411
internal_count=198419 46799 14362 1066 951 355 13296 6266 542 7030 448 229 6582 167 5724 225 5499 1531 439 232 1092 367 3968 933 552 315 161 3035 825 411
is_linear=0
shrinkage=0.06


Tree=105
num_leaves=31
num_cat=0
split_feature=3 14 3 21 0 18 23 1 21 0 0 25 3 0 24 11 11 16 24 24 24 25 20 21 21 0 11 0 24 0
split_gain=2.37017 4.11771 5.97784 3.99327 3.82855 3.14623 2.61421 3.56725 2.95083 4.72905 3.05806 5.71282 2.41323 2.30424 2.21292 2.55844 7.86808 9.02563 4.41569 4.88319 5.03633 6.45953 7.83803 2.72327 4.53161 2.441 2.33256 7.31662 4.13917 2.98828
threshold=161.00000000000003 1.0000000180025095e-35 339.50000000000006 0.18244930356740954 1.2789404988288882 4.0124847888946542 4.1234867572784433 292.50000000000006 0.1898603290319443 5.6073594093322763 23.120385169982914 3.5000000000000004 14.000000000000002 96.72674942016603 12762.763671875002 0.31717492640018469 0.32602486014366155 10.500000000000002 15961.212890625002 13124.946777343752 13290.918945312502 2.5000000000000004 1.5000000000000002 0.60342115163803112 0.59814637899398815 10.213494300842287 0.71001616120338451 9.2073082923889178 8607.9941406250018 69.17972564697267
decision_type=2 2 2 2 2 2 2 2 2 2 2 2 2 2 2 2 2 2 2 2 2 2 2 2 2 2 2 2 2 2
left_child=4 3 -3 -2 12 -6 8 -8 9 -5 11 -11 -1 -7 26 23 17 -17 19 -18 -21 22 -22 24 -16 -24 29 28 -28 -10
right_child=1 2 -4 6 5 13 7 -9 14 10 -12 -13 -14 -15 15 16 18 -19 -20 20 21 -23 25 -25 -26 -27 27 -29 -30 -31
leaf_value=-0.10498704150810305 -0.056860421274063336 0.054676719356582963 0.59293976190509834 -0.017572877351602283 0.0039434656469993969 -0.030916421373715811 -0.0060738244503055986 0.14433383543183628 -0.021883164808621652 0.083862937005867944 -0.077367011470989372 1.2089241878819956 -0.020514350965892516 0.49105343746689167 -0.064078891898429413 0.50936859980715099 -0.19714644625548011 0.073519267128814722 -0.13441789286160866 0.41177264713199418 0.9815519053497872 -0.017894803157436648 -0.10405254263993756 -0.14583293985097656 0.35403779830553195 0.98546421599251566 0.7395392684653912 -0.12592746703071597 3.8441802239226299 0.17312079001037323
leaf_weight=557 17935 1841 102 561 93973 8799 9104 2551 26064 138 80 105 16160 144 13146 114 447 169 1074 151 141 1530 146 1742 144 84 88 246 92 991
leaf_count=557 17935 1841 102 561 93973 8799 9104 2551 26064 138 80 105 16160 144 13146 114 447 169 1074 151 141 1530 146 1742 144 84 88 246 92 991
internal_value=-0.000258213 -0.000513748 0.0022141 -0.000582722 -8.99265e-05 4.68717e-05 -0.000344063 0.000460745 -0.00054257 0.0028914 0.00867492 0.0120247 -0.000932106 -0.00102852 -0.000608037 -0.00110801 0.000270745 0.00990106 -0.000492025 0.000890755 0.00212865 0.0012909 0.00839353 -0.00146168 -0.0011693 0.00156522 -0.000264402 0.00414084 0.0133333 -0.000333766
internal_weight=198419 78786 1943 76843 119633 102916 58908 11655 47253 884 323 243 16717 8943 46369 18888 3856 283 3573 2499 2052 1901 371 15032 13290 230 27481 426 180 27055
internal_count=198419 78786 1943 76843 119633 102916 58908 11655 47253 884 323 243 16717 8943 46369 18888 3856 283 3573 2499 2052 1901 371 15032 13290 230 27481 426 180 27055
is_linear=0
shrinkage=0.06


Tree=106
num_leaves=31
num_cat=0
split_feature=3 7 14 3 21 21 16 20 21 23 4 23 24 25 2 20 16 24 24 23 2 0 3 0 24 11 0 24 0 17
split_gain=2.28494 3.69621 3.36813 5.21775 3.55359 3.45695 2.95818 5.70319 2.67424 2.60266 3.05327 2.44651 2.45135 2.84755 5.42511 6.02657 4.99992 9.31631 4.65711 3.08728 2.36839 2.72852 3.22123 2.23833 2.2275 2.30949 7.31662 4.13917 2.41799 34.5563
threshold=161.00000000000003 1.0000000180025095e-35 1.0000000180025095e-35 339.50000000000006 0.18379971385002139 0.1898603290319443 9.5000000000000018 2.5000000000000004 0.56469395756721508 4.1234867572784433 229.50000000000003 27.01892185211182 11670.645019531252 7.5000000000000009 6.5000000000000009 1.0000000180025095e-35 14.500000000000002 14065.137695312502 15592.574218750002 12.229872703552248 1.5000000000000002 8.7351169586181658 15.500000000000002 1.2789404988288882 12762.763671875002 0.71001616120338451 9.2073082923889178 8607.9941406250018 69.17972564697267 5.5000000000000009
decision_type=2 2 2 2 2 2 2 2 2 2 2 2 2 2 2 2 2 2 2 2 2 2 2 2 2 2 2 2 2 2
left_child=1 20 4 -4 -2 6 7 -6 23 24 -11 12 -12 14 -14 -16 19 -18 -19 -17 21 -1 -23 -3 25 28 27 -27 -7 -30
right_child=2 8 3 -5 5 9 -8 -9 -10 10 11 -13 13 -15 15 16 17 18 -20 -21 -22 22 -24 -25 -26 26 -28 -29 29 -31
leaf_value=-0.033528623517760342 -0.054075719089572601 -0.018525327645940743 0.05139611619518826 0.55736337619079235 0.098255388501469754 -0.020570174920104402 0.028992060560831812 0.57173676649693794 0.027855049230270698 -0.033802145401994818 -0.0054497763092709109 0.53220139447212267 -0.16574641488435241 0.043839213478525145 -0.0060264799972220935 0.71918455976111262 1.353674558667288 0.01249197497194908 0.68384301372099232 -0.086378709072036056 0.0079089057309317829 0.022553166286105601 -0.022095030783121354 0.0025821441849293407 -0.051299880283502332 0.69516691235746764 -0.11837181900887306 3.6135294104872719 -0.024259183836709362 1.509131603097754
leaf_weight=10557 18232 12706 1841 102 159 26064 482 98 10219 5977 2625 142 212 1851 233 88 81 99 95 100 6160 1884 4942 73165 18888 88 246 92 906 85
leaf_count=10557 18232 12706 1841 102 159 26064 482 98 10219 5977 2625 142 212 1851 233 88 81 99 95 100 6160 1884 4942 73165 18888 88 246 92 906 85
internal_value=-0.000249141 -8.3908e-05 -0.00050004 0.00196706 -0.000562421 -0.000334853 0.00374289 0.00894163 8.11725e-05 -0.000386924 0.000420932 0.00143757 0.00123254 0.00248133 0.00523348 0.0077931 0.0117538 0.0169091 0.00977319 0.00421276 -0.000757679 -0.00111592 -0.000181074 -2.80202e-05 -0.000587333 -0.000242569 0.00414084 0.0133333 -0.000311589 0.00259737
internal_weight=198419 119633 78786 1943 76843 58611 739 257 96090 57872 11503 5526 5384 2759 908 696 463 275 194 188 23543 17383 6826 85871 46369 27481 426 180 27055 991
internal_count=198419 119633 78786 1943 76843 58611 739 257 96090 57872 11503 5526 5384 2759 908 696 463 275 194 188 23543 17383 6826 85871 46369 27481 426 180 27055 991
is_linear=0
shrinkage=0.06


Tree=107
num_leaves=31
num_cat=0
split_feature=2 21 7 23 0 17 23 24 0 21 15 14 24 16 0 24 21 0 24 25 17 25 24 24 21 21 24 16 24 24
split_gain=2.2383 4.69157 2.95252 2.86495 2.54064 3.64041 13.3517 2.84491 10.7042 6.63769 2.35667 5.39359 5.17172 7.90929 16.2811 18.3663 5.68253 7.62451 4.49772 4.08139 4.05443 4.55914 4.63231 10.4385 6.40144 12.9727 8.69563 6.88094 12.0297 6.7282
threshold=5.5000000000000009 0.39240394532680517 1.0000000180025095e-35 28.859872817993168 46.076341629028327 5.5000000000000009 1.7987306118011477 12463.331054687502 61.939558029174812 0.27927991747856146 1.0000000180025095e-35 1.0000000180025095e-35 8003.4028320312509 10.500000000000002 12.605771541595461 7676.5393066406259 0.46524071693420416 5.2431099414825448 9452.7729492187518 11.500000000000002 5.5000000000000009 2.5000000000000004 10257.641113281252 13550.238281250002 0.57403510808944713 0.59352794289588939 13103.602539062502 8.5000000000000018 11952.073242187502 10896.337890625002
decision_type=2 2 2 2 2 2 2 2 2 2 2 2 2 2 2 2 2 2 2 2 2 2 2 2 2 2 2 2 2 2
left_child=2 4 -1 10 -2 7 -7 -6 9 -9 12 20 13 16 15 -15 -3 -18 -13 -14 21 -12 -23 24 26 -26 -24 28 -27 -29
right_child=1 3 -4 -5 5 6 -8 8 -10 -11 11 18 19 14 -16 -17 17 -19 -20 -21 -22 22 23 -25 25 27 -28 29 -30 -31
leaf_value=-0.01480952164030622 -0.049641923767625426 -0.31664027636798875 0.00056728593574638744 0.70492380925736287 -0.042635108163745307 1.167271255608098 -0.083959216671149445 0.77685348981737912 -0.10282642888582311 2.2057578165596761 -0.14503484640802544 -0.026852495260153739 0.050783385918623823 -0.092703366872456103 2.2330134500593082 1.2380962069555355 1.0979957201645261 -0.091797321824450356 1.4116291713762203 -0.3164321336611321 -0.15728435519263151 -0.11386744218612338 -0.03450951384744317 -0.055744961515856561 1.5858550833928871 -0.095265482535921875 1.7094183947497543 0.97303146604308577 1.0261627351001839 -0.00022793682082545327
leaf_weight=23543 38355 321 114003 115 1232 104 189 149 409 83 1243 118 7646 408 168 87 82 180 173 535 1630 2515 1058 2802 167 95 167 85 120 637
leaf_count=23543 38355 321 114003 115 1232 104 189 149 409 83 1243 118 7646 408 168 87 82 180 173 535 1630 2515 1058 2802 167 95 167 85 120 637
internal_value=-0.000231602 -0.000534524 -9.75397e-05 0.000208725 -0.000907827 0.00109141 0.00731058 0.000118525 0.00336037 0.0136552 0.000155061 -0.000449585 0.000848413 0.00444944 0.00893213 0.00345454 -0.000648372 0.0059084 0.00760825 0.000299962 -0.000672499 -0.000168074 0.000379805 0.00141376 0.00438214 0.00769565 0.00139592 0.00494984 0.0143721 0.00214404
internal_weight=198419 60873 137546 20352 40521 2166 293 1873 641 232 20237 10810 9427 1246 663 495 583 262 291 8181 10519 8889 7646 5131 2329 1104 1225 937 215 722
internal_count=198419 60873 137546 20352 40521 2166 293 1873 641 232 20237 10810 9427 1246 663 495 583 262 291 8181 10519 8889 7646 5131 2329 1104 1225 937 215 722
is_linear=0
shrinkage=0.06


Tree=108
num_leaves=31
num_cat=0
split_feature=2 21 23 23 10 2 4 0 23 0 0 24 23 21 11 0 19 27 0 24 0 3 16 21 24 16 24 23 17 23
split_gain=2.24359 3.69607 2.62661 3.15493 3.1373 2.91543 3.04289 3.67278 2.60126 2.41776 2.49048 3.36347 2.96911 2.78164 2.81884 2.68879 2.74027 2.32368 2.79083 2.48231 2.32226 4.33187 2.32054 2.76902 2.97185 3.76323 2.44777 3.94326 2.41502 2.21691
threshold=5.5000000000000009 0.39240394532680517 1.8355448246002199 2.2976937294006352 1.5000000000000002 1.5000000000000002 55.000000000000007 9.2073082923889178 28.859872817993168 104.55176544189455 11.682975769042971 13103.602539062502 9.8196783065795916 0.30741475522518164 0.71972233057022106 8.6549654006958026 80.834739685058608 17.769328117370609 9.8272161483764666 13323.810058593752 15.417643547058107 29.000000000000004 9.5000000000000018 0.52702134847641002 14562.096191406252 15.500000000000002 14065.137695312502 3.8235820531845097 1.0000000180025095e-35 6.4740757942199716
decision_type=2 2 2 2 2 2 2 2 2 2 2 2 2 2 2 2 8 2 2 2 2 2 2 2 2 2 2 2 2 2
left_child=2 -2 5 -4 29 20 7 -7 -3 10 11 -6 13 14 17 16 -14 18 19 -13 -1 -22 26 -24 25 -25 -15 28 -28 -5
right_child=1 8 3 4 9 6 -8 -9 -10 -11 -12 12 15 22 -16 -17 -18 -19 -20 -21 21 -23 23 24 -26 -27 27 -29 -30 -31
leaf_value=-0.022058699188321769 -0.040478796643850012 0.0053601383545413541 0.06137359009140346 0.0022003005011998777 -0.0030683221183563417 0.0053496856358374034 -0.0054461546844745464 0.059226695284227672 0.66262838070192087 0.64828048631737256 -0.016281814836014565 1.4881408008080452 0.12179564306753053 -0.023264815604680633 0.19499052314107349 -0.0046179282844630498 0.037282595238364406 -0.065572272409737065 1.6317437308657088 -0.015318130149384554 0.039485511552310781 -0.024838883558323407 -0.0095216673336767609 0.10867945059965547 0.02001186360162294 0.24050298489227187 0.062061248812058732 0.050321887039956138 0.29570567300729972 0.096666169212680592
leaf_weight=21405 40521 20237 1477 893 12929 4684 67787 2121 115 161 12629 98 673 201 100 504 553 1095 121 1925 1812 2687 1206 103 330 92 87 332 150 1391
leaf_count=21405 40521 20237 1477 893 12929 4684 67787 2121 115 161 12629 98 673 201 100 504 553 1095 121 1925 1812 2687 1206 103 330 92 87 332 150 1391
internal_value=-0.000224345 -0.000527625 -9.0124e-05 0.000341699 0.00022888 -0.000249325 -5.88817e-05 0.00115062 0.000132074 8.12867e-05 4.56397e-05 0.000453972 0.00145839 0.000811642 -0.000321655 0.00364162 0.00515824 -0.000627973 0.000520521 -8.89911e-06 -0.000797716 0.00044143 0.00232467 0.00110572 0.00474286 0.0106154 0.00506493 0.00707557 0.0129873 0.00238003
internal_weight=198419 60873 137546 37050 35573 100496 74592 6805 20352 33289 33128 20499 7570 5840 3339 1730 1226 3239 2144 2023 25904 4499 2501 1731 525 195 770 569 237 2284
internal_count=198419 60873 137546 37050 35573 100496 74592 6805 20352 33289 33128 20499 7570 5840 3339 1730 1226 3239 2144 2023 25904 4499 2501 1731 525 195 770 569 237 2284
is_linear=0
shrinkage=0.06


Tree=109
num_leaves=31
num_cat=0
split_feature=21 21 5 27 26 0 21 2 24 0 24 24 24 21 27 24 0 15 0 16 11 16 21 19 19 24 25 24 16 24
split_gain=1.92076 2.38137 3.0606 4.15091 2.73162 3.64444 2.63575 2.27797 2.20814 3.7404 3.07501 3.37148 4.14452 3.40615 3.62942 3.33562 7.01073 3.30077 4.49953 3.26273 4.90021 2.58685 3.06415 2.38519 2.78886 2.18905 3.2219 6.06159 4.33348 3.60237
threshold=0.18379971385002139 0.1898603290319443 8.5000000000000018 19.045413017272953 18.015957832336429 6.5752253532409677 0.19260819256305697 5.5000000000000009 17932.731445312504 5.1373994350433358 17921.063476562504 17885.785156250004 17540.340820312504 0.23404077440500262 16.135438919067386 17350.135742187504 35.662218093872077 1.0000000180025095e-35 11.682975769042971 19.500000000000004 0.37146402895450598 8.5000000000000018 0.41394232213497167 73.704257965087905 78.062583923339858 6609.9169921875009 4.5000000000000009 6223.2419433593759 8.5000000000000018 6487.3454589843759
decision_type=2 2 2 2 2 2 2 2 2 2 2 2 2 2 2 2 2 2 2 2 2 2 2 8 10 2 2 2 2 2
left_child=7 2 -2 4 -4 -6 -3 -1 10 -10 11 12 15 14 -14 -8 17 -17 23 -15 -21 -13 -23 -19 -25 26 27 -9 -28 -29
right_child=1 6 3 -5 5 -7 8 25 9 -11 -12 21 13 19 -16 16 -18 18 -20 20 -22 22 -24 24 -26 -27 28 29 -30 -31
leaf_value=-0.0070860117483244733 0.020952000557165104 -0.086091060931170596 0.13806076444115309 -0.18223892752989065 0.40770469161937478 0.96515717538015267 -0.0037937613706327663 -0.08642124932578002 0.52963143326395601 -0.030640448077454956 -0.22894515479450461 0.36129624340576966 -0.065631383928803119 -0.10276190669775911 1.3815601102029598 -0.0019041837536172969 2.3461912495257873 0.52768033837510309 -0.045656295750014161 -0.039159247376006068 1.1530628898849355 0.19220749987258162 -0.13405946082580894 -0.0088413076624503546 0.37132395696985326 -0.065231806434111084 0.49644386357713038 1.414410731105769 -0.13805279385817221 0.012175829124226665
leaf_weight=33075 1356 925 177 135 98 82 141903 325 96 87 380 108 95 2455 94 1325 86 138 197 225 85 301 142 124 88 13181 189 223 607 117
leaf_count=33075 1356 925 177 135 98 82 141903 325 96 87 380 108 95 2455 94 1325 86 138 197 225 85 301 142 124 88 13181 189 223 607 117
internal_value=-0.000226159 -0.000121115 0.00201948 0.00607317 0.00946218 0.0146667 -0.00014769 -0.000557916 -0.000127725 0.00645901 -0.000135883 -0.000121983 -0.000139565 -0.00236425 0.00542857 -9.38837e-05 0.00236568 0.00159615 0.00551737 -0.00289693 0.00290322 0.00456261 0.00253273 0.0096 0.00560377 -0.00118099 0.00102259 0.00410526 -0.00155277 0.00970588
internal_weight=198419 150702 1848 492 357 180 148854 47717 147929 183 147746 147366 146815 2954 189 143861 1958 1872 547 2765 310 551 443 350 212 14642 1461 665 796 340
internal_count=198419 150702 1848 492 357 180 148854 47717 147929 183 147746 147366 146815 2954 189 143861 1958 1872 547 2765 310 551 443 350 212 14642 1461 665 796 340
is_linear=0
shrinkage=0.06


Tree=110
num_leaves=31
num_cat=0
split_feature=1 7 21 14 7 25 0 27 20 24 24 23 23 0 24 11 23 23 0 16 21 11 21 23 5 0 23 11 11 0
split_gain=1.91918 3.39396 2.36404 2.30839 4.2679 3.48698 2.53351 2.60589 2.18084 3.97915 3.4894 3.31422 5.1747 8.87387 11.793 7.25543 4.05348 7.88864 10.1538 4.88386 5.46146 3.04062 3.01837 5.28067 3.6 2.61624 4.36032 2.44397 7.84401 12.5118
threshold=151.00000000000003 1.0000000180025095e-35 0.56469395756721508 1.0000000180025095e-35 3.5000000000000004 5.5000000000000009 17.58416843414307 15.422378540039064 1.5000000000000002 17932.731445312504 1429.7474365234377 8.4409470558166522 9.706268787384035 9.3691916465759295 11234.955566406252 0.2943719774484635 1.4496549367904665 1.1887561678886416 4.5494661331176767 15.500000000000002 0.47451655566692358 0.38261900842189794 0.30543017387390142 9.1458992958068865 10.500000000000002 2.0976994037628178 12.026573657989504 0.2314923703670502 0.27093729376792913 11.440140247344972
decision_type=2 2 2 2 2 2 2 2 2 2 2 2 2 2 2 2 2 2 2 2 2 2 2 2 2 2 2 2 2 2
left_child=1 -1 -3 8 -5 -6 7 -7 11 10 -10 16 13 22 -15 -16 17 -2 -19 20 -20 27 -13 24 -24 26 -14 -18 29 -29
right_child=3 2 -4 4 5 6 -8 -9 9 -11 -12 12 25 14 15 -17 21 18 19 -21 -22 -23 23 -25 -26 -27 -28 28 -30 -31
leaf_value=-0.013512686264559074 -0.0059724276443969141 0.00030584260036583177 0.026679790719230042 -0.0072020079575868153 -0.0015955317196319839 0.058179872877506048 0.51068924353591516 0.51169036735903894 0.15887097636243774 0.38752160471514646 -0.03675881817648681 -0.23161354988695382 0.65053654646392511 -0.057931786753232323 2.4425274970383777 0.17689482701198755 -0.061397352848507607 2.2568573897578794 -0.04906864841056572 -0.30534085968168184 2.7355626538643718 -0.1477801689854214 0.094396957655627459 -0.11178495421803439 0.94094534343927083 -0.003099147574234289 0.011139341109353797 0.99252619259651631 -0.066088184276136261 -0.24785452293088367
leaf_weight=23543 25971 77718 9250 1581 233 146 82 125 893 86 45921 247 115 157 107 133 5826 115 100 156 91 1108 80 161 80 3525 229 83 471 86
leaf_count=23543 25971 77718 9250 1581 233 146 82 125 893 86 45921 247 115 157 107 133 5826 115 100 156 91 1108 80 161 80 3525 229 83 471 86
internal_value=-0.000221321 -5.48919e-05 0.000118111 -0.000430542 0.00150346 0.00587713 0.00963739 0.00684133 -0.000479422 -0.000754799 -0.000778486 -0.000146908 0.00132313 0.00525388 0.012136 0.0205 -0.000355869 -5.22218e-06 0.00776623 0.00264553 0.00907853 -0.00157962 0.000443661 0.00428037 0.012 0.000342723 0.00533721 -0.00108197 0.0024375 0.0135266
internal_weight=198419 110511 86968 87908 2167 586 353 271 85741 46900 46814 38841 4834 965 397 240 34007 26433 462 347 191 7574 568 321 160 3869 344 6466 640 169
internal_count=198419 110511 86968 87908 2167 586 353 271 85741 46900 46814 38841 4834 965 397 240 34007 26433 462 347 191 7574 568 321 160 3869 344 6466 640 169
is_linear=0
shrinkage=0.06


Tree=111
num_leaves=31
num_cat=0
split_feature=2 21 2 4 0 18 0 0 17 24 24 0 21 25 25 23 14 23 16 24 24 24 17 21 24 24 20 16 11 27
split_gain=1.86967 3.29862 2.37352 3.32961 2.33768 2.88108 2.2465 2.21074 2.77285 14.2703 2.67874 10.1732 6.89258 2.26569 3.53344 10.7332 5.47972 4.05731 8.28319 6.91708 4.0204 4.59706 11.5141 3.20086 3.77811 6.5867 13.5544 3.38999 3.09649 3.15408
threshold=5.5000000000000009 0.39240394532680517 1.5000000000000002 55.000000000000007 6.2392084598541269 -0.66806119680404652 0.97613495588302623 46.076341629028327 5.5000000000000009 11354.464843750002 12463.331054687502 61.939558029174812 0.27927991747856146 10.500000000000002 6.5000000000000009 8.9206295013427752 1.0000000180025095e-35 9.8196783065795916 14.500000000000002 13323.810058593752 15961.212890625002 15644.583496093752 3.5000000000000004 0.34812484681606298 15072.989746093752 14736.229980468752 1.0000000180025095e-35 9.5000000000000018 0.53896865248680126 11.96977758407593
decision_type=2 2 2 2 2 2 2 2 2 2 2 2 2 2 2 2 2 2 2 2 2 2 2 2 2 2 2 2 2 2
left_child=2 7 6 4 -4 -6 -1 13 10 -10 -9 12 -12 14 15 20 -16 -17 -19 -20 21 23 -23 24 25 -2 -27 -28 29 -18
right_child=1 -3 3 -5 5 -7 -8 8 9 -11 11 -13 -14 -15 16 17 28 18 19 -21 -22 22 -24 -25 -26 26 27 -29 -30 -31
leaf_value=-0.039210585170223689 -0.01714275613817107 0.0067255500571256951 0.0019659653476243725 -0.001546746822645451 0.068293934131953615 0.019995718467999531 -0.0062999513606680491 -0.034866483515134952 1.0940191329624354 -0.095783536370981748 0.73879044570360286 -0.091794960581216084 2.0764270467056285 0.0072840209346072063 -0.089761508158000922 0.80139724304923488 0.053291190101631296 -0.12552396764269202 0.92547602722086353 -0.028719799966586582 -0.1085190818294787 1.5850213072388504 0.023025164679134631 -0.10797467409982039 -0.15908762031264503 1.117298022072222 1.4544916471064844 -0.14938331649365949 -0.21933351101703386 0.3751685591836183
leaf_weight=4407 12168 20352 4374 92799 1997 2922 31047 1232 113 180 149 409 83 6093 13348 114 128 198 161 93 2276 121 407 1806 784 102 130 169 117 140
leaf_count=4407 12168 20352 4374 92799 1997 2922 31047 1232 113 180 149 409 83 6093 13348 114 128 198 161 93 2276 121 407 1806 784 102 130 169 117 140
internal_value=-0.000211342 -0.000488198 -8.88154e-05 5.80638e-05 0.00114086 0.00203822 -0.000511763 -0.000801216 0.00106371 0.00649147 0.000214628 0.00336037 0.0133966 -0.000906533 -0.00110694 -0.000566357 -0.00183631 0.0075689 0.0050177 0.012189 -0.000822693 -0.000480782 0.00502273 -0.000672473 -0.000351832 -9.97707e-05 0.00746633 0.00102341 0.00522078 0.00877612
internal_weight=198419 60873 137546 102092 9293 4919 35454 40521 2166 293 1873 641 232 38355 32262 18529 13733 566 452 254 17963 15687 528 15159 13353 12569 401 299 385 268
internal_count=198419 60873 137546 102092 9293 4919 35454 40521 2166 293 1873 641 232 38355 32262 18529 13733 566 452 254 17963 15687 528 15159 13353 12569 401 299 385 268
is_linear=0
shrinkage=0.06


Tree=112
num_leaves=31
num_cat=0
split_feature=19 21 18 14 21 21 26 26 25 27 21 16 25 23 1 27 18 0 0 24 27 0 0 26 11 17 5 23 24 3
split_gain=1.84416 3.27585 2.94495 2.85256 2.51914 2.50817 2.83748 7.75355 2.43707 2.31926 1.87202 3.69901 3.67017 2.82271 1.97643 1.92607 1.69949 2.21595 1.61467 2.32161 1.52824 2.92238 2.01677 5.11232 1.42436 2.50967 1.42377 1.4369 1.41688 1.39737
threshold=66.39725494384767 0.071135025471448912 -4.0247554779052725 1.0000000180025095e-35 0.54729878902435314 0.66943460702896129 6.8222749233245858 4.8634307384490976 6.5000000000000009 13.65981960296631 0.057964274659752853 13.500000000000002 1.5000000000000002 14.959635734558107 149.00000000000003 8.7046318054199237 4.0124847888946542 96.72674942016603 5.1916961669921884 8347.2670898437518 24.215013504028324 3.043215394020081 15.91614866256714 18.015957832336429 0.65231239795684826 3.5000000000000004 2.5000000000000004 2.68842625617981 14462.160644531252 19.500000000000004
decision_type=8 2 2 2 2 2 2 2 2 2 2 2 2 2 2 2 2 2 2 2 2 2 2 2 2 2 2 2 2 2
left_child=10 3 4 -2 24 6 7 8 -6 -5 11 -1 -13 15 16 -14 26 -18 19 -8 -16 -22 -23 -24 -3 -26 27 -12 -17 -4
right_child=1 2 29 9 5 -7 18 -9 -10 -11 14 12 13 -15 20 28 17 -19 -20 -21 21 22 23 -25 25 -27 -28 -29 -30 -31
leaf_value=-0.043902102131396184 -0.038922123288788177 -0.029263991789657096 -0.011409313447751987 -0.056731639659737695 0.14288774251304362 -0.027693080155323339 1.3833257904881977 1.1947251096206057 -0.15329384947789448 0.25095137364879821 -0.017211385951891332 2.2546584096745819 0.1337310125853898 1.0776325405166558 -0.050994252020183886 -0.076956864712200229 -0.039198440586134191 0.58306763504937276 -0.036453004146888998 0.031305580099122633 1.3149431739623723 -0.080292305983459211 1.1957748198927223 -0.17804887710471159 0.2700749228912025 -0.096613787302792339 0.014812724999069988 0.0094862755884630168 0.038625842846784803 0.0044865609985155833
leaf_weight=866 6951 14856 7344 117 113 690 99 83 92 120 12853 125 222 86 20558 307 5164 109 515 287 134 473 85 80 107 90 11101 4414 153 110225
leaf_count=866 6951 14856 7344 117 113 690 99 83 92 120 12853 125 222 86 20558 307 5164 109 515 287 134 473 85 80 107 90 11101 4414 153 110225
internal_value=-0.000201666 -8.5922e-05 -1.92281e-05 -0.00133389 -0.000759038 0.0013124 0.00298234 0.00816667 0.00190244 0.00513924 -0.000490747 0.00143604 0.00414558 0.00259375 -0.000552402 0.00130205 -0.000265927 -0.00125507 0.00132519 0.00425907 -0.00100422 0.00161658 -7.52365e-05 0.00563636 -0.00101761 0.00405076 -8.20657e-05 -0.000422889 -0.000913045 8.73175e-05
internal_weight=198419 141689 134501 7188 16932 1879 1189 288 205 237 56730 1759 893 768 54971 682 33641 5273 901 386 21330 772 638 165 15053 197 28368 17267 460 117569
internal_count=198419 141689 134501 7188 16932 1879 1189 288 205 237 56730 1759 893 768 54971 682 33641 5273 901 386 21330 772 638 165 15053 197 28368 17267 460 117569
is_linear=0
shrinkage=0.06


Tree=113
num_leaves=31
num_cat=0
split_feature=16 23 23 26 21 21 0 0 1 21 23 27 19 17 0 21 20 17 17 0 26 27 6 0 23 19 23 0 16 26
split_gain=1.73752 3.28456 5.73304 3.62375 3.0508 2.50916 3.50072 3.05447 2.55198 2.07542 5.64305 5.9321 4.05829 2.58509 2.86465 1.93293 2.0658 2.51853 1.92134 2.42974 4.85675 4.08778 1.90937 3.97157 3.64203 3.38641 4.26931 4.00723 4.9139 4.94085
threshold=7.5000000000000009 19.41494178771973 20.401210784912113 20.534393310546879 0.18130980432033542 0.066865954548120513 75.529083251953139 11.101244926452638 60.000000000000007 0.57403510808944713 0.16912916302680972 18.218735694885257 78.950950622558608 2.5000000000000004 2.8567444086074834 0.51772466301918041 3.5000000000000004 3.5000000000000004 3.5000000000000004 12.943249225616457 4.5874428749084482 23.377543449401859 14.900000095367433 5.5109925270080575 18.906799316406254 74.995918273925795 12.026573657989504 16.453348159790043 17.500000000000004 20.903930664062504
decision_type=2 2 2 2 2 2 2 2 2 2 2 2 8 2 2 2 2 2 2 2 2 2 2 2 2 8 2 2 2 2
left_child=1 5 3 -3 -4 6 -1 9 -9 15 13 12 -12 14 -11 -7 -17 -18 -10 20 -20 -21 23 -2 25 26 -25 28 -28 -30
right_child=22 2 4 -5 -6 7 -8 8 18 10 11 -13 -14 -15 -16 16 17 -19 19 21 -22 -23 -24 24 -26 -27 27 -29 29 -31
leaf_value=-0.10488648194555047 -0.014207689673335522 1.7576059776365434 0.16780364651789303 1.2240088094033903 -0.045106700670335835 0.021486255233013809 0.13927582191486168 0.032974214425880242 -0.085440696247934364 -0.063497213816568837 0.56656669539860183 1.3566803391838553 -0.19799034113105624 -0.016980968951566429 0.13886121566088458 -0.089054103657988271 -0.065475925646433314 1.3675390262365503 1.495352344196659 -0.071341161208923073 0.038855079778765157 0.26022641810760905 -0.023195685010715266 -0.0083913810447745468 -0.063284786847692426 0.018867575448710792 0.055975484081771706 -0.024853452473930344 0.83275897434973178 0.037161548264106746
leaf_weight=1015 43915 86 81 82 406 16066 83 822 3560 122 96 98 114 1033 403 931 156 130 96 1912 417 128 69571 26268 2050 26529 1084 845 198 122
leaf_count=1015 43915 86 81 82 406 16066 83 822 3560 122 96 98 114 1033 403 931 156 130 96 1912 417 128 69571 26268 2050 26529 1084 845 198 122
internal_value=-0.000195315 0.000244206 0.00444275 0.014 0.00114579 0.000143034 -0.00266667 0.000261308 -0.000817593 0.000652043 0.00255305 0.00997402 0.00428571 0.00108601 0.00451428 0.000446796 -0.00185867 0.0026014 -0.00123965 1.64498e-05 0.0037076 -0.000911766 -0.00026704 -0.000100446 0.000229507 0.000321984 -0.000131923 0.00237706 0.00434188 0.010875
internal_weight=198419 27837 655 168 487 27182 1098 26084 6935 19149 1866 308 210 1558 525 17283 1217 286 6113 2553 513 2040 170582 101011 57096 55046 28517 2249 1404 320
internal_count=198419 27837 655 168 487 27182 1098 26084 6935 19149 1866 308 210 1558 525 17283 1217 286 6113 2553 513 2040 170582 101011 57096 55046 28517 2249 1404 320
is_linear=0
shrinkage=0.06


Tree=114
num_leaves=31
num_cat=0
split_feature=24 23 0 27 24 15 17 20 26 0 19 21 21 0 24 3 18 0 24 27 24 16 21 11 17 4 24 20 16 21
split_gain=1.56804 2.3575 2.3149 3.03703 1.99349 1.93787 2.26331 2.1819 2.1944 1.68928 1.51916 2.85814 5.58233 6.96463 2.74953 3.65121 2.47096 2.19689 1.9955 2.18315 1.99073 2.84629 5.48239 2.40165 2.76444 3.53791 2.16296 5.57657 2.03037 1.82951
threshold=1429.7474365234377 2.2976937294006352 8.3264079093933123 22.945136070251468 1613.7940673828127 1.0000000180025095e-35 1.5000000000000002 2.5000000000000004 8.4761471748352069 19.748422622680668 66.39725494384767 0.10603866726160051 0.10818686708807947 11.323418617248537 15721.367675781252 176.50000000000003 -4.0247554779052725 96.72674942016603 16492.236328125004 10.844287395477297 10728.933593750002 14.500000000000002 0.089744016528129592 0.50419721007347118 1.5000000000000002 136.50000000000003 12735.981933593752 1.0000000180025095e-35 15.500000000000002 0.54006037116050731
decision_type=2 2 2 2 2 2 2 2 2 2 8 2 2 2 2 2 2 2 2 2 2 2 2 2 2 2 2 2 2 2
left_child=1 2 3 5 -2 7 -7 -1 -9 -4 -6 17 13 14 -13 -16 29 18 19 -12 23 26 -23 -21 25 -25 27 -22 -24 -14
right_child=4 -3 9 -5 10 6 -8 8 -10 -11 11 12 16 -15 15 -17 -18 -19 -20 20 21 22 28 24 -26 -27 -28 -29 -30 -31
leaf_value=0.0014142947029998571 -0.084124854370986532 -0.095985324610842512 -0.054349042154021025 1.0441778894936729 -0.014771868091998097 0.12015828680743283 -0.067417261220172206 0.38657555260819576 0.12847824831224153 0.077816776411087321 -0.044421884546726034 -0.055512348275724682 -0.026345196137924097 0.70510346036669846 0.048564109156280941 0.97901480423647114 0.0023008852043511284 0.19554213313425353 -0.080183196131803428 -0.036203661191955026 1.1984872207369139 0.017860770930702968 0.72889326585295322 0.015865403660858101 -0.022123752942716388 0.3877252564803057 -0.059299172004270588 -0.0069306241464172262 0.14604313024837334 0.027783231391402933
leaf_weight=270 906 183 734 83 55673 134 642 144 363 184 4868 251 13663 145 141 92 108501 111 1540 3599 96 1415 96 106 307 95 1111 620 386 1960
leaf_count=270 906 183 734 83 55673 134 642 144 363 184 4868 251 13663 145 141 92 108501 111 1540 3599 96 1415 96 106 307 95 1111 620 386 1960
internal_value=-0.000191989 0.0012342 0.00170556 0.00305868 -0.000211937 0.00246104 0.000340205 0.00457915 0.00689941 -0.000705884 -0.000198876 -9.28679e-05 -6.26666e-07 0.00563752 0.00218182 0.00687554 -2.9198e-05 -0.000894775 -0.000960322 -0.000712971 -9.27099e-05 0.000911921 0.0025398 -0.00100365 0.00285827 0.00832836 -0.000778327 0.00179329 0.00806639 -0.000734687
internal_weight=198419 2737 2554 1636 195682 1553 776 777 507 918 194776 139103 124753 629 484 233 124124 14350 14239 12699 7831 3724 1897 4107 508 201 1827 716 482 15623
internal_count=198419 2737 2554 1636 195682 1553 776 777 507 918 194776 139103 124753 629 484 233 124124 14350 14239 12699 7831 3724 1897 4107 508 201 1827 716 482 15623
is_linear=0
shrinkage=0.06


Tree=115
num_leaves=31
num_cat=0
split_feature=2 21 7 11 15 17 23 0 21 23 20 25 24 24 21 21 24 17 24 20 24 20 0 25 16 21 25 27 27 11
split_gain=1.60081 2.89447 2.418 2.21867 2.1746 4.9735 11.5764 4.88293 4.66002 15.7871 5.23641 3.22671 3.70212 7.84091 5.32242 7.38241 5.83099 5.92755 5.24998 5.01045 4.51747 4.48238 4.12889 4.05074 4.20536 3.66189 3.63837 4.47916 3.15396 3.10642
threshold=5.5000000000000009 0.39240394532680517 1.0000000180025095e-35 0.75387340784072887 1.0000000180025095e-35 5.5000000000000009 13.007656097412111 10.989459514617922 0.48632842302322393 7.5184257030487069 3.5000000000000004 2.5000000000000004 9452.7729492187518 13550.238281250002 0.56469395756721508 0.62503737211227428 11445.069335937502 1.5000000000000002 13323.810058593752 1.0000000180025095e-35 1287.2454223632815 2.5000000000000004 13.249187946319582 9.5000000000000018 14.500000000000002 0.76986923813819896 7.5000000000000009 13.939949989318849 9.9750595092773455 0.23054748773574832
decision_type=2 2 2 2 2 2 2 2 2 2 2 2 2 2 2 2 2 2 2 2 2 2 2 2 2 2 2 2 2 2
left_child=2 -2 -1 4 5 -3 8 -8 10 -10 -7 -6 20 14 18 16 17 22 -14 23 -13 -21 -16 24 -17 26 27 -23 -18 -15
right_child=1 3 -4 -5 11 6 7 -9 9 -11 -12 12 13 29 15 19 28 -19 -20 21 -22 25 -24 -25 -26 -27 -28 -29 -30 -31
leaf_value=-0.01245452309696061 -0.0348892051086023 0.0077954731192807049 0.0010498120598879447 1.7199209176642343 -0.14538642276113692 -0.11904412540427224 0.70091061129701071 0.11065704458771351 2.1959894974537604 -0.55200713628608311 0.39597502661090517 0.75026124237559288 -0.036861043356276137 -0.12028374445241234 0.98345240032000858 -0.28175040673693691 2.3198169236733759 -0.16848000188001055 1.8604795678643462 -0.16614087676413877 -0.11983864358198364 0.18519663838359962 0.31805016692028343 0.51603744312383726 0.67617287778450486 -0.14083838635302071 -0.0018071815420407536 1.1270487656203814 1.3759919567134538 0.071244051042641809
leaf_weight=23543 40521 7848 114003 111 1526 1015 139 86 115 117 163 103 1454 2415 124 84 81 161 113 504 2478 116 99 111 90 105 150 110 94 840
leaf_count=23543 40521 7848 114003 111 1526 1015 139 86 115 117 163 103 1454 2415 124 84 81 161 113 504 2478 116 99 111 90 105 150 110 94 840
internal_value=-0.000192594 -0.000448772 -7.92186e-05 0.000135022 8.86306e-05 0.000751027 0.00376147 0.0164 0.00174468 0.00951724 0.00021392 -0.000495261 -7.27917e-05 0.000675686 0.00269258 0.0048912 0.0106369 0.0065 0.000126355 0.0023622 -0.00200155 0.000335024 0.0128341 0.00936842 0.00365517 0.00447817 0.00724468 0.0120531 0.0197143 -0.00142857
internal_weight=198419 60873 137546 20352 20241 9483 1635 225 1410 232 1178 10758 9232 6651 3396 1829 559 384 1567 1270 2581 985 223 285 174 481 376 226 175 3255
internal_count=198419 60873 137546 20352 20241 9483 1635 225 1410 232 1178 10758 9232 6651 3396 1829 559 384 1567 1270 2581 985 223 285 174 481 376 226 175 3255
is_linear=0
shrinkage=0.06


Tree=116
num_leaves=31
num_cat=0
split_feature=2 21 24 24 21 0 0 25 25 21 11 21 19 23 25 17 21 25 21 24 25 0 17 21 21 21 24 0 16 24
split_gain=1.62342 2.69565 2.45433 11.2671 4.36577 4.74229 3.57892 3.43424 4.61693 3.52364 5.20889 5.39363 3.97379 2.80818 5.98165 10.2924 2.78866 5.3924 6.31069 4.20032 11.7731 22.5389 6.39048 2.75547 2.67926 6.94057 7.77613 3.42739 4.35881 3.28354
threshold=5.5000000000000009 0.22167993336915973 15072.989746093752 15019.383300781252 0.2291279807686806 5.452667474746705 12.188961982727053 6.5000000000000009 7.5000000000000009 0.28577227890491491 0.23054748773574832 0.30543017387390142 48.908920288085945 0.52593147754669201 6.5000000000000009 1.5000000000000002 0.24158938974142077 11.500000000000002 0.23079120367765429 10150.854003906252 6.5000000000000009 14.349258899688722 5.5000000000000009 0.45558665692806249 0.4179298877716065 0.42381054162979132 8911.6054687500018 7.760831594467164 9.5000000000000018 11952.073242187502
decision_type=2 2 2 2 2 2 2 2 2 2 2 2 8 2 2 2 2 2 2 2 2 2 2 2 2 2 2 2 2 2
left_child=-1 -2 3 16 5 -4 13 -8 -9 -10 11 -11 -13 -6 15 -15 17 18 -3 20 21 -20 -22 -17 -18 26 -26 28 -28 -27
right_child=1 2 4 -5 6 -7 7 8 9 10 -12 12 -14 14 -16 23 24 -19 19 -21 22 -23 -24 -25 25 29 27 -29 -30 -31
leaf_value=-0.00180305320361246 -0.046061214898006582 -0.10647182629149102 0.50704756499331871 0.48263185528544889 -0.12311591798823329 -0.022727301085576222 -0.08593114387786227 0.86099178233047224 -0.086252686852435118 1.913229245642236 0.42325078810762484 0.39260363202275828 -0.079573748904314429 1.41020142380059 -0.10428548495465111 -0.12361003649076549 -0.033785464354777091 0.42465062943246751 1.3104797545064149 0.0076632001419141421 -0.099284611530781677 0.012530962827326481 0.97767310821318987 0.15311938061044938 -0.071446225344560035 -0.022180312341605137 0.36365549073333836 0.10854734396082427 1.5570492317220064 0.087799364056900045
leaf_weight=137546 18984 951 112 162 4666 116 1033 94 306 107 89 80 576 150 1550 247 16297 224 80 516 225 91 111 82 160 8969 81 88 107 4619
leaf_count=137546 18984 951 112 162 4666 116 1033 94 306 107 89 80 576 150 1550 247 16297 224 80 516 225 91 111 82 160 8969 81 88 107 4619
internal_value=-0.000186848 -0.000444829 -0.000176038 6.77444e-05 -0.00104127 0.00715789 -0.00124944 0.000800874 0.00291374 0.00187565 0.00385915 0.00225688 0.000219511 -0.00194922 -8.5758e-05 0.00577453 -1.08874e-05 0.00205277 0.00105167 0.00432258 0.00820118 0.0210175 0.00167857 -0.000164135 -0.000160484 0.000447517 0.00789908 0.014 0.0185745 0.000208418
internal_weight=198419 60873 41889 32681 9208 228 8980 2285 1252 1158 852 763 656 6695 2029 479 32519 2198 1974 1023 507 171 336 329 30321 14024 436 276 188 13588
internal_count=198419 60873 41889 32681 9208 228 8980 2285 1252 1158 852 763 656 6695 2029 479 32519 2198 1974 1023 507 171 336 329 30321 14024 436 276 188 13588
is_linear=0
shrinkage=0.06


Tree=117
num_leaves=31
num_cat=0
split_feature=2 21 24 24 21 0 24 0 20 21 23 0 25 21 21 0 24 25 17 21 25 20 16 20 21 21 17 24 24 20
split_gain=1.68705 2.23274 2.65739 10.2619 3.88848 4.17337 2.93437 4.27697 8.31621 9.09949 6.32926 4.06095 3.06306 6.09524 2.56853 9.74318 10.8694 5.39814 8.23932 12.9119 6.41061 8.52025 5.30231 13.6264 3.18336 5.33869 8.52125 3.84484 7.50982 6.79475
threshold=5.5000000000000009 0.22167993336915973 15072.989746093752 15019.383300781252 0.2291279807686806 5.452667474746705 15472.451660156252 21.800677299499515 1.5000000000000002 0.35429145395755773 16.400203704833988 48.56915473937989 1.5000000000000002 0.42508035898208624 0.26247824728488928 69.17972564697267 9821.4609375000018 3.5000000000000004 4.5000000000000009 0.25447905063629156 10.500000000000002 2.5000000000000004 14.500000000000002 1.5000000000000002 0.4179298877716065 0.42381054162979132 1.5000000000000002 8415.7783203125018 7751.2326660156259 2.5000000000000004
decision_type=2 2 2 2 2 2 2 2 2 2 2 2 2 2 2 2 2 2 2 2 2 2 2 2 2 2 2 2 2 2
left_child=-1 -2 3 14 5 -4 -6 10 9 -9 12 -11 13 -8 15 17 -17 18 19 22 -19 -22 -3 -24 27 26 -26 28 -16 -30
right_child=1 2 4 -5 6 -7 7 8 -10 11 -12 -13 -14 -15 24 16 -18 20 -20 -21 21 -23 23 -25 25 -27 -28 -29 29 -31
leaf_value=-0.0016948700113956891 -0.043297542004126173 -0.10438727849437071 0.47662471109371962 0.453673943968322 -0.15859316780296029 -0.021363663020441678 -0.071470292359437609 -0.041390117305299678 -0.12279429817301443 1.5986341274851881 0.16371883711067953 0.1918808707548047 -0.087092026331949471 0.16998816499908204 -0.047619211413061587 0.032086578813224902 1.0369542296429655 -0.055282081886289448 -0.085736277534209995 1.3697239249684154 0.064951280869182157 0.89904485907099296 -0.079958495395436105 3.4102628725839117 1.469114351885247 0.010434346764885043 0.044517248366554248 -0.073991804168822173 0.49391549436095322 -0.10575468353329792
leaf_weight=137546 18984 269 112 162 1566 116 324 185 367 155 101 80 6061 141 3075 134 100 2791 297 113 353 118 150 104 106 13588 330 9530 940 521
leaf_count=137546 18984 269 112 162 1566 116 324 185 367 155 101 80 6061 141 3075 134 100 2791 297 113 353 118 150 104 106 13588 330 9530 940 521
internal_value=-0.000187756 -0.000450743 -0.000206118 4.75491e-05 -0.00110643 0.00663158 -0.0013029 -0.000804425 0.00337738 0.00914286 -0.00130104 0.0169787 -0.00153172 0.00316129 -2.74931e-05 0.00131542 0.0132308 0.000650773 0.00467524 0.0085283 -0.000500308 0.00597452 0.00455449 0.0107717 -0.000239232 0.000400455 0.00693578 -0.00087701 0.000560845 0.00410267
internal_weight=198419 60873 41889 32681 9208 228 8980 7414 787 420 6627 235 6526 465 32519 4429 234 4195 933 636 3262 471 523 254 28090 14024 436 14066 4536 1461
internal_count=198419 60873 41889 32681 9208 228 8980 7414 787 420 6627 235 6526 465 32519 4429 234 4195 933 636 3262 471 523 254 28090 14024 436 14066 4536 1461
is_linear=0
shrinkage=0.06


Tree=118
num_leaves=31
num_cat=0
split_feature=2 14 3 20 16 24 21 11 11 18 0 21 19 0 21 3 21 15 17 23 21 23 16 20 0 17 25 24 16 0
split_gain=1.72316 2.28742 3.65086 2.65562 2.19645 2.22361 5.61944 2.08886 8.95914 2.07784 2.30512 3.5594 2.14411 2.06527 2.74021 2.16276 2.0288 3.21707 4.47584 10.7108 6.70389 9.47252 8.69308 6.82198 4.43043 3.4679 4.28766 3.62354 3.13985 4.29289
threshold=5.5000000000000009 1.0000000180025095e-35 339.50000000000006 3.5000000000000004 14.500000000000002 12170.886718750002 0.32325446605682379 0.71455863118171703 0.70530927181243908 4.0124847888946542 96.72674942016603 0.26463150978088384 79.69669342041017 1.2789404988288882 0.74504846334457409 14.000000000000002 0.39240394532680517 1.0000000180025095e-35 5.5000000000000009 13.007656097412111 0.46524071693420416 7.5184257030487069 10.500000000000002 3.5000000000000004 10.989459514617922 1.0000000180025095e-35 6.5000000000000009 8347.2670898437518 9.5000000000000018 13.249187946319582
decision_type=2 2 2 2 2 2 2 2 2 2 2 2 10 2 2 2 2 2 2 2 2 2 2 2 2 2 2 2 2 2
left_child=9 7 3 4 5 -3 -7 8 16 13 12 -12 -11 14 15 -1 -2 18 -18 20 23 22 -22 -20 -21 26 27 -19 -29 -30
right_child=1 2 -4 -5 -6 6 -8 -9 -10 10 11 -13 -14 -15 -16 -17 17 25 19 24 21 -23 -24 -25 -26 -27 -28 28 29 -31
leaf_value=-0.089925567398149192 -0.033437292096215168 -0.024455603393045918 0.47984239758292863 0.17148310499636468 -0.12314265074468494 -0.093558219151697444 1.1168379551856165 -0.090213458029023294 0.39542982029424661 -0.031875336518083941 1.5088431630029087 -0.077370165213754102 0.056474621746804565 0.0027919810769096308 0.10222759530415922 -0.012334000748148019 0.016579052337619318 -0.13522251462076823 -0.26667108265101136 0.64728838627656604 0.11673222721722706 -0.51818195017431501 2.0092621721490174 0.38482900167346185 0.098123599263144012 -0.055531524825652344 -0.072820375953315142 0.12671692418690239 0.91639163309937888 -0.0016712152899848354
leaf_weight=548 38228 325 102 367 521 96 84 1473 112 9803 83 93 574 107972 158 18315 7467 112 794 139 125 117 152 163 86 9319 523 217 254 97
leaf_count=548 38228 325 102 367 521 96 84 1473 112 9803 83 93 574 107972 158 18315 7467 112 794 139 125 117 152 163 86 9319 523 217 254 97
internal_value=-0.000185941 -0.000451729 0.00186622 0.00106389 -0.000502925 0.00231683 0.00766667 -0.000510089 -0.00045333 -6.83131e-05 -0.000877288 0.00593182 -0.000992774 -1.0881e-06 -0.000577574 -0.000643483 -0.000486185 1.0732e-05 0.000840649 0.00374619 0.00172761 0.00831472 0.014361 -0.000984327 0.0158667 -0.000702529 0.00232918 0.00547059 0.00741549 0.0109231
internal_weight=198419 60873 1495 1393 1026 505 180 59378 57905 137546 10553 176 10377 126993 19021 18863 57793 19565 9043 1576 1351 394 277 957 225 10522 1203 680 568 351
internal_count=198419 60873 1495 1393 1026 505 180 59378 57905 137546 10553 176 10377 126993 19021 18863 57793 19565 9043 1576 1351 394 277 957 225 10522 1203 680 568 351
is_linear=0
shrinkage=0.06


Tree=119
num_leaves=31
num_cat=0
split_feature=3 0 21 3 18 23 11 17 5 23 23 16 23 14 3 1 5 11 4 0 0 3 11 25 0 21 21 24 21 24
split_gain=1.67098 2.66577 3.50405 3.23773 2.81869 2.63183 2.90848 3.22331 2.3385 2.22393 3.22153 3.39002 2.19138 2.18284 3.76918 1.97195 2.71847 3.62235 2.99646 2.7403 2.41815 2.97405 2.36586 2.24388 2.96079 3.42896 2.42287 2.19574 1.96839 2.2757
threshold=161.00000000000003 5.5109925270080575 0.81262066960334789 19.500000000000004 4.0124847888946542 2.68842625617981 0.62687611579895031 5.5000000000000009 3.5000000000000004 14.812517642974855 12.026573657989504 18.500000000000004 9.2514081001281756 1.0000000180025095e-35 339.50000000000006 41.500000000000007 3.5000000000000004 1.0000000180025095e-35 110.50000000000001 7.14186716079712 10.519749164581301 49.000000000000007 0.59134504199028026 6.5000000000000009 10.88622045516968 0.069169893860816969 0.097057621926069274 15514.644531250002 0.61090537905693065 12630.121582031252
decision_type=2 2 2 2 2 2 2 2 2 2 2 2 2 2 2 2 2 2 2 2 2 2 2 2 2 2 2 2 2 2
left_child=1 2 3 -1 9 -5 8 -8 12 10 15 -12 -7 -2 -15 20 17 19 23 -17 28 22 27 24 25 -18 -26 -22 -3 -30
right_child=13 4 -4 5 -6 6 7 -9 -10 -11 11 -13 -14 14 -16 16 18 -19 -20 -21 21 -23 -24 -25 26 -27 -28 -29 29 -31
leaf_value=-0.044303519258218592 -0.018975617450601879 -0.0058848047066815661 0.52747351121967456 -0.012341150086856654 -0.020638429839056442 0.011126461284132746 0.1829162788573758 -0.13932138941810887 -0.02628551833778292 -0.035021870523943711 0.035727225736155978 0.14059886422079096 0.049262781096117612 0.022635682173666474 0.45105185372795292 0.014056127927122034 0.3366711831650982 0.017010359920210348 -0.0054606474991883078 -0.034054146089845409 0.032372409290318344 -0.025499000930896722 -0.014096964454239389 0.016699819774165136 -0.13203807895309758 0.017330611616251209 0.12139587950078894 0.07294631538087587 0.13047441357482925 -0.015815099784046369
leaf_weight=4085 76843 5130 150 39888 8317 3203 232 82 3081 3167 1965 452 1200 1841 102 3501 92 6621 8974 12178 4005 1069 716 4930 161 2631 2355 923 267 258
leaf_count=4085 76843 5130 150 39888 8317 3203 232 82 3081 3167 1965 452 1200 1841 102 3501 92 6621 8974 12178 4005 1069 716 4930 161 2631 2355 923 267 258
internal_value=-0.000175055 -3.37547e-05 -0.000357198 -0.00038373 0.000214259 -0.000244853 0.000763271 0.00642038 0.000525921 0.00035912 0.000446253 0.00258916 0.00141313 -0.000389614 0.0015965 0.000350001 0.00015158 -0.000298656 0.000676068 -0.000795588 0.00101488 0.00178489 0.00233451 0.00138126 0.00224585 0.000874769 0.00372973 0.00280276 0.000100794 0.0036
internal_weight=198419 119633 51921 51771 67712 47686 7798 314 7484 59395 56228 2417 4403 78786 1943 53811 41443 22300 19143 15679 12368 6713 5644 10169 5239 2723 2516 4928 5655 525
internal_count=198419 119633 51921 51771 67712 47686 7798 314 7484 59395 56228 2417 4403 78786 1943 53811 41443 22300 19143 15679 12368 6713 5644 10169 5239 2723 2516 4928 5655 525
is_linear=0
shrinkage=0.06


Tree=120
num_leaves=31
num_cat=0
split_feature=24 24 23 21 21 20 25 17 0 2 26 26 26 0 19 20 24 2 17 0 18 24 17 16 16 25 0 24 16 19
split_gain=1.68264 3.62706 3.24602 3.48028 5.77284 3.9336 2.98273 4.29125 5.64439 3.94593 5.14973 4.80392 4.55227 4.21692 5.37322 2.621 4.26214 5.81139 3.45276 2.60804 3.20294 1.92361 2.84556 6.00606 4.66965 5.9107 5.23639 2.67824 2.00974 1.71284
threshold=17540.340820312504 17041.088867187504 0.52593147754669201 0.23404077440500262 0.14386009424924853 1.5000000000000002 9.5000000000000018 1.5000000000000002 12.188961982727053 2.5000000000000004 13.506155967712404 18.280837059021 7.0633132457733163 3.9936095476150517 80.667282104492202 1.5000000000000002 17452.613281250004 6.5000000000000009 3.5000000000000004 0.73626205325126659 -1.9849485158920286 17271.875000000004 1.0000000180025095e-35 18.500000000000004 9.5000000000000018 6.5000000000000009 15.236494541168215 17350.135742187504 15.500000000000002 32.645650863647468
decision_type=2 2 2 2 2 2 2 2 2 2 2 2 2 2 8 2 2 2 2 2 2 2 2 2 2 2 2 2 2 10
left_child=1 -1 3 4 -2 29 15 -8 9 -9 12 -12 -11 -13 -15 16 21 -18 -17 20 -4 -3 23 -23 25 26 -24 -26 -29 -6
right_child=2 6 19 -5 5 -7 7 8 -10 10 11 13 -14 14 -16 18 17 -19 -20 -21 -22 22 24 -25 27 -27 -28 28 -30 -31
leaf_value=-0.00567382007400123 -0.08307592817087231 -0.02796672668874375 -0.0017791286976402221 -0.10042414014995715 0.094588445956538633 -0.035089735557576662 -0.021198309381103599 0.064113635593163673 -0.05881864167483309 1.094972405251752 1.2771679019605648 -0.083646299073144512 -0.13502565118931548 0.26582221666389028 1.8139482850837694 -0.072841366115019832 0.60787972183951733 0.6514057219520849 0.026629499458045641 0.0011870802761075525 0.47831207060582631 -0.098711519612023749 0.55087683643083041 0.43641550509243177 -0.10777295139338795 -0.13761816435708149 0.064036994673361547 -0.015637284466556212 0.35179668144263221 0.35882542990695437
leaf_weight=185623 700 1086 90 2235 96 191 459 244 203 80 85 80 114 91 84 1491 279 81 1496 2002 80 433 156 80 201 85 81 92 130 271
leaf_count=185623 700 1086 90 2235 96 191 459 244 203 80 85 80 114 91 84 1491 279 81 1496 2002 80 433 156 80 201 85 81 92 130 271
internal_value=-0.000172334 -0.00014238 -0.00119153 -0.00232408 0.000200317 0.00475269 0.00118553 0.003625 0.00586544 0.00819023 0.0110787 0.0155294 0.00327835 0.0114118 0.0166286 0.000568264 0.0019216 0.008 -0.000656848 0.000629833 0.0077647 0.000988053 0.00258505 -0.000853803 0.00495302 0.0103975 0.0152658 0.000808509 0.00535135 0.00838692
internal_weight=198419 192754 5665 3493 1258 558 7131 1440 981 778 534 340 194 255 175 5691 2704 360 2987 2172 170 2344 1258 513 745 322 237 423 222 367
internal_count=198419 192754 5665 3493 1258 558 7131 1440 981 778 534 340 194 255 175 5691 2704 360 2987 2172 170 2344 1258 513 745 322 237 423 222 367
is_linear=0
shrinkage=0.06


Tree=121
num_leaves=31
num_cat=0
split_feature=24 23 21 21 20 25 0 27 16 17 24 25 18 23 18 0 0 21 0 1 20 5 0 17 21 21 0 0 20 16
split_gain=1.65577 3.11123 3.13172 4.95514 3.46396 2.55514 8.92692 2.5522 2.52737 4.2654 2.08167 2.10813 4.15234 2.34249 4.1346 4.03391 5.26644 2.64591 2.52315 2.15624 2.14921 3.21101 4.08367 4.83316 2.07966 3.47048 5.92765 2.00787 3.16169 5.49617
threshold=17540.340820312504 0.52593147754669201 0.23404077440500262 0.14386009424924853 1.5000000000000002 5.5000000000000009 5.8890068531036386 16.486178398132328 8.5000000000000018 2.5000000000000004 17041.088867187504 9.5000000000000018 -3.4004887342452998 1.1887561678886416 -0.16191378235816953 15.417643547058107 9.5444149971008319 0.65534421801567089 6.4687130451202401 247.00000000000003 1.0000000180025095e-35 6.5000000000000009 3.043215394020081 4.5000000000000009 0.38997814059257513 0.35429145395755773 20.203450202941898 13.952573776245119 3.5000000000000004 15.500000000000002
decision_type=2 2 2 2 2 2 2 2 2 2 2 2 2 2 2 2 2 2 2 2 2 2 2 2 2 2 2 2 2 2
left_child=10 2 3 -2 -5 6 -3 8 9 -7 -1 13 -13 17 -15 16 19 24 -19 -16 -14 -22 -23 -24 25 -12 -27 28 -10 -30
right_child=1 5 -4 4 -6 7 -8 -9 27 -11 11 12 20 14 15 -17 -18 18 -20 -21 21 22 23 -25 -26 26 -28 -29 29 -31
leaf_value=-0.0053333908695611457 -0.078091372480619953 0.68826146609838801 -0.094398691740959689 0.28534709217429827 -0.032984351424122059 -0.018889359379974619 -0.045315066189075631 -0.082212040358022098 -0.11046343002825583 0.33808060729837475 -0.0050278077865210172 1.4518609184309521 -0.023838114188853319 -0.043972209330436128 -0.0041505956915902495 -0.0023430490794419836 0.50219857250539202 0.1529145391792073 -0.020726701474504935 0.26240461181230762 0.039341516106679762 -0.33659000046687348 0.52922267888631558 1.1875673540785843 -0.06839287856850787 -0.02879082304991289 2.2150203355983176 0.052687502613235536 -0.09121640702010389 0.24654581108088028
leaf_weight=185623 700 159 2235 367 191 121 213 640 440 117 2425 155 455 381 156 261 160 196 177 85 518 82 121 109 1672 96 82 302 94 86
leaf_count=185623 700 159 2235 367 191 121 213 640 440 117 2425 155 455 381 156 261 160 196 177 85 518 82 121 109 1672 96 82 302 94 86
internal_value=-0.000169915 -0.00118094 -0.00228972 0.000104927 0.00432258 0.000602209 0.00512903 -0.000333335 0.00134483 0.00685714 -0.000140201 0.000865796 0.00291667 0.000346862 0.00291659 0.00578248 0.0095611 -0.000229778 0.00461662 0.0039585 0.00179766 0.00361446 0.00842308 0.0125217 -0.000652633 0.000407989 0.00849438 -7.80925e-05 -0.00203226 0.00466667
internal_weight=198419 5665 3493 1258 558 2172 372 1800 1160 238 192754 7131 1440 5691 1043 662 401 4648 373 241 1285 830 312 230 4275 2603 178 922 620 180
internal_count=198419 5665 3493 1258 558 2172 372 1800 1160 238 192754 7131 1440 5691 1043 662 401 4648 373 241 1285 830 312 230 4275 2603 178 922 620 180
is_linear=0
shrinkage=0.06


Tree=122
num_leaves=31
num_cat=0
split_feature=24 23 21 21 20 23 16 0 16 27 17 0 0 0 16 27 26 10 23 11 11 27 17 25 23 0 3 2 4 0
split_gain=1.68262 2.82876 2.99839 4.95514 3.1398 1.92511 6.28892 6.5102 2.28338 3.33574 2.98192 2.19805 1.80847 3.96357 1.8038 1.7803 2.40465 1.68754 3.86641 2.78983 4.32594 2.39279 2.50421 2.4956 2.42386 1.85242 1.74823 2.75873 2.27914 2.10539
threshold=17540.340820312504 0.52593147754669201 0.23404077440500262 0.14386009424924853 1.5000000000000002 2.9929676055908208 14.500000000000002 6.7568461894989023 8.5000000000000018 19.320597648620609 2.5000000000000004 13.606397628784181 8.2435984611511248 18.96811676025391 10.500000000000002 13.031791687011721 17.603977203369144 1.5000000000000002 6.4740757942199716 0.65956410765647899 0.73378872871398937 22.945136070251468 3.5000000000000004 9.5000000000000018 8.3458485603332537 10.776923656463625 161.00000000000003 1.5000000000000002 55.000000000000007 5.6073594093322763
decision_type=2 2 2 2 2 2 2 2 2 2 2 2 2 2 2 2 2 2 2 2 2 2 2 2 2 2 2 2 2 2
left_child=17 2 3 12 14 6 -3 -8 9 10 -7 -10 -2 -14 -5 16 -13 18 19 -1 -21 22 24 -24 -20 -26 27 -19 -29 -28
right_child=1 5 -4 4 -6 8 7 -9 11 -11 -12 15 13 -15 -16 -17 -18 26 21 20 -22 -23 23 -25 25 -27 29 28 -30 -31
leaf_value=-0.0040116784899276777 -0.13069037591488666 -0.059075125232310927 -0.088734770236502114 0.34015476808780515 -0.031005290338674704 0.016910406523523821 0.59323788011327527 -0.050865216608266747 -0.086545953060359213 -0.16915862786495017 0.31369562797873934 -0.0017633592731051038 0.28326574318227599 -0.06382341281466751 0.17753817956931209 -0.06065306309461168 0.12430232128513451 -0.0087645537186439235 0.30783391937412596 0.20629038967044239 -0.030057271384310316 -0.062840456154774835 -0.0024142322968121032 0.18215705661539708 0.13945953007177639 0.050033364039079244 -0.0017278189555187337 0.025068037615659837 0.0013882574795774834 -0.035963213169415129
leaf_weight=6871 517 257 2235 156 191 126 171 115 815 111 121 124 81 102 211 214 118 31007 84 194 147 119 498 196 227 227 32240 9029 71036 40879
leaf_count=6871 517 257 2235 156 191 126 171 115 815 111 121 124 81 102 211 214 118 31007 84 194 147 119 498 196 227 227 32240 9029 71036 40879
internal_value=-0.00016175 -0.00118094 -0.00223819 0.000104927 0.00432258 0.000519336 0.00361326 0.00973426 -0.000511972 0.00372067 0.00760324 -0.00170417 -0.00325714 0.00186885 0.00756948 0.00163158 0.00515702 -0.000131796 0.000691579 0.000139766 0.00543695 0.0036373 0.00442208 0.00204034 0.00749442 0.00576211 -0.000170075 -2.00965e-05 0.000165989 -0.000397901
internal_weight=198419 5665 3493 1258 558 2172 543 286 1629 358 247 1271 700 183 367 456 242 192754 8563 7212 341 1351 1232 694 538 454 184191 111072 80065 73119
internal_count=198419 5665 3493 1258 558 2172 543 286 1629 358 247 1271 700 183 367 456 242 192754 8563 7212 341 1351 1232 694 538 454 184191 111072 80065 73119
is_linear=0
shrinkage=0.06


Tree=123
num_leaves=31
num_cat=0
split_feature=24 23 20 24 25 27 24 24 21 21 16 16 0 24 16 23 6 0 16 11 24 24 16 25 11 25 16 21 11 25
split_gain=1.87675 2.55248 2.55448 3.67102 1.94562 2.68532 1.69414 1.69424 3.1474 5.13554 6.77875 6.13611 3.86778 3.23973 2.70038 2.76015 2.56789 2.21172 5.218 1.99481 2.792 6.05641 7.86875 3.72292 7.15753 6.19268 6.70489 11.394 7.97637 9.02905
threshold=17540.340820312504 0.52593147754669201 1.0000000180025095e-35 17649.014648437504 11.500000000000002 8.9510717391967791 17041.088867187504 16700.229492187504 0.42381054162979132 0.3982848078012467 3.5000000000000004 12.500000000000002 5.6073594093322763 17007.569335937504 21.500000000000004 7.6945157051086435 11.050000190734865 57.770694732666023 14.500000000000002 0.307223990559578 6278.3269042968759 6372.1987304687509 12.500000000000002 3.5000000000000004 0.32403683662414556 9.5000000000000018 13.500000000000002 0.22241626679897311 0.71001616120338451 11.500000000000002
decision_type=2 2 2 2 2 2 2 2 2 2 2 2 2 2 2 2 2 2 2 2 2 2 2 2 2 2 2 2 2 2
left_child=6 2 3 -2 -5 -6 7 19 9 10 13 12 -11 -9 15 16 -12 18 -17 -1 -21 22 -22 -23 -25 -26 -27 -28 -29 -30
right_child=1 -3 -4 4 5 -7 -8 8 -10 11 14 -13 -14 -15 -16 17 -18 -19 -20 20 21 23 -24 24 25 26 27 28 29 -31
leaf_value=-0.0070345424545965023 0.16092148181030005 0.0051512469212661467 -0.082096325480798926 -0.059169165147429557 1.0024099962145476 -0.054750387759917779 0.020867629421123201 0.21350685231466643 -0.090819809551910283 1.843899877380611 -0.021175008903655149 -0.029064400673188051 0.0487060412295795 0.0095127990765423859 0.1064474830855974 -0.017442730362444252 -0.15238216491506837 -0.074697923252184814 2.2222086031655075 -0.03770325988997697 0.35450751774006073 0.058761845844368679 -0.0085353188394996886 0.093773866532581907 -0.027996525951567965 -0.021685485953563562 0.2155520648500126 -0.028013893424701636 0.37700584738270365 0.08880274744137541
leaf_weight=148414 173 2172 2020 918 113 269 7131 155 1437 100 1084 180 80 107 190 198 1261 148 96 2039 90 6095 104 2010 14283 3666 1385 1954 178 369
leaf_count=148414 173 2172 2020 918 113 269 7131 155 1437 100 1084 180 80 107 190 198 1261 148 96 2039 90 6095 104 2010 14283 3666 1385 1954 178 369
internal_value=-0.000157517 -0.00123389 -0.00223819 -0.000338087 -0.00143077 0.00216754 -0.000125882 -0.000160747 -0.00124623 -0.000298418 -0.00105403 0.0065 0.0143333 0.00819847 -0.00186833 -0.00234015 -0.00315992 0.00200905 0.00502041 -0.000130476 0.000297826 0.000443219 0.0110103 0.000374748 3.64842e-05 -0.000278911 0.0011107 0.00284714 0.000429427 0.00683364
internal_weight=198419 5665 3493 1473 1300 382 192754 185623 5036 3599 3239 360 180 262 2977 2787 2345 442 294 180587 32173 30134 194 29940 23845 21835 7552 3886 2501 547
internal_count=198419 5665 3493 1473 1300 382 192754 185623 5036 3599 3239 360 180 262 2977 2787 2345 442 294 180587 32173 30134 194 29940 23845 21835 7552 3886 2501 547
is_linear=0
shrinkage=0.06


Tree=124
num_leaves=31
num_cat=0
split_feature=24 23 20 24 25 27 23 16 0 16 27 17 25 16 17 24 24 21 16 21 16 24 16 0 24 0 21 21 21 24
split_gain=1.74514 2.28483 2.43452 3.33265 1.84708 2.68532 1.62815 5.49926 5.55801 1.87973 2.57873 2.22828 1.92287 3.00548 2.62278 1.53846 1.90435 2.54672 4.39907 5.57585 6.34539 3.09642 2.48969 2.22425 3.87739 3.40657 5.7212 1.60794 2.19515 3.2034
threshold=17540.340820312504 0.52593147754669201 1.0000000180025095e-35 17649.014648437504 11.500000000000002 8.9510717391967791 2.9929676055908208 14.500000000000002 6.7568461894989023 8.5000000000000018 19.320597648620609 3.5000000000000004 9.5000000000000018 11.500000000000002 3.5000000000000004 17041.088867187504 16700.229492187504 0.42381054162979132 3.5000000000000004 0.3982848078012467 12.500000000000002 16890.026367187504 21.500000000000004 8.3264079093933123 16952.113281250004 13.411662101745607 0.27196498215198522 0.17327156662940982 0.16758376359939578 16617.359375000004
decision_type=2 2 2 2 2 2 2 2 2 2 2 2 2 2 2 2 2 2 2 2 2 2 2 2 2 2 2 2 2 2
left_child=15 2 3 -2 -5 -6 7 -3 -9 10 11 -8 -11 -14 -15 16 27 18 21 22 -21 -18 23 -20 -25 26 -26 28 -1 -30
right_child=1 6 -4 4 5 -7 9 8 -10 12 -12 -13 13 14 -16 -17 17 -19 19 20 -22 -23 -24 24 25 -27 -28 -29 29 -31
leaf_value=-0.010326037608564759 0.15126619290168214 -0.055839692533648198 -0.077170545951951011 -0.055619015238583716 0.94226539644167484 -0.051465364494322763 0.030138395672965123 0.55733453249120291 -0.048122378427046635 -0.081664112985105577 -0.15931818500832914 0.40660427243322611 -0.16166733192674185 0.070952417115408867 -0.083207618291768745 0.019615571655855809 0.22767901233184409 -0.085370620978795678 -0.087951481377372007 1.5587500657369007 -0.027320536632796721 0.035241016410708377 0.10006063410046155 -0.11939848668837089 1.8815593987784005 -0.013998785681818577 -0.04556583059602972 -0.0012431086281669422 -0.071066463651270437 0.20072599951803646
leaf_weight=37569 173 257 2020 918 113 269 158 171 115 693 111 89 177 294 107 7131 120 1437 1614 152 180 170 190 517 160 407 89 140476 2367 175
leaf_count=37569 173 257 2020 918 113 269 158 171 115 693 111 89 177 294 107 7131 120 1437 1614 152 180 170 190 517 160 407 89 140476 2367 175
internal_value=-0.000164169 -0.00120212 -0.00215231 -0.000297354 -0.00133846 0.00216754 0.000325965 0.00317127 0.0088951 -0.000622469 0.00321788 0.00663158 -0.00170417 0.00085121 0.00372568 -0.000133664 -0.000166888 -0.00131771 -0.000465131 -0.00108613 0.00628916 0.00662069 -0.00190863 -0.00236168 -0.000373403 0.00268902 0.00821687 -0.000134795 -0.000469848 -0.00217624
internal_weight=198419 5665 3493 1473 1300 382 2172 543 286 1629 358 247 1271 578 401 192754 185623 5036 3599 3309 332 290 2977 2787 1173 656 249 180587 40111 2542
internal_count=198419 5665 3493 1473 1300 382 2172 543 286 1629 358 247 1271 578 401 192754 185623 5036 3599 3309 332 290 2977 2787 1173 656 249 180587 40111 2542
is_linear=0
shrinkage=0.06


Tree=125
num_leaves=31
num_cat=0
split_feature=24 26 23 20 24 5 18 19 27 24 0 15 16 1 16 3 0 3 21 23 2 23 23 20 11 11 25 25 17 23
split_gain=1.95137 2.5545 1.72431 1.90903 1.88708 1.61973 1.51013 2.06459 3.76871 1.91261 8.65204 4.12199 5.03317 3.74943 2.3443 1.93514 2.7743 3.02481 2.51337 2.64278 3.58653 2.2475 2.25396 2.19253 2.12475 2.07895 5.32837 3.08725 3.37093 2.83936
threshold=17540.340820312504 0.67347905039787304 0.52593147754669201 1.0000000180025095e-35 17649.014648437504 1.5000000000000002 4.0124847888946542 76.881023406982436 4.8233370780944833 17350.135742187504 35.662218093872077 1.0000000180025095e-35 14.500000000000002 216.00000000000003 2.5000000000000004 161.00000000000003 5.5109925270080575 19.500000000000004 0.74832612276077282 8.1426835060119647 2.5000000000000004 14.86309337615967 12.026573657989504 1.5000000000000002 0.3308964222669602 0.45370142161846166 1.5000000000000002 8.5000000000000018 1.5000000000000002 2.8542082309722905
decision_type=2 2 2 2 2 2 2 10 2 2 2 2 2 2 2 2 2 2 2 2 2 2 2 2 2 2 2 2 2 2
left_child=6 -2 3 4 -3 -5 9 -8 -9 15 11 14 -13 -14 -11 16 17 -1 19 24 -21 22 -18 -20 -19 27 -27 -26 -29 -28
right_child=1 2 -4 5 -6 -7 7 8 -10 10 -12 12 13 -15 -16 -17 21 18 23 20 -22 -23 -24 -25 25 26 29 28 -30 -31
leaf_value=-0.038459043081160119 0.25583554147810911 0.10759484725855235 -0.0027296411458237221 -0.0061034578630578705 -0.03695112527933022 -0.10630236380472134 -0.028365767271291528 0.46348490433874956 0.020788119141906196 1.8220014715756685 2.0925440741555064 -0.015644240515210548 0.28747327327049843 0.45759736693574177 -0.021711997384534696 -0.015066604739455787 0.0089116518345571018 -0.012088050670094027 0.37861213884068612 0.052409257320897587 -0.014163996687537036 -0.04162491530381604 0.046830831558543923 0.0073117866869529509 0.042182950885790646 0.32075916536513482 -0.035242764982283556 -0.018912908556231366 0.26717635634413001 0.14092210773670466
leaf_weight=3870 135 170 2136 462 1263 1499 12312 118 1105 93 80 258 164 86 1686 70751 51792 38543 206 1281 1371 2938 2402 271 657 172 1990 83 213 312
leaf_count=3870 135 170 2136 462 1263 1499 12312 118 1105 93 80 258 164 86 1686 70751 51792 38543 206 1281 1371 2938 2402 271 657 172 1990 83 213 312
internal_value=-0.0001681 -0.00126567 -0.00146474 -0.00230525 -0.000640616 -0.00352167 -0.000135843 -0.000746954 0.00160425 -8.96906e-05 0.00160456 0.000926103 0.00569291 0.01176 -0.000435077 -0.000112367 4.97059e-05 -0.00028169 -0.000143552 -0.000189863 0.00164706 0.000333752 0.000421374 0.00418868 -0.000305934 0.00112576 0.000208568 0.00350682 0.00859459 -0.000552564
internal_weight=198419 5665 5530 3394 1433 1961 192754 13535 1223 179219 2367 2287 508 250 1779 176852 106101 48969 45099 44622 2652 57132 54194 477 41970 3427 2474 953 296 2302
internal_count=198419 5665 5530 3394 1433 1961 192754 13535 1223 179219 2367 2287 508 250 1779 176852 106101 48969 45099 44622 2652 57132 54194 477 41970 3427 2474 953 296 2302
is_linear=0
shrinkage=0.06


Tree=126
num_leaves=31
num_cat=0
split_feature=24 26 23 21 21 3 24 16 20 5 27 16 19 18 21 26 18 0 3 25 21 26 25 26 24 24 27 16 16 19
split_gain=1.81814 2.00437 1.56031 1.75455 2.38279 1.83979 1.45749 2.35523 3.28474 1.52738 1.55358 2.11837 1.39911 2.24371 2.50006 2.08673 1.99731 3.98127 1.67362 1.62715 1.83232 2.77708 3.39552 3.97653 2.38451 3.78093 1.70252 1.71282 1.58295 2.66597
threshold=17540.340820312504 0.67347905039787304 0.52593147754669201 0.23711710423231128 0.14386009424924853 61.500000000000007 17827.022460937504 14.500000000000002 2.5000000000000004 1.5000000000000002 11.324356079101564 16.500000000000004 67.430042266845717 -4.0247554779052725 0.071135025471448912 8.9889464378356951 -5.6421511173248282 29.780868530273441 161.00000000000003 11.500000000000002 0.52702134847641002 3.5856972932815556 7.5000000000000009 6.6988196372985849 7339.4455566406259 7031.1650390625009 15.064668178558351 10.500000000000002 16.500000000000004 104.5601272583008
decision_type=2 2 2 2 2 2 2 2 2 2 2 2 8 2 2 2 2 2 2 2 2 2 2 2 2 2 2 2 2 10
left_child=12 -2 3 4 -3 -5 -4 -8 -9 -10 -11 -12 16 15 -15 19 17 -1 -18 20 24 -22 23 -23 25 26 -14 -28 -26 -30
right_child=1 2 6 5 -6 -7 7 8 9 10 11 -13 13 14 -16 -17 18 -19 -20 -21 21 22 -24 -25 28 -27 27 -29 29 -31
leaf_value=0.028420778293200437 0.24048540898942253 -0.055767992065646227 -0.035793236578400001 -0.0020572674653322595 0.0416360579040886 -0.11743061294404367 -0.037468255179665892 -0.1601124413460028 -0.079351607497298957 0.071973746684100018 0.098623794282394608 0.29098471102379353 -0.059093762806321136 -0.026974082690220946 0.0038962268160192318 -0.027927041304013519 -0.004809336456910283 2.2700795867015011 -0.035903084017685293 -0.11257792202682998 -0.053376675888355596 1.1445885062545438 -0.080277905404673167 0.033196388972849628 -0.038119761752328368 0.48294763309333966 0.27751779144271305 0.013903046305904823 0.020753471366172681 0.69799062475520723
leaf_weight=583 135 659 1242 445 731 1559 419 95 82 113 97 88 270 5854 111853 12436 37153 86 19769 548 177 139 95 98 2138 108 86 113 1168 80
leaf_count=583 135 659 1242 445 731 1559 419 95 82 113 97 88 270 5854 111853 12436 37153 86 19769 548 177 139 95 98 2138 108 86 113 1168 80
internal_value=-0.000163867 -0.0012233 -0.00139964 -0.00219918 -0.000561153 -0.00333533 -0.000129215 0.00171812 0.00461052 0.00710526 0.00910067 0.0124865 -0.00013273 -2.7213e-05 6.69275e-05 -0.000662009 -0.000380373 0.00287892 -0.00041868 0.000370516 0.000748657 0.00413752 0.00737349 0.0112152 0.000313398 0.00387868 0.00154797 0.00575879 -0.000294154 0.00140384
internal_weight=198419 5665 5530 3394 1390 2004 2136 894 475 380 298 185 192754 135163 117707 17456 57591 669 56922 5020 4472 509 332 237 3963 577 469 199 3386 1248
internal_count=198419 5665 5530 3394 1390 2004 2136 894 475 380 298 185 192754 135163 117707 17456 57591 669 56922 5020 4472 509 332 237 3963 577 469 199 3386 1248
is_linear=0
shrinkage=0.06


Tree=127
num_leaves=31
num_cat=0
split_feature=24 26 23 21 21 6 24 16 20 5 27 0 27 16 18 19 21 21 0 24 6 0 27 20 19 0 7 0 27 16
split_gain=1.67663 1.74331 1.4299 1.65901 2.29637 1.77675 1.45749 2.15401 2.80474 1.39725 1.37881 2.60215 1.33606 1.69281 1.32412 1.8948 2.07803 4.2886 5.31075 2.42351 3.84765 2.37177 1.72821 2.18 2.54166 2.34158 3.18008 2.13298 2.06005 1.7936
threshold=17540.340820312504 0.67347905039787304 0.52593147754669201 0.23711710423231128 0.14386009424924853 10.59999990463257 17827.022460937504 14.500000000000002 2.5000000000000004 1.5000000000000002 9.3161411285400408 9.1293425559997576 11.324356079101564 16.500000000000004 -4.526648521423339 67.430042266845717 0.10603866726160051 0.10818686708807947 11.323418617248537 15721.367675781252 16.849999427795414 96.72674942016603 7.7336440086364755 1.0000000180025095e-35 82.17676162719728 4.2997608184814462 1.5000000000000002 1.592656195163727 2.9867005348205571 14.500000000000002
decision_type=2 2 2 2 2 2 2 2 2 2 2 2 2 2 2 8 2 2 2 2 2 2 2 2 8 2 2 2 2 2
left_child=14 -2 3 4 -3 -5 -4 -8 -9 -10 11 -6 -11 -14 -1 -16 21 18 19 -18 -21 22 27 24 25 26 -24 28 -17 -26
right_child=1 2 6 5 10 -7 7 8 9 12 -12 -13 13 -15 15 16 17 -19 -20 20 -22 -23 23 -25 29 -27 -28 -29 -30 -31
leaf_value=-0.016705550133500023 0.22605628445005724 -0.052421912541707451 -0.033645642383696037 -0.017615365716636442 0.32448938637086222 -0.13180713009816511 -0.035220159868885888 -0.15050569486524262 -0.074590511047460978 0.067655321883053954 0.0027654007737035885 -0.0056345275157162816 0.092706366625450884 0.27352562836236588 -0.010945835697821456 0.35756199512921394 -0.072489514586870765 0.0030452201649345955 0.67301572506189022 0.003682396400099582 1.0115151221749556 0.1842281129883018 0.068235038836733278 -0.019587841166513496 -0.079127886853096768 0.042028855491830629 0.6562139418905969 -0.067852512186938455 -0.019637924953411118 0.064938254955884914
leaf_weight=14976 135 659 1242 871 93 1133 419 95 82 113 545 93 97 88 56162 89 235 108855 140 134 85 87 159 7491 376 398 136 2350 560 521
leaf_count=14976 135 659 1242 871 93 1133 419 95 82 113 545 93 97 88 56162 89 235 108855 140 134 85 87 159 7491 376 398 136 2350 560 521
internal_value=-0.000163564 -0.00118094 -0.00134539 -0.00211079 -0.000517987 -0.00321557 -0.000129215 0.00171812 0.00448421 0.00678947 0.00179754 0.00625806 0.00869799 0.0118378 -0.000133664 -8.80213e-05 4.50913e-05 0.000127784 0.00521212 0.00206167 0.00660274 -0.000698777 -0.000769869 -0.000357451 0.00166038 0.00438961 0.00844068 -0.00201867 0.00102619 -0.000448162
internal_weight=198419 5665 5530 3394 1390 2004 2136 894 475 380 731 186 298 185 192754 177778 121616 109449 594 454 219 12167 12080 9081 1590 693 295 2999 649 897
internal_count=198419 5665 5530 3394 1390 2004 2136 894 475 380 731 186 298 185 192754 177778 121616 109449 594 454 219 12167 12080 9081 1590 693 295 2999 649 897
is_linear=0
shrinkage=0.06


Tree=128
num_leaves=31
num_cat=0
split_feature=24 4 26 0 16 1 14 23 6 7 14 0 1 23 11 21 21 27 0 0 0 16 21 21 25 16 0 17 17 20
split_gain=1.84209 1.76229 1.72858 1.3659 2.10224 1.32756 2.81634 1.72377 1.71157 2.20349 1.98336 1.89597 1.9775 2.76106 2.25044 1.82226 2.11871 3.45905 2.34752 2.48934 3.30319 2.00668 1.90667 1.78706 1.78514 3.89469 1.725 1.70581 2.18825 2.50715
threshold=17540.340820312504 199.50000000000003 0.67347905039787304 10.13441848754883 14.500000000000002 360.00000000000006 1.0000000180025095e-35 5.032947540283204 16.849999427795414 1.0000000180025095e-35 1.0000000180025095e-35 14.579007625579836 41.500000000000007 14.729770660400392 0.26229646801948553 0.56469395756721508 0.57957762479782116 4.5297021865844735 12.943249225616457 6.3610939979553232 7.2032601833343515 9.5000000000000018 0.52246257662773143 0.47080598771572119 5.5000000000000009 14.500000000000002 5.5513761043548593 5.5000000000000009 3.5000000000000004 1.5000000000000002
decision_type=2 2 2 2 2 2 2 2 2 2 2 2 2 2 2 2 2 2 2 2 2 2 2 2 2 2 2 2 2 2
left_child=5 2 -2 -3 -5 8 7 -7 9 10 11 -1 13 14 23 22 17 -17 19 24 -21 -22 -11 -13 25 -19 -10 28 -24 -30
right_child=1 3 -4 4 -6 6 -8 -9 26 15 -12 12 -14 -15 -16 16 -18 18 -20 20 21 -23 27 -25 -26 -27 -28 -29 29 -31
leaf_value=-0.01498593872779911 0.27119874901207808 -0.10321478226481487 -0.018447618789647176 -0.1425209165904002 0.038675560852992459 0.0032194941461857552 0.42504961181825679 0.16374360369219948 -0.0013842368956890722 0.0022981097455226458 -0.14553130652544047 0.063800449027130571 -0.0091835072733333009 -0.1035782178616652 -0.0065335656589998684 0.92338626855722539 0.012784644815056333 1.3836935386752307 -0.035325738842643388 0.88971326239468185 -0.083664773710302773 0.56929129708680259 -0.042869884624280166 0.007392369783757579 -0.082604762988962271 -0.049070322230451414 -0.035428233450975385 -0.095772648472174399 -0.077787248138212861 0.10923873082009508
leaf_weight=17662 100 1065 4084 179 237 3066 94 702 27927 86665 577 969 2597 195 545 160 9450 126 543 81 133 128 2126 326 196 163 36022 854 391 1056
leaf_count=17662 100 1065 4084 179 237 3066 94 702 27927 86665 577 969 2597 195 545 160 9450 126 543 81 133 128 2126 326 196 163 36022 854 391 1056
internal_value=-0.000156912 -0.0012233 -0.000593692 -0.00300203 -8.65399e-05 -0.000125571 0.000975659 0.000719744 -0.000148086 -1.8874e-05 -0.00055118 -0.000461291 0.00061917 0.00201965 0.00273913 0.000100398 0.0008306 0.00290196 0.00192701 0.00393954 0.00785965 0.00457471 1.23817e-05 0.00410038 0.00117526 0.00417301 -0.000400539 -0.00120217 -0.000626366 0.00117346
internal_weight=198419 5665 4184 1481 416 192754 3862 3768 188892 124943 22871 22294 4632 2035 1840 102072 10980 1530 1370 827 342 261 91092 1295 485 289 63949 4427 3573 1447
internal_count=198419 5665 4184 1481 416 192754 3862 3768 188892 124943 22871 22294 4632 2035 1840 102072 10980 1530 1370 827 342 261 91092 1295 485 289 63949 4427 3573 1447
is_linear=0
shrinkage=0.06


Tree=129
num_leaves=31
num_cat=0
split_feature=24 3 26 11 3 23 3 5 11 11 20 17 21 17 24 0 25 0 19 0 23 25 23 0 11 16 17 16 25 16
split_gain=1.69061 1.69905 1.4628 1.3365 2.22629 2.73821 1.7981 2.57467 2.86365 6.18739 3.8762 4.03622 5.63948 4.78869 5.44158 6.15158 4.54137 4.25566 4.15506 3.78189 7.91081 3.77987 4.4372 5.18616 4.14545 9.41305 4.19067 5.40156 9.37555 5.09221
threshold=17540.340820312504 211.00000000000003 0.67347905039787304 0.20570998638868335 331.50000000000006 5.0825912952423105 21.500000000000004 4.5000000000000009 0.71455863118171703 0.70530927181243908 1.0000000180025095e-35 1.5000000000000002 0.50571352243423473 2.5000000000000004 13227.383789062502 22.482932090759281 6.5000000000000009 69.17972564697267 56.069665908813484 15.417643547058107 0.56013277173042308 9.5000000000000018 0.5468534827232362 10.024745941162111 0.27093729376792913 14.500000000000002 1.5000000000000002 15.500000000000002 3.5000000000000004 14.500000000000002
decision_type=2 2 2 2 2 2 2 2 2 2 2 2 2 2 2 2 2 2 10 2 2 2 2 2 2 2 2 2 2 2
left_child=3 2 -2 -1 6 -6 -5 -8 9 10 21 12 -12 14 17 18 19 -13 -16 20 -14 24 23 -23 25 -9 27 28 -26 -30
right_child=1 -3 -4 4 5 -7 7 8 -10 -11 11 13 16 -15 15 -17 -18 -19 -20 -21 -22 22 -24 -25 26 -27 -28 -29 29 -31
leaf_value=-0.006344815431454408 0.25492682407135331 -0.067964080400223947 -0.017446644325389556 -0.028838890035858468 0.068893355582603219 0.36744333910490723 0.016901569322089381 0.76629328127006735 -0.076454271230001022 0.31832807701391297 -0.10549738286625183 -0.005373585333185763 0.87631122455289645 -0.028857113582666915 0.059707751855519423 -0.12091317862968239 -0.15526954499480711 0.16089978303961658 0.65860830153154859 -0.067672796863820397 0.99899641485111979 0.47214685109869881 0.026127939537125517 0.10358364990423265 0.88150681398700148 -0.12512765131386763 -0.054757516238753259 -0.13131251672327948 -0.11543496496009449 0.67678733685593728
leaf_weight=151296 100 1455 4110 2126 861 207 19370 163 2184 164 2743 1194 134 7585 122 99 244 103 191 99 101 211 422 140 168 166 1975 290 298 98
leaf_count=151296 100 1455 4110 2126 861 207 19370 163 2184 164 2743 1194 134 7585 122 99 244 103 191 99 101 211 422 140 168 166 1975 290 298 98
internal_value=-0.000159331 -0.00118094 -0.000570073 -0.000129306 0.000172511 0.0028764 0.000101014 0.000195378 -0.000302955 -3.59081e-05 -0.000150854 -0.000663497 -0.0024589 -2.19511e-05 0.00284728 0.00885437 0.00292733 0.000939089 0.0129776 0.00747305 0.011617 0.00149427 0.00525485 0.0102393 0.000573779 0.00694833 -0.000167552 0.00334426 0.00676596 0.00172727
internal_weight=198419 5665 4210 192754 41458 1068 40390 38264 18894 16710 16546 12615 3321 9294 1709 412 578 1297 313 334 235 3931 773 351 3158 329 2829 854 564 396
internal_count=198419 5665 4210 192754 41458 1068 40390 38264 18894 16710 16546 12615 3321 9294 1709 412 578 1297 313 334 235 3931 773 351 3158 329 2829 854 564 396
is_linear=0
shrinkage=0.06


Tree=130
num_leaves=31
num_cat=0
split_feature=2 24 24 21 25 21 24 25 25 0 24 0 21 16 21 21 25 0 24 16 20 24 23 27 16 0 0 11 0 17
split_gain=1.70358 2.10901 4.13034 4.64418 7.85294 6.3514 6.2145 17.6711 5.4053 6.34484 6.92209 5.36694 4.20134 9.30337 3.78697 6.42518 7.35402 6.67998 17.7245 8.18568 5.89216 3.98584 4.14888 3.75854 3.62932 3.47795 4.18976 3.30881 3.75407 5.41446
threshold=5.5000000000000009 13494.974609375002 12033.684082031252 0.4038205891847611 3.5000000000000004 0.30095402896404272 12375.156250000002 7.5000000000000009 4.5000000000000009 27.322209358215336 13124.946777343752 5.3415167331695566 0.44997850060462957 14.500000000000002 0.23079120367765429 0.25032398104667669 6.5000000000000009 9.7368164062500018 10660.973144531252 14.500000000000002 2.5000000000000004 8982.4550781250018 0.6919572949409486 14.117574691772463 10.500000000000002 23.120385169982914 37.445917129516609 0.67499431967735302 2.0420317649841313 1.0000000180025095e-35
decision_type=2 2 2 2 2 2 2 2 2 2 2 2 2 2 2 2 2 2 2 2 2 2 2 2 2 2 2 2 2 2
left_child=-1 2 14 5 -5 6 7 23 24 10 12 -12 13 -10 21 16 17 18 -16 -20 -18 22 27 -4 -6 -24 -27 28 -2 -30
right_child=1 -3 3 4 8 -7 -8 -9 9 -11 11 -13 -14 -15 15 -17 20 -19 19 -21 -22 -23 25 -25 -26 26 -28 -29 29 -31
leaf_value=-0.0011653090913628821 0.1349477311815438 -0.035286962207528104 0.88805188118140121 -0.16655255496185115 1.2986356603258933 -0.17271041661669501 0.0051992909344020207 -0.083149867689444004 -0.22125655952977608 0.33488278015242889 0.27986515247636912 0.59318695731137994 -0.04467122505883421 2.7484512188357759 1.2336580680041003 -0.013138114121604341 -0.031596308066601207 0.013726288960615562 -0.056976742914284118 3.0707878758110243 0.60768906934647171 -0.10193202722876436 -0.12933242065730088 1.053681626348979 1.1034039558914559 0.26060783669981108 -0.13476371984508867 0.26198202672988519 0.2045900107785194 -0.07577142294031998
leaf_weight=137546 1082 20033 133 505 81 1326 3288 357 167 152 90 150 1004 158 88 20614 845 216 120 136 115 4800 1696 147 96 103 125 115 688 2443
leaf_count=137546 1082 20033 133 505 81 1326 3288 357 167 152 90 150 1004 158 88 20614 845 216 120 136 115 4800 1696 147 96 103 125 115 688 2443
internal_value=-0.000160843 -0.000425116 -0.000177768 0.00107865 0.00326342 7.88407e-05 0.00129172 0.00671585 0.00503266 0.00400581 0.00287189 0.01225 0.00117833 0.00710769 -0.000467548 -1.46395e-05 0.00375 0.00921428 0.014407 0.00642187 0.000562499 -0.00137459 -0.000376201 0.018 0.0150169 -0.00269439 0.00426316 0.000654342 0.00038025 -0.00067263
internal_weight=198419 60873 40840 7654 2403 5251 3925 637 1898 1721 1569 240 1329 325 33186 22134 1520 560 344 256 960 11052 6252 280 177 1924 228 4328 4213 3131
internal_count=198419 60873 40840 7654 2403 5251 3925 637 1898 1721 1569 240 1329 325 33186 22134 1520 560 344 256 960 11052 6252 280 177 1924 228 4328 4213 3131
is_linear=0
shrinkage=0.06


Tree=131
num_leaves=31
num_cat=0
split_feature=2 24 24 20 21 21 17 16 0 24 16 25 24 20 11 21 20 17 27 21 21 25 25 17 16 21 20 16 21 21
split_gain=1.69954 1.80321 3.67338 4.36958 6.43845 6.97922 8.18304 7.13524 5.03946 3.93668 15.1649 17.7468 4.55093 7.97393 7.42735 6.08058 3.45477 4.26214 3.52797 3.31886 4.99123 5.57907 6.92515 5.85542 4.71425 9.05619 3.27076 4.65842 5.16374 11.1983
threshold=5.5000000000000009 13494.974609375002 12033.684082031252 2.5000000000000004 0.43069899082183843 0.14208472520112994 3.5000000000000004 14.500000000000002 27.322209358215336 12375.156250000002 14.500000000000002 8.5000000000000018 12982.166992187502 3.5000000000000004 0.406288892030716 0.2516866028308869 1.5000000000000002 1.5000000000000002 8.7046318054199237 0.23079120367765429 0.25032398104667669 6.5000000000000009 4.5000000000000009 5.5000000000000009 14.500000000000002 0.24158938974142077 3.5000000000000004 11.500000000000002 0.62503737211227428 0.72861218452453624
decision_type=2 2 2 2 2 2 2 2 2 2 2 2 2 2 2 2 2 2 2 2 2 2 2 2 2 2 2 2 2 2
left_child=-1 2 19 4 5 6 7 -4 -6 10 -5 -12 -11 15 -15 -14 18 -18 -3 -2 21 22 24 -23 -21 -26 -22 28 -28 -30
right_child=1 16 3 9 8 -7 -8 -9 -10 12 11 -13 13 14 -16 -17 17 -19 -20 20 26 23 -24 -25 25 -27 27 -29 29 -31
leaf_value=-0.0010953905458811269 -0.053842363575581385 0.068164501558823476 0.93268270943244835 -0.18503033532923088 0.20886942578894258 -0.10294079043833214 -0.21212935489497722 0.73546934480900639 0.26934311946112971 -0.028849947520419611 1.3965678574521132 1.6293357850632113 0.43835405256521087 -0.026436478305212237 0.57800459987484964 1.7327920584851213 -0.13495991616174557 -0.037007088884517439 -0.030939177252654555 -0.044231304523012022 -0.035266327911596562 -0.027648570922385599 1.1308609564684924 0.89388213030892338 -0.034367465325933315 3.0310645517858914 0.12075417365784714 -0.039300609563079729 1.8444115027885326 -0.13690512218448506
leaf_weight=137546 11052 2788 138 187 1539 2946 173 149 138 1229 88 101 117 618 118 113 2790 7508 6947 220 16083 849 118 111 116 106 1971 2342 134 84
leaf_count=137546 11052 2788 138 187 1539 2946 173 149 138 1229 88 101 117 618 118 113 2790 7508 6947 220 16083 849 118 111 116 106 1971 2342 134 84
internal_value=-0.000157214 -0.000421173 -0.00019246 0.000992421 -2.71508e-05 -0.00152554 0.00534782 0.011561 0.0030161 0.00300817 0.00868085 0.0206667 0.00203645 0.00511801 0.00207065 0.0148696 -0.000887437 -0.00165353 -7.7043e-05 -0.00046574 -4.17472e-05 0.00327631 0.00803571 0.000499999 0.00458823 0.0107568 -0.000286409 0.0011375 0.00312745 0.0118899
internal_weight=198419 60873 40840 7654 5083 3406 460 287 1677 2571 376 189 2195 966 736 230 20033 10298 9735 33186 22134 1520 560 960 442 222 20614 4531 2189 218
internal_count=198419 60873 40840 7654 5083 3406 460 287 1677 2571 376 189 2195 966 736 230 20033 10298 9735 33186 22134 1520 560 960 442 222 20614 4531 2189 218
is_linear=0
shrinkage=0.06


Tree=132
num_leaves=31
num_cat=0
split_feature=2 14 20 25 16 3 25 19 23 24 24 25 21 24 20 26 16 21 0 21 21 25 24 24 0 20 21 21 0 0
split_gain=1.69651 1.84857 2.24351 1.79515 3.03857 1.69229 1.9373 1.67431 2.71865 2.95818 1.82035 1.99253 2.6453 7.55455 3.53005 3.16097 4.18935 10.6946 5.5851 3.00764 2.98657 4.85802 2.79157 8.47629 5.30469 4.5744 3.92355 4.97548 3.72478 3.08207
threshold=5.5000000000000009 1.0000000180025095e-35 3.5000000000000004 9.5000000000000018 10.500000000000002 282.00000000000006 5.5000000000000009 30.111618995666507 14.959635734558107 15805.925292968752 13494.974609375002 2.5000000000000004 0.4179298877716065 12519.222167968752 3.5000000000000004 4.7221591472625741 10.500000000000002 0.48083676397800451 11.563252449035646 0.55745425820350658 0.42381054162979132 10.500000000000002 10833.450195312502 10809.746093750002 53.801986694335945 2.5000000000000004 0.28175266087055212 0.24617874622344973 7.760831594467164 9.5444149971008319
decision_type=2 2 2 2 2 2 2 10 2 2 2 2 2 2 2 2 2 2 2 2 2 2 2 2 2 2 2 2 2 2
left_child=-1 7 5 4 -4 -3 -7 8 -2 -10 11 -9 22 20 15 -15 17 -17 -19 -18 21 -14 23 29 25 -24 27 -27 -29 -13
right_child=1 2 3 -5 -6 6 -8 10 9 -11 -12 12 13 14 -16 16 19 18 -20 -21 -22 -23 24 -25 -26 26 -28 28 -30 -31
leaf_value=-0.0010296671131282513 -0.0096739946257533484 -0.049774421365184132 0.16472070961681648 1.4632481975151008 -0.11618441893203291 -0.10382682119572392 0.34308058714672945 -0.052817504580474461 0.13713208686022385 0.17829572879706035 -0.043092103577852002 0.025778177900054523 -0.059602470691979048 -0.10652404325002615 -0.15717700125601383 -0.085683246242860861 0.74691831623640192 1.3378892358061421 0.24287351872191479 -0.2392292250008026 -0.013106214549089267 0.46159338346449386 -0.12877397250789566 1.1091283777544125 0.61555182406003894 0.057216505748568597 -0.20922301659693096 0.21298703949682046 1.2774794555837894 -0.09063118733913364
leaf_weight=137546 19191 764 130 114 151 131 205 4710 687 110 13059 7036 144 130 136 111 179 148 91 96 5169 114 3520 117 205 805 591 89 87 2853
leaf_count=137546 19191 764 130 114 151 131 205 4710 687 110 13059 7036 144 130 136 111 179 148 91 96 5169 114 3520 117 205 805 591 89 87 2853
internal_value=-0.000154493 -0.000418216 0.00166555 0.0055443 0.00296797 0.000272726 0.00382143 -0.000470681 -2.34155e-05 0.00341029 -0.00069764 -0.000410392 -0.000166784 0.000866095 0.00598653 0.0075894 0.00936 0.0137143 0.0208619 0.00381818 2.5427e-05 0.00632558 -0.000593218 -3.59927e-06 -0.00170701 -0.00208798 0.000603052 0.00292966 0.0120682 -0.00019355
internal_weight=198419 60873 1495 395 281 1100 336 59378 19988 797 39390 26331 21621 6318 891 755 625 350 239 275 5427 258 15303 10006 5297 5092 1572 981 176 9889
internal_count=198419 60873 1495 395 281 1100 336 59378 19988 797 39390 26331 21621 6318 891 755 625 350 239 275 5427 258 15303 10006 5297 5092 1572 981 176 9889
is_linear=0
shrinkage=0.06


Tree=133
num_leaves=31
num_cat=0
split_feature=2 3 23 7 14 2 0 3 11 26 18 11 11 17 0 0 21 18 25 23 24 24 17 26 19 23 23 16 24 0
split_gain=1.81867 1.6322 3.01702 1.61468 1.8206 1.65339 1.82784 1.80107 1.57019 1.42467 1.38883 1.37908 7.19986 1.70374 4.07926 2.31905 1.85273 1.29325 1.19117 3.68596 4.2022 5.06892 4.59179 4.98801 4.48023 3.39538 5.10152 8.26085 2.76187 2.86134
threshold=5.5000000000000009 327.00000000000006 14.812517642974855 1.0000000180025095e-35 1.0000000180025095e-35 1.5000000000000002 10.989459514617922 15.500000000000002 0.26540583372116094 24.724396705627445 0.093400344252586379 0.71455863118171703 0.70530927181243908 1.0000000180025095e-35 8.1051063537597674 25.3781270980835 0.27196498215198522 12.61370372772217 7.5000000000000009 8.6239829063415545 8911.6054687500018 14736.229980468752 3.5000000000000004 10.045489311218263 66.39725494384767 6.020177125930787 5.6679339408874521 14.500000000000002 6135.1196289062509 2.5959763526916508
decision_type=2 2 2 2 2 2 2 2 2 2 2 2 2 2 2 2 2 2 2 2 2 2 2 2 10 2 2 2 2 2
left_child=3 11 8 4 5 6 -1 10 -3 -10 -8 12 18 14 -13 -15 -17 -5 19 -2 24 -22 23 -23 -21 26 28 -28 -20 -30
right_child=1 2 -4 17 -6 -7 7 -9 9 -11 -12 13 -14 15 -16 16 -18 -19 25 20 21 22 -24 -25 -26 -27 27 -29 29 -31
leaf_value=-0.02007181991619798 -0.01849043093472523 -0.016736753439766484 0.33256603886669267 0.0022743233959715138 -0.13622131720300451 0.01055458510079722 0.038685901215978001 -0.0063427010025164116 0.16415934733484899 -0.074626184046499219 -0.0054056554866790283 2.7684544546417418 0.32198761924937774 -0.16372982546713791 -0.2249575331291678 -0.0082268150585577023 0.81642729875684383 -0.059249297671244337 0.24234211781122722 0.28036349985500525 -0.049064945663991069 0.46410205330902721 -0.038314846215659774 0.16324639116782319 0.77691212671288512 -0.076415446843985255 0.69987470928870599 -0.082203049399453221 0.032700159736598629 -0.057916053244933444
leaf_weight=12005 28791 4836 244 112569 577 6008 857 3629 859 261 467 101 100 1026 97 114 86 1434 986 206 1206 85 154 210 192 5683 158 144 3492 11842
leaf_count=12005 28791 4836 244 112569 577 6008 857 3629 859 261 467 101 100 1026 97 114 86 1434 986 206 1206 85 154 210 192 5683 158 144 3492 11842
internal_value=-0.000156005 -0.000429059 0.000493547 -3.51606e-05 -0.000487535 -0.000403903 -0.000706924 0.00026287 0.000225653 0.00225 0.0021571 -0.000533684 -0.000484405 -0.00237641 0.00278788 -0.00321044 0.0027 5.82602e-05 -0.000514668 -0.000273118 0.00218315 0.000851962 0.00629399 0.010678 0.00771859 -0.00084869 -0.000415836 0.00731126 -0.000558825 -0.000756751
internal_weight=198419 60873 6200 137546 23543 22966 16958 4953 5956 1120 1324 54673 53249 1424 198 1226 200 114003 53149 30844 2053 1655 449 295 398 22305 16622 302 16320 15334
internal_count=198419 60873 6200 137546 23543 22966 16958 4953 5956 1120 1324 54673 53249 1424 198 1226 200 114003 53149 30844 2053 1655 449 295 398 22305 16622 302 16320 15334
is_linear=0
shrinkage=0.06


Tree=134
num_leaves=31
num_cat=0
split_feature=2 23 23 5 0 3 23 11 24 18 0 26 0 23 21 0 23 26 21 19 2 4 0 18 19 24 24 0 1 21
split_gain=1.74177 1.59616 2.62087 2.37809 2.82659 3.78647 3.39665 4.21403 3.0311 2.67369 2.0272 1.93203 1.84599 1.80868 1.78275 3.78219 1.77597 1.7438 1.7318 3.20056 1.70644 2.11752 2.41107 2.03516 1.90908 1.73638 1.86054 1.69071 1.71254 1.7279
threshold=5.5000000000000009 1.8355448246002199 2.2976937294006352 5.5000000000000009 11.682975769042971 36.000000000000007 9.8534979820251483 0.58946129679679882 13124.946777343752 0.99350821971893322 0.16036627441644671 8.3512415885925311 6.2392084598541269 2.7925844192504887 0.29802435636520391 10.88622045516968 14.729770660400392 11.090817928314211 0.20608495920896533 78.806194305419936 1.5000000000000002 55.000000000000007 11.323418617248537 12.61370372772217 21.422952651977543 1429.7474365234377 2154.069702148438 75.529083251953139 14.500000000000002 0.23251585662364962
decision_type=2 2 2 2 2 2 2 2 2 2 2 2 2 2 2 2 2 2 2 8 2 2 2 2 8 2 2 2 2 2
left_child=1 20 10 4 5 -4 7 -7 16 -10 -3 12 -12 14 -5 -16 -8 -9 19 -13 -1 22 -22 24 -23 -26 -27 -6 -29 -30
right_child=-2 2 3 13 27 6 8 17 9 -11 11 18 -14 -15 15 -17 -18 -19 -20 -21 21 23 -24 -25 25 26 -28 28 29 -31
leaf_value=-0.0099952583560268399 -0.018370640296860485 0.24500812139301162 -0.011627821535351246 -0.055310037149861692 -0.010194749300319703 0.010878608512630825 0.059483190447608213 0.16138679533200675 0.057522917559769585 0.23657795440764467 0.21853443554463281 -0.068099311982558156 0.026242809829981631 -0.043183699773518991 0.15021300357662459 -0.11557171553514274 -0.012623929985679948 0.07489755168318403 -0.010845893125305619 0.17307917584332233 0.00875369289780158 0.41338899559105463 0.05960768826087956 -0.12036260529751704 0.071845675018296917 -0.0666575206652016 -0.0025116014155405126 1.2042039096765806 0.19388944252129009 -0.03810510967534992
leaf_weight=25904 60873 103 3053 207 10504 9269 1993 189 760 300 177 80 211 7006 167 102 845 375 821 85 5172 108 1633 823 1180 1594 64082 99 263 441
leaf_count=25904 60873 103 3053 207 10504 9269 1993 189 760 300 177 80 211 7006 167 102 845 375 821 85 5172 108 1633 823 1180 1594 64082 99 263 441
internal_value=-0.000156912 -3.86503e-05 0.000297974 0.000195147 0.000448327 0.000942325 0.00136727 0.00077311 0.00286608 0.00560377 0.00277454 0.00216594 0.00575258 -0.000755414 0.00282353 0.00604461 0.00184355 0.00580851 0.000754562 0.00636363 -0.000162754 -1.70542e-05 0.000991916 -0.000118343 -8.18962e-05 -9.47723e-05 -0.000135759 -0.000284958 0.00236862 0.00132954
internal_weight=198419 137546 37050 35573 28091 16784 13731 9833 3898 1060 1477 1374 388 7482 476 269 2838 564 986 165 100496 74592 6805 67787 66964 66856 65676 11307 803 704
internal_count=198419 137546 37050 35573 28091 16784 13731 9833 3898 1060 1477 1374 388 7482 476 269 2838 564 986 165 100496 74592 6805 67787 66964 66856 65676 11307 803 704
is_linear=0
shrinkage=0.06


Tree=135
num_leaves=31
num_cat=0
split_feature=2 18 21 0 19 27 23 23 18 0 21 19 19 0 6 5 4 21 24 25 11 16 17 21 3 7 24 25 27 0
split_gain=1.5142 1.48843 2.15502 2.82857 2.00037 1.65494 1.35229 2.08111 1.99177 1.81805 2.34549 2.26989 2.72171 1.72177 2.992 3.28673 3.56833 2.76377 3.57613 2.5614 2.52242 2.34837 2.50969 2.1841 2.09211 2.02493 1.99976 2.63159 2.72594 1.65508
threshold=5.5000000000000009 4.0124847888946542 0.44997850060462957 96.72674942016603 83.631481170654311 21.051902770996097 1.8355448246002199 2.2976937294006352 3.7913054227828984 0.16036627441644671 0.32596074044704443 76.881023406982436 80.374996185302749 10.88622045516968 11.150000095367433 3.5000000000000004 49.000000000000007 0.74832612276077282 14495.880371093752 10.500000000000002 0.60341420769691478 17.500000000000004 4.5000000000000009 0.59814637899398815 62.500000000000007 1.0000000180025095e-35 976.11587524414074 1.5000000000000002 11.519917011260988 7.2692391872406015
decision_type=2 2 2 2 10 2 2 2 2 2 2 8 10 2 2 2 2 2 2 2 2 2 2 2 2 2 2 2 2 2
left_child=1 6 3 4 5 -3 8 9 13 -8 11 -11 -13 17 15 16 -15 25 21 20 -17 22 24 -21 -19 -1 27 -27 -29 -9
right_child=-2 2 -4 -5 -6 -7 7 29 -10 10 -12 12 -14 14 -16 19 -18 18 -20 23 -22 -23 -24 -25 -26 26 -28 28 -30 -31
leaf_value=-0.021022513316592419 -0.017268401879048875 -0.001716999025253903 -0.067866824820026178 0.74593817498705062 0.12255497002641012 -0.05973028322663973 0.23030763410943089 0.016450636860789417 0.079837193093946462 0.013331997697928687 0.0033926039069515769 0.44136481266272504 0.033994576906363441 0.025291842799757946 -0.026434577279046852 0.095082220878078244 -0.018780777643178623 0.2520320645047413 -0.04443709189041152 -0.069998408499858472 -0.07024311385453165 -0.00664515911480294 -0.078447809130697058 0.43144732224017329 0.37099764106814825 -0.076473475478450334 -0.0052165469647815314 0.044733494210085163 1.3770345123678682 -0.0035365302220195329
leaf_weight=11813 60873 6267 2792 115 135 1244 103 13840 557 175 842 117 123 5392 7085 2916 6098 141 238 639 244 176 85 98 247 111 58067 96 103 17687
leaf_count=11813 60873 6267 2792 115 135 1244 103 13840 557 175 842 117 123 5392 7085 2916 6098 141 238 639 244 176 85 98 247 111 58067 96 103 17687
internal_value=-0.000149352 -3.90865e-05 -0.000723777 -0.000209511 -0.000349988 -0.000480097 1.78106e-05 0.000349012 -9.79335e-05 0.00264706 0.00201909 0.00571084 0.0095 -0.000119233 0.000338553 0.000808343 0.000297649 -0.000263969 0.00306426 0.00231409 0.00305696 0.00537134 0.00757294 -0.0008711 0.00961856 -0.000306028 -0.000161058 0.00464516 0.00877387 0.00024988
internal_weight=198419 137546 10553 7761 7646 7511 126993 32887 94106 1360 1257 415 240 93549 22472 15387 11490 71077 887 3897 3160 649 473 737 388 70190 58377 310 199 31527
internal_count=198419 137546 10553 7761 7646 7511 126993 32887 94106 1360 1257 415 240 93549 22472 15387 11490 71077 887 3897 3160 649 473 737 388 70190 58377 310 199 31527
is_linear=0
shrinkage=0.06


Tree=136
num_leaves=31
num_cat=0
split_feature=24 21 21 0 0 21 1 5 21 23 11 0 0 0 5 24 24 23 0 0 2 17 21 16 25 0 23 0 26 24
split_gain=1.29523 1.82086 2.8559 3.07424 3.74464 2.48859 2.44614 6.16346 1.801 1.72014 1.48342 1.40989 2.86698 1.40925 2.7332 1.3558 2.36653 2.68894 2.49679 2.97631 2.31412 2.37496 2.52697 2.21369 1.87839 4.34256 6.64071 3.07534 2.45227 1.96693
threshold=17540.340820312504 0.23404077440500262 0.14386009424924853 8.0438809394836444 2.5534095764160161 0.39091403782367712 224.00000000000003 3.5000000000000004 0.14853189885616305 0.52593147754669201 0.71972233057022106 8.2435984611511248 18.96811676025391 11.323418617248537 5.5000000000000009 17041.088867187504 16700.229492187504 7.6945157051086435 17.885603904724125 7.8963713645935067 4.5000000000000009 5.5000000000000009 0.37068100273609167 9.5000000000000018 9.5000000000000018 5.3415167331695566 6.4740757942199716 3.9936095476150517 17.470678329467777 17234.285156250004
decision_type=2 2 2 2 2 2 2 2 2 2 2 2 2 2 2 2 2 2 2 2 2 2 2 2 2 2 2 2 2 2
left_child=15 2 11 4 -4 10 7 -6 -5 -7 -3 -2 -13 14 -12 16 -1 20 19 -19 21 -18 23 -23 -17 26 27 28 -26 -27
right_child=1 5 3 8 6 9 -8 -9 -10 -11 13 12 -14 -15 -16 24 17 18 -20 -21 -22 22 -24 -25 25 29 -28 -29 -30 -31
leaf_value=-0.0032755840385964878 -0.09588660781586518 -0.11602713412444388 -0.015129244618123859 0.083659831914325578 0.2643416126035279 -0.034333837691301494 -0.0038074430977195909 0.61239237723801998 -0.042181636871491499 0.024068066260441154 0.13892447341886252 0.26619985497092841 -0.029928334376605709 -0.13014674164197967 -0.13994094706827051 0.0048489743009086225 -0.03646853244205097 0.0068106386891845522 -0.070030449646594647 1.7731239205760649 -0.11143421018364479 0.17857856994751858 0.0024219071240979689 0.013535335454504718 1.1487168983238705 0.41170658006993915 -0.02259767072716987 1.4839054761623161 0.0040019558880709473 -0.033020422421427144
leaf_weight=180587 517 1135 290 156 153 1284 85 113 483 888 96 81 102 155 127 5691 2067 169 188 154 1834 87 452 85 130 142 256 116 103 693
leaf_count=180587 517 1135 290 156 153 1284 85 113 483 888 96 81 102 155 127 5691 2067 169 188 154 1834 87 452 85 130 142 256 116 103 693
internal_value=-0.00014905 -0.00104325 0.000424241 0.00210937 0.00504524 -0.00183175 0.00921367 0.0120451 -0.000835682 -0.000530388 -0.00369994 -0.00265714 0.00186885 -0.000444446 0.00260986 -0.000122769 -0.000153959 -0.00143686 0.00268884 0.00588854 -0.00190276 -0.00078261 0.00246154 0.00865116 0.000689102 0.002625 0.00649587 0.0118797 0.00790558 -0.000179642
internal_weight=198419 5665 1980 1280 641 3685 351 266 639 2172 1513 700 183 378 223 192754 185623 5036 511 323 4525 2691 624 172 7131 1440 605 349 233 835
internal_count=198419 5665 1980 1280 641 3685 351 266 639 2172 1513 700 183 378 223 192754 185623 5036 511 323 4525 2691 624 172 7131 1440 605 349 233 835
is_linear=0
shrinkage=0.06


Tree=137
num_leaves=31
num_cat=0
split_feature=2 18 21 0 19 27 19 23 26 16 17 25 0 24 11 27 24 21 25 25 24 0 21 16 24 20 20 0 21 25
split_gain=1.25292 1.36571 1.95228 2.23601 1.75821 1.52436 1.35351 2.22568 2.74725 3.62642 4.47993 3.93037 3.72536 1.89688 3.21876 1.85436 1.84568 3.74019 5.41734 4.44088 4.00564 6.76476 4.30409 8.3055 4.0018 5.48246 4.72217 4.80393 8.39972 4.10891
threshold=5.5000000000000009 4.0124847888946542 0.44997850060462957 96.72674942016603 83.631481170654311 21.051902770996097 30.111618995666507 14.959635734558107 11.452854156494142 7.5000000000000009 5.5000000000000009 6.5000000000000009 10.024745941162111 13494.974609375002 0.76186704635620128 21.769858360290531 12033.684082031252 0.4038205891847611 3.5000000000000004 4.5000000000000009 13124.946777343752 31.149155616760257 0.44997850060462957 14.500000000000002 12375.156250000002 1.0000000180025095e-35 1.5000000000000002 13.769601821899416 0.25664508342742925 8.5000000000000018
decision_type=2 2 2 2 10 2 10 2 2 2 2 2 2 2 2 2 2 2 2 2 2 2 2 2 2 2 2 2 2 2
left_child=1 -1 3 4 5 -3 7 -2 -9 -10 11 -11 -13 14 16 -15 -8 24 -19 -20 21 22 23 -21 25 -18 -26 -28 -29 -27
right_child=6 2 -4 -5 -6 -7 13 8 9 10 -12 12 -14 15 -16 -17 17 18 19 20 -22 -23 -24 -25 26 29 27 28 -30 -31
leaf_value=0.00013224585273621846 -0.0049846471054406181 -0.001617406745497285 -0.06359828028850889 0.70137841953014246 0.11519309827742799 -0.056087614154290179 -0.023640259644921575 -0.20415012085425466 -0.11544538772644457 0.61791422326575507 0.60150916132838272 -0.23572014017072301 0.67877571008261639 -0.030561677745712557 0.55823092154778342 -0.092858165633152495 0.8089318089323545 -0.1590979743912268 1.1032641441263917 -0.080008146237690453 0.46797623285100154 0.27827020673053093 -0.086584704403304028 2.8216432137275502 -0.12539206400448541 0.62463327395557744 -0.01819910151063292 0.59330477587762143 -0.17909389461934344 -0.19383441481212774
leaf_weight=126993 19654 6267 2792 115 135 1244 22038 234 163 86 80 172 84 11333 143 1870 95 339 105 125 165 86 617 94 1510 253 1152 139 114 222
leaf_count=126993 19654 6267 2792 115 135 1244 22038 234 163 86 80 172 84 11333 143 1870 95 339 105 125 165 86 617 94 1510 253 1152 139 114 222
internal_value=-0.000151166 -5.08644e-05 -0.00070672 -0.000217241 -0.000342141 -0.000464121 -0.000377804 1.96342e-05 0.00308425 0.00528205 0.00821801 0.00522807 0.0015 -0.000579209 -0.000292754 -0.00116928 -0.00034021 0.000698563 0.00317048 0.00507382 0.0039356 0.00239479 0.00074641 0.0079726 -0.000387376 0.00421052 -0.00128645 0.00121708 0.00870356 0.00157895
internal_weight=198419 137546 10553 7761 7646 7511 60873 20473 819 585 422 342 256 40400 27197 13203 27054 5016 1531 1192 1087 922 836 219 3485 570 2915 1405 253 475
internal_count=198419 137546 10553 7761 7646 7511 60873 20473 819 585 422 342 256 40400 27197 13203 27054 5016 1531 1192 1087 922 836 219 3485 570 2915 1405 253 475
is_linear=0
shrinkage=0.06


Tree=138
num_leaves=31
num_cat=0
split_feature=24 21 21 21 0 20 2 4 11 27 16 23 2 0 5 0 0 18 19 21 18 18 27 19 27 23 0 17 26 23
split_gain=1.25089 1.84356 2.3235 2.30592 2.48272 2.62313 2.14126 2.96127 1.55668 1.51661 2.36848 1.43627 1.39725 1.26658 2.30432 1.20437 2.38514 1.13626 1.5346 1.9582 1.52062 2.06453 1.82822 1.56595 1.47772 2.0257 2.86875 2.53429 2.38246 2.01735
threshold=17540.340820312504 0.23404077440500262 0.39091403782367712 0.14386009424924853 18.613037109375004 1.5000000000000002 2.5000000000000004 183.50000000000003 0.71972233057022106 16.657261848449711 8.5000000000000018 0.52593147754669201 4.5000000000000009 11.323418617248537 5.5000000000000009 8.2435984611511248 18.96811676025391 -4.526648521423339 67.430042266845717 0.071135025471448912 1.7235497832298281 1.6826637387275698 12.690362930297853 56.069665908813484 18.047978401184086 11.69450902938843 7.760831594467164 2.5000000000000004 19.011567115783695 12.397799968719484
decision_type=2 2 2 2 2 2 2 2 2 2 2 2 2 2 2 2 2 2 8 2 2 2 2 10 2 2 2 2 2 2
left_child=17 3 8 15 5 6 -5 -8 -3 10 -7 12 -4 14 -10 -2 -17 -1 20 -20 21 -19 23 -23 25 28 27 -27 -22 -28
right_child=1 2 11 4 -6 9 7 -9 13 -11 -12 -13 -14 -15 -16 16 -18 18 19 -21 24 22 -24 -25 -26 26 29 -29 -30 -31
leaf_value=-0.015045185197324581 -0.08963237555327852 -0.10866285348359379 -0.0060640860593188014 0.049117399291438053 -0.070326191406401131 0.35196628682235642 0.4675486846782767 0.082779657077165641 0.1305810702625666 -0.042592610920436147 0.0085071787738709697 0.016340341953454206 -0.10294566698852908 -0.12119890535911051 -0.13155242499533842 0.25021992892150857 -0.0278642575847293 -0.0039997821670913836 -0.021402445411033547 0.0027926496800821381 0.00040840381495767659 0.22960141477881779 -0.01279508941535386 0.081629274792072104 -0.04627608911831927 0.13307331076804804 0.18179062564880619 0.47189709097854654 -0.044506792902698121 0.0033482159103496692
leaf_weight=14976 517 1135 768 135 231 89 142 142 96 209 332 888 516 155 127 81 102 36243 6089 115527 6937 88 117 86 6042 91 95 83 4960 1420
leaf_count=14976 517 1135 768 135 231 89 142 142 96 209 332 888 516 155 127 81 102 36243 6089 115527 6937 88 117 86 6042 91 95 83 4960 1420
internal_value=-0.000143304 -0.00102207 -0.00181547 0.000454544 0.00196875 0.00320877 0.00688783 0.00984507 -0.00362062 0.000761903 0.0028361 -0.000558012 -0.00184112 -0.000285716 0.00260986 -0.00231429 0.00186885 -0.000117478 -7.51963e-05 4.4598e-05 -0.000334605 -0.000105766 0.00492783 0.00882758 -0.000760548 -0.000413368 0.00153108 0.00882758 -0.000689419 0.000693068
internal_weight=198419 5665 3685 1980 1280 1049 419 284 1513 630 421 2172 1284 378 223 700 183 192754 177778 121616 56162 36534 291 174 19628 13586 1689 174 11897 1515
internal_count=198419 5665 3685 1980 1280 1049 419 284 1513 630 421 2172 1284 378 223 700 183 192754 177778 121616 56162 36534 291 174 19628 13586 1689 174 11897 1515
is_linear=0
shrinkage=0.06


Tree=139
num_leaves=31
num_cat=0
split_feature=24 3 21 11 26 0 24 18 19 20 21 27 27 11 0 20 21 0 26 25 0 23 19 19 26 24 24 16 24 27
split_gain=1.58219 1.50111 1.10976 1.57025 1.1933 1.52523 1.10928 1.04232 1.40258 2.47064 2.37948 2.83849 2.42682 3.94218 2.85213 2.60722 1.74215 3.95275 1.76184 5.26616 4.97599 3.79332 3.61734 3.32751 2.9662 2.95274 3.1734 2.6484 2.1037 2.15635
threshold=17540.340820312504 176.50000000000003 0.23404077440500262 0.37052993476390844 23.224212646484379 7.0201427936553964 17827.022460937504 -4.526648521423339 73.874481201171889 2.5000000000000004 0.10603866726160051 11.623192310333254 11.415173053741457 0.57444316148757946 18.96811676025391 3.5000000000000004 0.10818686708807947 10.13441848754883 21.670394897460941 4.5000000000000009 6.8170454502105722 1.1757388710975649 104.5601272583008 77.636749267578139 18.531196594238285 6135.1196289062509 15876.365722656252 1.5000000000000002 6851.4042968750009 21.051902770996097
decision_type=2 2 2 2 2 2 2 2 8 2 2 2 2 2 2 2 2 2 2 2 2 2 10 10 2 2 2 2 2 2
left_child=7 -2 6 -4 5 -5 -3 -1 9 -9 -10 12 -12 14 15 -14 17 -13 24 20 21 27 25 -23 -18 -22 28 -20 -27 -30
right_child=1 2 3 4 -6 -7 -8 8 10 -11 11 16 13 -15 -16 -17 18 -19 19 -21 22 23 -24 -25 -26 26 -28 -29 29 -31
leaf_value=-0.014142474085485199 -0.0074101811141130264 -0.043396862521791243 -0.1006374824814575 -0.11360155909796905 -0.19324257516454504 0.14650089006550118 0.093625583493206252 -9.6401296232511449e-05 -0.017862106434514274 -0.019113777783384144 0.015838682808482357 -0.0024794640173738444 -0.034320715064247387 0.21389029607674123 0.35726239882525856 1.1988184847369554 -0.0052586202099007169 1.5036410512221088 0.16367294741600741 -0.012417311153011435 -0.090716362155016717 1.8724217316463616 0.23708257820525439 0.036265433920841431 -0.051522059995243306 1.145867662263957 -0.07377099890050795 -0.01392633137088581 0.19273056756234835 0.039788320183279706
leaf_weight=14976 3630 520 988 110 100 125 192 47697 10236 27011 38386 203 505 84 97 99 30498 88 95 11471 171 84 100 93 5246 112 268 3367 1262 605
leaf_count=14976 3630 520 988 110 100 125 192 47697 10236 27011 38386 203 505 84 97 99 30498 88 95 11471 171 84 100 93 5246 112 268 3367 1262 605
internal_value=-0.000139676 -0.00112798 -0.00243243 -0.00346032 8.95508e-05 0.00242553 -0.000522473 -0.000110629 -7.01338e-05 -0.000268085 7.33468e-05 0.000169075 0.000557401 0.00385987 0.00238802 0.000854303 -0.000114382 0.00451546 -0.000139625 0.000351258 0.00176677 0.000347896 0.00381731 0.00891525 -0.000381716 0.00335484 0.00393324 -9.01227e-05 0.00476301 0.00428388
internal_weight=198419 5665 2035 1323 335 235 712 192754 177778 74708 103070 92834 39171 785 701 604 53663 291 53372 17628 6157 3639 2518 177 35744 2418 2247 3462 1979 1867
internal_count=198419 5665 2035 1323 335 235 712 192754 177778 74708 103070 92834 39171 785 701 604 53663 291 53372 17628 6157 3639 2518 177 35744 2418 2247 3462 1979 1867
is_linear=0
shrinkage=0.06


Tree=140
num_leaves=31
num_cat=0
split_feature=24 3 26 25 23 16 21 21 20 17 0 6 25 2 17 0 25 27 24 24 16 26 20 21 21 27 16 0 17 19
split_gain=1.60554 1.54491 1.0693 1.92967 3.04495 4.1015 2.24978 6.82432 11.377 6.47644 6.82955 7.4133 5.42878 8.69658 4.88614 4.64399 3.69745 3.39297 2.83299 2.50991 3.19551 2.62929 2.42124 3.87229 3.19859 4.99341 5.27812 2.95665 5.87569 6.10111
threshold=17540.340820312504 176.50000000000003 19.011567115783695 7.5000000000000009 28.859872817993168 14.500000000000002 0.4626720398664475 0.48841498792171484 1.5000000000000002 5.5000000000000009 13.952573776245119 16.550000190734867 2.5000000000000004 5.5000000000000009 1.0000000180025095e-35 5.6073594093322763 2.5000000000000004 7.4798924922943124 17481.303710937504 8911.6054687500018 16.500000000000004 10.475260257720949 1.5000000000000002 0.43069899082183843 0.42809192836284643 14.759797573089601 11.500000000000002 78.621612548828139 4.5000000000000009 99.154293060302749
decision_type=2 2 2 2 2 2 2 2 2 2 2 2 2 2 2 2 2 2 2 2 2 2 2 2 2 2 2 2 2 8
left_child=2 -2 3 6 -5 -6 22 8 9 -8 11 -11 17 19 -15 -16 -9 -10 -18 -14 -21 -22 27 24 -24 26 -26 -1 29 -29
right_child=1 -3 -4 4 5 -7 7 16 12 10 -12 -13 13 14 15 -17 18 -19 -20 20 21 -23 23 -25 25 -27 -28 28 -30 -31
leaf_value=0.010457921705306629 -0.0069655702472662846 -0.050367228297452202 -0.0071893771812460514 -0.0095778416486674133 -0.1245004931515119 0.70000898247784704 -0.039430252220599378 -0.039841985720999847 0.12927674255647062 0.64125303761470898 -0.089010467339794647 0.7804027588373571 2.255677758709969 0.11287674219015149 1.2550461203602812 2.8575969756975574 0.028242382479995918 -0.078652050042156682 0.49362189829621017 -1.7786184025958133e-05 0.16744889217025921 2.8881268376438243 -0.0073560514782731708 -0.13239224680419892 0.029423965306826821 -0.13830376013587195 1.6941552288529871 -0.050164859872953986 2.278527165663367 0.45569120236773569
leaf_weight=22475 3630 2035 80065 47252 90 138 1258 3288 82 126 131 85 145 83 80 134 8924 232 99 287 92 89 25648 1183 83 101 84 329 85 86
leaf_count=22475 3630 2035 80065 47252 90 138 1258 3288 82 126 131 85 145 83 80 134 8924 232 99 287 92 89 25648 1183 83 101 84 329 85 86
internal_value=-0.000143002 -0.00113857 -0.000113742 5.3762e-06 -0.000285595 0.00663158 0.000217239 0.000858274 0.00351841 0.000187499 0.00750877 0.0141896 0.00787255 0.0102198 0.0186465 0.0234393 0.000248069 0.00107006 0.000875761 0.00613703 0.004 0.0102431 2.34838e-05 -0.000360679 -0.000207441 0.00631343 0.0126826 0.000476604 0.00504 0.00209638
internal_weight=198419 5665 192754 112689 47480 228 65209 15135 2824 1600 342 211 1224 910 297 214 12311 314 9023 613 468 181 50074 27099 25916 268 167 22975 500 415
internal_count=198419 5665 192754 112689 47480 228 65209 15135 2824 1600 342 211 1224 910 297 214 12311 314 9023 613 468 181 50074 27099 25916 268 167 22975 500 415
is_linear=0
shrinkage=0.06


Tree=141
num_leaves=31
num_cat=0
split_feature=2 24 21 21 14 3 16 24 11 27 11 24 11 11 17 16 0 20 24 24 21 24 24 17 25 11 25 23 23 24
split_gain=1.49736 1.40259 1.96547 1.7347 1.20808 1.92169 1.99327 2.45932 2.36087 2.94932 2.07446 1.63324 1.38758 8.28413 3.11416 6.04356 2.69896 1.59926 4.11178 3.54993 3.90628 3.64027 5.45426 3.39677 3.59742 6.7431 4.33095 3.52216 5.72904 9.29991
threshold=5.5000000000000009 17540.340820312504 0.23404077440500262 0.22453764826059344 1.0000000180025095e-35 339.50000000000006 14.500000000000002 8784.4453125000018 0.38462381064891821 19.686540603637699 0.38462381064891821 7232.7141113281259 0.71455863118171703 0.70530927181243908 1.0000000180025095e-35 14.500000000000002 15.688108921051027 1.5000000000000002 6054.3205566406259 17234.285156250004 0.35429145395755773 8538.0209960937518 8496.8959960937518 3.5000000000000004 4.5000000000000009 0.62840861082077037 10.500000000000002 1.1273880600929262 7.3470351696014413 9472.9199218750018
decision_type=2 2 2 2 2 2 2 2 2 2 2 2 2 2 2 2 2 2 2 2 2 2 2 2 2 2 2 2 2 2
left_child=-1 4 3 -3 12 6 7 -6 9 -9 11 -8 13 17 15 -14 -16 18 -2 21 -21 22 -20 24 25 -19 -26 -25 29 -29
right_child=1 2 -4 -5 5 -7 10 8 -10 -11 -12 -13 14 -15 16 -17 -18 23 19 20 -22 -23 -24 27 26 -27 -28 28 -30 -31
leaf_value=-0.00078427851585872641 -0.18294168989574222 -0.011781029012182387 -0.088719040812080138 0.23825751882374052 -0.081271880450972986 0.36273268875143949 0.095751848651411189 0.079182220641054471 -0.1654855401926528 0.74169958278440951 1.2932310191232279 -0.1461704286927531 -0.25098342817350855 0.3287483497126425 -0.16238406286549256 2.7399952971081518 0.016947562620915513 -0.01210216656046004 0.049051430511292141 0.044574060146347426 0.40371885495048865 -0.018452412392651198 0.76619209326368332 -0.025150723482275563 -0.10156954058196105 0.89736046535289149 0.0067602925149123387 -0.083885687575880913 -0.023359130704282791 0.4775887992897751
leaf_weight=137546 686 482 1127 118 204 102 81 313 83 89 101 522 81 112 879 80 315 5595 5202 456 219 18739 166 9742 8544 110 3039 507 1899 1280
leaf_count=137546 686 482 1127 118 204 102 81 313 83 89 101 522 81 112 879 80 315 5595 5202 456 219 18739 166 9742 8544 110 3039 507 1899 1280
internal_value=-0.000140885 -0.000388647 -0.00207412 0.000699999 -0.000339433 0.00134448 0.000762382 0.0030566 0.00538144 0.00728358 -0.00148296 -0.00281592 -0.0003831 -0.000337432 -0.00228044 0.00555279 -0.00333668 -0.000369929 -1.83774e-05 0.000108464 0.0044 -1.16993e-05 0.00136587 -0.000661416 -0.00121749 1.57742e-05 -0.00182492 5.45115e-05 0.00163429 0.00407275
internal_weight=198419 60873 1727 600 59146 1495 1393 689 485 402 704 603 57651 56296 1355 161 1194 56184 25468 24782 675 24107 5368 30716 17288 5705 11583 13428 3686 1787
internal_count=198419 60873 1727 600 59146 1495 1393 689 485 402 704 603 57651 56296 1355 161 1194 56184 25468 24782 675 24107 5368 30716 17288 5705 11583 13428 3686 1787
is_linear=0
shrinkage=0.06


Tree=142
num_leaves=31
num_cat=0
split_feature=2 24 21 21 20 18 21 0 19 0 26 23 26 26 16 0 3 5 11 23 23 27 19 23 18 19 25 21 0 0
split_gain=1.45995 1.29721 2.00895 1.74107 1.30502 1.19454 1.94675 1.68038 1.4977 1.2526 1.24623 1.30476 2.23334 2.18906 3.20042 2.068 2.70521 2.67355 2.54819 2.30322 1.99018 2.99142 2.80224 1.91414 1.7581 1.70942 1.66659 1.61469 1.41138 1.40541
threshold=5.5000000000000009 17540.340820312504 0.23404077440500262 0.14386009424924853 1.0000000180025095e-35 4.0124847888946542 0.44997850060462957 96.72674942016603 83.631481170654311 32.498483657836921 687.69219970703136 1.8355448246002199 304.22898864746099 376.20915222167974 11.500000000000002 7.2692391872406015 36.000000000000007 4.5000000000000009 0.57048034667968761 8.1426835060119647 2.7502787113189702 11.886633872985842 74.202743530273452 6.020177125930787 3.7913054227828984 74.692401885986342 8.5000000000000018 0.21537154167890551 18.613037109375004 10.88622045516968
decision_type=2 2 2 2 2 2 2 2 10 2 2 2 2 2 2 2 2 2 2 2 2 2 8 2 2 10 2 2 2 2
left_child=5 -2 3 -3 -5 10 7 8 9 -7 11 24 15 14 -14 16 -13 18 19 -18 21 22 -17 27 29 -24 -20 -19 -27 -1
right_child=1 2 -4 4 -6 6 -8 -9 -10 -11 -12 12 13 -15 -16 20 17 23 26 -21 -22 -23 25 -25 -26 28 -28 -29 -30 -31
leaf_value=-0.0057808224475774644 -0.014096505208021633 -0.071230331327451879 -0.083395898363355328 0.14725574045461831 0.0026739543367129636 -0.00015741150288469186 -0.056707723437361461 0.66143614892854929 0.10700675239616378 -0.061191680952916064 -0.030898483382356502 -0.017902132539909379 0.33760235071191169 0.030247962497061218 0.012850529265651771 0.003175944538227143 0.022954637186273715 -0.059552224087712193 0.20808179758237189 0.051650375064353111 -0.0084163748345701776 -0.010575890726238501 0.306599018256974 -0.053004827884493372 0.08248892350842324 0.19014602501099986 0.040684775249895021 0.0984419702348555 0.0057337158699263925 0.0098139066693941329
leaf_weight=69489 59146 206 1127 116 278 6298 2792 115 135 1213 2905 1823 117 1174 153 237 5104 457 168 2513 15665 849 92 2117 539 176 155 1204 102 21954
leaf_count=69489 59146 206 1127 116 278 6298 2792 115 135 1213 2905 1823 117 1174 153 237 5104 457 168 2513 15665 849 92 2117 539 176 155 1204 102 21954
internal_value=-0.000139071 -0.000383718 -0.00200463 0.000799999 0.00313705 -3.07984e-05 -0.000644178 -0.000155394 -0.000263669 -0.00037625 2.01729e-05 4.89316e-05 0.000378246 0.00268421 0.00755555 0.000269648 0.000823719 0.00115822 0.00178337 0.00156203 -0.000168566 0.0019533 0.00516969 -0.000155639 -6.60143e-05 0.00843243 0.00700309 0.00136905 0.00608633 -8.61535e-05
internal_weight=198419 60873 1727 600 394 137546 10553 7761 7646 7511 126993 124088 32106 1444 270 30662 13541 11718 7940 7617 17121 1456 607 3778 91982 370 323 1661 278 91443
internal_count=198419 60873 1727 600 394 137546 10553 7761 7646 7511 126993 124088 32106 1444 270 30662 13541 11718 7940 7617 17121 1456 607 3778 91982 370 323 1661 278 91443
is_linear=0
shrinkage=0.06


Tree=143
num_leaves=31
num_cat=0
split_feature=2 18 18 27 26 18 24 27 0 23 26 21 18 19 19 19 19 24 21 16 27 11 26 24 24 25 27 11 16 27
split_gain=1.19368 1.18212 1.34418 1.51069 1.87636 1.90012 3.82336 1.67658 1.40015 1.20201 2.58621 4.23065 1.4789 2.29058 1.1817 1.1512 2.47494 2.16453 2.05494 1.96493 1.55494 2.85704 1.51854 2.215 3.98322 1.57683 4.33392 1.48378 1.40797 2.53138
threshold=5.5000000000000009 1.3603532314300539 1.9322378635406496 22.135227203369144 796.40719604492199 2.028825163841248 13843.171875000002 21.400211334228519 7.8263909816741952 3.1263412237167363 29.962202072143558 0.3112658560276032 4.1357512474060067 77.180934906005874 71.675411224365249 77.786060333251967 77.339645385742202 13323.810058593752 0.057964274659752853 15.500000000000002 15.865549564361574 0.73975858092308056 13.635136604309084 15592.574218750002 15701.056152343752 9.5000000000000018 7.7336440086364755 0.44084839522838598 15.500000000000002 14.961822986602785
decision_type=2 2 2 2 2 2 2 2 2 2 2 2 2 10 10 10 10 2 2 2 2 2 2 2 2 2 2 2 2 2
left_child=-1 15 -3 4 5 6 8 9 -4 -7 12 -12 -11 14 -14 16 -2 20 19 -19 21 -17 -20 27 -25 -26 -27 -24 29 -18
right_child=1 2 3 -5 -6 7 -8 -9 -10 10 11 -13 13 -15 -16 17 28 18 22 -21 -22 -23 23 24 25 26 -28 -29 -30 -31
leaf_value=-0.00098973266176650065 -0.0030083886703550131 -0.077405468615053361 0.19556223613061957 -0.094752866168840655 1.315938320407525 -0.057472320697034653 0.46994508014385772 0.37543074083503075 -0.27249027574929113 -0.062556470915477516 -0.067836886194279175 1.3101090206499546 0.076223466178329632 0.70401203276111457 -0.18381873104616786 0.0074785185287554014 1.180402451569841 -0.10236250902482838 -0.081055633256426188 0.50931134364747566 -0.037047677273816526 2.1601968580592192 -0.10512018866703927 0.31236311143894668 -0.01930989095863429 0.52236547682691081 -0.045581596129484175 0.045422111283080033 -0.042020386066484706 0.034862714488248951
leaf_weight=137546 31070 2464 80 1107 81 4777 81 259 112 1161 81 87 668 111 197 6995 136 95 2496 98 4897 82 1574 98 1200 128 296 208 126 108
leaf_count=137546 31070 2464 80 1107 81 4777 81 259 112 1161 81 87 668 111 197 6995 136 95 2496 98 4897 82 1574 98 1200 128 296 208 126 108
internal_value=-0.000137861 -0.000359077 -0.000913902 -0.000567145 -0.000269007 -0.000365644 0.00454945 -0.000548428 -6.25014e-05 -0.000721831 0.000403469 0.00757143 -0.000160039 0.00156147 0.00052023 -0.000233073 -1.33602e-05 -0.000613311 -0.00152398 0.00456995 -0.00014231 0.00042645 -0.00172 -0.000914385 0.000620208 -8.86714e-05 0.0030566 -0.00239731 0.00486486 0.00752459
internal_weight=198419 60873 11266 8802 7695 7614 273 7341 192 7082 2305 168 2137 976 865 49607 31440 18167 6193 193 11974 7077 6000 3504 1722 1624 424 1782 370 244
internal_count=198419 60873 11266 8802 7695 7614 273 7341 192 7082 2305 168 2137 976 865 49607 31440 18167 6193 193 11974 7077 6000 3504 1722 1624 424 1782 370 244
is_linear=0
shrinkage=0.06


Tree=144
num_leaves=31
num_cat=0
split_feature=2 11 11 16 17 16 0 11 19 23 23 3 23 21 26 27 24 24 16 17 23 23 20 0 24 24 25 0 17 16
split_gain=1.29902 1.48213 7.7312 2.3416 2.11595 5.14097 1.91802 1.32505 1.28999 1.57593 3.21207 2.09542 1.54409 1.5129 3.37551 4.89836 1.49899 4.50283 6.52393 4.17163 1.81529 4.13088 7.71575 4.89326 1.94872 2.69271 4.95021 5.38619 3.42076 6.06219
threshold=5.5000000000000009 0.71455863118171703 0.70530927181243908 17.500000000000004 1.0000000180025095e-35 14.500000000000002 15.688108921051027 0.76899749040603649 30.111618995666507 14.959635734558107 16.673888206481937 266.50000000000006 13.439692974090578 0.63282191753387462 6.0593731403350839 13.371950626373293 14828.272460937502 14706.914062500002 15.500000000000002 3.5000000000000004 10.529996871948244 8.4703989028930682 1.5000000000000002 9.8272161483764666 15472.451660156252 15876.365722656252 3.5000000000000004 10.13441848754883 2.5000000000000004 14.500000000000002
decision_type=2 2 2 2 2 2 2 2 10 2 2 2 2 2 2 2 2 2 2 2 2 2 2 2 2 2 2 2 2 2
left_child=-1 2 8 4 5 -3 -6 -8 9 12 -11 -12 13 -2 15 -15 17 -10 19 -19 21 24 23 -23 -18 26 27 -26 -28 -30
right_child=1 3 -4 -5 6 -7 7 -9 16 10 11 -13 -14 14 -16 -17 20 18 -20 -21 -22 22 -24 -25 25 -27 28 -29 29 -31
leaf_value=-0.00093034870206051086 0.0072305413862931833 -0.17492444571135674 0.31259796725695621 0.10843593595709086 -0.17329013496975601 2.4147382346017299 -0.088518994969558062 0.043479214608838725 -0.017376560105041131 0.48531133486249434 -0.081941699236962318 0.21583882305779312 -0.21311441330937247 -0.11073418211389986 -0.1008521615786396 0.71418034623502369 -0.098389111812952179 2.971304072574195 -0.074337952708059485 0.86068973001125382 -0.11463278037006802 0.48388534740094385 -0.09004155369531508 1.3696090534128795 0.12466806974442118 -0.036112870364268336 -0.12866342256501656 0.54140423516216984 0.62598077364922378 -0.27069483785801202
leaf_weight=137546 17568 109 112 114 924 94 184 161 29745 90 322 385 295 124 1008 94 1817 90 172 139 547 97 207 81 145 5118 421 137 308 265
leaf_count=137546 17568 109 112 114 924 94 184 161 29745 90 322 385 295 124 1008 94 1817 90 172 139 547 97 207 81 145 5118 421 137 308 265
internal_value=-0.000138164 -0.000368933 -0.00032051 -0.00217907 -0.00282065 0.00286699 -0.0037305 8.69551e-05 -0.000350318 4.34462e-05 0.00265746 0.00129844 -6.56937e-05 1.91407e-06 -0.00203589 0.00473394 -0.000549621 -0.00034552 0.00597007 0.0126026 -0.00122258 -0.00100931 0.00506493 0.0142247 -0.00129412 -0.000801378 0.00166458 0.00868085 -0.000325957 0.0026911
internal_weight=198419 60873 59287 1586 1472 203 1269 345 59175 19886 797 707 19089 18794 1226 218 39289 30146 401 229 9143 8596 385 178 8211 6394 1276 282 994 573
internal_count=198419 60873 59287 1586 1472 203 1269 345 59175 19886 797 707 19089 18794 1226 218 39289 30146 401 229 9143 8596 385 178 8211 6394 1276 282 994 573
is_linear=0
shrinkage=0.06


Tree=145
num_leaves=31
num_cat=0
split_feature=2 11 11 16 11 18 18 18 26 4 21 23 23 25 11 0 24 26 19 0 26 26 1 17 27 0 17 24 17 23
split_gain=1.23895 1.69274 7.7173 1.84079 1.42944 1.65434 1.25263 1.83345 1.85969 1.23213 1.3496 1.23139 1.94325 2.30491 2.3423 1.73203 1.82353 2.3037 2.11474 1.62224 1.46379 1.95563 1.23839 2.14473 1.22777 1.16886 4.83629 24.3487 4.55406 3.44647
threshold=5.5000000000000009 0.71455863118171703 0.70530927181243908 17.500000000000004 0.7431178390979768 -1.2819631695747373 1.5158133506774905 1.799487352371216 796.40719604492199 279.50000000000006 0.24617874622344973 3.1263412237167363 6.3437967300415048 6.5000000000000009 0.2314923703670502 21.800677299499515 13045.874023437502 16.713114738464359 70.884185791015639 3.5890002250671391 15.496681213378908 27.819359779357914 287.50000000000006 5.5000000000000009 7.3139114379882821 69.17972564697267 5.5000000000000009 12463.331054687502 1.0000000180025095e-35 0.57454329729080211
decision_type=2 2 2 2 2 2 2 2 2 2 2 2 2 2 2 2 2 2 10 2 2 2 2 2 2 2 2 2 2 2
left_child=-1 2 6 4 -3 -6 25 -8 11 -7 -11 19 13 14 -13 16 17 -15 -19 20 -9 -22 -14 24 -24 -2 28 -28 29 -27
right_child=1 3 -4 -5 5 9 7 8 -10 10 -12 12 22 15 -16 -17 -18 18 -20 -21 21 -23 23 -25 -26 26 27 -29 -30 -31
leaf_value=-0.00087452777993688477 -0.011683964126169314 -0.17071630706751409 0.29384208922153887 0.10192977979966548 0.21306638195811847 -0.11814626524415602 -0.11659637627119286 -0.040808190880742279 1.1072300417785428 -0.13907231727266256 0.20574374607365856 0.10780708111360825 -0.043555101524791015 -0.29266989439271851 1.2936673585327711 2.8881407075691605 -0.19065043323781788 0.0071545744562517997 0.87523185915876789 -0.067880125489393581 0.3416742847650866 -0.058667788213281821 0.3699575393378759 0.28362908551145782 -0.082864561671419312 0.29632056816373403 0.93872880474919862 -0.10224081600231759 -0.037995760220154925 -0.048066280874863386
leaf_weight=137546 47487 465 112 114 172 605 1155 297 97 80 150 87 1604 137 80 83 194 94 98 5391 187 94 112 98 270 100 81 188 1157 84
leaf_count=137546 47487 465 112 114 172 605 1155 297 97 80 150 87 1604 137 80 83 194 94 98 5391 187 94 112 98 270 100 81 188 1157 84
internal_value=-0.000132721 -0.000358091 -0.000306342 -0.00229256 -0.00286141 -0.00159087 -0.000336123 -0.000945427 -0.000654266 -0.00269461 0.00104348 -0.000745073 0.000279313 0.00284864 0.00908982 0.00112871 -0.000149141 0.00257143 0.0068125 -0.00123538 0.00178547 0.00488968 -0.000673706 0.002 -3.1415e-05 -0.000211053 0.00137888 0.00872119 -9.39612e-05 0.00867391
internal_weight=198419 60873 59287 1586 1472 1007 59175 10078 8923 835 230 8826 2857 773 167 606 523 329 192 5969 578 281 2084 480 382 49097 1610 269 1341 184
internal_count=198419 60873 59287 1586 1472 1007 59175 10078 8923 835 230 8826 2857 773 167 606 523 329 192 5969 578 281 2084 480 382 49097 1610 269 1341 184
is_linear=0
shrinkage=0.06


Tree=146
num_leaves=31
num_cat=0
split_feature=6 0 24 21 23 0 21 24 2 23 20 20 16 17 20 25 24 24 27 24 21 25 21 24 24 27 25 26 24 17
split_gain=1.15702 2.84867 2.06895 1.91739 1.86268 2.01117 3.46715 2.41251 2.27454 1.67457 1.64414 5.12838 4.98473 2.0302 1.53425 6.151 4.47836 7.44992 4.5301 2.97629 7.71945 12.3604 5.54657 3.28754 8.19987 4.93063 4.89998 4.61377 2.65527 4.17949
threshold=16.849999427795414 5.7859416007995614 17413.000000000004 0.025386525318026546 15.119426727294924 48.56915473937989 0.30940997600555425 8003.4028320312509 7.5000000000000009 13.10084390640259 1.5000000000000002 1.0000000180025095e-35 14.500000000000002 4.5000000000000009 1.0000000180025095e-35 11.500000000000002 7232.7141113281259 14736.229980468752 13.65981960296631 8607.9941406250018 0.26112917065620428 9.5000000000000018 0.34174674749374395 11758.343261718752 12630.121582031252 4.4362108707427987 8.5000000000000018 26.022864341735843 1429.7474365234377 5.5000000000000009
decision_type=2 2 2 2 2 2 2 2 2 2 2 2 2 2 2 2 2 2 2 2 2 2 2 2 2 2 2 2 2 2
left_child=-1 2 14 -3 9 7 -7 8 -6 -5 11 13 -13 -9 15 19 -17 18 -18 20 -2 22 -22 -21 27 26 -26 -25 29 -16
right_child=1 3 -4 4 5 6 -8 10 -10 -11 -12 12 -14 -15 28 16 17 -19 -20 23 21 -23 -24 24 25 -27 -28 -29 -30 -31
leaf_value=-0.00062290830818093155 -0.029402627563705638 0.99280703128339276 -0.040101542023196435 -0.034536487508470125 0.1336254507021403 1.0320617544919712 0.011176935598754292 -0.34777645682617925 0.39349700717616271 -0.1191139936094073 -0.043734419143144951 -0.083452496098947046 0.60143059712530056 0.027623574732033602 0.71099824918025911 -0.14091985085350692 0.75512558453360101 -0.034863635221524872 0.57962886184492235 -0.06869131670593677 0.78617568730114351 1.2103481895099097 0.012801695822810037 0.75512970958376591 0.059637038669114982 -0.032453576934331804 2.7610232743954581 1.3634356618323571 -0.0047095542379094295 -0.049046787590172898
leaf_weight=128624 887 128 1381 34891 136 85 208 232 80 920 824 95 134 215 156 100 114 101 99 1880 213 89 406 403 241 2581 87 133 22775 201
leaf_count=128624 887 128 1381 34891 136 85 208 232 80 920 824 95 134 215 156 100 114 101 99 1880 213 89 406 403 241 2581 87 133 22775 201
internal_value=-0.000126975 -0.000323664 9.47642e-05 -0.00067482 -0.000699631 0.00107815 0.00567235 0.000293705 0.00622222 -0.000799365 -0.000560001 0.00163313 0.0089345 -0.00210738 0.000197727 0.000953912 0.00805797 0.0115796 0.0179437 0.0005289 0.00280251 0.00747457 0.0044685 -0.000152114 0.0009492 -0.000307324 0.00662195 0.00776866 -4.20211e-05 0.00509244
internal_weight=198419 69795 31847 37948 37820 2009 293 1716 216 35811 1500 676 229 447 30466 7334 414 314 213 6920 1595 708 619 5325 3445 2909 328 536 23132 357
internal_count=198419 69795 31847 37948 37820 2009 293 1716 216 35811 1500 676 229 447 30466 7334 414 314 213 6920 1595 708 619 5325 3445 2909 328 536 23132 357
is_linear=0
shrinkage=0.06


Tree=147
num_leaves=31
num_cat=0
split_feature=6 0 24 25 21 16 26 26 23 24 26 25 25 24 27 17 24 24 21 25 20 24 0 27 20 21 23 24 25 0
split_gain=1.26547 2.29814 1.97062 1.50335 1.54644 1.47756 1.49452 2.22282 1.79786 1.48762 2.53653 3.30517 2.31342 2.10328 2.32035 2.03369 2.00825 5.90042 5.9937 3.18617 5.05296 4.44755 3.73118 4.03352 3.00565 2.7753 5.14036 2.9484 3.453 2.56424
threshold=16.849999427795414 5.7859416007995614 17413.000000000004 2.5000000000000004 0.55745425820350658 6.5000000000000009 22.933567047119144 16.102458953857425 1.0000000180025095e-35 17041.088867187504 14.964596271514894 9.5000000000000018 3.5000000000000004 13323.810058593752 12.066894531250002 1.0000000180025095e-35 12232.376953125002 12375.156250000002 0.20445406436920169 10.500000000000002 1.0000000180025095e-35 6054.3205566406259 3.8548399209976201 17.2794942855835 3.5000000000000004 0.4038205891847611 6.9908068180084237 12762.763671875002 3.5000000000000004 3.5393987894058232
decision_type=2 2 2 2 2 2 2 2 2 2 2 2 2 2 2 2 2 2 2 2 2 2 2 2 2 2 2 2 2 2
left_child=-1 2 5 -4 -5 6 7 -2 -8 13 -11 12 -12 16 15 -15 19 18 -18 -7 21 -21 23 -23 29 -19 27 28 -27 -22
right_child=1 -3 3 4 -6 9 8 -9 -10 10 11 -13 -14 14 -16 -17 17 25 -20 20 24 22 -24 -25 -26 26 -28 -29 -30 -31
leaf_value=-0.00058553380969009737 0.05774902574499774 -0.029174721370404652 0.24799588144940435 -0.073558845160237696 0.11545883062086305 -0.011109239568010316 0.10622851403060393 -0.061640837323854801 0.37499197324771977 -0.01214733506483648 0.41134742118087619 0.49633848906292399 -0.032585211537493552 -0.111962605819694 -0.045059225512450007 0.035075190646763559 0.75902843182197466 -0.0098643657903030365 0.15910320222967828 -0.13246465980229649 0.047465502210648554 0.7062005614425233 0.09600196841312196 0.8986573131362513 0.38450281417547161 -0.095311803191927183 1.2114017420461538 -0.094321340870289219 1.2260387767880854 -0.13655879352774172
leaf_weight=128624 558 37948 107 1168 106 14467 306 279 90 407 137 114 177 503 4532 3189 105 1817 165 100 1168 126 103 86 657 146 86 297 261 590
leaf_count=128624 558 37948 107 1168 106 14467 306 279 90 407 137 114 177 503 4532 3189 105 1817 165 100 1168 126 103 86 657 146 86 297 261 590
internal_value=-0.000129999 -0.000335699 4.01279e-05 -0.00217668 -0.00275039 0.000140614 0.00217518 0.00073835 0.00521212 5.47997e-05 0.0025509 0.0057757 0.00259872 -1.85943e-05 -0.000827336 0.000289273 0.000311092 0.00177893 0.0102222 6.69466e-05 0.00190813 0.00802409 0.0115238 0.0160755 0.000857141 0.000904486 0.00387342 0.00218182 0.00549877 -0.000436861
internal_weight=198419 69795 31847 1381 1274 30466 1233 837 396 29233 835 428 314 28398 8224 3692 20174 2877 270 17297 2830 415 315 212 2415 2607 790 704 407 1758
internal_count=198419 69795 31847 1381 1274 30466 1233 837 396 29233 835 428 314 28398 8224 3692 20174 2877 270 17297 2830 415 315 212 2415 2607 790 704 407 1758
is_linear=0
shrinkage=0.06


Tree=148
num_leaves=31
num_cat=0
split_feature=6 0 24 24 21 21 25 25 17 21 21 25 17 24 21 16 17 21 24 21 23 23 24 17 24 25 17 11 11 20
split_gain=1.2185 1.80588 1.83964 7.53877 6.9175 2.88196 5.15861 4.31371 3.19685 2.49026 4.54464 7.50375 6.16253 5.615 9.07383 5.59726 8.71753 10.3434 5.75214 4.23031 3.68788 5.5847 3.56539 3.53141 3.50663 3.23718 3.1569 3.02225 2.91294 4.00059
threshold=16.849999427795414 5.7859416007995614 12630.121582031252 12232.376953125002 0.13438916951417926 0.4038205891847611 1.5000000000000002 3.5000000000000004 3.5000000000000004 0.23251585662364962 0.32230302691459661 3.5000000000000004 4.5000000000000009 8285.8154296875018 0.26463150978088384 10.500000000000002 1.0000000180025095e-35 0.24158938974142077 11719.077636718752 0.28280414640903478 2.8542082309722905 4.9729187488555917 11093.187011718752 1.5000000000000002 11020.954589843752 11.500000000000002 5.5000000000000009 0.52475640177726757 0.58946129679679882 1.5000000000000002
decision_type=2 2 2 2 2 2 2 2 2 2 2 2 2 2 2 2 2 2 2 2 2 2 2 2 2 2 2 2 2 2
left_child=-1 2 3 9 -5 6 -6 -7 -9 25 11 12 13 19 -15 16 -13 -18 20 -11 -17 -22 24 -21 28 -2 -24 -27 -12 -30
right_child=1 -3 -4 4 5 7 -8 8 -10 10 22 15 -14 14 -16 18 17 -19 -20 23 21 -23 26 -25 -26 27 -28 -29 29 -31
leaf_value=-0.00055040178110870685 -0.0371038589266399 -0.02742423808818038 -0.013857127484610508 0.69166923182692164 0.51550406309787755 -0.090172948593973568 -0.044810405219968555 0.73819522619780076 1.2225080390141354 -0.11968403912584577 -0.0017281009083960118 3.3458211111236134 0.016250481214519583 1.2273006611201007 0.4541452298980001 -0.12498911684172495 1.0444324732131856 -0.016766413502999285 1.4154846520113886 0.96040445849915901 0.6049578496974618 -0.03490202944910939 -0.10589834721121089 0.011284645684079274 1.1977759432351573 0.12047092161955662 0.34526127566881842 0.3155592607788128 -0.1296260719956161 0.49785821015679022
leaf_weight=128624 6138 37948 12767 87 104 127 433 137 127 111 6184 113 331 149 149 1095 131 730 80 85 96 317 1255 97 135 427 156 83 91 112
leaf_count=128624 6138 37948 12767 87 104 127 433 137 127 111 6184 113 331 149 149 1095 131 730 80 85 96 317 1255 97 135 427 156 83 91 112
internal_value=-0.000126975 -0.000328822 4.33179e-06 0.000377357 0.00540887 0.00389224 0.0010391 0.00781074 0.0121818 9.46567e-05 0.000632214 0.00243857 0.00708026 0.0107513 0.0165503 0.000768148 0.00434907 0.00229268 -0.00142821 0.00485324 -0.00225995 0.00257143 -0.000161101 0.0104835 0.000430541 -0.000828521 -0.00289582 0.0037647 0.000228275 0.00730049
internal_weight=198419 69795 31847 19080 1015 928 537 391 264 18065 11417 3484 922 591 298 2562 974 861 1588 293 1508 413 7933 182 6522 6648 1411 510 6387 203
internal_count=198419 69795 31847 19080 1015 928 537 391 264 18065 11417 3484 922 591 298 2562 974 861 1588 293 1508 413 7933 182 6522 6648 1411 510 6387 203
is_linear=0
shrinkage=0.06


Tree=149
num_leaves=31
num_cat=0
split_feature=2 11 11 16 17 16 0 11 25 23 24 20 0 24 24 24 23 17 23 23 24 24 17 24 21 0 20 20 17 24
split_gain=1.38032 1.60527 7.21419 1.56888 1.48213 3.0945 1.90277 1.21165 1.19626 6.72541 5.82574 12.1153 10.5853 8.3291 4.55291 4.52091 5.81378 6.95438 5.12111 5.70467 4.56492 4.04737 3.75097 5.55622 7.87245 6.86084 4.64028 3.59238 3.78706 3.56815
threshold=5.5000000000000009 0.71455863118171703 0.70530927181243908 17.500000000000004 1.0000000180025095e-35 14.500000000000002 15.688108921051027 0.76899749040603649 6.5000000000000009 4.9729187488555917 9472.9199218750018 1.5000000000000002 14.349258899688722 11670.645019531252 15961.212890625002 15592.574218750002 1.3482347726821902 5.5000000000000009 0.61584648489952099 0.56013277173042308 15644.583496093752 15240.412109375002 1.0000000180025095e-35 6487.3454589843759 0.44214522838592535 10.519749164581301 1.5000000000000002 1.0000000180025095e-35 2.5000000000000004 14065.137695312502
decision_type=2 2 2 2 2 2 2 2 2 2 2 2 2 2 2 2 2 2 2 2 2 2 2 2 2 2 2 2 2 2
left_child=-1 2 8 4 5 -3 -6 -8 9 14 11 12 -11 -12 15 18 17 20 19 21 -17 22 23 25 -25 26 -2 -15 -29 -24
right_child=1 3 -4 -5 6 -7 7 -9 -10 10 13 -13 -14 27 -16 16 -18 -19 -20 -21 -22 -23 29 24 -26 -27 -28 28 -30 -31
leaf_value=-0.00072565344688962506 0.70510576129327662 -0.15057384684831446 0.28032527438818594 0.061824997734386253 -0.1505642760472154 2.2625380844261622 -0.072259754791265549 0.039821232591115939 -0.024886928466534924 1.249284894859602 -0.3323013664459783 -0.19819610649571487 0.86343496258363517 -0.034854309460531599 -0.051756314677705369 0.12596416088711238 1.4621206870019516 0.42726671117704784 -0.089251282967430873 0.67785531735721583 -0.083925428559531917 -0.26837389080747176 -0.017328437001709128 -0.06857972639747309 0.71365899774418906 1.4265405739851234 -0.061917134712042299 0.1825581109127957 0.59193354283061961 0.12273207881276631
leaf_weight=137546 118 109 112 114 924 94 184 161 29763 148 404 174 88 273 3372 107 118 163 2639 109 669 517 15455 1550 674 144 247 404 228 1811
leaf_count=137546 118 109 112 114 924 94 184 161 29763 148 404 174 88 273 3372 107 118 163 2639 109 669 517 15455 1550 674 144 247 404 228 1811
internal_value=-0.000133023 -0.000370905 -0.00032051 -0.00225473 -0.00277989 0.00198029 -0.00354137 0.000260868 -0.000349304 -7.79288e-05 0.0035637 0.00980488 0.018661 0.00160886 -0.000303977 -1.75172e-05 0.00382024 0.00224281 -0.000191886 0.000126544 -0.000123713 5.38102e-05 0.000189308 0.00225466 0.00096043 0.00790963 0.00353425 0.00480663 0.00729114 -0.000137613
internal_weight=198419 60873 59287 1586 1472 203 1269 345 59175 29412 1719 410 236 1309 27693 24321 1057 939 23264 20625 776 20516 19999 2733 2224 509 365 905 632 17266
internal_count=198419 60873 59287 1586 1472 203 1269 345 59175 29412 1719 410 236 1309 27693 24321 1057 939 23264 20625 776 20516 19999 2733 2224 509 365 905 632 17266
is_linear=0
shrinkage=0.06


Tree=150
num_leaves=31
num_cat=0
split_feature=2 11 11 0 17 16 11 18 18 0 24 17 17 24 11 18 20 19 19 19 25 20 24 17 25 11 21 21 25 15
split_gain=1.36528 1.61368 7.20939 1.6558 1.8819 3.61278 1.77975 1.17167 1.76875 1.2999 3.95057 21.3153 3.53825 3.47887 2.61693 1.20038 2.14101 3.37413 3.4381 2.28571 1.58219 1.23688 2.54109 2.38142 2.41243 3.19836 3.34738 5.91503 10.738 7.44205
threshold=5.5000000000000009 0.71455863118171703 0.70530927181243908 25.3781270980835 1.0000000180025095e-35 14.500000000000002 0.75387340784072887 1.5158133506774905 1.799487352371216 69.17972564697267 12762.763671875002 5.5000000000000009 1.0000000180025095e-35 11952.073242187502 0.24962412565946582 -4.0247554779052725 3.5000000000000004 88.441215515136733 87.095500946044936 54.67273139953614 5.5000000000000009 1.5000000000000002 6054.3205566406259 3.5000000000000004 4.5000000000000009 0.59134504199028026 0.54489564895629894 0.4670067578554154 2.5000000000000004 1.0000000180025095e-35
decision_type=2 2 2 2 2 2 2 2 2 2 2 2 2 2 2 2 2 10 10 10 2 2 2 2 2 2 2 2 2 2
left_child=-1 2 7 4 5 -3 -5 9 -9 15 11 12 -11 14 -14 16 -2 18 19 -18 -21 22 -17 24 25 26 27 -23 -29 -30
right_child=1 3 -4 6 -6 -7 -8 8 -10 10 -12 -13 13 -15 -16 21 17 -19 -20 20 -22 23 -24 -25 -26 -27 -28 28 29 -31
leaf_value=-0.00068211424007622414 -0.053388209490704545 -0.15361805656038841 0.26350575792489478 -0.067924162819273715 -0.11371472667540806 2.1471329459329604 0.36171753267603296 -0.10503363139099731 -0.023356443571239085 0.23881087222337888 -0.099174240961233909 0.87966435069425264 -0.14772252230316391 0.23596625529900528 0.039579527096459642 -0.15260051741167954 1.3941472543584954 -0.065753380702825354 1.3413636973985743 0.091812148770726729 -0.17685440781840625 -0.0083291574589315805 0.011411249815926262 0.0077095627088872897 -0.056769817192067355 0.72202661714989225 -0.13000117465613903 -0.29068024831290379 2.242475327460947 0.67362064865329108
leaf_weight=137546 3420 108 112 134 1146 85 113 1155 8923 156 536 84 562 133 139 497 84 444 84 116 136 3126 19107 10294 8966 139 698 164 91 121
leaf_count=137546 3420 108 112 134 1146 85 113 1155 8923 156 536 84 562 133 139 497 84 444 84 116 136 3126 19107 10294 8966 139 698 164 91 121
internal_value=-0.000129394 -0.000365976 -0.00031545 -0.00225473 -0.00308738 0.00239378 0.00225911 -0.000344235 -0.00093352 -0.000223274 0.00145341 0.00355307 0.00109091 -0.000460433 -0.00214836 -0.00028012 -0.0012381 0.00143055 0.00528571 0.00257143 -0.000285716 -0.000185127 0.000167107 -0.000477734 -0.00100789 0.00015349 -0.000142859 0.000613362 0.0077234 0.0166415
internal_weight=198419 60873 59287 1586 1339 193 247 59175 10078 49097 1610 1074 990 834 701 47487 4284 864 420 336 252 43203 19604 23599 13305 4339 4200 3502 376 212
internal_count=198419 60873 59287 1586 1339 193 247 59175 10078 49097 1610 1074 990 834 701 47487 4284 864 420 336 252 43203 19604 23599 13305 4339 4200 3502 376 212
is_linear=0
shrinkage=0.06


Tree=151
num_leaves=31
num_cat=0
split_feature=2 11 11 16 11 0 11 26 18 19 19 21 19 11 11 25 25 11 21 24 24 17 16 24 24 25 0 20 23 16
split_gain=1.4246 1.94013 6.23115 1.91742 1.14207 1.30027 1.59056 1.06575 1.16345 1.53918 1.06258 1.39197 1.34186 1.3352 1.70872 3.11571 2.94516 3.31938 1.53591 1.32156 2.7303 6.99135 2.73294 2.3063 2.65493 4.87902 7.05856 1.97269 3.32564 9.45428
threshold=5.5000000000000009 0.71455863118171703 0.70530927181243908 17.500000000000004 0.7431178390979768 15.688108921051027 0.74782049655914318 838.01040649414074 2.028825163841248 62.876670837402351 108.56837463378908 0.083033982664346709 100.5600929260254 0.63009357452392589 0.54383811354637157 1.5000000000000002 9.5000000000000018 0.58946129679679882 0.025386525318026546 14828.272460937502 14706.914062500002 2.5000000000000004 9.5000000000000018 15592.574218750002 15805.925292968752 3.5000000000000004 9.5444149971008319 1.5000000000000002 8.4703989028930682 14.500000000000002
decision_type=2 2 2 2 2 2 2 2 2 10 8 2 10 2 2 2 2 2 2 2 2 2 2 2 2 2 2 2 2 2
left_child=7 2 10 4 -3 6 -6 -1 -9 -10 12 -12 13 14 18 -16 -17 -18 -2 20 -20 -22 -23 -21 25 26 -25 28 -26 -30
right_child=1 3 -4 -5 5 -7 -8 8 9 -11 11 -13 -14 -15 15 16 17 -19 19 23 21 22 -24 24 27 -27 -28 -29 29 -31
leaf_value=-0.00031668445346085856 0.64236868072959341 -0.1396124272440851 0.24769541244940099 0.053874285426399403 1.9849224542722956 0.016028916005454034 -0.12316093312559105 -0.06474854588397716 -0.051394350445305478 0.77794726641106704 -0.073176265087704459 0.0089913538572449006 -0.096364790730878475 -0.064703217238415725 0.13735427754841362 -0.045272817374339198 0.0033128643116256342 0.92345695363670144 -0.014437070241850997 -0.095012897058539728 2.6962341036290649 0.96113911137742591 -0.11629655313109755 -0.056529446303965697 -0.013612381340249641 -0.008208743622625591 0.62355075728147191 -0.041426383122659248 -0.2314043387058364 1.4049513127510653
leaf_weight=136499 136 465 112 114 97 287 623 850 100 97 1291 17010 1717 1138 140 740 152 115 27658 2238 122 95 198 100 2598 592 127 2822 95 91
leaf_count=136499 136 465 112 114 97 287 623 850 100 97 1291 17010 1717 1138 140 740 152 115 27658 2238 122 95 198 100 2598 592 127 2822 95 91
internal_value=-0.000131209 -0.000372876 -0.000317474 -0.00244389 -0.00302446 -0.00188878 -0.00325 -2.42551e-05 -0.00193123 0.00222335 -0.000344235 3.57343e-05 -0.000514363 -0.000442374 -0.000381758 0.00189887 0.000732868 0.00613483 -0.000452703 -0.000476264 -0.000276352 0.00455422 -0.000470991 -0.00112409 -0.000546305 0.00264469 0.0101233 -0.00101249 0.000120688 0.00787097
internal_weight=198419 60873 59287 1586 1472 1007 720 137546 1047 197 59175 18301 40874 39157 38019 1147 1007 267 36872 36736 28073 415 293 8663 6425 819 227 5606 2784 186
internal_count=198419 60873 59287 1586 1472 1007 720 137546 1047 197 59175 18301 40874 39157 38019 1147 1007 267 36872 36736 28073 415 293 8663 6425 819 227 5606 2784 186
is_linear=0
shrinkage=0.06


Tree=152
num_leaves=31
num_cat=0
split_feature=6 23 23 0 0 17 11 21 0 23 24 23 24 24 24 17 0 24 21 21 24 2 24 27 16 0 11 23 21 21
split_gain=1.49088 2.00634 2.50573 2.3435 2.06686 3.94299 3.32998 2.64936 3.12725 2.29836 1.953 3.69324 3.06842 2.86742 2.58426 3.00433 4.17908 6.79595 4.44263 2.78129 3.3141 1.93365 2.32101 3.2646 3.06159 1.9222 1.8635 1.85411 1.77578 1.63948
threshold=18.44999980926514 14.959635734558107 15.237924098968508 13.411662101745607 17.885603904724125 5.5000000000000009 0.55249637365341198 0.27927991747856146 9.1293425559997576 23.276655197143558 17413.000000000004 0.24628029763698581 17649.014648437504 16617.359375000004 12170.886718750002 4.5000000000000009 51.080162048339851 9821.4609375000018 0.39492434263229376 0.33763845264911657 7031.1650390625009 7.5000000000000009 12715.674316406252 3.6313614845275883 14.500000000000002 61.939558029174812 0.7460235357284547 14.245416641235353 0.63282191753387462 0.57403510808944713
decision_type=2 2 2 2 2 2 2 2 2 2 2 2 2 2 2 2 2 2 2 2 2 2 2 2 2 2 2 2 2 2
left_child=-1 3 -3 26 5 -4 9 -7 -9 -6 13 12 -12 14 15 -5 19 18 -18 -17 -21 -16 24 -24 -23 -25 27 28 29 -2
right_child=1 2 4 10 6 7 -8 8 -10 -11 11 -13 -14 -15 21 16 17 -19 -20 20 -22 22 23 25 -26 -27 -28 -29 -30 -31
leaf_value=-0.00071468202017944136 -0.0062524448174240367 0.81276338242306689 -0.071944846526285369 -0.11289950640766176 -0.0047450852576699856 -0.032067504329806332 0.96609915290284953 0.58708121734221907 0.13748838517736509 0.15200030297761025 0.88007538105163952 -0.095316098773028227 0.002814285684486642 -0.23420989291343713 -0.062349257541004843 -0.19206497590307781 -0.25016364353025028 0.6312039631625993 0.43961427538029224 1.7961936047066076 -0.033543584779675797 0.45686365859220057 0.21589736978598179 0.034669001514702959 -0.10592484712475503 -0.2474432449524665 -0.074831650372350095 -0.33087058459424379 -0.049546144012619968 0.13194750711206865
leaf_weight=139949 39705 101 1228 4553 370 101 82 83 82 116 80 136 86 744 2031 640 151 107 115 155 518 138 134 1473 92 242 641 238 2576 1752
leaf_count=139949 39705 101 1228 4553 370 101 82 83 82 116 80 136 86 744 2031 640 151 107 115 155 518 138 134 1473 92 242 641 238 2576 1752
internal_value=-0.000132418 -0.000386866 0.00140638 -0.000455753 0.000954412 -0.000216869 0.00403521 0.00640601 0.0110909 0.00214815 -0.00122422 0.00353642 0.00954217 -0.00135383 -0.00109518 -0.00186472 0.000298931 0.00590348 0.000766916 -0.00129322 0.0013997 7.29913e-05 0.00135931 0.000652243 0.00704348 -5.24796e-05 -0.000260778 -0.000214273 -0.000185726 -9.07461e-05
internal_weight=198419 58470 2163 56307 2062 1494 568 266 165 486 11395 302 166 11093 10349 6239 1686 373 266 1313 673 4110 2079 1849 230 1715 44912 44271 44033 41457
internal_count=198419 58470 2163 56307 2062 1494 568 266 165 486 11395 302 166 11093 10349 6239 1686 373 266 1313 673 4110 2079 1849 230 1715 44912 44271 44033 41457
is_linear=0
shrinkage=0.06


Tree=153
num_leaves=31
num_cat=0
split_feature=6 0 23 0 19 21 21 21 11 21 17 23 21 21 24 21 16 20 21 16 21 24 11 0 27 27 16 19 11 21
split_gain=1.52001 1.89196 2.28589 2.47101 1.88329 1.87174 15.6808 2.08854 1.77551 1.7703 2.15147 6.91939 12.3673 3.31151 7.27724 3.61538 3.26354 2.89839 2.83378 4.08445 2.81085 2.73532 2.25597 3.55704 3.06951 5.69769 3.53523 2.37183 2.25372 2.21885
threshold=18.44999980926514 11.921046733856203 16.914893150329593 13.606397628784181 77.180934906005874 0.57957762479782116 0.57744288444519054 0.57403510808944713 0.7460235357284547 0.50943857431411754 5.5000000000000009 13.091711521148683 0.40094302594661718 0.12140886485576631 10728.933593750002 0.089744016528129592 17.500000000000004 1.0000000180025095e-35 0.50294464826583873 14.500000000000002 0.3575409352779389 7031.1650390625009 0.50485298037529003 8.6549654006958026 15.865549564361574 11.519917011260988 9.5000000000000018 90.816707611083999 0.45182290673255926 0.43069899082183843
decision_type=2 2 2 2 8 2 2 2 2 2 2 2 2 2 2 2 2 2 2 2 2 2 2 2 2 2 2 8 2 2
left_child=-1 5 -3 -4 -5 6 7 8 9 10 18 13 -13 14 -12 17 29 -16 22 -20 -18 -21 28 27 25 26 -25 -24 -2 -15
right_child=1 2 3 4 -6 -7 -8 -9 -10 -11 11 12 -14 16 15 -17 20 -19 19 21 -22 -23 23 24 -26 -27 -28 -29 -30 -31
leaf_value=-0.00067180109896866093 -0.013463419161128361 -0.047093243366441544 -0.26955923209572535 0.036594809749909002 0.30413517244961608 -0.045348653604870559 2.2094031820070619 0.56364769791134983 -0.0732808570489311 -0.0907992137345697 -0.018274583783395873 -0.00029599768318194498 0.54544612850401486 -0.051293245881457485 2.3514020184195807 0.45430375485295904 0.2926716525725116 -0.083262666477507921 -0.17947230625595909 0.71600663475077808 -0.21311633947643238 2.2286594928864578 -0.05872260233789222 1.0213145846124849 0.0028646128143579837 0.83666499419272944 -0.12991881553837925 0.11346290727122554 -0.25704185141808461 0.23787875790398172
leaf_weight=139949 27822 13608 141 434 249 3891 134 148 601 2712 558 159 105 2669 98 290 395 96 178 131 152 119 1014 119 245 102 128 937 624 611
leaf_count=139949 27822 13608 141 434 249 3891 134 148 601 2712 558 159 105 2669 98 290 395 96 178 131 152 119 1014 119 245 102 128 937 624 611
internal_value=-0.000133023 -0.000389945 -0.000986143 0.00208252 0.0035754 -0.000194561 -7.2784e-05 -0.000141405 -0.000167818 -0.000118278 -8.53722e-06 0.00113033 0.0105909 0.000617374 0.00361612 0.009 -0.000199113 0.00265979 -0.000194597 0.0046542 0.00409141 0.0096 -0.000261561 0.0014499 0.00551515 0.00912894 0.00420243 0.000212197 -0.000414682 -0.000914636
internal_weight=198419 58470 14432 824 683 44038 40147 40013 39865 39264 36552 5133 264 4869 1042 484 3827 194 31419 428 547 250 30991 2545 594 349 247 1951 28446 3280
internal_count=198419 58470 14432 824 683 44038 40147 40013 39865 39264 36552 5133 264 4869 1042 484 3827 194 31419 428 547 250 30991 2545 594 349 247 1951 28446 3280
is_linear=0
shrinkage=0.06


Tree=154
num_leaves=31
num_cat=0
split_feature=6 0 24 24 17 0 21 25 24 25 21 23 0 24 11 21 21 24 0 11 21 16 24 25 20 23 17 21 26 21
split_gain=1.61277 1.79081 1.99844 1.98671 2.38994 4.1458 2.78332 2.52334 2.57723 2.21344 5.17993 5.04753 5.29092 5.03756 3.16419 1.94468 4.30586 2.28304 2.72932 2.4356 2.00096 2.28483 3.43431 4.63408 2.81349 2.21496 5.42499 5.29706 4.18493 3.53197
threshold=18.44999980926514 11.101244926452638 17540.340820312504 11153.663085937502 1.0000000180025095e-35 82.491657257080092 0.23079120367765429 5.5000000000000009 6432.6215820312509 5.5000000000000009 0.27196498215198522 0.087454974651336684 53.801986694335945 11298.403320312502 0.44730649888515478 0.22167993336915973 0.23079120367765429 16236.231445312502 14.349258899688722 0.55249637365341198 0.2516866028308869 16.500000000000004 11719.077636718752 11.500000000000002 3.5000000000000004 0.52593147754669201 1.0000000180025095e-35 0.43918706476688391 21.154606819152836 0.38997814059257513
decision_type=2 2 2 2 2 2 2 2 2 2 2 2 2 2 2 2 2 2 2 2 2 2 2 2 2 2 2 2 2 2
left_child=-1 2 -2 4 5 7 -6 8 -3 10 11 13 -13 -5 -15 17 -17 -11 -19 -20 -18 24 -23 -24 25 26 -22 -28 -29 -27
right_child=1 3 -4 9 6 -7 -8 -9 -10 15 -12 12 -14 14 -16 16 20 18 19 -21 21 22 23 -25 -26 29 27 28 -30 -31
leaf_value=-0.00063149303303054033 -0.0044203989532431293 1.1739852331333842 -0.060354163693365527 0.72635743064202718 -0.20054787277341274 0.427564668454121 -0.049027985351216399 -0.07281298764128899 -0.0026319129504718806 -0.12945743767974865 -0.17823915426149231 1.3816850666258644 -0.23981043985633885 -0.11727178230601427 0.19576977309015642 0.47525939946918255 -0.13385385574708245 1.1063265447837851 -0.16973385296663515 0.19905103065418586 0.36486415069009587 0.62529766782362439 -0.12470416920274228 1.0293705250984448 -0.10145767416075942 0.22166483224966452 -0.052594135152314182 0.27412652649024272 0.47458850524639151 -0.049268368561767278
leaf_weight=139949 41188 148 1241 85 1976 111 4194 573 360 1047 2049 122 82 763 134 85 211 110 225 114 121 105 1027 104 370 590 367 189 85 694
leaf_count=139949 41188 148 1241 85 1976 111 4194 573 360 1047 2049 122 82 763 134 85 211 110 225 114 121 105 1027 104 370 590 367 189 85 694
internal_value=-0.000134535 -0.00039918 -0.00019501 -0.00093922 -0.00166422 0.000795301 -0.00213939 -0.000338577 0.00274016 -0.000324232 -0.00156723 0.00158853 0.0101765 -0.000195521 -0.0015184 0.0004144 0.00111246 -0.00142781 0.00215145 -0.000513276 0.000818533 0.00114677 -0.000951458 -0.00191512 0.0022202 0.00309091 0.00565354 0.00345398 0.00976642 0.00157009
internal_weight=198419 58470 42429 16041 7362 1192 6170 1081 508 8679 3235 1186 204 982 897 5444 3948 1496 449 339 3863 3652 1236 1131 2416 2046 762 641 274 1284
internal_count=198419 58470 42429 16041 7362 1192 6170 1081 508 8679 3235 1186 204 982 897 5444 3948 1496 449 339 3863 3652 1236 1131 2416 2046 762 641 274 1284
is_linear=0
shrinkage=0.06


Tree=155
num_leaves=31
num_cat=0
split_feature=6 0 24 21 21 16 25 24 24 21 21 24 21 16 17 24 25 21 23 20 17 16 21 21 21 23 0 0 25 21
split_gain=1.62755 1.96867 1.93419 1.59489 12.3483 2.08165 3.20246 2.35186 6.23002 2.06879 1.95129 1.64229 2.20633 3.3119 1.64861 1.58216 1.74347 2.7131 3.46717 2.6149 3.67764 6.97942 4.01477 4.01009 9.70887 4.92232 5.346 7.653 3.83417 6.70153
threshold=18.44999980926514 11.101244926452638 17540.340820312504 0.57957762479782116 0.57744288444519054 14.500000000000002 1.5000000000000002 12867.219238281252 11952.073242187502 0.57403510808944713 0.81262066960334789 1429.7474365234377 0.21537154167890551 15.500000000000002 5.5000000000000009 10728.933593750002 3.5000000000000004 0.27524790167808538 0.26935572922229772 1.5000000000000002 1.0000000180025095e-35 15.500000000000002 0.37800039350986486 0.42600551247596746 0.44997850060462957 1.1887561678886416 39.752513885498054 22.482932090759281 4.5000000000000009 0.3112658560276032
decision_type=2 2 2 2 2 2 2 2 2 2 2 2 2 2 2 2 2 2 2 2 2 2 2 2 2 2 2 2 2 2
left_child=-1 2 3 4 9 6 -5 8 -8 11 -7 12 -2 14 -14 -3 17 18 -17 20 21 22 -18 28 -25 26 27 -26 29 -22
right_child=1 15 -4 5 -6 10 7 -9 -10 -11 -12 -13 13 -15 -16 16 19 -19 -20 -21 23 -23 -24 24 25 -27 -28 -29 -30 -31
leaf_value=-0.00059360345104871048 -0.14321397402522471 -0.070278034339910297 -0.056732913871763636 1.5533417517121446 2.0825054581442828 -0.075777156440409069 -0.0053949838952817063 -0.11912262373323411 0.6527644141635941 0.53211059303610275 0.08629477984542247 -0.0054844614027100124 0.15115646864355664 0.71041143384648608 -0.26213516263906467 -0.044012630505120824 0.70258528528517628 -0.21250654142705264 0.93706882638809752 -0.032082446895247529 0.82404325953398327 -0.14612006040720471 0.16939667677642883 2.8384805051323201 0.35026938367700861 -0.12673511525742154 -0.28654545129356862 0.98852187213080778 -0.056915435330539312 -0.35976824088736775
leaf_weight=139949 145 6595 1241 99 130 2209 600 505 116 141 119 36735 145 139 105 467 130 1309 127 3708 157 150 87 122 190 441 100 85 2273 100
leaf_count=139949 145 6595 1241 99 130 2209 600 505 116 141 119 36735 145 139 105 467 130 1309 127 3708 157 150 87 122 190 441 100 85 2273 100
internal_value=-0.000133325 -0.00039918 -0.000185111 -0.000114792 1.59686e-06 -0.0013125 0.000590908 -0.000250616 0.00196089 -6.25516e-05 -0.00239175 -8.99958e-05 0.00321348 0.00556812 0.00144 -0.000965403 -0.000467501 -0.00209039 0.00127273 -5.80685e-05 0.00104042 0.00675204 0.0136313 0.000435985 0.00378678 0.00142647 0.00648 0.0108 -0.000806326 0.00614008
internal_weight=198419 58470 42429 41188 37540 3648 1320 1221 716 37410 2328 37269 534 389 250 16041 9446 1903 594 7543 3835 367 217 3468 938 816 375 275 2530 257
internal_count=198419 58470 42429 41188 37540 3648 1320 1221 716 37410 2328 37269 534 389 250 16041 9446 1903 594 7543 3835 367 217 3468 938 816 375 275 2530 257
is_linear=0
shrinkage=0.06


Tree=156
num_leaves=31
num_cat=0
split_feature=6 0 21 21 24 24 21 11 23 5 11 18 21 24 24 16 21 11 17 21 17 25 24 23 1 11 11 24 25 21
split_gain=1.87959 2.33808 1.79253 10.1366 8.35928 1.7106 2.64088 2.50313 1.68546 1.65542 2.30644 1.69079 1.62142 1.47806 2.70884 3.51188 2.44169 2.09248 1.80543 1.92593 3.91043 1.56907 1.49028 1.40206 1.35771 1.58663 3.5989 1.50559 4.12714 2.18647
threshold=18.44999980926514 11.101244926452638 0.57957762479782116 0.57403510808944713 10257.641113281252 17413.000000000004 0.55524525046348583 0.26540583372116094 16.914893150329593 15.500000000000002 0.55249637365341198 -0.45071355998516077 0.077198345214128508 7676.5393066406259 12630.121582031252 14.500000000000002 0.81262066960334789 0.3195976614952088 5.5000000000000009 0.70080316066741954 3.5000000000000004 4.5000000000000009 17350.135742187504 2.9929676055908208 357.00000000000006 0.60109820961952221 0.58946129679679882 17041.088867187504 10.500000000000002 0.293117105960846
decision_type=2 2 2 2 2 2 2 2 2 2 2 2 2 2 2 2 2 2 2 2 2 2 2 2 2 2 2 2 2 2
left_child=-1 2 3 5 -5 6 24 -7 12 10 11 -10 -3 -4 15 18 17 22 19 21 -21 -15 -16 -9 25 26 27 -2 29 -29
right_child=1 8 13 4 -6 7 -8 23 9 -11 -12 -13 -14 14 16 -17 -18 -19 -20 20 -22 -23 -24 -25 -26 -27 -28 28 -30 -31
leaf_value=-0.00055798724398580912 -0.0078137828366025494 -0.19333916654728897 -0.09829207166921991 -0.058745506570566687 1.8294748622479615 -0.079907080967546104 -0.19755414690363698 -0.01639285231726037 0.25134627490368894 0.38886660135917672 0.73343875536721059 -0.02086231475112783 -0.039169044877769739 -0.20389078678134764 -0.13760772697240656 -0.042048489932619192 0.092597549055950967 0.090685415287886054 1.5361294062799964 3.2866928683022252 -0.11567167978211314 0.22239011638272824 0.073832134910449376 0.16203917299149251 0.056140844161000944 -0.060286267565245417 0.75994133791820284 0.16006568937414803 0.40883636215089086 -0.050658516607379279
leaf_weight=139949 28694 731 665 115 156 1294 588 117 92 80 98 599 14441 134 1391 803 84 184 80 96 86 83 114 132 5086 1663 122 355 86 301
leaf_count=139949 28694 731 665 115 156 1294 588 117 92 80 98 599 14441 134 1391 803 84 184 80 96 86 83 114 132 5086 1663 122 355 86 301
internal_value=-0.000141188 -0.000426887 -0.000193595 -7.26977e-05 0.0114908 -0.000154224 -7.2369e-05 -0.00211147 -0.00104395 0.00152589 0.000692014 -0.000529669 -0.00119114 -0.00145161 -0.000893618 0.00120749 -0.00241286 -0.00290942 0.00527348 0.00362406 0.00817582 -0.00019355 -0.00364784 0.00339759 -7.76853e-06 -0.000155858 -5.44029e-05 -9.70255e-05 0.00257143 0.000951218
internal_weight=198419 58470 42429 38709 271 38438 36895 1543 16041 869 789 691 15172 3720 3055 1282 1773 1689 479 399 182 217 1505 249 36307 31221 29558 29436 742 656
internal_count=198419 58470 42429 38709 271 38438 36895 1543 16041 869 789 691 15172 3720 3055 1282 1773 1689 479 399 182 217 1505 249 36307 31221 29558 29436 742 656
is_linear=0
shrinkage=0.06


Tree=157
num_leaves=31
num_cat=0
split_feature=6 21 21 23 24 0 24 23 23 16 20 25 24 24 17 25 24 24 24 11 24 2 17 24 17 24 11 21 21 16
split_gain=1.90669 2.07562 4.96656 9.07747 2.07591 2.02345 2.38188 2.45443 9.81627 3.22241 3.1242 2.94383 2.36455 2.78407 4.89045 2.63463 1.92933 1.85464 1.76475 4.05387 2.60225 2.6304 3.2 2.78691 2.55116 2.51968 2.33162 2.00871 2.05973 1.86667
threshold=18.44999980926514 0.57957762479782116 0.57744288444519054 2.7502787113189702 17540.340820312504 11.921046733856203 17350.135742187504 5.6679339408874521 6.3437967300415048 8.5000000000000018 1.5000000000000002 8.5000000000000018 6432.6215820312509 6110.1765136718759 1.0000000180025095e-35 11.500000000000002 7676.5393066406259 2039.013854980469 12375.156250000002 0.3195976614952088 10484.014160156252 7.5000000000000009 2.5000000000000004 11057.514648437502 1.0000000180025095e-35 8496.8959960937518 0.35088355839252477 0.81262066960334789 0.60342115163803112 14.500000000000002
decision_type=2 2 2 2 2 2 2 2 2 2 2 2 2 2 2 2 2 2 2 2 2 2 2 2 2 2 2 2 2 2
left_child=-1 2 4 -4 5 -2 7 12 -9 10 11 -10 13 15 -15 -7 -3 -17 20 27 25 -22 24 -24 -23 29 -21 28 -20 -18
right_child=1 16 3 -5 -6 6 -8 8 9 -11 -12 -13 -14 14 -16 17 18 -19 19 26 21 22 23 -25 -26 -27 -28 -29 -30 -31
leaf_value=-0.00052450800934664989 -0.0036015643269122835 -0.11847603253534411 1.9562301488222256 -0.12589847530858009 -0.044982897464975781 -0.12914094290374575 0.72589006331318673 1.7005392212200006 0.2919278001575133 -0.028356314430182827 -0.01750452885578594 1.0126778664756453 -0.076189863566808153 1.1261684205455813 -0.0036130735996754491 0.96044423109416055 2.9040538882560103 -0.030412298783316243 -0.0017822623020633324 0.57151323420646305 -0.019479897475479735 0.31199677556835947 1.2134855961888509 0.19565446082175028 -0.21339928419678234 -0.13626136050897167 0.012835283081130367 0.081034998990599794 -0.13547767496175411 -0.043542888935541299
leaf_weight=139949 38783 888 113 108 1550 349 83 156 171 2116 347 102 8770 106 166 92 112 88 554 103 432 82 111 169 113 692 158 99 1689 168
leaf_count=139949 38783 888 113 108 1550 349 83 156 171 2116 347 102 8770 106 166 92 112 88 554 103 432 82 111 169 113 692 158 99 1689 168
internal_value=-0.000141188 -0.000428939 -0.000315256 0.00866063 -0.000352769 -0.000287441 -0.000949786 -0.00101725 0.000514521 -0.000320177 0.00348387 0.00828571 -0.0014801 0.00164045 0.00657353 -0.000896032 -0.00155307 0.005 -0.00104686 -0.0020584 0.000354442 0.00266593 0.00574737 0.00985714 -0.000153848 -0.00180247 0.00503448 -0.00284885 -0.00321801 0.003
internal_weight=198419 58470 53100 221 52879 51329 12546 12463 2892 2736 620 273 9571 801 272 529 5370 180 4482 2603 1879 907 475 280 195 972 261 2342 2243 280
internal_count=198419 58470 53100 221 52879 51329 12546 12463 2892 2736 620 273 9571 801 272 529 5370 180 4482 2603 1879 907 475 280 195 972 261 2342 2243 280
is_linear=0
shrinkage=0.06


Tree=158
num_leaves=31
num_cat=0
split_feature=6 21 21 23 24 0 23 23 16 20 25 24 24 17 25 19 27 24 11 23 14 24 21 24 0 17 21 24 25 24
split_gain=1.80654 2.28749 5.25225 8.66759 1.86243 1.82683 1.91068 7.56519 3.01099 3.15529 2.70757 1.97156 2.70475 4.56061 2.44176 1.98856 1.68033 1.6656 2.14507 1.64495 1.5212 2.70837 2.80788 1.82135 5.36626 5.4513 6.51866 3.35683 3.80576 2.22682
threshold=18.44999980926514 0.57957762479782116 0.57744288444519054 2.7502787113189702 7676.5393066406259 11.921046733856203 5.6679339408874521 6.3437967300415048 8.5000000000000018 1.5000000000000002 8.5000000000000018 6432.6215820312509 6110.1765136718759 1.0000000180025095e-35 11.500000000000002 81.716331481933608 15.865549564361574 17413.000000000004 0.26540583372116094 10.529996871948244 1.0000000180025095e-35 11920.465332031252 0.32325446605682379 13124.946777343752 69.17972564697267 4.5000000000000009 0.34331221878528601 9184.3437500000018 5.5000000000000009 13227.383789062502
decision_type=2 2 2 2 2 2 2 2 2 2 2 2 2 2 2 8 2 2 2 2 2 2 2 2 2 2 2 2 2 2
left_child=-1 2 5 -4 -3 17 11 -8 9 10 19 12 14 -14 -7 -16 -11 -2 -19 -9 23 -22 -23 24 -13 27 -27 28 -26 -25
right_child=1 4 3 -5 -6 6 7 8 -10 16 -12 20 13 -15 15 -17 -18 18 -20 -21 21 22 -24 29 25 26 -28 -29 -30 -31
leaf_value=-0.0004930375287858506 -0.002812946291624228 -0.11136747058322345 1.8388563398928919 -0.11834456679006522 -0.040498660339977781 -0.121392486329521 1.5985068679468006 0.36144383125721891 -0.025660321476710116 0.10834672080272401 0.9402368023709724 -0.1675184915812411 1.0585983153128462 -0.0033962891836949293 0.96523939506268119 -0.043706686841689511 -0.15977035214862836 -0.067588526943806834 0.077244476786470728 -0.093209979353676073 -0.099595472973003515 0.011658690696114169 1.2094564234672454 0.32391619359540635 0.19487776104513704 0.61812479475432636 -0.021462464115508239 -0.22350332649938004 -0.064707025788427311 -0.040249841789081801
leaf_weight=139949 38386 888 113 108 4482 349 156 80 2220 216 105 4205 106 166 82 98 139 1356 271 91 291 207 112 123 135 98 102 379 108 3298
leaf_count=139949 38386 888 113 108 4482 349 156 80 2220 216 105 4205 106 166 82 98 139 1356 271 91 291 207 112 123 135 98 102 379 108 3298
internal_value=-0.000137559 -0.000417652 -0.000298307 0.00893213 -0.00159777 -0.000336884 -0.000958808 0.000365147 -0.00033883 0.00331854 0.00813043 -0.00136261 0.00149064 0.00635294 -0.00100945 0.00466667 -0.000422537 -0.000136907 -0.00201721 0.00347368 -0.00161493 0.00127869 0.00509718 -0.00182387 -0.00255063 0.00188321 0.0105 -0.000887461 0.00461728 -0.000755921
internal_weight=198419 58470 53100 221 5370 52879 12866 3007 2851 631 276 9859 801 272 529 180 355 40013 1627 171 9058 610 319 8448 5027 822 200 622 243 3421
internal_count=198419 58470 53100 221 5370 52879 12866 3007 2851 631 276 9859 801 272 529 180 355 40013 1627 171 9058 610 319 8448 5027 822 200 622 243 3421
is_linear=0
shrinkage=0.06


Tree=159
num_leaves=31
num_cat=0
split_feature=6 21 21 23 0 21 24 5 0 19 17 24 11 23 27 26 25 17 21 21 21 27 21 21 24 20 26 21 23 18
split_gain=1.71139 2.03915 4.64644 7.91045 1.79052 1.81735 1.68229 1.35039 1.36714 1.45201 1.4546 1.31517 3.64393 2.75284 2.58462 2.11532 1.96184 2.29498 1.9235 1.95856 2.10569 1.64739 1.58295 2.3963 2.18384 1.12844 1.35943 1.92523 1.65172 1.68415
threshold=18.44999980926514 0.57957762479782116 0.57744288444519054 2.7502787113189702 4.3925654888153085 0.57403510808944713 7676.5393066406259 11.500000000000002 4.2485067844390878 24.510017395019535 3.5000000000000004 12375.156250000002 0.3195976614952088 0.16912916302680972 14.292305946350099 13.109637737274172 6.5000000000000009 1.0000000180025095e-35 0.81262066960334789 0.60342115163803112 0.59814637899398815 19.783791542053226 0.62503737211227428 0.64188274741172802 9472.9199218750018 1.5000000000000002 9.107208728790285 0.18379971385002139 1.0000000180025095e-35 -3.8565529584884639
decision_type=2 2 2 2 2 2 2 2 2 10 2 2 2 2 2 2 2 2 2 2 2 2 2 2 2 2 2 2 2 2
left_child=-1 2 4 -4 7 -6 -3 25 -9 10 -10 13 18 16 -15 -14 17 -8 19 20 -13 -16 -19 -24 -25 -2 27 -27 -28 -30
right_child=1 6 3 -5 5 -7 11 8 9 -11 -12 12 15 14 21 -17 -18 22 -20 -21 -22 -23 23 24 -26 26 28 -29 29 -31
leaf_value=-0.00046345527705871564 0.039142536848282436 -0.10468542234823015 1.7285249594993184 -0.11124389278266136 -0.023366698346506037 0.36771434142339993 2.1180630646694212 -0.017598876037094625 0.018462353625995784 -0.036307401070449351 1.07419809440591 -0.054194788692667771 0.58037274767444735 -0.010688981756172661 0.87146813901049702 0.047325679501219207 -0.10835900329086887 -0.12135983653072101 0.078602818671562269 -0.1249190948436502 0.30923263828741865 0.45947147201552191 1.2943594888866805 0.28135672925470878 -0.07008230000910412 -0.052915065501991633 -0.039512109389311732 0.10730811863064013 -0.10084009568021461 0.044021789493730541
leaf_weight=139949 4168 888 113 108 33467 157 164 9546 81 199 91 449 93 203 80 168 579 222 99 1689 105 90 107 120 314 363 2598 1114 141 954
leaf_count=139949 4168 888 113 108 33467 157 164 9546 81 199 91 449 93 203 80 168 579 222 99 1689 105 90 107 120 314 363 2598 1114 141 954
internal_value=-0.000132721 -0.000405338 -0.000292657 0.00838914 -0.000328941 -0.000593149 -0.00151955 0.000132432 -0.000355149 0.00321833 0.00725581 -0.00104686 -0.00192009 0.000162851 0.00477748 0.0048046 -0.000980081 0.00073139 -0.00266951 -0.00303076 6.49805e-05 0.0102353 -0.000652688 0.00109797 -0.000884794 0.000650245 5.80256e-05 0.00159648 -0.000557272 0.00139726
internal_weight=198419 58470 53100 221 52879 33624 5370 19255 9917 371 172 4482 2603 1879 373 261 1506 927 2342 2243 554 170 763 541 434 9338 5170 1477 3693 1095
internal_count=198419 58470 53100 221 52879 33624 5370 19255 9917 371 172 4482 2603 1879 373 261 1506 927 2342 2243 554 170 763 541 434 9338 5170 1477 3693 1095
is_linear=0
shrinkage=0.06


Tree=160
num_leaves=31
num_cat=0
split_feature=6 21 21 23 24 0 23 23 16 20 25 24 24 17 25 24 23 24 0 17 21 24 21 25 24 24 14 16 20 26
split_gain=1.67001 1.97663 4.08001 7.18791 1.63836 1.59962 1.95562 6.12351 2.93204 2.84475 2.68106 1.64646 2.39031 3.93547 2.16339 1.86368 1.64495 1.58176 4.58492 4.30479 6.09949 3.12708 2.71857 2.67916 1.81885 1.57227 3.41582 1.6103 1.55179 1.54899
threshold=18.44999980926514 0.57957762479782116 0.57744288444519054 2.7502787113189702 17540.340820312504 11.921046733856203 5.6679339408874521 6.3437967300415048 8.5000000000000018 1.5000000000000002 8.5000000000000018 6432.6215820312509 6110.1765136718759 1.0000000180025095e-35 11.500000000000002 2039.013854980469 10.529996871948244 13124.946777343752 69.17972564697267 4.5000000000000009 0.34331221878528601 9184.3437500000018 0.32325446605682379 5.5000000000000009 13227.383789062502 12033.684082031252 1.0000000180025095e-35 15.500000000000002 2.5000000000000004 7.3230981826782235
decision_type=2 2 2 2 2 2 2 2 2 2 2 2 2 2 2 2 2 2 2 2 2 2 2 2 2 2 2 2 2 2
left_child=-1 2 4 -4 5 -2 11 -8 9 10 16 12 14 -14 -7 -16 -9 18 22 21 -21 23 -13 -20 -19 28 27 -27 29 -24
right_child=1 -3 3 -5 -6 6 7 8 -10 -11 -12 17 13 -15 15 -17 -18 24 19 20 -22 -23 25 -25 -26 26 -28 -29 -30 -31
leaf_value=-0.00043564796043517871 -0.0027360339568141445 -0.04644348445365197 1.6248134619293593 -0.10456925921570176 -0.038713971029119096 -0.11270693524895943 1.5039984577707828 0.34115920328257621 -0.023713314374978863 -0.017397459298435749 0.89690498824563825 -0.19300035717278527 0.99648441829486578 -0.0017905099318827422 0.84630521542554049 -0.065656341126160811 -0.086215378691665234 0.30588322388047245 0.18458709728321943 0.58243930896985741 -0.062161474678642935 -0.20869112500862663 0.17490122883210732 -0.040542134606583929 -0.030429333529997278 0.17390125920444616 1.1596220212723514 -0.34901705017899348 -0.23388259928275443 -0.07462748060436962
leaf_weight=139949 38783 5370 113 108 1550 349 156 80 2116 347 102 2618 106 166 92 88 91 123 135 98 107 379 229 118 3257 101 107 130 749 702
leaf_count=139949 38783 5370 113 108 1550 349 156 80 2116 347 102 2618 106 166 92 88 91 123 135 98 107 379 229 118 3257 101 107 130 749 702
internal_value=-0.000130906 -0.000400207 -0.000289267 0.00784615 -0.000323268 -0.000265232 -0.000854138 0.000514521 -0.000144738 0.00348387 0.00806593 -0.00126414 0.00134082 0.00591176 -0.00100945 0.00433333 0.00347368 -0.00149983 -0.00213009 0.00195699 0.00951219 -0.000493672 -0.00286799 0.00467194 -0.000479291 -0.00121308 0.00252071 -0.00158442 -0.00196429 -0.00032868
internal_weight=198419 58470 53100 221 52879 51329 12546 2892 2736 620 273 9654 801 272 529 180 171 8853 5473 837 205 632 4636 253 3380 2018 338 231 1680 931
internal_count=198419 58470 53100 221 52879 51329 12546 2892 2736 620 273 9654 801 272 529 180 171 8853 5473 837 205 632 4636 253 3380 2018 338 231 1680 931
is_linear=0
shrinkage=0.06


Tree=161
num_leaves=31
num_cat=0
split_feature=6 0 23 21 24 24 11 21 21 17 24 21 20 21 24 24 25 25 21 23 20 21 17 25 23 17 25 16 23 21
split_gain=1.69934 1.81783 2.66435 1.74306 2.44834 2.2517 2.85204 2.15201 5.74738 13.8375 6.01114 3.28419 4.09173 3.54385 4.92394 2.75856 3.08286 2.87487 8.77099 6.67188 3.87818 8.33765 7.66586 5.15607 5.12891 5.9658 4.88503 8.85978 3.68692 3.67853
threshold=18.44999980926514 13.411662101745607 16.914893150329593 0.50943857431411754 17413.000000000004 9689.8066406250018 0.48936529457569128 0.40094302594661718 0.41141399741172796 2.5000000000000004 11298.403320312502 0.32596074044704443 1.0000000180025095e-35 0.31591479480266577 12170.886718750002 1429.7474365234377 11.500000000000002 10.500000000000002 0.46524071693420416 1.4072164297103884 1.5000000000000002 0.4626720398664475 4.5000000000000009 2.5000000000000004 10.738750457763674 4.5000000000000009 4.5000000000000009 14.500000000000002 3.0626915693283085 0.47080598771572119
decision_type=2 2 2 2 2 2 2 2 2 2 2 2 2 2 2 2 2 2 2 2 2 2 2 2 2 2 2 2 2 2
left_child=-1 3 -3 4 7 -5 -7 11 9 10 -9 12 13 -2 -15 -10 17 20 19 -19 -17 22 -22 -24 25 26 27 -23 29 -20
right_child=1 2 -4 5 -6 6 -8 8 15 -11 -12 -13 -14 14 -16 16 -18 18 28 -21 21 24 23 -25 -26 -27 -28 -29 -30 -31
leaf_value=-0.00040950908280905482 0.040258220119285426 -0.042068875987127816 0.068902653493881111 -0.096797980498068079 -0.048650970344572719 -0.02196376685377617 0.4215447107201642 -0.2967565478334534 0.64200181499291942 1.0395249352526321 3.1679559530426427 -0.049686854375465946 -0.012042049973322318 0.850631495253516 -0.031762572117587436 -0.065713002159951406 -0.31954920661946978 1.2949294404550435 -0.29428374012293673 0.13354275359485943 -0.13135275026591642 0.15521698433927936 -0.21625037690720561 0.6688740579223611 0.54518801489615176 -0.16047328590153304 0.078440444749382388 2.1077903012942696 -0.26239361544031897 1.0050570772666534
leaf_weight=139949 5654 11565 694 2247 1565 4793 199 248 148 143 110 5840 18729 182 140 2506 429 84 93 131 1388 124 104 150 116 213 275 141 251 208
leaf_count=139949 5654 11565 694 2247 1565 4793 199 248 148 143 110 5840 18729 182 140 2506 429 84 93 131 1388 124 104 150 116 213 275 141 251 208
internal_value=-0.000130604 -0.000402259 -0.0010518 -0.000229947 -7.11294e-05 -0.00108496 -0.000375001 2.61434e-05 0.0009863 0.00717365 0.000871507 -0.000189558 0.000112931 0.00147992 0.00760248 0.000498977 0.000306131 0.000670123 0.00409126 0.0143721 0.000147098 0.00181362 -0.000701585 0.00888189 0.00656617 0.00475697 0.00811111 0.0139245 8.69551e-05 0.00456478
internal_weight=198419 58470 12259 46211 38972 7239 4992 37407 6862 501 358 30545 24705 5976 322 6361 6213 5784 767 215 5017 2511 1642 254 869 753 540 265 552 301
internal_count=198419 58470 12259 46211 38972 7239 4992 37407 6862 501 358 30545 24705 5976 322 6361 6213 5784 767 215 5017 2511 1642 254 869 753 540 265 552 301
is_linear=0
shrinkage=0.06


Tree=162
num_leaves=31
num_cat=0
split_feature=6 14 25 7 0 1 4 23 11 21 24 24 17 25 23 24 24 24 24 25 26 25 25 5 24 17 23 21 11 11
split_gain=1.84576 1.63455 2.50961 2.83739 2.21075 2.06383 2.63159 1.93676 1.68701 1.6514 2.23018 2.71606 3.16615 3.26314 3.16831 2.1244 4.46459 1.94196 2.23095 3.46339 2.58172 1.92956 1.87996 1.73701 1.71831 1.59588 5.1076 8.20579 2.95169 5.16282
threshold=18.44999980926514 1.0000000180025095e-35 5.5000000000000009 3.5000000000000004 13.411662101745607 237.50000000000003 205.00000000000003 16.914893150329593 0.7460235357284547 0.50943857431411754 9689.8066406250018 11020.954589843752 1.0000000180025095e-35 5.5000000000000009 0.16912916302680972 17350.135742187504 17702.041015625004 17413.000000000004 17041.088867187504 9.5000000000000018 13.506155967712404 1.5000000000000002 2.5000000000000004 12.500000000000002 17827.022460937504 5.5000000000000009 13.091711521148683 0.34812484681606298 0.45182290673255926 0.31717492640018469
decision_type=2 2 2 2 2 2 2 2 2 2 2 2 2 2 2 2 2 2 2 2 2 2 2 2 2 2 2 2 2 2
left_child=-1 4 -3 5 8 6 -4 -6 9 17 -11 12 13 -12 21 -13 -17 18 25 22 -21 -14 -20 -16 -19 -2 28 -28 29 -27
right_child=1 2 3 -5 7 -7 -8 -9 -10 10 11 15 14 -15 23 16 -18 24 19 20 -22 -23 -24 -25 -26 26 27 -29 -30 -31
leaf_value=-0.00038493853784052844 -0.010077868893027801 -0.056398487342689277 -0.066567835244246476 0.29661744111049909 -0.046542783619772148 -0.09270391325580063 0.49967593420552464 0.051857875110590451 -0.075790379399295046 -0.098905312310899995 0.75811273041303051 -0.051663746379788572 1.2621195574230861 0.018836600457071521 0.033649894480775357 0.28942396723411135 -0.082191272290393053 -0.072015868492236984 0.46421443995813688 0.026321769978039831 0.4256429469607737 -0.089779709934769719 -0.013068581514116006 1.5967638818063949 0.02759487050046289 0.020602602218168772 -0.046779658827247592 0.44950081766532646 -0.098157670243837578 0.47605537362675304
leaf_weight=139949 30308 582 122 353 10708 276 108 657 649 2169 84 3651 91 81 92 123 170 1146 90 93 155 585 543 82 365 4144 143 154 600 146
leaf_count=139949 30308 582 122 353 10708 276 108 657 649 2169 84 3651 91 81 92 123 170 1146 90 93 155 585 543 82 365 4144 143 154 600 146
internal_value=-0.000134535 -0.000417652 0.00157807 0.00363911 -0.000468079 0.000758892 0.00495652 -0.0012169 -0.000281711 -0.000237922 -0.00107576 -0.000373867 0.00239409 0.01 0.000917646 -0.00108621 0.00382935 -8.02928e-05 7.2561e-06 0.00298978 0.009 -0.00094083 0.00063507 0.00813793 -0.00218796 -6.67714e-05 0.000905724 0.00854545 0.000441716 0.000993006
internal_weight=198419 58470 1441 859 57029 506 230 11365 45664 45015 7128 4959 1015 165 850 3944 293 37887 36376 881 248 676 633 174 1511 35495 5187 297 4890 4290
internal_count=198419 58470 1441 859 57029 506 230 11365 45664 45015 7128 4959 1015 165 850 3944 293 37887 36376 881 248 676 633 174 1511 35495 5187 297 4890 4290
is_linear=0
shrinkage=0.06


Tree=163
num_leaves=31
num_cat=0
split_feature=6 0 5 11 11 24 24 25 21 24 24 19 26 26 20 23 27 19 11 21 21 24 14 26 24 24 24 16 23 17
split_gain=1.7749 1.47038 1.68872 1.3653 2.49978 2.24923 3.60295 5.62468 1.93028 1.85033 2.00887 1.73986 1.77351 2.05481 2.23561 4.94605 2.86671 2.19171 2.16872 1.66006 3.16478 6.13961 1.49397 1.48047 1.47852 2.35972 5.00893 3.82642 2.2667 5.40905
threshold=18.44999980926514 4.3925654888153085 11.500000000000002 0.2133271470665932 0.21494740992784503 6952.7482910156259 7393.0002441406259 3.5000000000000004 0.025386525318026546 7751.2326660156259 7911.5646972656259 88.441215515136733 23.730710029602054 21.031220436096195 1.5000000000000002 8.489507198333742 15.698037147521974 91.079254150390639 0.51548659801483165 0.097057621926069274 0.10818686708807947 15721.367675781252 1.0000000180025095e-35 12.749248504638674 15152.826660156252 14706.914062500002 14828.272460937502 15.500000000000002 0.26935572922229772 1.5000000000000002
decision_type=2 2 2 2 2 2 2 2 2 2 2 8 2 2 2 2 2 8 2 2 2 2 2 2 2 2 2 2 2 2
left_child=-1 2 -2 8 -5 -6 7 -7 -3 -8 -11 22 13 14 15 16 18 -16 23 -10 21 -21 -12 -13 25 -22 27 -27 -28 -30
right_child=1 3 -4 4 5 6 9 -9 19 10 11 12 -14 -15 17 -17 -18 -19 -20 20 24 -23 -24 -25 -26 26 28 -29 29 -31
leaf_value=-0.0003618422255700749 0.01442352033823139 1.0325340006207022 -0.017135744657816355 0.4569040840224603 -0.094986292560119118 0.25695330611175615 -0.30844969626879959 0.014000563958755355 -0.11213529972477075 0.089720549471782152 -0.017887684631057259 0.4404736429839769 -0.032726745505063104 0.18764338896269614 0.2940814858482837 0.45858079413538683 -0.095778690356564167 -0.040705358991539847 -0.0062234855063016655 -0.016414227842886302 -0.033529270463313575 1.3567376558224287 1.0103087109616402 0.17903742815744422 -0.057196238662764756 1.9251404475570946 -0.064083753684772482 0.012161816492704059 -0.17133968789838175 1.0944927513676133
leaf_weight=139949 10071 110 10735 85 1019 98 219 193 2091 104 4998 89 671 259 80 107 296 846 125 255 19172 112 134 99 5552 145 478 110 132 85
leaf_count=139949 10071 110 10735 85 1019 98 219 193 2091 104 4998 89 671 259 80 107 296 846 125 255 19172 112 134 99 5552 145 478 110 132 85
internal_value=-0.000131813 -0.000409442 -4.61548e-06 -0.000633073 -7.64312e-06 -0.00010089 0.000225053 0.0067835 -0.000841727 -1.27085e-05 0.000139855 2.8036e-05 0.00130171 0.00223777 0.00145432 0.00397207 0.00188177 -0.000492442 0.00588498 -0.000872744 -0.000742139 0.00479019 -0.00061029 0.00995745 -0.000821221 -0.000582051 0.00233684 0.00952941 -0.00030216 0.00478341
internal_weight=198419 58470 20806 37664 9422 9337 8318 291 28242 8027 7808 7704 2572 1901 1642 716 609 926 313 28132 26041 367 5132 188 25674 20122 950 255 695 217
internal_count=198419 58470 20806 37664 9422 9337 8318 291 28242 8027 7808 7704 2572 1901 1642 716 609 926 313 28132 26041 367 5132 188 25674 20122 950 255 695 217
is_linear=0
shrinkage=0.06


Tree=164
num_leaves=31
num_cat=0
split_feature=6 0 23 23 16 0 0 19 23 23 21 27 21 24 24 24 1 25 21 21 24 24 11 2 24 24 24 0 21 21
split_gain=1.73274 1.44427 2.00244 4.45084 2.34437 2.02232 1.78294 2.11883 1.86012 2.50343 1.83489 1.58168 1.50047 1.49051 1.48161 2.83341 1.42578 1.39319 1.36628 1.2873 1.90688 1.79869 2.83259 1.86694 1.679 1.5994 4.54192 2.83079 2.73134 5.58259
threshold=18.44999980926514 13.411662101745607 5.6679339408874521 6.3437967300415048 14.500000000000002 23.120385169982914 17.298931121826175 74.692401885986342 9.4319357872009295 15.521236896514894 0.48083676397800451 8.0685091018676776 0.077198345214128508 10965.451660156252 6372.1987304687509 6135.1196289062509 357.00000000000006 7.5000000000000009 0.21138186007738116 0.50943857431411754 17413.000000000004 9689.8066406250018 0.48936529457569128 7.5000000000000009 17827.022460937504 10965.451660156252 10833.450195312502 5.7859416007995614 0.55524525046348583 0.54243248701095592
decision_type=2 2 2 2 2 2 2 8 2 2 2 2 2 2 2 2 2 2 2 2 2 2 2 2 2 2 2 2 2 2
left_child=-1 19 12 5 6 -4 10 11 -9 18 -5 -8 -3 -6 15 17 -15 -14 -10 20 -2 -21 25 -24 -22 26 27 28 29 -23
right_child=1 2 3 4 13 -7 7 8 9 -11 -12 -13 14 16 -16 -17 -18 -19 -20 21 24 22 23 -25 -26 -27 -28 -29 -30 -31
leaf_value=-0.00034013169203588484 -0.00088423861855894124 -0.17119928469246548 1.5394667707813539 -0.12074845659426178 -0.14885462568630017 0.18077614008473292 0.20109545579422508 1.2557065209215239 0.04935876817516445 0.35384829936717471 0.27804769224018405 -0.050179538627779546 -0.095706902965506213 -0.024349961622458362 -0.054401015425754547 0.37522568166577003 0.054783737739117079 0.19489023205417219 -0.316269387299003 -0.084048258351704208 -0.067689408706434251 -0.015052140997883826 -0.026141491914898524 0.49225699326488848 0.02620553294142984 -0.031947608348139721 1.2950854373714089 -0.29986796328798671 -0.088356461592254354 1.0986868199975661
leaf_weight=139949 37407 486 82 350 465 83 120 112 86 156 81 309 267 694 8443 94 104 233 94 2247 1200 107 88 111 365 3908 194 324 179 81
leaf_count=139949 37407 486 82 350 465 83 120 112 86 156 81 309 267 694 8443 94 104 233 94 2247 1200 107 88 111 365 3908 194 324 179 81
internal_value=-0.000129999 -0.000404311 -0.000983279 0.000447367 -0.000165696 0.01 0.00161468 0.00316762 0.00605357 0.00382143 -0.00154525 0.000153845 -0.00139431 -0.0020095 -0.00121965 0.00167677 -0.000436092 -0.000120001 -0.001 -0.000250721 -0.000114237 -0.000985497 -0.000350963 0.00666332 -0.00216614 -0.000642188 0.00166102 -0.000616499 0.00299182 0.00804255
internal_weight=198419 58470 12259 2736 2571 165 1308 877 448 336 431 429 9523 1263 9037 594 798 500 180 46211 38972 7239 4992 199 1565 4793 885 691 367 188
internal_count=198419 58470 12259 2736 2571 165 1308 877 448 336 431 429 9523 1263 9037 594 798 500 180 46211 38972 7239 4992 199 1565 4793 885 691 367 188
is_linear=0
shrinkage=0.06


Tree=165
num_leaves=31
num_cat=0
split_feature=6 0 11 21 21 24 17 21 24 15 16 25 24 25 21 16 23 19 27 26 18 1 21 24 11 23 21 24 24 26
split_gain=1.70542 1.50918 1.35839 1.97401 3.22354 3.36906 2.40039 2.49895 2.19264 4.41904 6.70032 1.57204 3.85852 1.71198 3.18853 2.49378 1.7385 2.68141 1.63177 2.01469 1.38877 1.30975 1.47604 1.56449 2.74297 2.20787 1.55928 1.71309 5.03523 2.07219
threshold=18.44999980926514 13.411662101745607 0.24962412565946582 0.2516866028308869 0.26463150978088384 11153.663085937502 1.5000000000000002 0.19260819256305697 6791.8967285156259 1.0000000180025095e-35 14.500000000000002 10.500000000000002 13124.946777343752 2.5000000000000004 0.2694262564182282 10.500000000000002 15.119426727294924 63.961303710937507 14.759797573089601 15.363365650177004 -4.6232888698577872 360.00000000000006 0.50943857431411754 9689.8066406250018 0.47201801836490637 0.56013277173042308 0.81262066960334789 13624.778320312502 13446.868652343752 29.227758407592777
decision_type=2 2 2 2 2 2 2 2 2 2 2 2 2 2 2 2 2 8 2 2 2 2 2 2 2 2 2 2 2 2
left_child=-1 21 3 6 5 -5 7 -3 9 10 -6 13 18 14 15 -4 -15 -18 19 -13 -8 22 -2 -24 26 -26 27 28 29 -25
right_child=1 2 11 4 8 -7 20 -9 -10 -11 -12 12 -14 16 -16 -17 17 -19 -20 -21 -22 -23 23 24 25 -27 -28 -29 -30 -31
leaf_value=-0.00031972379051376496 -0.0067028080713202546 0.08850427557888399 0.04129542591805991 -0.2221694748084613 -0.1107867740271041 0.29055014369734483 0.10940821508514031 -0.1150845847743462 -0.054710855693542913 -0.28334551269531377 1.39642463036285 -0.040084701253950236 0.31868668568319619 -0.033478776783104965 -0.042707061802699092 0.53798555370872159 -0.10623300367174374 0.65553174097932032 -0.16118921733823569 0.560942360470431 -0.22525944450485377 0.036008540163784311 -0.083771215975585248 -0.046533236775373146 0.0096408130594955628 0.37361559454407789 0.086598167938878215 -0.064260768583287817 1.6955884679467128 0.50558851026089346
leaf_weight=139949 36261 651 112 87 136 150 164 371 5163 161 147 95 91 1994 252 103 100 159 133 97 2093 3234 2083 1905 111 95 87 2105 85 245
leaf_count=139949 36261 651 112 87 136 150 164 371 5163 161 147 95 91 1994 252 103 100 159 133 97 2093 3234 2083 1905 111 95 87 2105 85 245
internal_value=-0.000129092 -0.000401233 -0.000993068 -0.00136337 -0.00070226 0.0061519 -0.00254163 -0.00012916 -0.000991976 0.00305405 0.0075689 8.41822e-05 0.00351923 -0.000441178 0.00286509 0.00823256 -0.0011265 0.00349807 0.000461537 0.004 -0.00363403 -0.000244229 -0.000331853 -0.0011489 -0.00053486 0.00623301 -0.000849787 -0.00100922 0.00014765 -0.000418606
internal_weight=198419 58470 12259 9123 5844 237 3279 1022 5607 444 283 3136 416 2720 467 215 2253 259 325 192 2257 46211 42977 6716 4633 206 4427 4340 2235 2150
internal_count=198419 58470 12259 9123 5844 237 3279 1022 5607 444 283 3136 416 2720 467 215 2253 259 325 192 2257 46211 42977 6716 4633 206 4427 4340 2235 2150
is_linear=0
shrinkage=0.06


Tree=166
num_leaves=31
num_cat=0
split_feature=6 0 24 24 24 26 24 23 24 17 24 25 17 21 21 2 24 0 17 27 0 20 19 24 17 5 20 21 20 23
split_gain=1.71681 1.51578 1.48908 4.6071 3.78533 3.02025 2.54526 2.21707 3.07178 11.6338 2.99601 2.44349 3.43353 2.64424 4.53909 2.11819 1.8094 2.46579 2.66833 2.44731 1.57127 1.81134 1.81581 1.45033 2.30132 2.21373 2.18838 2.55571 2.38056 2.32549
threshold=18.44999980926514 11.101244926452638 13494.974609375002 13982.787597656252 14115.298339843752 22.516946792602543 14297.014160156252 0.52593147754669201 14615.934570312502 4.5000000000000009 15592.574218750002 7.5000000000000009 3.5000000000000004 0.27927991747856146 0.22698328644037249 4.5000000000000009 15313.875976562502 1.2789404988288882 4.5000000000000009 12.417477607727053 5.7245409488677987 1.5000000000000002 90.816707611083999 11153.663085937502 1.0000000180025095e-35 11.500000000000002 2.5000000000000004 0.16614678502082827 1.5000000000000002 0.43482093513011938
decision_type=2 2 2 2 2 2 2 2 2 2 2 2 2 2 2 2 2 2 2 2 2 2 8 2 2 2 2 2 2 2
left_child=-1 2 -2 -4 5 -5 -6 8 9 -8 16 12 13 14 -12 -10 17 -9 -19 -20 -13 22 -22 24 25 -3 27 -27 -29 -30
right_child=1 23 3 4 6 -7 7 10 15 -11 11 20 -14 -15 -16 -17 -18 18 19 -21 21 -23 -24 -25 -26 26 -28 28 29 -31
leaf_value=-0.00030054036308291895 0.0008801251577180058 -0.070413503933063018 -0.11469144926001994 0.056257423648361282 -0.19920160665015038 0.31414000920278157 -0.069335068182593815 0.1264923957887234 0.033437191060760436 2.1865849237420152 0.89634488896144049 -0.015957010188223802 -0.012824404912547702 1.1777377712427763 -0.094122391760493557 -0.042218624957432296 -0.30978379670894218 -0.086298286003297822 1.1208665702830325 -0.021529192172560309 0.082809243942581878 0.0039781781851598612 1.3427224796643851 -0.012199861272302662 -0.08055913222990202 0.92244338623540179 -0.37054182658381501 -0.032214986608335806 0.52693785986167874 0.017686749358351864
leaf_weight=139949 28652 632 1586 319 321 160 403 154 788 113 146 828 227 151 114 6680 234 873 98 105 118 258 101 8679 6170 80 84 177 115 104
leaf_count=139949 28652 632 1586 319 321 160 403 154 788 113 146 828 227 151 114 6680 234 873 98 105 118 258 101 8679 6170 80 84 177 115 104
internal_value=-0.000128185 -0.000401233 -0.000213393 -0.000725994 -0.000330245 0.0048977 -0.000544059 -0.000395577 -0.000942386 0.00353488 0.000885822 0.00243026 0.00547335 0.00874452 0.00507692 -0.00125174 -0.00116394 -0.000243904 -0.00126022 0.00493596 0.000942527 0.00368553 0.00769863 -0.000898075 -0.00151752 0.000895972 0.00364286 0.00521849 0.00324242 0.00742466
internal_weight=198419 58470 42429 13777 12191 479 11712 11391 7984 516 3407 1943 638 411 260 7468 1464 1230 1076 203 1305 477 219 16041 7362 1192 560 476 396 219
internal_count=198419 58470 42429 13777 12191 479 11712 11391 7984 516 3407 1943 638 411 260 7468 1464 1230 1076 203 1305 477 219 16041 7362 1192 560 476 396 219
is_linear=0
shrinkage=0.06


Tree=167
num_leaves=31
num_cat=0
split_feature=6 0 5 20 0 0 5 0 0 23 24 21 21 11 11 16 25 17 24 24 16 24 21 25 17 20 2 16 18 11
split_gain=1.89652 1.37881 1.37565 1.59933 1.40165 1.3237 1.2517 1.18249 1.94501 1.60472 1.29833 1.16628 2.56042 1.14504 2.90115 4.71464 5.22054 4.12051 1.84373 2.62457 5.87778 5.71843 2.43573 4.01051 4.53408 3.18281 3.67307 3.37959 3.52565 3.16676
threshold=18.44999980926514 4.3925654888153085 11.500000000000002 1.5000000000000002 4.2997608184814462 4.0880436897277841 17.500000000000004 0.97613495588302623 1.3482807874679568 1.1273880600929262 8811.9062500000018 0.46803893148899084 0.4626720398664475 0.307223990559578 0.32403683662414556 14.500000000000002 6.5000000000000009 4.5000000000000009 9821.4609375000018 10559.457031250002 15.500000000000002 10037.717773437502 0.27196498215198522 2.5000000000000004 2.5000000000000004 2.5000000000000004 5.5000000000000009 10.500000000000002 -0.45071355998516077 0.62687611579895031
decision_type=2 2 2 2 2 2 2 2 2 2 2 2 2 2 2 2 2 2 2 2 2 2 2 2 2 2 2 2 2 2
left_child=-1 2 3 4 5 -2 11 -8 -9 10 -10 12 -4 -3 15 16 -15 -17 -16 20 21 -20 23 24 -21 26 29 -27 -29 -25
right_child=1 13 6 -5 -6 -7 7 8 9 -11 -12 -13 -14 14 18 17 -18 -19 19 22 -22 -23 -24 25 -26 27 -28 28 -30 -31
leaf_value=-0.0002825079412979385 0.036994460010074608 -0.033384773827104815 -0.015666393718444749 -0.0052811965169636379 0.85848289732596039 -0.12461590037067821 -0.10316685056484806 0.51315854712012698 0.41512875240862207 0.23335283564477619 -0.12259789267353849 -0.078802630734273821 1.1698617862449407 0.2268836480342924 -0.045660192767130493 -0.13058526419900612 0.37590050385063528 0.05182791496661536 0.029412543724557805 0.88418540307373372 -0.34179596660048239 1.1168204407986333 -0.038543531985833275 0.011739302921208455 0.021114084076546569 -0.021773155140133473 -0.064676851120595513 0.46927320645678139 0.088018207942735266 0.73210180668160207
leaf_weight=139949 4228 29708 7735 5560 95 188 215 95 152 282 413 1750 93 124 2594 238 110 104 114 85 150 111 2378 139 89 261 1080 86 208 85
leaf_count=139949 4228 29708 7735 5560 95 188 215 95 152 282 413 1750 93 124 2594 238 110 104 114 85 150 111 2378 139 89 261 1080 86 208 85
internal_value=-0.000132721 -0.000419704 -2.76858e-05 0.000476019 0.00131545 0.00116032 -0.000500234 0.00136387 0.00228025 0.00136718 -0.000477878 -0.000725414 -0.000412367 -0.000636259 3.01516e-06 0.00410417 0.0106667 -0.000385966 -0.000317075 0.00038111 0.0052 0.0113333 -2.85664e-05 0.00149631 0.0102069 0.00068101 -0.000938652 0.00448649 0.00889796 0.00605357
internal_weight=198419 58470 20806 10071 4511 4416 10735 1157 942 847 565 9578 7828 37664 7956 576 234 342 7380 4786 375 225 4411 2033 174 1859 1304 555 294 224
internal_count=198419 58470 20806 10071 4511 4416 10735 1157 942 847 565 9578 7828 37664 7956 576 234 342 7380 4786 375 225 4411 2033 174 1859 1304 555 294 224
is_linear=0
shrinkage=0.06


Tree=168
num_leaves=31
num_cat=0
split_feature=6 0 23 11 21 17 17 24 27 19 23 23 21 24 25 19 24 24 0 16 24 24 24 11 5 24 21 21 21 21
split_gain=1.80053 1.2592 2.04346 1.61163 1.50259 2.53627 1.54883 1.76726 1.95772 2.25303 1.60251 3.0377 2.25648 1.56893 1.40938 1.65142 1.68373 1.96783 1.40452 1.34823 1.7227 1.97127 1.93603 1.34323 1.50565 1.32372 1.3172 1.23524 7.56964 4.70552
threshold=18.44999980926514 13.411662101745607 16.914893150329593 0.76899749040603649 0.17628498375415805 1.5000000000000002 4.5000000000000009 15740.303710937502 22.218065261840824 29.413496017456058 9.1458992958068865 9.706268787384035 0.29124811291694647 15472.451660156252 3.5000000000000004 93.857494354248061 6885.5227050781259 9821.4609375000018 82.491657257080092 15.500000000000002 11029.454589843752 14706.914062500002 9401.8671875000018 0.31268873810768133 8.5000000000000018 17540.340820312504 0.23404077440500262 0.28355067968368536 0.27524790167808538 0.27927991747856146
decision_type=2 2 2 2 2 2 2 2 2 8 2 2 2 2 2 10 2 2 2 2 2 2 2 2 2 2 2 2 2 2
left_child=-1 25 3 4 5 18 10 8 9 -8 -6 -12 -13 14 -11 16 -16 -18 -3 20 22 -22 -4 -7 -25 27 -27 28 -2 -30
right_child=1 2 19 -5 6 23 7 -9 -10 13 11 12 -14 -15 15 -17 17 -19 -20 -21 21 -23 -24 24 -26 26 -28 -29 29 -31
leaf_value=-0.00026555746482006447 -0.0030195602526803681 -0.010529899795193136 0.31127696802302124 0.062128887439305794 -0.062811870414957394 -0.24133505608017242 0.33957035362949145 -0.11468372980309664 0.2368072944834641 -0.12679627190810086 0.41692832401887864 0.049965422499568549 -0.1113473896652305 0.20030369003908211 1.2141120724278613 0.28343846269024292 -0.17738748967311849 0.012128883256821351 0.16730093821307016 -0.023647506328519752 0.48375104436746341 0.01446534239259274 -0.092486116581183261 0.1521154622529492 -0.16582250704895468 0.0058408198388362901 -0.074384533086777588 -0.017886214886852041 0.79747366747043424 0.46648731264843374
leaf_weight=139949 19413 519 108 192 5829 1254 116 509 257 454 91 114 262 140 154 94 297 831 94 293 100 94 99 132 226 474 896 24649 199 580
leaf_count=139949 19413 519 108 192 5829 1254 116 509 257 454 91 114 262 140 154 94 297 831 94 293 100 94 99 132 226 474 896 24649 199 580
internal_value=-0.00012879 -0.000408416 -0.000949018 -0.00113878 -0.00123081 -0.00262921 -0.000890688 0.000269283 0.000965428 0.000356662 -0.00141614 0.00196574 -0.000414895 -0.000121829 -0.000590165 0.000366278 -0.000196569 -0.001 0.00065579 0.00221326 0.00447381 0.00853608 0.000666665 -0.00387841 -0.000636873 -0.000265003 -0.00210219 -0.000208873 0.000139064 0.00593838
internal_weight=198419 58470 12259 11565 11373 2225 9148 2852 2343 2086 6296 467 376 1970 1830 1376 1282 1128 613 694 401 194 207 1612 358 46211 1370 44841 20192 779
internal_count=198419 58470 12259 11565 11373 2225 9148 2852 2343 2086 6296 467 376 1970 1830 1376 1282 1128 613 694 401 194 207 1612 358 46211 1370 44841 20192 779
is_linear=0
shrinkage=0.06


Tree=169
num_leaves=31
num_cat=0
split_feature=6 0 23 11 0 21 17 24 2 21 21 11 27 21 21 24 24 24 24 23 3 5 25 23 5 17 0 27 19 19
split_gain=1.72524 1.44545 1.56151 1.50477 2.04801 1.49739 2.45427 1.35193 1.34724 1.28031 2.0406 1.23939 1.23693 1.19005 1.2055 1.18494 1.44134 1.26974 1.49142 1.10451 3.25281 2.38063 2.69993 2.07493 4.04212 1.42892 1.97077 2.38384 2.00609 3.04224
threshold=18.44999980926514 13.411662101745607 16.804028511047367 0.74930274486541759 25.3781270980835 0.17628498375415805 1.5000000000000002 17540.340820312504 5.5000000000000009 0.15502387285232547 0.14386009424924853 0.55249637365341198 10.844287395477297 0.23404077440500262 0.14853189885616305 6223.2419433593759 1613.7940673828127 6703.2258300781259 6993.6384277343759 14.812517642974855 55.500000000000007 5.5000000000000009 10.500000000000002 12.229872703552248 5.5000000000000009 1.0000000180025095e-35 10.311299324035646 15.958072185516359 71.868232727050795 63.66430854797364
decision_type=2 2 2 2 2 2 2 2 2 2 2 2 2 2 2 2 2 2 2 2 2 2 2 2 2 2 2 2 8 10
left_child=19 7 3 5 -5 6 9 -2 -7 10 -3 -4 -10 14 -9 16 -14 -17 -19 23 -21 -22 -23 -1 25 -25 27 28 29 -27
right_child=1 2 11 4 -6 8 -8 13 12 -11 -12 -13 15 -15 -16 17 -18 18 -20 20 21 22 -24 24 -26 26 -28 -29 -30 -31
leaf_value=-0.00047000487941973207 -0.0073635692275526229 0.0044028410428656592 0.0084072157221281099 -0.047997686100000693 0.19795400679689823 -0.11866973493209598 -0.19422761868028229 -0.025999153616765767 -0.059406385789362907 -0.39222095236254928 0.88427591165515051 0.48028192470735798 -0.010247513019019359 -0.06992146110157095 0.0307721495334107 -0.28693632428620253 0.60146711957750354 1.2160436666032706 -0.0030002374561212586 -0.077546882718512955 0.024290202387785141 -0.10476793059293858 0.16842357065429825 -0.0075578331721409178 -0.090923357339156158 0.17350665540340343 0.037074789529427214 0.024452176485639219 0.076158063369388879 0.80802294989912571
leaf_weight=130861 44841 409 629 161 137 1473 1582 197 3138 120 84 93 89 896 277 186 154 93 3911 1482 2598 1234 126 489 908 125 1237 397 411 81
leaf_count=130861 44841 409 629 161 137 1473 1582 197 3138 120 84 93 89 896 277 186 154 93 3911 1482 2598 1234 126 489 908 125 1237 397 411 81
internal_value=-0.000125463 -0.00039918 -0.000978385 -0.00114779 0.0030604 -0.00125937 -0.00266515 -0.000245527 -0.000918179 0.00055791 0.00191075 0.00172853 -0.000595167 -0.00210219 0.000329112 5.00775e-05 0.00412346 -0.000186159 3.89596e-05 -1.11055e-05 -0.000849266 4.85079e-05 -0.0019853 2.27926e-05 0.00143421 0.00258394 0.00322257 0.00518343 0.00751702 0.0123495
internal_weight=198419 58470 12259 11537 298 11239 2195 46211 9044 613 493 722 7571 1370 474 4433 243 4190 4004 139949 5440 3958 1360 134509 3648 2740 2251 1014 617 206
internal_count=198419 58470 12259 11537 298 11239 2195 46211 9044 613 493 722 7571 1370 474 4433 243 4190 4004 139949 5440 3958 1360 134509 3648 2740 2251 1014 617 206
is_linear=0
shrinkage=0.06


Tree=170
num_leaves=31
num_cat=0
split_feature=6 0 23 23 1 0 16 25 20 23 19 21 24 19 0 18 21 21 21 2 25 21 24 11 24 11 17 21 25 0
split_gain=1.66116 1.54604 1.40696 3.69427 1.73954 1.40924 1.33584 1.34098 2.38456 1.23357 1.23141 1.43965 1.38143 1.28983 1.21714 1.62901 1.48897 1.40718 1.19513 1.37261 1.44542 2.93973 2.45231 3.77531 3.80264 3.11713 2.4645 2.99294 2.20196 2.05434
threshold=18.44999980926514 13.411662101745607 5.6679339408874521 6.3437967300415048 360.00000000000006 23.120385169982914 8.5000000000000018 8.5000000000000018 1.5000000000000002 5.0384602546691903 66.167507171630874 0.50943857431411754 17413.000000000004 95.798614501953139 0.24222226440906527 -3.4632335901260372 0.27524790167808538 0.2291279807686806 0.18244930356740954 5.5000000000000009 5.5000000000000009 0.1960960924625397 12033.684082031252 0.3195976614952088 12847.137695312502 0.46033683419227606 4.5000000000000009 0.34174674749374395 6.5000000000000009 96.72674942016603
decision_type=2 2 2 2 2 2 2 2 2 2 8 2 2 10 2 2 2 2 2 2 2 2 2 2 2 2 2 2 2 2
left_child=-1 10 9 5 6 -4 7 -5 -9 18 14 12 13 -12 15 16 -2 -17 -3 -20 21 -21 26 24 -24 -25 28 -28 -22 -23
right_child=1 2 3 4 -6 -7 -8 8 -10 -11 11 -13 -14 -15 -16 17 -18 -19 19 20 22 29 23 25 -26 -27 27 -29 -30 -31
leaf_value=-0.00033463083140176529 0.017455933770376322 -0.090431583214407127 1.2768130798621562 -0.015007707304670478 0.17467664837131824 0.10425978225878739 -0.032079912239712065 1.0116090653019429 -0.013096681868591333 -0.33381937961563157 0.010346694580907503 -0.029390613150716231 -0.029237204720285313 -0.039839675134838916 -0.034747720956144347 0.10089686177799755 0.57184956808890353 -0.077621073537511687 -0.13292259160782105 1.1938254345331376 0.36023478140632653 -0.084780281893726744 0.22243894870868378 0.33537432710500809 -0.014122041839113137 0.1158119383515797 0.2211240830086835 -0.00022888239168493307 -0.10317399152163122 0.26830405146182812
leaf_weight=139949 80 1726 82 335 124 83 1901 92 119 200 26245 5531 1211 2615 9879 260 90 300 1221 91 114 2998 101 106 1025 160 106 340 1236 99
leaf_count=139949 80 1726 82 335 124 83 1901 92 119 200 26245 5531 1211 2615 9879 260 90 300 1221 91 114 2998 101 106 1025 160 106 340 1236 99
internal_value=-0.000125463 -0.00039405 -0.000993068 0.000206139 -0.000352393 0.00890909 -0.00070372 0.00191209 0.00565877 -0.00133761 -0.00023514 -6.60651e-05 9.75677e-05 0.000180872 -0.000802528 0.00156164 0.00670588 -1.43051e-09 -0.00123759 -0.000913783 -0.000560855 -0.00146424 0.000342533 0.00223276 0.000714031 0.00866165 -0.0011225 0.00274439 -0.0024 -0.00177656
internal_weight=198419 58470 12259 2736 2571 165 2447 546 211 9523 46211 35602 30071 28860 10609 730 170 560 9323 7597 6376 3188 3188 1392 1126 266 1796 446 1350 3097
internal_count=198419 58470 12259 2736 2571 165 2447 546 211 9523 46211 35602 30071 28860 10609 730 170 560 9323 7597 6376 3188 3188 1392 1126 266 1796 446 1350 3097
is_linear=0
shrinkage=0.06


Tree=171
num_leaves=31
num_cat=0
split_feature=6 0 11 23 19 21 11 11 25 27 26 17 27 24 11 21 11 11 11 25 20 25 24 21 16 24 16 17 20 27
split_gain=1.60276 1.45808 1.33759 1.36206 1.14602 1.35967 1.60396 1.28007 1.79551 2.08265 2.39263 2.01943 1.50692 1.50384 1.33662 1.27835 3.83183 2.15396 2.05079 2.19784 2.86763 9.21007 9.03823 5.27624 5.53956 4.94644 6.22182 4.46523 1.76918 1.84295
threshold=18.44999980926514 13.411662101745607 0.76899749040603649 16.804028511047367 66.167507171630874 0.50943857431411754 0.7460235357284547 0.68628680706024181 10.500000000000002 20.14583778381348 16.102458953857425 2.5000000000000004 8.8615708351135272 17413.000000000004 0.67696332931518566 0.43918706476688391 0.53741040825843822 0.45370142161846166 0.41343545913696295 2.5000000000000004 1.5000000000000002 4.5000000000000009 8036.8220214843759 0.44827167689800268 14.500000000000002 11124.866210937502 21.500000000000004 5.5000000000000009 1.5000000000000002 8.9510717391967791
decision_type=2 2 2 2 8 2 2 2 2 2 2 2 2 2 2 2 2 2 2 2 2 2 2 2 2 2 2 2 2 2
left_child=-1 4 3 -3 -2 6 7 13 9 10 11 -9 -12 14 15 28 17 18 19 -17 22 -22 -21 24 -24 -23 27 -27 29 -6
right_child=1 2 -4 -5 5 -7 -8 8 -10 -11 12 -13 -14 -15 -16 16 -18 -19 -20 20 21 25 23 -25 -26 26 -28 -29 -30 -31
leaf_value=-0.00031455298151771965 -0.026243689637972207 -0.040349963100759882 0.06670691035181181 0.01952448625324061 0.071493052778547103 -0.027627176361673202 -0.064968512719372234 1.2245000057941426 -0.16345034555936983 -0.12968983282617047 -0.10259413882570755 0.029468404787999822 0.065367541637935317 -0.034995090913786511 -0.15889229334726807 -0.14087929355963844 0.98422547372590341 -0.28231667912600356 0.55889959045584869 1.626497886422573 1.9482933752544724 -0.1332532382204108 -0.28363495869612537 -0.15255377270502504 2.7469813891375092 -0.044000846082572445 0.82885099115465333 0.38732320815715909 -0.014489935329984095 0.0040453332841280084
leaf_weight=139949 10609 11345 192 722 3359 5531 491 129 116 106 84 83 115 1139 242 323 121 152 83 117 141 437 90 889 105 316 89 82 13436 7826
leaf_count=139949 10609 11345 192 722 3359 5531 491 129 116 106 84 83 115 1139 242 323 121 152 83 117 141 437 90 889 105 316 89 82 13436 7826
internal_value=-0.000123044 -0.000386866 -0.000968596 -0.00104765 -0.000232543 -6.94357e-05 8.95865e-05 0.000146043 0.00281516 0.00432882 0.00626277 0.0106981 0.00153769 8.7676e-05 0.0001752 0.000214175 0.00139558 0.000947591 0.00134281 0.00104519 0.00170521 0.00397183 -0.000304747 -0.00201476 0.00692308 0.00179221 0.00595072 0.00274372 7.28632e-05 0.000630307
internal_weight=198419 58470 12259 12067 46211 35602 30071 29580 633 517 411 212 199 28947 27808 27566 2945 2824 2672 2589 2266 1065 1201 1084 195 924 487 398 24621 11185
internal_count=198419 58470 12259 12067 46211 35602 30071 29580 633 517 411 212 199 28947 27808 27566 2945 2824 2672 2589 2266 1065 1201 1084 195 924 487 398 24621 11185
is_linear=0
shrinkage=0.06


Tree=172
num_leaves=31
num_cat=0
split_feature=6 0 24 24 24 24 26 23 25 24 25 24 2 5 20 19 7 14 1 3 24 25 0 24 21 0 25 16 25 21
split_gain=1.61525 1.20963 1.88163 3.73953 2.91098 2.42438 2.38561 1.62889 5.96801 2.6502 9.13157 2.37621 1.89784 1.69914 2.46449 1.38026 1.33724 1.86307 1.99462 2.89755 1.82831 1.74288 1.65135 4.46238 6.5589 6.45837 4.0759 2.98324 2.75841 2.74964
threshold=18.44999980926514 10.989459514617922 13494.974609375002 13982.787597656252 14115.298339843752 14297.014160156252 22.516946792602543 1.3048630952835085 5.5000000000000009 14562.096191406252 4.5000000000000009 15592.574218750002 4.5000000000000009 10.500000000000002 2.5000000000000004 58.38377761840821 2.5000000000000004 1.0000000180025095e-35 237.50000000000003 282.00000000000006 14615.934570312502 5.5000000000000009 18.219846725463871 15876.365722656252 0.42600551247596746 15.91614866256714 10.500000000000002 15.500000000000002 4.5000000000000009 0.17628498375415805
decision_type=2 2 2 2 2 2 2 2 2 2 2 2 2 2 2 10 2 2 2 2 2 2 2 2 2 2 2 2 2 2
left_child=-1 2 -2 -4 6 -6 -5 9 -9 10 -7 13 -11 14 -10 -12 -3 20 -19 -20 -18 -21 23 24 25 28 29 -28 -22 -25
right_child=1 16 3 4 5 7 -8 8 11 12 15 -13 -14 -15 -16 -17 17 18 19 21 22 -23 -24 26 -26 -27 27 -29 -30 -31
leaf_value=-0.00029567980262669148 0.0027276058130840373 -0.070342432241276023 -0.10240568820797742 0.055510668126997322 -0.18218761504051548 1.8723772792758051 0.27129104565521928 1.2325998285040631 -0.048160873238470549 0.035294928834715501 0.0148595762689087 0.046694441024141678 -0.039073317414791121 -0.11726342384823628 0.23391700641568949 -0.1805456415852433 -0.044823943195464289 0.21829900601245081 -0.084982973458464714 -0.057797311440766566 0.72607364573531108 0.29044793334016217 -0.030654606861783559 0.065679561798251115 -0.098030042923303862 0.3969587923074881 0.01907199479770369 0.9680346240406621 0.076583643341992025 -0.14084767496403991
leaf_weight=139949 28498 2184 1584 319 316 158 160 131 369 820 164 1681 6957 705 136 198 9443 209 373 103 139 157 1818 210 204 80 142 91 272 849
leaf_count=139949 28498 2184 1584 319 316 158 160 131 369 820 164 1681 6957 705 136 198 9443 209 373 103 139 157 1818 210 204 80 142 91 272 849
internal_value=-0.000123044 -0.000387893 -0.000218411 -0.000796322 -0.000437842 -0.000626559 0.00414614 -0.000481846 0.000710786 -0.000916236 0.00323077 0.000143202 -0.00119352 -0.0018843 0.000772276 -0.0020221 -0.000827333 -0.000613202 0.00212351 0.000445496 -0.000787139 0.00530769 0.000323257 0.00151887 0.00539568 0.00915275 -0.000566565 0.00661802 0.00611679 -0.00214731
internal_weight=198419 58470 42196 13698 12114 11635 479 11319 3022 8297 520 2891 7777 1210 505 362 16274 14090 842 633 13248 260 3805 1987 695 491 1292 233 411 1059
internal_count=198419 58470 42196 13698 12114 11635 479 11319 3022 8297 520 2891 7777 1210 505 362 16274 14090 842 633 13248 260 3805 1987 695 491 1292 233 411 1059
is_linear=0
shrinkage=0.06


Tree=173
num_leaves=31
num_cat=0
split_feature=6 24 0 21 17 11 2 0 23 23 16 18 20 24 17 2 25 24 24 21 0 24 24 0 21 21 20 0 21 16
split_gain=1.57362 1.1124 1.20651 1.24649 2.09353 2.03922 2.22561 1.63505 1.30922 2.20362 1.83453 1.43945 2.00526 3.2962 1.88575 1.322 1.43832 2.26954 1.3928 2.14087 3.49077 1.47774 1.46536 1.36908 3.15542 11.8912 6.56332 4.47592 9.13433 3.55947
threshold=18.44999980926514 17540.340820312504 13.411662101745607 0.17628498375415805 1.5000000000000002 0.31268873810768133 5.5000000000000009 82.491657257080092 5.6679339408874521 6.3437967300415048 9.5000000000000018 4.6641931533813485 1.5000000000000002 15180.743652343752 4.5000000000000009 5.5000000000000009 2.5000000000000004 9452.7729492187518 6372.1987304687509 0.47816406190395361 46.076341629028327 8110.1960449218759 8347.2670898437518 27.322209358215336 0.2694262564182282 0.2589529305696488 2.5000000000000004 34.128473281860359 0.44537749886512762 10.500000000000002
decision_type=2 2 2 2 2 2 2 2 2 2 2 2 2 2 2 2 2 2 2 2 2 2 2 2 2 2 2 2 2 2
left_child=-1 2 -2 4 7 -6 -7 -4 15 -10 11 12 13 14 -11 16 17 -5 19 20 -17 -20 -23 -24 25 26 -25 28 -26 -29
right_child=1 -3 3 8 5 6 -8 -9 9 10 -12 -13 -14 -15 -16 18 -18 -19 21 -21 -22 22 23 24 27 -27 -28 29 -30 -31
leaf_value=-0.00027793901446912392 -0.0073227405487480777 -0.026368388933212712 -0.022606121566473982 0.49141673320526702 -0.20397098940833011 0.31429204132355232 -0.04882783937057094 0.11612987230824162 1.1964352258448423 0.55694342320175572 -0.026050065268082311 -0.21856340886622372 0.0037998909560220903 -0.064793470859706881 0.12577266967510528 0.69999719358810175 -0.14804085643583989 -0.16901289175206358 -0.1415122331450715 -0.0744275924118174 -0.0031996323574655619 0.14316828685432226 -0.054205076092824413 -0.17796861342772025 -0.06202144582226421 0.5303182129269387 0.75710289162251398 0.036861435132724607 1.0983510317058012 -0.28037820309904915
leaf_weight=139949 44841 1659 521 80 1248 90 375 99 112 91 1127 104 282 101 97 119 1026 149 813 176 165 105 2952 314 165 115 105 602 141 696
leaf_count=139949 44841 1659 521 80 1248 90 375 99 112 91 1127 104 282 101 97 119 1026 149 813 176 165 105 2952 314 165 115 105 602 141 696
internal_value=-0.000120323 -0.000381736 -0.000337014 -0.000872182 -0.00211659 -0.0031979 0.000193547 0.000870966 -0.000570926 0.000833854 0.000326303 0.0028 0.00398249 0.00749481 0.0121915 -0.000919074 -0.0027012 0.00159825 -0.000573285 0.00260869 0.00583098 -0.000816912 -0.00044466 -0.000589392 0.000566884 0.0045618 -0.00012888 -0.000763094 0.0057647 -0.002302
internal_weight=198419 58470 56811 11970 2333 1713 465 620 9637 1914 1802 675 571 289 188 7723 1255 229 6468 460 284 6008 5195 5090 2138 534 419 1604 306 1298
internal_count=198419 58470 56811 11970 2333 1713 465 620 9637 1914 1802 675 571 289 188 7723 1255 229 6468 460 284 6008 5195 5090 2138 534 419 1604 306 1298
is_linear=0
shrinkage=0.06


Tree=174
num_leaves=31
num_cat=0
split_feature=6 0 11 0 23 24 24 25 21 16 23 0 21 21 24 21 25 17 21 0 21 16 24 21 27 16 27 11 16 21
split_gain=1.63004 1.42856 1.37385 2.04801 1.29173 1.24613 3.74799 4.41589 6.52789 3.20258 6.47756 5.93352 5.08418 7.3314 2.53737 2.25277 4.45618 1.82443 3.40083 4.95038 2.91295 2.63323 5.645 4.54456 2.54155 5.05496 2.62678 1.93067 2.66781 1.90303
threshold=18.44999980926514 13.411662101745607 0.74930274486541759 25.3781270980835 16.804028511047367 12630.121582031252 12004.941894531252 8.5000000000000018 0.12656717747449878 14.500000000000002 6.9908068180084237 7.2032601833343515 0.30021543800830847 0.18244930356740954 12715.674316406252 0.43918706476688391 3.5000000000000004 4.5000000000000009 0.20608495920896533 10.024745941162111 0.033042430877685554 14.500000000000002 14615.934570312502 0.089744016528129592 8.3337464332580584 21.500000000000004 7.3139114379882821 0.27093729376792913 21.500000000000004 0.17327156662940982
decision_type=2 2 2 2 2 2 2 2 2 2 2 2 2 2 2 2 2 2 2 2 2 2 2 2 2 2 2 2 2 2
left_child=-1 5 4 -4 -3 6 -2 8 -8 -10 12 -12 13 -11 -7 -14 -17 20 19 21 -16 29 23 -23 25 26 -20 28 -24 -19
right_child=1 2 3 -5 -6 14 7 -9 9 10 11 -13 15 -15 17 16 -18 18 24 -21 -22 22 27 -25 -26 -27 -28 -29 -30 -31
leaf_value=-0.00026126267360095009 -0.0071519663475036318 -0.040331435874884067 -0.042942979903138771 0.18844139689113498 0.021889883503530213 -0.24424373091538415 0.66796435421845712 -0.073121781496887722 -0.0035771438587077183 0.24581421845168513 2.946076626009098 0.34976444342692586 -0.13886689363084254 1.1636099840853646 0.99204366117425369 -0.23780863008513967 2.4394089170590956 -0.055148448548920932 -0.042683524453327931 1.3713849935861875 -0.028361117437979311 1.6367132054613871 -0.052135737944961645 0.51520401670947102 -0.048320321433353783 0.33196202068010011 0.20245408923749539 0.3340529843620289 0.17314841881769164 0.70231098800629521
leaf_weight=139949 25036 11239 161 137 722 372 84 732 589 113 96 80 228 88 109 131 144 466 837 133 12785 128 400 114 2902 134 200 100 111 99
leaf_count=139949 25036 11239 161 137 722 372 84 732 589 113 96 80 228 88 109 131 144 466 837 133 12785 128 400 114 2902 134 200 100 111 99
internal_value=-0.000121835 -0.000387893 -0.000963702 0.0030604 -0.00106396 -0.00023514 2.39362e-05 0.00235011 0.00416098 0.00323077 0.00552273 0.0158182 0.00294886 0.0110149 -0.000609848 -0.000274355 0.00338182 -0.000511288 0.000390468 0.00278143 -0.000904608 0.0017433 0.0038476 0.0116033 -0.000520011 0.00183945 0.000422371 0.000775776 -0.000716244 -0.00143363
internal_weight=198419 58470 12259 298 11961 46211 27321 2285 1553 1469 880 176 704 201 18890 503 275 18518 5624 1551 12894 1418 853 242 4073 1171 1037 611 511 565
internal_count=198419 58470 12259 298 11961 46211 27321 2285 1553 1469 880 176 704 201 18890 503 275 18518 5624 1551 12894 1418 853 242 4073 1171 1037 611 511 565
is_linear=0
shrinkage=0.06


Tree=175
num_leaves=31
num_cat=0
split_feature=1 24 0 11 21 18 4 21 19 21 27 24 0 19 24 24 0 0 24 24 25 25 24 25 24 27 11 1 11 25
split_gain=1.77521 1.17749 1.24682 1.4035 1.35385 1.15115 1.70543 1.25679 1.14509 2.03827 1.13896 1.44304 3.38911 6.2634 2.00651 1.764 5.50346 3.01282 2.77093 5.33209 1.80887 1.70402 1.46069 1.39047 1.24974 1.19845 1.10987 1.08804 1.39978 1.63808
threshold=237.50000000000003 17540.340820312504 13.411662101745607 0.74930274486541759 0.12656717747449878 12.61370372772217 30.000000000000004 0.27524790167808538 55.182256698608406 0.11913262307643892 8.7046318054199237 7189.9912109375009 19.748422622680668 51.379362106323249 10940.824707031252 11188.384277343752 23.120385169982914 18.219846725463871 15853.948730468752 14757.500000000002 9.5000000000000018 5.5000000000000009 12332.306152343752 1.5000000000000002 17066.779296875004 14.200484752655031 0.58946129679679882 355.50000000000006 0.56387564539909374 6.5000000000000009
decision_type=2 2 2 2 2 2 2 2 10 2 2 2 2 10 2 2 2 2 2 2 2 2 2 2 2 2 2 2 2 2
left_child=5 2 27 4 -4 -1 7 -7 26 -10 -6 12 13 -12 23 16 -16 18 19 20 22 -14 -17 -13 -20 -23 -8 -2 -29 -30
right_child=1 -3 3 -5 10 6 8 -9 9 -11 11 14 21 -15 15 17 -18 -19 24 -21 -22 25 -24 -25 -26 -27 -28 28 29 -31
leaf_value=-0.00026731689654414516 -0.015280597778803593 -0.035237313714300951 -0.12393398339822564 0.041635387539377289 -0.07595975097413149 0.091696093747992896 -0.1185029441864906 -0.0028764203483414505 0.14339620387220245 -0.024171625039177864 1.134619197491137 0.41100900777258759 -0.12519755651678072 -0.06083969617762814 -0.26988200701768122 0.2378299131663042 0.50907981962506532 -0.054641376090500772 -0.25518451322875613 0.25356396311624307 0.12311233203424948 0.25457314647516405 -0.063906058343344341 -0.11608488573418248 0.077038832636740287 -0.17324102310675807 0.5232552679554473 0.0079955864669273187 -0.024414211743672122 0.21812159625519842
leaf_weight=153349 26266 1218 958 200 2363 86 1304 107 96 390 115 117 190 147 85 90 83 1686 181 139 148 80 252 1391 81 97 116 6545 229 310
leaf_count=153349 26266 1218 958 200 2363 86 1304 107 96 390 115 117 190 147 85 90 83 1686 181 139 148 80 252 1391 81 97 116 6545 229 310
internal_value=-0.000125161 -0.000466502 -0.000412858 -0.00106605 -0.00118713 -3.08027e-05 -0.00142639 0.00394819 -0.00197062 0.000543208 -0.000906834 -0.000383451 0.00229889 0.00751145 -0.000780157 0.000185791 0.00614286 -0.000202563 0.00261953 0.00477901 0.00183673 -0.00142234 -0.000561405 -0.00253846 -0.00256489 0.00281356 -0.00283099 -0.000248277 0.00041163 0.00335065
internal_weight=198419 42971 41753 8403 8203 155448 2099 193 1906 486 7245 4882 629 262 4253 2745 168 2577 891 629 490 367 342 1508 262 177 1420 33350 7084 539
internal_count=198419 42971 41753 8403 8203 155448 2099 193 1906 486 7245 4882 629 262 4253 2745 168 2577 891 629 490 367 342 1508 262 177 1420 33350 7084 539
is_linear=0
shrinkage=0.06


Tree=176
num_leaves=31
num_cat=0
split_feature=1 18 3 21 0 0 24 24 25 21 24 23 16 24 24 24 26 17 25 11 17 21 0 17 16 27 16 26 26 27
split_gain=1.67239 1.10635 1.82982 1.47054 1.23136 1.02908 1.54718 2.50301 2.15339 4.06173 5.80228 2.54248 6.47811 1.97053 2.80678 1.91905 1.60731 1.56876 2.2402 1.56443 2.18419 2.29643 3.13136 1.93181 2.32061 1.69883 3.01526 3.05823 4.65968 5.07761
threshold=237.50000000000003 12.61370372772217 34.000000000000007 0.23251585662364962 15.91614866256714 13.411662101745607 12630.121582031252 12004.941894531252 8.5000000000000018 0.28175266087055212 12397.694824218752 2.3127331733703618 15.500000000000002 12735.981933593752 12762.763671875002 12607.379882812502 13.90565347671509 5.5000000000000009 1.5000000000000002 0.26229646801948553 4.5000000000000009 0.12394391745328905 7.3336279392242441 5.5000000000000009 15.500000000000002 10.844287395477297 21.500000000000004 24.30996131896973 10.870935916900637 7.3139114379882821
decision_type=2 2 2 2 2 2 2 2 2 2 2 2 2 2 2 2 2 2 2 2 2 2 2 2 2 2 2 2 2 2
left_child=1 -1 3 -3 -4 6 7 -2 9 10 16 15 -13 -8 -15 17 -9 18 -11 20 -16 22 23 -22 -25 26 27 28 -23 -30
right_child=5 2 4 -5 -6 -7 13 8 -10 11 -12 12 -14 14 19 -17 -18 -19 -20 -21 21 25 -24 24 -26 -27 -28 -29 29 -31
leaf_value=-0.00025127788275148188 -0.0069724873984775065 0.09454356929506616 0.11760067393180269 -0.0003682538283980584 -0.073464037440200122 -0.030001271506894911 -0.17967572262937107 0.76510099519126029 -0.037487605529677663 0.061579025071975622 -0.12777113953518651 -0.061436871596557328 3.9079346125843051 1.2393221677785704 -0.047792023147659311 0.25179208003868486 0.77529497659245383 2.1934643117155286 -0.16597783281440609 0.013433649979103741 -0.072343878817287682 -0.10707924919655468 1.5288354457968316 -0.026485084142746525 0.61068918948315398 -0.05965235669072752 0.18987078449246642 -0.149273404369059 0.019106846316964694 0.3795645541565838
leaf_weight=153349 18660 82 88 148 1781 8600 399 84 550 81 95 169 95 139 7372 105 83 88 365 2794 166 242 116 114 82 1728 183 272 228 161
leaf_count=153349 18660 82 88 148 1781 8600 399 84 550 81 95 169 95 139 7372 105 83 88 365 2794 166 242 116 114 82 1728 183 272 228 161
internal_value=-0.00012123 -2.96448e-05 -0.00139781 0.00365217 -0.00201926 -0.000452539 -0.000305666 2.7974e-05 0.00222157 0.0036824 0.0102595 0.00177408 0.00672727 -0.00079137 -0.000669414 -0.000272302 0.016994 -0.00173034 -0.00317489 -0.000757023 -0.00108815 0.000196839 0.00404184 0.00129282 0.00532653 -0.000456291 0.00140331 -1.9935e-05 0.00227258 0.00633933
internal_weight=198419 155448 2099 230 1869 42971 34371 20375 1715 1165 262 903 264 13996 13597 639 167 534 446 13458 10664 3292 478 362 196 2814 1086 903 631 389
internal_count=198419 155448 2099 230 1869 42971 34371 20375 1715 1165 262 903 264 13996 13597 639 167 534 446 13458 10664 3292 478 362 196 2814 1086 903 631 389
is_linear=0
shrinkage=0.06


Tree=177
num_leaves=31
num_cat=0
split_feature=1 18 19 21 17 19 1 11 7 23 23 0 1 11 21 21 18 3 24 1 23 21 16 16 24 0 26 27 16 20
split_gain=1.62966 1.06305 1.39848 2.43264 1.75095 1.26693 1.11399 1.09259 1.00695 1.73951 1.72725 1.37259 2.86723 1.62567 1.29481 1.34104 1.2706 1.45004 1.24678 1.17555 1.91055 1.72126 1.34555 1.90174 2.82584 3.40337 1.60377 1.06546 1.04598 1.34625
threshold=237.50000000000003 12.61370372772217 55.182256698608406 0.23404077440500262 1.5000000000000002 60.589500427246101 38.000000000000007 0.5633012354373933 1.0000000180025095e-35 17.144623756408695 9.380099296569826 11.440140247344972 41.500000000000007 0.69759953022003185 0.46803893148899084 0.44537749886512762 0.31299109756946569 51.000000000000007 12004.941894531252 62.000000000000007 14.812517642974855 0.21333827078342441 15.500000000000002 17.500000000000004 15740.303710937502 10.650841712951662 27.556073188781742 23.027674674987797 8.5000000000000018 1.0000000180025095e-35
decision_type=2 2 10 2 2 10 2 2 2 2 2 2 2 2 2 2 2 2 2 2 2 2 2 2 2 2 2 2 2 2
left_child=1 8 6 5 -5 -4 -3 -8 9 10 11 -1 13 14 15 27 17 -12 -19 20 21 -10 26 24 -24 -26 28 -13 29 -23
right_child=-2 2 3 4 -6 -7 7 -9 19 -11 16 12 -14 -15 -16 -17 -18 18 -20 -21 -22 22 23 -25 25 -27 -28 -29 -30 -31
leaf_value=-0.013642974258235177 -0.014629228740234103 0.038452491603839893 0.16962085023299139 0.10341781808703715 -0.11591500278392909 0.015850122730285805 -0.12255094835661488 0.45792763669960362 -0.0048015577732602724 -0.090894786833915608 0.024622459337431943 0.040123679921621566 -0.015749872680689767 -0.066331004066740085 0.00011070424057136256 0.21295180510962144 -0.0006640426200045838 0.029649384783236973 0.13328358054964121 -0.00068892158083378038 -0.057797051741559725 -0.024653941901268826 0.042110783678847505 0.012554792458065013 0.059728657601795958 0.42240456870063658 0.036914843625134419 -0.020094273811469669 -0.010006812283343082 0.050560460544359982
leaf_weight=15564 42971 230 82 88 264 113 1202 120 5775 653 699 1373 2828 176 608 92 820 84 97 110036 776 503 1696 3980 231 82 1242 140 4251 1643
leaf_count=15564 42971 230 82 88 264 113 1202 120 5775 653 699 1373 2828 176 608 92 820 84 97 110036 776 503 1696 3980 231 82 1242 140 4251 1643
internal_value=-0.000118508 -2.81009e-05 -0.00136922 0.00123949 -0.00173864 0.00661538 -0.00228866 -0.00295915 -9.74391e-06 -0.000374515 -0.000285843 -0.000436265 0.000405979 0.00193637 0.00237777 0.00327103 0.00155294 0.00313636 0.00792265 5.50614e-05 0.000476038 0.000592793 0.000960668 0.00163399 0.00313887 0.008377 0.000432778 0.00284336 4.97094e-05 0.00112954
internal_weight=198419 155448 2099 547 352 195 1552 1322 153349 23134 22481 20781 5217 2389 2213 1605 1700 880 181 130215 20179 19403 13628 5989 2009 313 7639 1513 6397 2146
internal_count=198419 155448 2099 547 352 195 1552 1322 153349 23134 22481 20781 5217 2389 2213 1605 1700 880 181 130215 20179 19403 13628 5989 2009 313 7639 1513 6397 2146
is_linear=0
shrinkage=0.06


Tree=178
num_leaves=31
num_cat=0
split_feature=1 18 21 27 0 17 27 7 23 0 14 23 0 0 0 11 1 21 26 18 18 27 27 21 26 26 19 16 23 20
split_gain=1.44284 1.1051 1.40806 2.15009 1.00905 1.0091 1.73011 0.940026 1.75135 1.44271 1.4295 1.23763 2.38107 1.28269 1.93331 1.30218 1.45736 1.17695 1.98731 1.73596 2.28076 1.30547 2.81902 1.66497 1.59486 2.11393 3.87341 2.68579 1.57583 1.50698
threshold=237.50000000000003 12.61370372772217 0.12394391745328905 12.519645690917971 25.3781270980835 3.5000000000000004 16.232394218444828 1.0000000180025095e-35 17.144623756408695 0.87159797549247753 1.0000000180025095e-35 9.380099296569826 3.8548399209976201 20.731276512146 22.482932090759281 0.62687611579895031 41.500000000000007 0.70080316066741954 582.35137939453136 -3.6801707744598384 -3.2162624597549434 5.9147038459777841 12.066894531250002 0.71621471643447887 19.79934120178223 7.6053903102874765 79.431529998779311 10.500000000000002 0.90695166587829601 2.5000000000000004
decision_type=2 2 2 2 2 2 2 2 2 2 2 2 2 2 2 2 2 2 2 2 2 2 2 2 2 2 8 2 2 2
left_child=1 7 3 -3 5 6 -4 8 9 -1 11 13 -13 -11 -15 16 -16 -9 19 -19 -21 -22 24 28 25 -23 27 -27 -24 -26
right_child=-2 2 4 -5 -6 -7 -8 17 -10 10 -12 12 -14 14 15 -17 -18 18 -20 20 21 22 23 -25 29 26 -28 -29 -30 -31
leaf_value=-0.033163822201488925 -0.013751475015820004 0.17838437174979641 -0.016689910701461374 -0.065927526417957752 -0.081854204973995356 -0.064430017878178231 0.1677222477181462 0.00037282870964680759 -0.085441099623880773 -0.0069266463167955289 -0.11997892355357737 0.089055973996232107 0.01393149511876348 0.069824656483650119 0.036141532555945682 -0.078792825164695282 -0.0056308318967556448 -0.048809735971046903 0.15170041644426668 0.17720193709215584 -0.028115518572456089 0.037135164987190432 0.007552791993663717 -0.016504979377792082 -0.049494783352187086 0.30365043265449493 0.56817718631304148 -0.073954770729086558 0.34376043813089169 0.084550421069940887
leaf_weight=2734 42971 138 190 191 1228 263 89 125718 653 15382 433 145 1499 196 821 254 1017 435 153 106 665 239 319 1762 181 95 138 80 165 159
leaf_count=2734 42971 138 190 191 1228 263 89 125718 653 15382 433 145 1499 196 821 254 1017 435 153 106 665 239 319 1762 181 95 138 80 165 159
internal_value=-0.000115484 -3.04167e-05 -0.00139781 0.00220669 -0.0020678 8.85595e-05 0.00260215 -1.17002e-05 -0.000364141 -0.000275167 -9.63199e-05 -1.98834e-05 0.00155474 -0.000166385 0.00115909 0.000625238 0.00118172 5.09144e-05 0.00100467 0.000767954 0.00116807 0.00092611 0.00143786 0.00030454 0.00429148 0.00628261 0.00952716 0.0036 0.00342149 0.00105882
internal_weight=198419 155448 2099 329 1770 542 279 153349 23134 22481 19747 19314 1644 17670 2288 2092 1838 130215 4497 4344 3909 3803 3138 2246 892 552 313 175 484 340
internal_count=198419 155448 2099 329 1770 542 279 153349 23134 22481 19747 19314 1644 17670 2288 2092 1838 130215 4497 4344 3909 3803 3138 2246 892 552 313 175 484 340
is_linear=0
shrinkage=0.06


Tree=179
num_leaves=31
num_cat=0
split_feature=6 14 25 15 21 19 24 16 21 0 26 2 0 17 18 26 3 24 24 16 18 21 19 21 11 0 23 27 11 16
split_gain=1.31245 1.34947 1.68224 2.96347 2.04949 1.8667 1.73408 1.87848 1.67642 1.51059 1.56301 1.41905 1.28533 1.84483 1.97951 2.695 1.59893 1.50254 1.41612 2.3121 1.38422 1.43923 1.55042 1.33917 1.26078 1.49738 2.13372 1.73592 1.26053 1.46991
threshold=16.849999427795414 1.0000000180025095e-35 5.5000000000000009 1.0000000180025095e-35 0.10818686708807947 105.8828811645508 10761.519042968752 14.500000000000002 0.24158938974142077 5.6073594093322763 0.41646796464920049 8.5000000000000018 1.2241679430007937 1.0000000180025095e-35 0.88832494616508495 18.015957832336429 14.000000000000002 17921.063476562504 17885.785156250004 9.5000000000000018 4.0124847888946542 0.44997850060462957 83.631481170654311 0.74504846334457409 0.58095309138298046 14.349258899688722 5.5688123703002939 14.390116214752199 0.73091167211532604 11.500000000000002
decision_type=2 2 2 2 2 8 2 2 2 2 2 2 2 2 2 2 2 2 2 2 2 2 10 2 2 2 2 2 2 2
left_child=12 9 6 4 -4 -6 -3 -8 -7 11 -11 -2 13 -1 16 -16 -15 18 20 -20 -14 22 24 -18 -22 26 -26 28 29 -27
right_child=1 2 3 -5 5 8 7 -9 -10 10 -12 -13 17 14 15 -17 23 -19 19 -21 21 -23 -24 -25 25 27 -28 -29 -30 -31
leaf_value=-0.054102807707702608 0.0053945256082864974 -0.070754544837545702 0.14737890464079076 1.1445403900708957 -0.039903707179090225 0.23299320600791212 0.26667311824860562 -0.10053246937387419 -0.017202139892393831 -0.15693063049674857 -0.02125247714809831 -0.022878952332476166 0.0034716199411937727 -0.068654227547581922 0.29869873633497018 -0.038215080933890783 -0.005474042596983645 -0.072428643020717054 0.22881390219708664 0.0077871283462632983 -0.013262285460801096 -0.048773745891696557 0.10477818709790368 0.10129806457374398 0.048604061368363045 0.62836967206935446 0.5350224847312175 -0.062182630659331085 -0.065066357379690992 -0.027853863546606173
leaf_weight=2436 21646 383 132 132 541 127 136 180 95 417 36892 9114 100884 461 110 90 14137 371 103 219 6035 2560 132 132 310 148 81 245 90 80
leaf_count=2436 21646 383 132 132 541 127 136 180 95 417 36892 9114 100884 461 110 90 14137 371 103 219 6035 2560 132 132 310 148 81 245 90 80
internal_value=-0.00011246 -0.000321944 0.00133488 0.00288023 0.00164246 0.000448229 -0.000935624 0.00235443 0.00508108 -0.000363956 -0.000620602 -5.26672e-05 1.21141e-06 -0.000478868 -0.00022907 0.0057 -0.000309574 7.61459e-05 8.88999e-05 0.00406211 7.73286e-05 -0.000607996 -0.00016936 -0.000197212 -0.00029103 0.00173585 0.00458823 -0.000245117 0.00267924 0.00505263
internal_weight=198419 69795 1726 1027 895 763 699 316 222 68069 37309 30760 128624 17366 14930 200 14730 111258 110887 322 110565 9681 7121 14269 6989 954 391 563 318 228
internal_count=198419 69795 1726 1027 895 763 699 316 222 68069 37309 30760 128624 17366 14930 200 14730 111258 110887 322 110565 9681 7121 14269 6989 954 391 563 318 228
is_linear=0
shrinkage=0.06


Tree=180
num_leaves=31
num_cat=0
split_feature=6 0 0 21 17 18 21 3 21 24 24 20 19 19 11 24 24 19 18 21 2 21 21 0 20 21 21 24 17 23
split_gain=1.15042 1.23978 1.13314 1.61645 1.46112 1.27571 1.30485 1.2644 1.32019 1.30296 3.18539 2.16822 2.04058 2.35435 1.39706 2.53004 2.20208 1.25465 1.10833 1.0992 1.27321 1.68096 1.41808 1.19742 1.06168 2.35536 4.31951 4.65464 3.39 3.03044
threshold=16.849999427795414 4.3925654888153085 1.2241679430007937 0.025386525318026546 1.0000000180025095e-35 4.0124847888946542 0.44997850060462957 14.000000000000002 0.74832612276077282 9248.4008789062518 8538.0209960937518 2.5000000000000004 75.663238525390639 88.695102691650405 0.30906003713607794 11920.465332031252 14495.880371093752 83.631481170654311 0.88832494616508495 0.59352794289588939 3.5000000000000004 0.50751915574073803 0.29662616550922399 0.40083940327167517 1.5000000000000002 0.19782134145498279 0.24158938974142077 9248.4008789062518 4.5000000000000009 2.0546913146972661
decision_type=2 2 2 2 2 2 2 2 2 2 2 2 8 10 2 2 2 10 2 2 2 2 2 2 2 2 2 2 2 2
left_child=2 24 3 -1 -5 -4 17 -6 9 10 19 12 -12 -14 18 -16 -17 -7 -11 20 -9 22 -22 -24 25 -2 27 -27 -28 -29
right_child=1 -3 5 4 7 6 -8 8 -10 14 11 -13 13 -15 15 16 -18 -19 -20 -21 21 -23 23 -25 -26 26 28 29 -30 -31
leaf_value=0.053092578206285081 -0.019563766499344555 -0.017914498505652066 0.0032016337470406682 -0.050856639245240441 -0.064537066511052857 -0.0070840108615574842 -0.046710669703344636 -0.02021195471004009 0.16238144394521356 -0.01688234921663238 0.51260725065161494 0.011305205359047438 -0.02259733388094478 0.39930042192917781 -0.088003184137949692 1.1161534530232109 0.018997868641060841 0.095308713810769635 0.089398746351030844 0.1580112525969751 0.017308798744977066 -0.091308978297439239 0.17351849510639336 0.016619449084492414 -0.009537059846898786 1.0651096532700215 0.044374181887888331 0.039541038974834089 -0.062972745706680752 0.42365817596193484
leaf_weight=107 3475 44913 101490 2436 458 7064 2569 2413 99 9626 138 226 111 81 118 133 147 135 135 111 581 122 203 121 13574 126 4836 817 1939 115
leaf_count=107 3475 44913 101490 2436 458 7064 2569 2413 99 9626 138 226 111 81 118 133 147 135 135 111 581 122 203 121 13574 126 4836 817 1939 115
internal_value=-0.000110344 -0.00030647 -3.91983e-06 -0.000454683 -0.000500262 6.64387e-05 -0.000588454 -0.000276464 -0.000177516 -0.000225433 0.000676405 0.00489928 0.008 0.004 -0.00059002 0.00289447 0.006 -0.000174192 -0.000732099 1.52056e-05 -0.00017442 0.00159494 0.00248619 0.00566667 3.32756e-05 0.00046268 0.00103945 0.00460491 0.000482655 0.00314163
internal_weight=198419 69795 128624 17366 17259 111258 9768 14823 14365 14266 4107 556 330 192 10159 398 280 7199 9761 3551 3440 1027 905 324 24882 11308 7833 1058 6775 932
internal_count=198419 69795 128624 17366 17259 111258 9768 14823 14365 14266 4107 556 330 192 10159 398 280 7199 9761 3551 3440 1027 905 324 24882 11308 7833 1058 6775 932
is_linear=0
shrinkage=0.06


Tree=181
num_leaves=31
num_cat=0
split_feature=5 23 4 23 16 17 21 20 24 3 25 11 24 0 20 24 21 20 19 0 11 0 25 21 23 21 21 24 0 25
split_gain=0.983905 2.60834 3.68538 3.16699 8.93634 15.2626 3.38929 6.1506 2.46854 1.82874 1.72821 2.38175 2.1977 2.39439 2.66986 2.26255 5.14459 2.08565 1.57671 2.10072 1.98993 1.69233 3.11783 9.32518 2.1397 1.71671 2.04144 2.543 2.85613 3.30565
threshold=6.5000000000000009 6.020177125930787 243.00000000000003 5.315803289413453 14.500000000000002 3.5000000000000004 0.32325446605682379 1.5000000000000002 9281.6254882812518 291.00000000000006 7.5000000000000009 0.29716476798057562 8214.5830078125018 14.579007625579836 1.5000000000000002 13323.810058593752 0.37399552762508398 3.5000000000000004 38.344703674316413 0.16036627441644671 0.67732810974121105 12.045402526855471 11.500000000000002 0.13438916951417926 0.16912916302680972 0.10105558112263681 0.13438916951417926 14757.500000000002 15.417643547058107 7.5000000000000009
decision_type=2 2 2 2 2 2 2 2 2 2 2 2 2 2 2 2 2 2 10 2 2 2 2 2 2 2 2 2 2 2
left_child=-1 3 10 9 5 6 7 -5 -6 18 11 12 13 14 -3 17 -17 -14 19 -2 21 22 -21 -24 -25 -23 -27 -28 29 -29
right_child=1 2 -4 4 8 -7 -8 -9 -10 -11 -12 -13 15 -15 -16 16 -18 -19 -20 20 -22 25 23 24 -26 26 27 28 -30 -31
leaf_value=-0.00016898050153516057 0.24197334230231443 0.97805915736212912 0.0047174703378537776 -0.13502194745810539 0.1682619637711851 0.70063933493663544 -0.25702124164414814 0.92324861498601241 -0.28793438258947818 -0.026277566056401754 -0.085153895325482232 -0.17169711320908168 -0.14840560626453578 -0.033264213131187798 0.18706355805934535 -0.0040095994031842516 0.41286850998782282 0.2224930868577496 -0.0061075752995559517 -0.0073122716436141997 -0.10410734947835654 -0.15065797542670761 0.66551843138607147 -0.017548305311836963 0.61739633244111836 0.34761681130586841 0.025605936045840411 0.082928785296946 0.13199084691112245 0.41688866073515907
leaf_weight=126220 236 80 4809 100 139 92 134 132 342 14369 4580 437 1040 198 119 531 81 118 33042 7693 472 181 122 559 99 130 1707 110 462 85
leaf_count=126220 236 80 4809 100 139 92 134 132 342 14369 4580 437 1040 198 119 531 81 118 33042 7693 472 181 122 559 99 130 1707 110 462 85
internal_value=-0.00011246 -0.000289119 -0.00109714 -0.000128161 0.00332907 0.00932751 0.00383606 0.00822414 -0.00238254 -0.000182936 -0.00195769 -0.000723504 9.13691e-05 0.00412594 0.00877387 -0.000813561 0.00213725 -0.00237306 5.61129e-06 0.000599189 0.000485369 0.000646931 0.000231558 0.00384615 0.00102128 0.00196262 0.00237209 0.00196954 0.00514155 0.0112308
internal_weight=198419 72199 11993 60206 939 458 366 232 481 59267 7184 2604 2167 397 199 1770 612 1158 44898 11856 11620 11148 8473 780 658 2675 2494 2364 657 195
internal_count=198419 72199 11993 60206 939 458 366 232 481 59267 7184 2604 2167 397 199 1770 612 1158 44898 11856 11620 11148 8473 780 658 2675 2494 2364 657 195
is_linear=0
shrinkage=0.06


Tree=182
num_leaves=31
num_cat=0
split_feature=18 19 11 19 21 21 24 21 21 15 16 24 21 24 23 23 21 6 0 23 16 23 25 17 20 0 0 11 1 2
split_gain=1.1003 1.65052 1.44093 1.25623 1.55711 6.56887 1.10171 3.43358 4.1451 8.00368 13.0446 5.08999 3.76503 3.38794 7.36092 3.8998 8.1343 5.33361 3.95777 8.73753 3.22849 3.63394 3.03685 2.97978 3.78831 2.90331 5.76433 3.46397 2.87426 2.8079
threshold=20.082914352416996 55.584012985229499 0.51942425966262828 18.494400978088382 0.39492434263229376 0.4626720398664475 9248.4008789062518 0.50751915574073803 0.49900193512439733 1.0000000180025095e-35 14.500000000000002 7751.2326660156259 0.13181316107511523 10257.641113281252 1.0000000180025095e-35 5.0265502929687509 0.44827167689800268 16.650000572204593 69.17972564697267 4.534365415573121 13.500000000000002 16.914893150329593 10.500000000000002 1.0000000180025095e-35 1.0000000180025095e-35 8.6549654006958026 8.1695337295532244 0.26759324967861181 132.00000000000003 1.5000000000000002
decision_type=2 10 2 8 2 2 2 2 2 2 2 2 2 2 2 2 2 2 2 2 2 2 2 2 2 2 2 2 2 2
left_child=3 2 -2 4 -1 -6 7 8 11 10 -10 -5 -13 14 22 16 18 -18 19 -16 21 23 28 -9 -25 26 27 -22 -8 -14
right_child=1 -3 -4 6 5 -7 13 20 9 -11 -12 12 29 -15 15 -17 17 -19 -20 -21 25 -23 -24 24 -26 -27 -28 -29 -30 -31
leaf_value=-0.0024380782456862814 -0.092276662494756037 0.078174958794709037 0.47022870036687098 -0.0079407936194012263 2.687481453730137 -0.047248926445917501 -0.030074685269493029 0.092831552946827767 -0.055476761983712826 0.097221502155182729 2.0600415251934585 -0.01815678929176865 -0.0074985744375993361 -0.0020063469975712973 -0.0040718754530656544 -0.023403024655572712 0.26401054495784076 1.5026847706173228 1.0415090550332229 0.80512544956318077 -0.0436677169058571 0.31902725795250658 0.0011105996482083204 0.068444323215027622 -0.027205660031074792 -0.097757579116646107 0.87710964521666834 0.65095113280897998 -0.12116652563161795 0.057856967063123446
leaf_weight=225 1018 115 108 28986 80 105 3772 655 92 725 88 2850 2809 122558 2288 3266 236 140 134 114 2663 99 1955 490 3507 2018 119 151 4090 12963
leaf_count=225 1018 115 108 28986 80 105 3772 655 92 725 88 2850 2809 122558 2288 3266 236 140 134 114 2663 99 1955 490 3507 2018 119 151 4090 12963
internal_value=-0.000109437 -0.00189041 -0.0025897 -9.82274e-05 0.00321951 0.0072973 -0.00010514 0.000113887 0.000319954 0.00434254 0.0156667 0.000243487 0.0010175 -0.000197168 -0.00101844 0.000604078 0.00220055 0.0104362 0.000979494 0.000419649 -0.000916513 0.000200798 -0.00203952 -4.1274e-05 -0.000655993 -0.00198869 -0.0007835 -0.00133049 -0.00256576 0.00138017
internal_weight=198419 1241 1126 197178 410 185 196768 58215 48513 905 180 47608 18622 138553 15995 6178 2912 376 2536 2402 9702 4751 9817 4652 3997 4951 2933 2814 7862 15772
internal_count=198419 1241 1126 197178 410 185 196768 58215 48513 905 180 47608 18622 138553 15995 6178 2912 376 2536 2402 9702 4751 9817 4652 3997 4951 2933 2814 7862 15772
is_linear=0
shrinkage=0.06


Tree=183
num_leaves=31
num_cat=0
split_feature=18 11 26 3 19 21 24 26 5 23 4 23 16 17 21 20 0 3 11 23 16 11 23 0 21 24 11 24 24 25
split_gain=1.04407 1.73054 3.17324 1.24427 1.1755 1.36744 1.40114 1.73274 1.01336 2.18087 3.31658 2.90025 7.87666 15.0841 2.96469 5.32968 2.56972 1.67576 1.6573 3.89601 6.30227 3.84003 5.6633 3.59549 3.0356 3.44498 2.04411 1.99769 4.12764 3.47662
threshold=12.61370372772217 0.62840861082077037 12.883973121643068 34.000000000000007 51.379362106323249 0.11913262307643892 9401.8671875000018 23.610293388366703 6.5000000000000009 6.020177125930787 279.50000000000006 5.315803289413453 14.500000000000002 3.5000000000000004 0.32325446605682379 1.5000000000000002 3.043215394020081 291.00000000000006 0.45370142161846166 3.1263412237167363 9.5000000000000018 0.43672485649585729 1.0241547226905825 5.2872860431671151 0.12394391745328905 8982.4550781250018 0.47382839024066931 17066.779296875004 17540.340820312504 9.5000000000000018
decision_type=2 2 2 2 10 2 2 2 2 2 2 2 2 2 2 2 2 2 2 2 2 2 2 2 2 2 2 2 2 2
left_child=8 3 -3 -2 -5 -6 -7 -8 -1 11 -11 17 13 14 15 -13 -14 18 21 24 -21 27 23 -23 25 -20 -26 -10 29 -29
right_child=1 2 -4 4 5 6 7 -9 9 10 -12 12 16 -15 -16 -17 -18 -19 19 20 -22 22 -24 -25 26 -27 -28 28 -30 -31
leaf_value=6.2572709700759325e-05 0.034000599502770318 0.56964385305893328 -0.12338597907450777 -0.11740432898835383 0.09961715766747134 -0.12595628245350327 -0.026780507754898868 0.14625103806490136 -0.0013431552211082634 -0.054491752919803474 0.025902441626793411 -0.12680024979076479 0.18142014587596952 0.65987677346847817 -0.24123034069660432 0.86797407890670597 -0.26029140961902564 -0.025490685762509579 0.20178225484532888 1.1890129585264637 -0.029439446384119813 0.86491485282925806 -0.21213546328599706 0.17511325948858153 -0.28726038372445067 0.0012694789078235484 -0.046553615085941843 0.052856617104218441 -0.018177384119598957 0.96403234613642375
leaf_weight=124514 209 104 101 1451 96 237 228 80 36258 8786 3085 100 87 92 134 132 389 14272 145 131 190 111 99 87 493 505 3783 1236 1085 199
leaf_count=124514 209 104 101 1451 96 237 228 80 36258 8786 3085 100 87 92 134 132 389 14272 145 131 190 111 99 87 493 505 3783 1236 1085 199
internal_value=-0.000114275 -0.00133121 0.00395122 -0.00180183 -0.00224283 -0.000102966 -0.00126606 0.0014026 -9.87085e-05 -0.000278913 -0.00102148 -0.000130831 0.00318629 0.00880349 0.00334426 0.00744827 -0.00221849 -0.000183706 -1.62591e-06 -0.00100286 0.00540187 0.00013282 0.00692929 0.0127879 -0.00142022 0.0024 -0.00200094 8.0766e-05 0.00171428 0.00382578
internal_weight=198419 2506 205 2301 2092 641 545 308 195913 71399 11871 59528 934 458 366 232 476 58594 44322 5247 321 39075 297 198 4926 650 4276 38778 2520 1435
internal_count=198419 2506 205 2301 2092 641 545 308 195913 71399 11871 59528 934 458 366 232 476 58594 44322 5247 321 39075 297 198 4926 650 4276 38778 2520 1435
is_linear=0
shrinkage=0.06


Tree=184
num_leaves=31
num_cat=0
split_feature=18 26 11 24 0 3 24 24 23 23 21 0 6 0 23 21 21 16 20 5 24 21 16 23 25 21 27 2 24 21
split_gain=1.20817 1.46534 3.16261 1.82381 1.30699 1.33544 1.09655 3.44648 6.33187 3.24754 5.11875 4.8058 5.40294 3.95977 8.74288 3.20674 4.179 9.00654 18.5803 12.4029 4.16989 3.36772 3.10941 3.24602 2.89185 7.81995 5.22202 5.06688 3.28721 4.81682
threshold=12.61370372772217 12.749248504638674 0.5633012354373933 16044.857421875002 18.96811676025391 74.000000000000014 9248.4008789062518 10257.641113281252 1.0000000180025095e-35 5.0265502929687509 0.44827167689800268 23.89594650268555 16.650000572204593 69.17972564697267 4.534365415573121 0.50751915574073803 0.49900193512439733 14.500000000000002 1.5000000000000002 5.5000000000000009 7751.2326660156259 0.13181316107511523 13.500000000000002 16.914893150329593 3.5000000000000004 0.4670067578554154 24.215013504028324 3.5000000000000004 7911.5646972656259 0.40094302594661718
decision_type=2 2 2 2 2 2 2 2 2 2 2 2 2 2 2 2 2 2 2 2 2 2 2 2 2 2 2 2 2 2
left_child=6 2 3 -2 -3 -6 15 8 -8 10 13 12 -12 14 -10 16 20 -18 19 -19 -1 -22 23 -17 25 26 -23 -27 29 -26
right_child=1 4 -4 -5 5 -7 7 -9 9 -11 11 -13 -14 -15 -16 22 17 18 -20 -21 21 24 -24 -25 28 27 -28 -29 -30 -31
leaf_value=-0.0068789482292944222 -0.045663787860560287 0.048718978093181826 0.50038514577413218 0.16204724945724494 -0.0028715802233850569 -0.15974584515942214 -0.054122234253064699 -0.0019270776054141586 -0.0038633953191131629 -0.022150678896676154 0.43017745326551948 -0.082370341213051854 3.332119730925772 0.97909910104449638 0.75689851190265633 -0.0010990250920415888 -0.092993513491349128 1.1454128963648307 0.03188232011034698 3.3753067234122671 -0.017142210427935709 0.064166706857639186 -0.051466727912662921 0.2995717933082635 0.036175662832799146 0.52840147002483584 1.2109024434975182 1.3832681055107565 0.012025348966440058 0.95674017802151023
leaf_weight=28789 674 170 119 99 464 980 9785 122114 2280 3263 168 103 101 134 114 4628 443 93 272 81 2843 3236 4929 99 1417 80 151 88 10345 357
leaf_count=28789 674 170 119 99 464 980 9785 122114 2280 3263 168 103 101 134 114 4628 443 93 272 81 2843 3236 4929 99 1417 80 151 88 10345 357
internal_value=-0.000117903 -0.00142698 0.000524662 -0.000877104 -0.00250558 -0.00309141 -0.000101159 -0.000193045 -0.00102257 0.000483854 0.00194483 0.00851613 0.0127361 0.000977847 0.000416039 0.00011813 0.000318081 0.0043937 0.0104126 0.0257241 0.00024149 0.000943888 -0.000879869 0.000219588 0.0012885 0.00279325 0.00216652 0.0154286 0.000847098 0.00323337
internal_weight=198419 2506 892 773 1614 1444 195913 138062 15948 6163 2900 372 269 2528 2394 57851 48195 889 446 174 47306 18517 9656 4727 15674 3555 3387 168 12119 1774
internal_count=198419 2506 892 773 1614 1444 195913 138062 15948 6163 2900 372 269 2528 2394 57851 48195 889 446 174 47306 18517 9656 4727 15674 3555 3387 168 12119 1774
is_linear=0
shrinkage=0.06


Tree=185
num_leaves=31
num_cat=0
split_feature=18 1 26 11 24 0 3 0 23 17 18 18 24 24 20 21 24 21 16 25 21 21 17 21 21 25 23 25 11 16
split_gain=1.2037 1.17554 1.00382 2.21753 1.29374 1.21117 1.13438 0.968789 1.50116 1.39041 1.44561 1.08768 1.13173 1.87167 2.11239 2.71436 1.81628 1.78831 1.87025 3.32814 1.62206 1.8129 1.73321 2.01567 1.91165 1.79454 1.6004 1.29402 1.98254 2.39072
threshold=12.61370372772217 237.50000000000003 12.749248504638674 0.62840861082077037 16044.857421875002 18.96811676025391 74.000000000000014 13.411662101745607 16.914893150329593 4.5000000000000009 0.030246540904045108 -7.1270434856414786 12630.121582031252 12033.684082031252 3.5000000000000004 0.25664508342742925 12715.674316406252 0.14208472520112994 21.500000000000004 5.5000000000000009 0.28850366175174719 0.31370750069618231 4.5000000000000009 0.50571352243423473 0.62503737211227428 5.5000000000000009 24.933436393737797 10.500000000000002 0.40030685067176824 8.5000000000000018
decision_type=2 2 2 2 2 2 2 2 2 2 2 2 2 2 2 2 2 2 2 2 2 2 2 2 2 2 2 2 2 2
left_child=1 -1 3 4 -2 -4 -7 11 -9 10 -10 -3 13 26 17 -16 -14 -15 20 -20 -19 -22 23 -23 -25 -24 27 -13 29 -29
right_child=2 7 5 -5 -6 6 -8 8 9 -11 -12 12 16 14 15 -17 -18 18 19 -21 21 22 25 24 -26 -27 -28 28 -30 -31
leaf_value=-0.00067387811223528946 -0.037076130254571661 -0.089341029798959998 0.045795839407590966 0.50544211312894927 0.15232441448981021 -0.0026992854099819725 -0.1501610944498569 -0.033782686649790179 0.34117228950208195 -0.060152833618228908 0.012909266468100941 -0.012922937076262242 -0.21622848431542332 0.56840838296308638 0.025280481355232306 1.1014150040693116 -0.0164726837746864 -0.19944415619594963 -0.052747646786100111 1.1713123185012397 0.064225226164633872 -0.17842690847069362 -0.16347043107500298 0.21273369796455652 -0.13064806373217167 1.9349020653920401 0.42819980878695701 0.25511827602123477 -0.039366036511790117 0.023989080775414184
leaf_weight=153349 689 303 170 104 99 464 980 7788 132 117 156 15479 265 167 112 128 13639 172 88 80 86 338 80 123 84 103 91 608 483 1942
leaf_count=153349 689 303 170 104 99 464 980 7788 132 117 156 15479 265 167 112 128 13639 172 88 80 86 338 80 123 84 103 91 608 483 1942
internal_value=-0.000120323 -0.000103609 -0.00142698 0.000188339 -0.000898479 -0.0023197 -0.00288366 -0.000382578 -0.000968877 0.00259259 0.00483333 -0.000242822 -0.000210991 7.61739e-05 0.00207175 0.00725 -0.000627447 0.00113096 0.00029116 0.00614286 -0.000705884 0.000412775 -0.000560441 -0.00225688 0.0024058 0.0044918 -9.1277e-05 -0.000130295 0.00100297 0.00167059
internal_weight=198419 195913 2506 892 788 1614 1444 42564 8193 405 288 34371 34068 20164 1561 240 13904 1321 1154 168 986 814 728 545 207 183 18603 18512 3033 2550
internal_count=198419 195913 2506 892 788 1614 1444 42564 8193 405 288 34371 34068 20164 1561 240 13904 1321 1154 168 986 814 728 545 207 183 18603 18512 3033 2550
is_linear=0
shrinkage=0.06


Tree=186
num_leaves=31
num_cat=0
split_feature=18 4 3 14 25 0 4 20 24 24 24 25 21 23 0 24 11 17 16 21 21 0 21 24 16 23 21 21 0 16
split_gain=1.16712 1.13403 1.12864 1.79012 1.74868 3.39967 2.05725 1.67355 2.27021 2.74367 4.89436 4.0347 8.05255 4.3119 2.3325 2.04116 1.94463 5.80925 7.48071 3.25197 6.21023 3.42571 3.35163 2.39741 2.60641 3.3275 2.08761 3.78853 1.91335 1.87092
threshold=12.61370372772217 30.000000000000004 211.00000000000003 1.0000000180025095e-35 5.5000000000000009 25.3781270980835 309.50000000000006 1.5000000000000002 6054.3205566406259 8538.0209960937518 8285.8154296875018 3.5000000000000004 0.26112917065620428 3.5130198001861577 96.72674942016603 8911.6054687500018 0.43672485649585729 3.5000000000000004 14.500000000000002 0.40887330472469335 0.52006244659423839 4.9634361267089853 0.48932217061519628 6571.1745605468759 10.500000000000002 8.9206295013427752 0.10818686708807947 0.15790324658155444 18.96811676025391 10.500000000000002
decision_type=2 2 2 2 2 2 2 2 2 2 2 2 2 2 2 2 2 2 2 2 2 2 2 2 2 2 2 2 2 2
left_child=2 -2 -1 7 -5 6 -6 8 -4 10 16 12 -12 29 15 -11 19 18 -18 23 21 -21 -23 26 25 -25 -10 -28 -9 -13
right_child=1 -3 3 4 5 -7 -8 28 9 14 11 13 -14 -15 -16 -17 17 -19 -20 20 -22 22 -24 24 -26 -27 27 -29 -30 -31
leaf_value=-0.00037251548227097274 0.037969099287649313 -0.04784573470424848 -0.12206952249471817 -0.016207993210607535 0.010084887880056764 0.60671376034594693 0.29308908613483181 -0.017117893438290024 -0.10580625597339945 -0.089901309430266182 -0.0055118262838405596 2.7125180242063984 1.1402760892842416 1.0057509299300078 0.31034910964274037 -0.0057101646121770011 0.48570823525809947 -0.12564711739081555 0.020678988887902677 0.95263244482383125 -0.043382684260881252 -0.13894432162843628 2.0410357272829676 -0.022631903811310479 -0.096242136277211177 0.24377249784104868 0.89716874524385426 0.010915340395795082 -0.059474038655575101 -0.1432776126143338
leaf_weight=145209 193 2313 622 455 463 119 93 23885 93 454 100 109 141 95 113 16741 86 152 144 141 464 112 123 677 1240 103 142 414 3246 177
leaf_count=145209 193 2313 622 455 463 119 93 23885 93 454 100 109 141 95 113 16741 86 152 144 141 464 112 123 677 1240 103 142 414 3246 177
internal_value=-0.000116391 -0.00140303 -9.99335e-05 -0.000343643 0.0020177 0.00395555 0.00198561 -0.000397468 -1.41707e-05 8.77122e-05 0.00140527 0.00634727 0.0124232 0.00250394 -0.000255837 -0.000312302 0.000615265 0.00468063 0.0106957 0.000172697 0.00342857 0.00915957 0.0047234 -0.000852006 -0.00187129 0.000846152 0.00232049 0.00371223 -0.000714535 -0.00117483
internal_weight=198419 2506 195913 50704 1130 675 556 49574 22443 21821 4513 622 241 381 17308 17195 3891 382 230 3509 840 376 235 2669 2020 780 649 556 27131 286
internal_count=198419 2506 195913 50704 1130 675 556 49574 22443 21821 4513 622 241 381 17308 17195 3891 382 230 3509 840 376 235 2669 2020 780 649 556 27131 286
is_linear=0
shrinkage=0.06


Tree=187
num_leaves=31
num_cat=0
split_feature=3 4 14 25 15 24 20 24 0 24 21 21 27 16 2 21 21 24 21 25 21 20 0 16 25 21 18 21 23 21
split_gain=1.19502 1.27413 1.20484 1.67538 3.03717 1.4508 1.28075 2.06915 1.87862 2.27689 1.8166 3.68882 5.4194 4.95446 4.40481 3.56638 2.29437 2.30291 7.46213 1.98062 3.62896 1.82872 2.31459 1.64652 1.83157 2.20976 2.05262 2.55322 1.83272 1.58586
threshold=211.00000000000003 193.50000000000003 1.0000000180025095e-35 5.5000000000000009 1.0000000180025095e-35 10761.519042968752 1.5000000000000002 6054.3205566406259 16.753225326538089 1867.9168701171877 0.44827167689800268 0.42809192836284643 14.855422019958498 14.500000000000002 7.5000000000000009 0.48632842302322393 0.48841498792171484 7303.7951660156259 0.52246257662773143 11.500000000000002 0.59814637899398815 1.0000000180025095e-35 23.89594650268555 22.500000000000004 6.5000000000000009 0.54489564895629894 -1.7351899147033689 0.57018676400184642 8.4409470558166522 0.42381054162979132
decision_type=2 2 2 2 2 2 2 2 2 2 2 2 2 2 2 2 2 2 2 2 2 2 2 2 2 2 2 2 2 2
left_child=1 -1 6 5 -5 -4 7 -2 -8 -10 11 29 13 -13 -15 -12 -17 18 -18 21 -21 -19 23 24 25 -23 -27 -28 -26 -9
right_child=2 -3 3 4 -6 -7 8 10 9 -11 15 12 -14 14 -16 16 17 19 -20 20 -22 22 -24 -25 28 26 27 -29 -30 -31
leaf_value=-0.0014152682672293319 -0.11474535114503508 0.026899682012545063 -0.06708096575049019 0.078650736900708201 1.0738085223658373 0.095790409789495476 -0.015039610398924751 0.0060985047847480333 0.24535914208061246 -0.057231061200074242 -0.14039211480616101 -0.041621148135303931 -0.1192770109184426 1.1724923237069658 2.6146089174602642 0.22618469820216974 1.8259092758983937 -0.06449826875380843 -0.11618462253164998 -0.12622259025550947 0.3714971803607211 -0.23830990467618501 1.0459845574373166 0.20305464034964102 -0.19061652491293934 0.29598892012408107 0.63897909801948116 -0.0071810949534492734 1.1640776445310566 -0.22453089890142233
leaf_weight=143202 622 3987 281 654 97 230 23281 15974 81 3957 1208 98 190 81 97 144 144 1845 238 147 144 148 93 88 514 85 86 356 81 266
leaf_count=143202 622 3987 281 654 97 230 23281 15974 81 3957 1208 98 190 81 97 144 144 1845 238 147 144 148 93 88 514 85 86 356 81 266
internal_value=-0.000116996 -3.0126e-05 -0.000366584 0.00146434 0.00326764 -0.00118591 -0.000412826 -7.92102e-05 -0.000689412 -0.0018841 1.71593e-05 0.000324672 0.00558798 0.0109565 0.0169213 -0.000948319 -0.000106493 -0.000376419 0.00405235 -0.000848064 0.00389691 -0.00126699 0.00032667 -0.000300443 -0.000850395 0.00128889 0.00310816 0.00146606 -0.00327731 0.000173644
internal_weight=198419 147189 51230 1262 751 511 49968 22649 27319 4038 22027 16706 466 276 178 5321 4113 3969 382 3587 291 3296 1451 1358 1270 675 527 442 595 16240
internal_count=198419 147189 51230 1262 751 511 49968 22649 27319 4038 22027 16706 466 276 178 5321 4113 3969 382 3587 291 3296 1451 1358 1270 675 527 442 595 16240
is_linear=0
shrinkage=0.06


Tree=188
num_leaves=31
num_cat=0
split_feature=6 0 23 21 20 21 25 21 21 25 24 21 21 20 24 25 0 17 24 24 16 6 17 18 21 25 25 23 24 16
split_gain=1.18237 1.21508 1.26152 1.17256 2.8989 3.14414 8.47624 11.1607 4.64632 4.02961 4.08679 4.06933 3.25105 2.44848 2.89808 4.99106 5.72887 1.86996 1.77905 1.62942 2.70566 1.98081 1.39119 2.10977 1.76942 2.32027 3.82595 7.95989 2.60804 2.62966
threshold=18.44999980926514 13.411662101745607 16.804028511047367 0.32596074044704443 1.0000000180025095e-35 0.25447905063629156 3.5000000000000004 0.26567594707012182 0.31591479480266577 9.5000000000000018 9378.7553710937518 0.29802435636520391 0.28280414640903478 1.0000000180025095e-35 9281.6254882812518 9.5000000000000018 4.6570305824279794 1.5000000000000002 10484.014160156252 1287.2454223632815 14.500000000000002 25.550000190734867 4.5000000000000009 2.9339030981063847 0.23404077440500262 11.500000000000002 6.5000000000000009 2.9929676055908208 12332.306152343752 15.500000000000002
decision_type=2 2 2 2 2 2 2 2 2 2 2 2 2 2 2 2 2 2 2 2 2 2 2 2 2 2 2 2 2 2
left_child=-1 3 -3 4 5 22 7 -7 17 -8 -11 12 -12 14 15 -5 -17 -9 -16 20 -15 -22 24 -24 25 26 27 28 -2 -30
right_child=1 2 -4 13 -6 6 9 8 -10 10 11 -13 -14 19 18 16 -18 -19 -20 -21 21 -23 23 -25 -26 -27 -28 -29 29 -31
leaf_value=-0.00049158777215903271 -0.043332307547121404 -0.030546009144490044 0.03999640372968525 -0.028727289320036552 -0.0086424905981663663 1.0757582134457364 -0.089751083008490662 0.15898810999777938 0.81194061350111113 -0.36192116101318844 0.085183461215319667 0.01275822716775509 0.70334877924355166 -0.055163891558602893 -0.19930923316473875 0.85491695697241399 0.0036150742755528043 -0.064506673845763918 -0.060045468766074091 -0.0085121571887312036 0.081832290021046222 0.70127727595637268 0.034048816477307155 0.70210820441358601 -0.090198944798198177 0.28261676606098163 -0.10527073365207437 0.7838869247464888 0.44096766116858599 -0.092903461962964506
leaf_weight=139949 736 11537 722 791 19547 128 715 99 147 99 80 184 98 138 494 97 127 202 3171 15363 112 88 1570 80 424 153 983 128 288 169
leaf_count=139949 736 11537 722 791 19547 128 715 99 147 99 80 184 98 138 494 97 127 202 3171 15363 112 88 1570 80 424 153 983 128 288 169
internal_value=-0.000113065 -0.000339663 -0.000870709 -0.000198785 6.9685e-05 0.00119083 0.00334931 0.0093125 0.00484821 0.00042857 0.0048026 0.0077569 0.0142247 -0.000539033 -0.00174359 0.00109359 0.009 0.000578072 -0.00252933 -0.00017999 0.00394083 0.0084 0.000356211 0.00174545 -0.000439432 0.000178265 -0.000296876 0.00181226 0.000286671 0.00384683
internal_weight=198419 58470 12259 46211 25830 6283 1752 576 448 1176 461 362 178 20381 4680 1015 224 301 3665 15701 338 200 4531 1650 2881 2457 2304 1321 1193 457
internal_count=198419 58470 12259 46211 25830 6283 1752 576 448 1176 461 362 178 20381 4680 1015 224 301 3665 15701 338 200 4531 1650 2881 2457 2304 1321 1193 457
is_linear=0
shrinkage=0.06


Tree=189
num_leaves=31
num_cat=0
split_feature=6 21 16 24 24 24 5 21 25 24 20 20 26 25 26 0 16 25 16 21 17 0 21 21 21 24 26 17 18 0
split_gain=1.23457 1.11755 2.11186 2.78649 2.11748 18.4283 10.012 4.8039 3.87292 2.38243 2.34927 5.06791 3.8292 2.24522 2.23155 2.48004 1.83483 2.62976 1.73045 1.73019 1.83222 3.82174 2.43229 1.70755 2.91785 2.1742 2.11551 1.93189 1.84877 1.64377
threshold=18.44999980926514 0.56469395756721508 11.500000000000002 1429.7474365234377 12867.219238281252 11952.073242187502 5.5000000000000009 0.57018676400184642 5.5000000000000009 13935.747558593752 1.0000000180025095e-35 1.5000000000000002 23.224212646484379 1.5000000000000002 21.031220436096195 9.2881016731262225 4.5000000000000009 8.5000000000000018 8.5000000000000018 0.57403510808944713 1.5000000000000002 12.764007568359377 0.66943460702896129 0.52246257662773143 0.52006244659423839 16180.004882812502 12.883973121643068 5.5000000000000009 -5.4054634571075431 12.30664110183716
decision_type=2 2 2 2 2 2 2 2 2 2 2 2 2 2 2 2 2 2 2 2 2 2 2 2 2 2 2 2 2 2
left_child=1 23 3 -3 5 7 14 -5 -8 -6 -11 12 -12 18 15 -7 17 -13 -9 -15 21 22 -21 24 -1 -26 27 28 -25 -4
right_child=-2 2 29 4 9 6 8 13 -10 10 11 16 -14 19 -16 -17 -18 -19 -20 20 -22 -23 -24 26 25 -27 -28 -29 -30 -31
leaf_value=-0.0011077498784013982 -0.010020877810546436 0.15066218529475364 0.0068857564406888489 0.9808724667815758 -0.13581696781572999 1.2933295593656837 1.0297755791934828 0.040953164594399231 0.79214847711989766 -0.042150406048607224 0.088497117778139553 -0.035205300076210394 0.33438127984091581 -0.17722023951624105 0.025625778895358206 0.27788577850735285 -0.042640864783178703 0.17640959533598599 1.9574460745252216 0.22918133418963044 -0.02293711405678197 -0.056112568343187619 0.015391132130323393 1.3198916512394077 0.048888830339705633 0.40930518234092106 -0.047365109401354966 -0.073585201851380996 0.029375727201584954 -0.042521948085436967
leaf_weight=118382 58470 170 5555 114 353 111 96 99 80 818 444 140 145 193 148 104 879 84 93 264 2074 369 187 88 384 124 3811 422 1815 2403
leaf_count=118382 58470 170 5555 114 353 111 96 99 80 818 444 140 145 193 148 104 879 84 93 264 2074 369 187 88 384 124 3811 422 1815 2403
internal_value=-0.000114275 -1.75364e-05 0.000473228 0.00123618 0.00104636 0.00195015 0.012256 0.000312996 0.024 -0.000194902 0.000454182 0.0017305 0.00622411 -0.000107961 0.00656198 0.0104651 -0.000669086 0.00417857 0.0061875 -0.000499516 -0.00013269 0.00226829 0.00597339 -7.61136e-05 -2.57395e-05 0.00451181 -0.00105215 0.000374192 0.00118865 -0.000194523
internal_weight=198419 139949 14923 6965 6795 3932 539 3393 176 2863 2510 1692 589 3279 363 215 1103 224 192 3087 2894 820 451 125026 118890 508 6136 2325 1903 7958
internal_count=198419 139949 14923 6965 6795 3932 539 3393 176 2863 2510 1692 589 3279 363 215 1103 224 192 3087 2894 820 451 125026 118890 508 6136 2325 1903 7958
is_linear=0
shrinkage=0.06


Tree=190
num_leaves=31
num_cat=0
split_feature=5 23 4 23 16 17 21 20 24 3 11 11 25 23 24 24 19 27 19 27 24 24 19 20 24 11 23 23 17 23
split_gain=1.11143 2.1127 3.2142 2.06434 6.87225 12.8258 2.56849 4.56753 2.46854 1.67197 2.9061 1.65627 1.98766 1.86811 2.95272 2.46919 3.04916 1.61532 1.60365 1.58565 1.56226 2.23161 1.88042 1.8398 1.82969 2.02136 1.50229 1.77656 3.17958 1.79343
threshold=6.5000000000000009 6.020177125930787 243.00000000000003 5.315803289413453 14.500000000000002 3.5000000000000004 0.32325446605682379 1.5000000000000002 9281.6254882812518 211.00000000000003 0.67732810974121105 0.29716476798057562 7.5000000000000009 8.6239829063415545 15019.383300781252 8982.4550781250018 66.167507171630874 2.2675037384033208 74.995918273925795 12.612927436828615 17066.779296875004 17307.462890625004 33.836162567138679 1.5000000000000002 15961.212890625002 0.62840861082077037 5.0265502929687509 3.8235820531845097 3.5000000000000004 0.61584648489952099
decision_type=2 2 2 2 2 2 2 2 2 2 2 2 2 2 2 2 8 2 10 2 2 2 10 2 2 2 2 2 2 2
left_child=-1 3 11 9 5 6 7 -5 -6 10 17 12 13 -3 15 16 -15 -2 -18 -16 22 23 -19 -22 25 26 27 29 -29 -24
right_child=1 2 -4 4 8 -7 -8 -9 -10 -11 -12 -13 -14 14 19 -17 18 20 -20 -21 21 -23 24 -25 -26 -27 -28 28 -30 -31
leaf_value=-0.00034555200299726932 -0.14777976226981054 -0.073664916135307498 0.0034345641657142854 -0.11794722218792539 0.15228959752316862 0.60674633813800627 -0.22008803439732941 0.81995407639524187 -0.25810757361131698 -0.013092345815101191 -0.10460640595580818 -0.11512213802291646 -0.070175756623448104 -0.22919689712331048 0.38497122740631451 -0.064441719928969382 0.87769726143795246 0.056503094128687668 0.23257371564427287 0.02734099842714674 0.59596753749575271 0.019446215675186101 0.0059175330606311867 0.09501331458169307 -0.057043984328146238 0.21527327761001241 -0.38042734209193696 -0.064989222419424786 0.43584394347356226 -0.055712787511448716
leaf_weight=126220 243 737 4809 100 139 92 134 132 342 37240 874 1333 3684 112 136 877 92 5785 112 101 124 939 10154 226 1163 172 148 203 154 1842
leaf_count=126220 243 737 4809 100 139 92 134 132 342 37240 874 1333 3684 112 136 877 92 5785 112 101 124 939 10154 226 1163 172 148 203 154 1842
internal_value=-0.000122137 -0.000309895 -0.00103711 -0.000165035 0.0026262 0.00788646 0.00285246 0.00667241 -0.00238254 -0.000209258 0.00020511 -0.00184076 -0.00140591 3.5993e-05 0.0013007 8.54973e-05 0.00463291 0.000345198 0.009 0.00741772 0.00040172 0.00242513 0.000268792 0.00651428 -0.000111016 9.80022e-05 9.11784e-06 8.11125e-05 0.0042521 -4.30158e-05
internal_weight=198419 72199 11993 60206 939 458 366 232 481 59267 22027 7184 5851 2167 1430 1193 316 21153 204 237 20910 1289 19621 350 13836 12673 12501 12353 357 11996
internal_count=198419 72199 11993 60206 939 458 366 232 481 59267 22027 7184 5851 2167 1430 1193 316 21153 204 237 20910 1289 19621 350 13836 12673 12501 12353 357 11996
is_linear=0
shrinkage=0.06


Tree=191
num_leaves=31
num_cat=0
split_feature=5 23 4 4 11 27 0 25 15 21 17 21 20 23 23 24 24 24 26 26 25 21 24 24 21 27 24 24 20 16
split_gain=1.06893 1.76042 2.8501 1.52947 2.39024 1.66874 1.48798 1.58587 2.39494 4.02553 1.80716 4.05422 2.80453 1.48052 1.71428 1.33468 1.32704 1.51979 1.29698 1.64824 1.2784 1.26047 1.29716 2.67292 3.69015 1.25694 1.2709 2.05512 1.70005 6.47835
threshold=6.5000000000000009 6.020177125930787 243.00000000000003 205.00000000000003 0.67732810974121105 2.2675037384033208 12.605771541595461 6.5000000000000009 1.0000000180025095e-35 0.37399552762508398 1.5000000000000002 0.18130980432033542 1.5000000000000002 14.729770660400392 18.059432983398441 6278.3269042968759 13124.946777343752 13323.810058593752 7.0633132457733163 8.8422932624816912 10.500000000000002 0.07383566722273828 8538.0209960937518 7850.5581054687509 0.30543017387390142 23.104782104492191 17066.779296875004 17350.135742187504 1.5000000000000002 9.5000000000000018
decision_type=2 2 2 2 2 2 2 2 2 2 2 2 2 2 2 2 2 2 2 2 2 2 2 2 2 2 2 2 2 2
left_child=-1 3 6 4 5 -2 15 8 9 -8 11 12 -9 -12 -15 -3 21 -18 -5 -20 -13 -17 23 -23 -25 26 -7 28 29 -28
right_child=1 2 -4 18 -6 25 7 10 -10 -11 13 20 -14 14 -16 16 17 -19 19 -21 -22 22 -24 24 -26 -27 27 -29 -30 -31
leaf_value=-0.00032481888281742826 -0.13922733273328139 0.42040414710494906 0.003228490315771446 0.010047890941974899 -0.097180956195459398 0.013496803499799565 0.0069846613778831047 0.01089558809745915 -0.13000980917007646 0.59545687428065575 -0.10290184605895968 -0.098969609850773591 0.18915557791321347 0.093545571413792938 -0.056722473889593165 0.14216454064079678 0.78019087057149017 -0.04999166357533727 -0.076276303722997943 -0.013934720862700483 0.042501983058823918 -0.10034519909098502 -0.1845240656525699 -0.034280163114790665 0.34682854745653235 -0.042182883812989118 1.4428351633487102 0.018848945382376043 0.081699886972112626 -0.12440029806508754
leaf_weight=126220 264 95 4809 8037 904 18947 173 91 98 87 946 230 86 161 284 134 92 1639 2056 26878 90 568 2115 189 106 1883 89 821 244 83
leaf_count=126220 264 95 4809 8037 904 18947 173 91 98 87 946 230 86 161 284 134 92 1639 2056 26878 90 568 2115 189 106 1883 89 821 244 83
internal_value=-0.000119113 -0.000303247 -0.000967066 -0.000171014 0.000210457 0.000332899 -0.00172383 -0.000443456 0.00321788 0.00623077 -0.00113771 0.00196781 0.00925424 -0.00224731 0.00060674 -0.0023062 -0.00244435 -0.00111265 -0.000410756 -0.000598052 -0.0020625 -0.00318509 -0.00344124 -0.00148088 0.00315254 0.00038963 0.000527941 0.00239127 0.00582692 0.0103953
internal_weight=198419 72199 11993 60206 23235 22331 7184 2246 358 260 1888 497 177 1391 445 4938 4843 1731 36971 28934 320 3112 2978 863 295 22067 20184 1237 416 172
internal_count=198419 72199 11993 60206 23235 22331 7184 2246 358 260 1888 497 177 1391 445 4938 4843 1731 36971 28934 320 3112 2978 863 295 22067 20184 1237 416 172
is_linear=0
shrinkage=0.06


Tree=192
num_leaves=31
num_cat=0
split_feature=5 23 23 24 21 21 23 17 24 24 0 23 16 0 24 26 16 20 20 24 24 17 21 27 25 25 25 24 0 16
split_gain=0.988102 1.66563 3.78932 2.91822 2.85552 3.97446 3.21232 3.82815 10.764 7.96316 14.1014 10.5972 6.01332 3.12495 2.90631 3.09985 3.08254 2.73837 2.39688 2.39148 4.07315 5.312 4.6178 3.44484 2.79572 2.53111 5.03945 6.06313 4.41096 5.96174
threshold=6.5000000000000009 0.61584648489952099 1.1571201086044314 6054.3205566406259 0.17628498375415805 0.21138186007738116 6.3437967300415048 3.5000000000000004 11020.954589843752 9689.8066406250018 14.579007625579836 5.315803289413453 14.500000000000002 37.445917129516609 13000.543457031252 304.22898864746099 10.500000000000002 3.5000000000000004 3.5000000000000004 13290.918945312502 12982.166992187502 1.5000000000000002 0.25664508342742925 10.41577196121216 4.5000000000000009 9.5000000000000018 10.500000000000002 15472.451660156252 12.045402526855471 14.500000000000002
decision_type=2 2 2 2 2 2 2 2 2 2 2 2 2 2 2 2 2 2 2 2 2 2 2 2 2 2 2 2 2 2
left_child=-1 19 18 -4 -5 -6 7 14 9 11 12 -9 -11 -12 -7 -16 -17 -10 -3 20 -2 -22 23 -23 -24 -21 28 -28 29 -27
right_child=1 2 3 4 5 6 -8 8 17 10 13 -13 -14 -15 15 16 -18 -19 -20 25 21 22 24 -25 -26 26 27 -29 -30 -31
leaf_value=-0.00030532974984842881 0.0033071156774183152 -0.14388910648868741 -0.17308499723591303 -0.048028396438694304 0.12883176191730664 -0.0624890993267379 -0.040291163272340585 0.0089785252889604227 -0.10061971522920594 1.3352742265439219 -0.46969226047283857 0.73239626935001068 0.56733362432387668 0.28231531967154905 0.013012820510851531 0.75455970349709678 0.22210960465708471 0.15746362535617445 0.030394371996791573 -0.030279373834517297 -0.14756774170739975 0.84446014490961707 -0.046822348640129678 0.25133127241305725 0.10460364264633652 1.092331450503317 -0.16932108252655131 0.059938189650938903 0.23942608598504311 -0.070382129353744369
leaf_weight=126220 30968 1458 341 5228 1271 2767 7419 799 1135 96 101 140 89 115 1955 95 124 332 246 12812 175 118 186 162 201 320 1121 1694 331 400
leaf_count=126220 30968 1458 341 5228 1271 2767 7419 799 1135 96 101 140 89 115 1955 95 124 332 246 12812 175 118 186 162 201 320 1121 1694 331 400
internal_value=-0.000114577 -0.000291612 -0.000703725 -0.000492663 -0.000405983 -1.75218e-05 -0.0002876 0.000566855 0.0023363 0.00622388 0.0133017 0.00320128 0.0254595 0.00288889 -0.000438374 0.00120331 0.0079726 -0.00121473 -0.00342958 -9.00856e-05 0.000215025 0.00433254 0.00677361 0.0126429 0.00252713 -0.000672024 0.000673563 -0.00065009 0.00421884 0.00158333
internal_weight=198419 72199 23711 22007 21666 16438 15167 7748 2807 1340 401 939 185 216 4941 2174 219 1467 1704 48488 31810 842 667 280 387 16678 3866 2815 1051 720
internal_count=198419 72199 23711 22007 21666 16438 15167 7748 2807 1340 401 939 185 216 4941 2174 219 1467 1704 48488 31810 842 667 280 387 16678 3866 2815 1051 720
is_linear=0
shrinkage=0.06


Tree=193
num_leaves=31
num_cat=0
split_feature=2 23 18 21 17 0 21 0 23 16 11 24 27 0 0 20 26 24 27 14 25 26 26 23 19 0 27 24 26 21
split_gain=1.0736 1.30508 1.18922 1.39143 1.28873 1.23574 1.97136 4.72899 2.85521 1.2327 2.25179 2.98529 1.42896 1.52437 1.58475 2.01325 3.57945 1.84767 1.34365 1.83305 1.96218 2.25602 1.41512 1.2228 1.14392 2.32782 2.1144 2.1119 1.05196 1.56836
threshold=8.5000000000000018 24.933436393737797 4.0124847888946542 0.44997850060462957 1.0000000180025095e-35 23.89594650268555 0.42260582745075231 12.764007568359377 3.1263412237167363 14.500000000000002 0.62840861082077037 9248.4008789062518 6.7582609653472909 5.5513761043548593 6.7568461894989023 3.5000000000000004 23.610293388366703 9689.8066406250018 13.939949989318849 1.0000000180025095e-35 3.5000000000000004 23.076585769653324 13.90565347671509 9.909698963165285 70.678337097167983 12.605771541595461 10.132744312286379 10516.396484375002 687.69219970703136 0.65534421801567089
decision_type=2 2 2 2 2 2 2 2 2 2 2 2 2 2 2 2 2 2 2 2 2 2 2 2 10 2 2 2 2 2
left_child=2 -2 28 4 -4 6 9 -8 -9 18 12 -12 23 -14 17 24 -17 -15 19 20 21 22 -6 -11 -16 26 -26 -28 -1 -30
right_child=1 -3 3 -5 5 -7 7 8 -10 10 11 -13 13 14 15 16 -18 -19 -20 -21 -22 -23 -24 -25 25 -27 27 -29 29 -31
leaf_value=-9.8610209494983558e-06 -0.019497652683884963 0.41460843066968894 -0.047882136251152313 -0.047848478427537658 0.078385805110811654 -0.029533545520726012 -0.077412647176494653 0.098742201002651936 0.93122501068375996 -0.06919644909294756 0.22859464384555611 0.02473816556818053 -0.085021213399239917 0.0045505081115741223 -0.025642557594909729 0.022838179516064001 0.97674975132237352 0.23618723060686905 -0.050083146330290831 0.21228428789881759 -0.024850483888503739 0.8769389039415757 -0.146181042267641 0.13968030673411541 -0.036761098224255655 -0.055572967019789435 0.0088450304351063765 0.23599806629277212 -0.033024261643903333 0.08952212652338605
leaf_weight=161014 20559 117 1424 3415 106 2039 175 118 112 386 86 144 250 109 764 179 88 133 1445 88 1106 92 80 82 102 174 81 151 3607 193
leaf_count=161014 20559 117 1424 3415 106 2039 175 118 112 386 86 144 250 109 764 179 88 133 1445 88 1106 92 80 82 102 174 81 151 3607 193
internal_value=-0.00011488 -0.000524087 -6.72783e-05 -0.000621395 -0.000248477 4.4498e-05 0.000474961 0.00451852 0.0101739 0.000184908 0.0011015 0.00678261 0.00057863 0.00126735 0.00188321 0.00117349 0.00591011 0.00639669 -0.00067261 0.000603259 6.93627e-05 0.00457554 0.000774192 -0.00241026 0.000179244 0.00238583 0.00531736 0.00848276 -2.38101e-05 -0.00101053
internal_weight=198419 20676 177743 12929 9514 8090 6051 405 230 5646 2729 230 2499 2031 1781 1539 267 242 2917 1472 1384 278 186 468 1272 508 334 232 164814 3800
internal_count=198419 20676 177743 12929 9514 8090 6051 405 230 5646 2729 230 2499 2031 1781 1539 267 242 2917 1472 1384 278 186 468 1272 508 334 232 164814 3800
is_linear=0
shrinkage=0.06


Tree=194
num_leaves=31
num_cat=0
split_feature=18 23 2 14 21 27 27 11 0 27 0 0 21 11 25 0 19 27 24 25 21 21 18 18 20 27 21 24 26 24
split_gain=1.07696 1.15883 1.17695 1.17465 1.90789 1.20592 1.1119 1.10651 2.18677 1.61712 1.58302 1.2405 1.2112 1.22163 2.94567 1.25508 1.09261 2.52036 1.43487 3.17042 3.03902 6.03679 2.63352 3.09385 1.85335 1.58957 1.8545 1.15069 1.9668 1.50899
threshold=4.0124847888946542 40.624979019165046 8.5000000000000018 1.0000000180025095e-35 0.48932217061519628 11.324356079101564 20.599766731262211 0.47382839024066931 6.4117753505706796 5.0987403392791757 7.2032601833343515 15.688108921051027 0.099024470895528807 0.59134504199028026 5.5000000000000009 12.764007568359377 75.314220428466811 4.2528636455535898 11445.069335937502 3.5000000000000004 0.42381054162979132 0.38119827210903173 9.0773310661315936 6.0223660469055185 1.5000000000000002 20.240264892578129 0.21874103695154193 12655.366699218752 19.153415679931644 16412.251953125004
decision_type=2 2 2 2 2 2 2 2 2 2 2 2 2 2 2 2 10 2 2 2 2 2 2 2 2 2 2 2 2 2
left_child=1 2 -1 7 5 -5 16 11 9 -9 -10 -4 -12 14 -14 -16 18 -18 25 20 21 22 23 24 -20 26 -2 28 -19 -29
right_child=6 -3 3 4 -6 -7 -8 8 10 -11 12 -13 13 -15 15 -17 17 27 19 -21 -22 -23 -24 -25 -26 -27 -28 29 -30 -31
leaf_value=-0.00055545768606980945 0.0091885966296716155 0.45143987069477148 -0.0217857449048529 -0.09894846457193443 1.015928388727446 0.13702143254894092 -0.051594902368945698 0.37046788635180827 0.19547183219084377 -0.061834186727588163 0.085705488691512954 -0.068694657238341839 -0.028351774149737344 -0.013803808428180572 0.55270857514626626 0.062412238201638229 0.32044187235588584 -0.012282388280172897 0.48063237373759604 -0.014623513304692654 -0.045136890825051262 0.38277230290714059 -0.094594284687600796 0.68818730539377504 -0.059370987999531576 0.30769351320405186 -0.049155978000582301 -0.10617207265721093 0.239385692685709 0.093371163919167791
leaf_weight=164722 1301 109 14857 114 92 177 2593 136 146 758 82 2414 155 529 93 80 119 408 141 4436 303 83 200 105 98 84 3401 327 251 105
leaf_count=164722 1301 109 14857 114 92 177 2593 136 146 758 82 2414 155 529 93 80 119 408 141 4436 303 83 200 105 98 84 3401 327 251 105
internal_value=-0.000113065 -7.46176e-05 -7.82743e-05 -0.000517396 0.00277284 0.000391751 -0.000621284 -0.000582859 0.000760989 -0.00143624 0.00257143 -0.000736844 0.00166773 0.00100117 0.00387805 0.00926011 -0.00036543 0.00133884 -0.000568559 0.000105105 0.00329032 0.00567464 0.003375 0.00655814 0.00278661 -0.00132386 -0.00147001 0.000434462 0.00201214 -0.00197222
internal_weight=198419 184464 184355 19633 383 291 13955 19250 1979 894 1085 17271 939 857 328 173 11362 1210 10152 5366 930 627 544 344 239 4786 4702 1091 659 432
internal_count=198419 184464 184355 19633 383 291 13955 19250 1979 894 1085 17271 939 857 328 173 11362 1210 10152 5366 930 627 544 344 239 4786 4702 1091 659 432
is_linear=0
shrinkage=0.06


Tree=195
num_leaves=31
num_cat=0
split_feature=18 16 11 17 26 27 0 23 18 24 25 24 24 0 21 17 16 16 20 24 16 24 11 11 24 25 21 17 24 5
split_gain=1.10822 1.09393 4.39903 2.92361 2.55848 2.51084 3.03767 2.07082 1.88231 1.85668 1.80609 3.27636 6.34928 3.99135 7.51453 5.24493 6.89052 3.95465 4.71638 3.89725 7.43389 6.40067 5.83849 12.633 7.27799 5.50757 4.96507 7.424 5.98438 5.30624
threshold=4.0124847888946542 18.500000000000004 0.76186704635620128 5.5000000000000009 11.452854156494142 2.3653137683868413 75.529083251953139 5.7255988121032724 2.3747131824493413 1287.2454223632815 6.5000000000000009 6135.1196289062509 6372.1987304687509 12.457590103149416 0.33763845264911657 4.5000000000000009 15.500000000000002 11.500000000000002 2.5000000000000004 9355.0634765625018 12.500000000000002 9689.8066406250018 0.2314923703670502 0.31626549363136297 6487.3454589843759 3.5000000000000004 0.13438916951417926 1.5000000000000002 9205.4926757812518 4.5000000000000009
decision_type=2 2 2 2 2 2 2 2 2 2 2 2 2 2 2 2 2 2 2 2 2 2 2 2 2 2 2 2 2 2
left_child=1 10 3 7 -4 -5 8 9 -7 -3 11 -1 13 15 -15 17 -17 -13 -19 20 22 -21 25 -24 -25 -14 -27 -28 -29 -30
right_child=-2 2 4 5 -6 6 -8 -9 -10 -11 -12 12 19 14 -16 16 -18 18 -20 21 -22 -23 23 24 -26 26 27 28 29 -31
leaf_value=-0.029150296369944709 -0.016063335985619674 0.31835697663077372 0.2317383967282558 0.75601720266269168 0.069741956056806609 0.023755969106085514 1.9715337091443386 0.036879951548430115 0.19493221891067214 -0.0077012685008734059 -0.0090135780047656162 -0.087924180934095125 -0.010098545415885266 0.10458593641267613 1.4763167689703762 0.9572768252490701 -0.017970274927192418 1.3612809135963755 -0.046152859070719601 -0.072383411265128358 -0.01175762523238707 3.5894625730993671e-05 0.7359179137984877 1.4776786431743303 0.061330091246530313 -0.053849928929955833 0.25962563753801582 0.033640273219772282 1.4012412743061256 1.3619984009745512
leaf_weight=4077 13955 164 100 93 155 3673 97 3459 282 20204 78140 395 4514 100 84 94 84 106 124 3352 8680 50055 156 83 1551 654 1173 2650 85 80
leaf_count=4077 13955 164 100 93 155 3673 97 3459 282 20204 78140 395 4514 100 84 94 84 106 124 3352 8680 50055 156 83 1551 654 1173 2650 85 80
internal_value=-0.000110041 -7.10397e-05 0.000272716 0.0002012 0.00811765 0.00167189 0.00144817 -5.46453e-05 0.0011909 -0.000285155 -0.000133145 7.09104e-05 0.000162117 0.00494225 0.012913 0.00311581 0.0122022 0.000527999 0.00678261 9.75161e-05 0.000820543 -0.000168182 0.0018604 0.00499441 0.00343696 0.0012477 0.00269884 0.00349348 0.00182238 0.0129091
internal_weight=198419 184464 28227 27972 255 4145 4052 23827 3955 20368 156237 78097 74020 987 184 803 178 625 230 73033 19626 53407 10946 1790 1634 9156 4642 3988 2815 165
internal_count=198419 184464 28227 27972 255 4145 4052 23827 3955 20368 156237 78097 74020 987 184 803 178 625 230 73033 19626 53407 10946 1790 1634 9156 4642 3988 2815 165
is_linear=0
shrinkage=0.06


Tree=196
num_leaves=31
num_cat=0
split_feature=2 18 18 23 23 20 23 24 21 21 23 0 23 23 25 27 27 21 23 0 27 16 24 26 1 21 24 24 24 23
split_gain=1.02795 1.42226 1.7123 1.56134 3.21001 3.12096 2.29179 2.12448 1.91665 3.29165 2.51277 8.28051 9.67682 2.39599 3.24196 4.51305 5.00233 3.26316 2.90835 2.09793 2.56359 1.90979 1.89274 2.95905 1.8359 1.83009 1.7843 3.59277 2.83605 4.18947
threshold=4.5000000000000009 1.5158133506774905 1.799487352371216 0.61584648489952099 1.1571201086044314 3.5000000000000004 0.59309911727905285 2154.069702148438 0.17628498375415805 0.23912741243839267 1.384432911872864 12.764007568359377 1.3322262763977053 11.342735767364504 8.5000000000000018 13.031791687011721 10.226807594299318 0.20608495920896533 5.7255988121032724 16.453348159790043 5.0090544223785409 14.500000000000002 16952.113281250004 21.670394897460941 355.50000000000006 0.033042430877685554 13494.974609375002 13677.886718750002 10728.933593750002 0.24628029763698581
decision_type=2 2 2 2 2 2 2 2 2 2 2 2 2 2 2 2 2 2 2 2 2 2 2 2 2 2 2 2 2 2
left_child=-1 3 -3 6 5 -5 26 -6 22 13 11 12 -11 14 15 16 19 -16 -17 20 -10 -7 25 -24 -12 -9 28 -28 29 -2
right_child=1 2 -4 4 7 21 -8 8 9 10 24 -13 -14 -15 17 18 -18 -19 -20 -21 -22 -23 23 -25 -26 -27 27 -29 -30 -31
leaf_value=-0.00013159768872412516 -0.0092514762226655767 -0.072644755536161176 -0.023408338532836397 -0.1352078105597721 -0.12875785894253644 0.57305097057598176 0.084083308817143057 0.12622174114158294 -0.12504881473068613 0.025277474080527555 -0.029365367458164187 -0.21417722298159303 2.6534454949892186 -0.13133232273507603 0.15197900185730029 0.29830725043045164 0.8511714620117341 -0.062865353652200251 -0.054932367704791756 0.26887290058686436 0.75994712654762853 -0.038646242164286262 0.49758415626462094 -0.13871557421983921 0.047040781327806411 -0.060182182257652546 -0.20113715724351594 -0.0089370790862069727 0.045438840227136887 0.25781248270380663
leaf_weight=117973 18899 1685 12905 1355 239 121 99 118 87 155 10190 202 82 266 454 194 92 530 235 104 111 135 181 91 1310 4210 596 14094 10986 720
leaf_count=117973 18899 1685 12905 1355 239 121 99 118 87 155 10190 202 82 266 454 194 92 530 235 104 111 135 181 91 1310 4210 596 14094 10986 720
internal_value=-0.000116996 -0.000282377 -0.00081837 -0.000163631 -0.00059877 -0.00316946 3.25139e-05 -0.000379079 -0.0003069 4.19626e-05 -0.000341236 0.00411389 0.0117215 0.00224891 0.00303154 0.00581045 0.0104467 0.000707316 0.00155245 0.00671523 0.00309091 0.00290625 -0.00136957 0.00348529 -0.000511306 -0.00167468 1.25827e-05 -0.000530975 0.000273483 -0.000158725
internal_weight=198419 80446 14590 65856 20462 1611 45394 18851 18612 14012 11939 439 237 2073 1807 823 394 984 429 302 198 256 4600 272 11500 4328 45295 14690 30605 19619
internal_count=198419 80446 14590 65856 20462 1611 45394 18851 18612 14012 11939 439 237 2073 1807 823 394 984 429 302 198 256 4600 272 11500 4328 45295 14690 30605 19619
is_linear=0
shrinkage=0.06


Tree=197
num_leaves=31
num_cat=0
split_feature=2 0 21 21 11 11 0 21 16 17 25 23 21 23 16 17 24 0 25 0 24 24 27 21 21 23 23 24 0 21
split_gain=1.03901 1.3917 1.67032 1.48811 1.27083 5.3052 3.13029 2.28696 1.57213 2.94088 1.25028 4.17074 5.71937 6.649 9.33772 4.05275 4.57797 3.93471 3.6724 4.84775 5.74031 4.7754 4.46004 3.67488 3.62445 4.41482 6.5855 3.53852 4.96185 3.52093
threshold=4.5000000000000009 1.2789404988288882 0.74504846334457409 0.025386525318026546 0.71455863118171703 0.70530927181243908 25.3781270980835 0.37800039350986486 14.500000000000002 1.0000000180025095e-35 6.5000000000000009 4.9729187488555917 0.41277636587619787 7.5184257030487069 14.500000000000002 1.5000000000000002 6135.1196289062509 20.203450202941898 10.500000000000002 3.4905781745910649 7232.7141113281259 11354.464843750002 20.874805450439457 0.13181316107511523 0.37399552762508398 6.020177125930787 8.6239829063415545 16556.795898437504 48.56915473937989 0.21138186007738116
decision_type=2 2 2 2 2 2 2 2 2 2 2 2 2 2 2 2 2 2 2 2 2 2 2 2 2 2 2 2 2 2
left_child=1 2 3 -1 5 10 8 -8 -6 -10 11 -2 24 14 -14 17 -17 18 23 20 -20 22 -22 -12 25 -13 -27 29 -29 -19
right_child=4 -3 -4 -5 6 -7 7 -9 9 -11 15 12 13 -15 -16 16 -18 27 19 -21 21 -23 -24 -25 -26 26 -28 28 -30 -31
leaf_value=0.048300095667514552 -0.0046268301928314767 0.0018551024672560246 0.07892050112702155 -0.012770873847382822 -0.11348239772774425 0.17032400174437068 0.011138149920788619 0.83596532177637206 1.8910157578663687 -0.057566703233575878 0.02248067121254076 0.32175358541094268 -0.54120372165198882 -0.23777954136750323 0.79325440211142018 0.28461128411672693 -0.0098241324102499496 0.1514649938480033 -0.20739640157729697 -0.050690558611164248 0.22377712205021941 -0.017724622066487464 1.7668652822704858 -0.11644111729354366 0.51311691605868315 -0.14474895871065097 0.28334862242345638 0.72784868146465254 -0.016271767854555218 -0.039965164067328293
leaf_weight=112 36595 101528 133 16200 857 147 248 92 110 792 964 152 111 602 122 1090 27229 357 205 2140 382 305 96 5432 150 382 747 83 87 969
leaf_count=112 36595 101528 133 16200 857 147 248 92 110 792 964 152 111 602 122 1090 27229 357 205 2140 382 305 96 5432 150 382 747 83 87 969
internal_value=-0.000117601 -4.22274e-06 -0.000516268 -0.00057087 -0.000283869 -0.000244835 -0.00174083 0.00352941 -0.00275952 -0.00101109 -0.000266242 -2.48593e-05 0.00247308 -0.00147306 0.00713305 -0.000504691 -0.000124794 -0.00148095 -0.00193028 -0.000245526 0.00323077 0.00557088 0.00931381 -0.00275422 0.00477568 0.00374239 0.00244995 0.00137968 0.00952941 0.00033484
internal_weight=198419 117973 16445 16312 80446 78347 2099 340 1759 902 78200 38861 2266 835 233 39339 28319 11020 9524 3128 988 783 478 6396 1431 1281 1129 1496 170 1326
internal_count=198419 117973 16445 16312 80446 78347 2099 340 1759 902 78200 38861 2266 835 233 39339 28319 11020 9524 3128 988 783 478 6396 1431 1281 1129 1496 170 1326
is_linear=0
shrinkage=0.06


Tree=198
num_leaves=31
num_cat=0
split_feature=2 23 23 16 25 21 17 0 20 26 17 20 25 23 21 17 0 0 25 18 24 24 18 26 11 27 20 26 18 16
split_gain=1.13671 1.36869 6.48558 2.4658 4.3118 8.04267 3.9663 4.25914 3.71886 3.85424 3.24741 2.45702 2.56848 2.04303 2.03534 1.80649 1.62629 1.48895 1.09603 1.05711 1.03688 0.990073 0.977305 1.33299 0.96305 1.25129 1.11593 0.935542 1.27227 1.06125
threshold=5.5000000000000009 10.529996871948244 10.295216560363771 9.5000000000000018 6.5000000000000009 0.20608495920896533 5.5000000000000009 12.764007568359377 2.5000000000000004 11.986863613128664 1.5000000000000002 3.5000000000000004 8.5000000000000018 13.349164962768556 0.48083676397800451 5.5000000000000009 17.58416843414307 48.56915473937989 10.500000000000002 1.5158133506774905 17932.731445312504 17921.063476562504 1.9322378635406496 796.40719604492199 0.33587960898876196 21.954913139343265 1.5000000000000002 838.01040649414074 2.028825163841248 10.500000000000002
decision_type=2 2 2 2 2 2 2 2 2 2 2 2 2 2 2 2 2 2 2 2 2 2 2 2 2 2 2 2 2 2
left_child=27 2 19 13 5 -5 11 8 9 -8 -7 16 -13 -3 17 -16 18 24 -6 20 21 -2 -21 -24 25 -15 -26 -1 -29 -30
right_child=1 3 -4 4 6 10 7 -9 -10 -11 -12 12 -14 14 15 -17 -18 -19 -20 22 -22 -23 23 -25 26 -27 -28 28 29 -31
leaf_value=-0.00033669844898945854 -0.0047730285770699894 -0.18407403601207989 0.28994098502569376 0.82880828920731209 -0.19303277869032034 0.42656707200006361 0.024633047691080899 -0.031096010863783483 -0.022458863847941032 0.76303610974036584 -0.1755842041258088 0.24087634104472391 -0.12620466134306904 -0.21705032851902412 0.1385814829787208 -0.036017706345105573 0.0092513487944657097 0.22128123705351926 -0.00086576535144774699 -0.069874032911815487 0.019462534304675511 -0.2456916635635438 -0.025862152887146758 0.99042419931923864 -0.21608619546106886 0.051003251898890156 0.041041961955519991 -0.061098784371166531 0.13866483333513321 -0.098512131585420271
leaf_weight=136499 46310 862 109 100 1227 90 85 300 147 146 192 114 163 666 109 116 299 104 212 1564 94 105 7398 90 93 81 97 850 104 93
leaf_count=136499 46310 862 109 100 1227 90 85 300 147 146 192 114 163 666 109 116 299 104 212 1564 94 105 7398 90 93 81 97 850 104 93
internal_value=-0.000125463 -0.000341335 -0.000254357 -0.00127196 -0.000185367 0.0057801 -0.00103156 0.00293805 0.0071746 0.0119221 0.000595743 -0.00236725 0.00288086 -0.00284211 -0.00130806 0.00386667 -0.00320368 -0.00242651 -0.00404031 -0.000283042 -0.000167582 -0.000180331 -0.000876272 -0.000591348 -0.0031825 -0.00415261 0.000631578 -2.9926e-05 -0.00181662 0.00252792
internal_weight=198419 60873 55670 5203 3075 382 2693 678 378 231 282 2015 277 2128 1266 225 1738 1041 1439 55561 46509 46415 9052 7488 937 747 190 137546 1047 197
internal_count=198419 60873 55670 5203 3075 382 2693 678 378 231 282 2015 277 2128 1266 225 1738 1041 1439 55561 46509 46415 9052 7488 937 747 190 137546 1047 197
is_linear=0
shrinkage=0.06


Tree=199
num_leaves=31
num_cat=0
split_feature=2 23 23 24 25 0 24 16 23 23 25 0 24 24 24 24 24 21 21 25 21 16 11 14 0 11 11 24 23 21
split_gain=1.1045 1.31423 3.76143 3.13499 4.38806 8.77702 9.57848 4.04699 3.26704 9.2573 5.02951 4.24169 2.77462 2.63972 3.84983 3.92988 3.14295 4.52287 8.24319 7.96342 5.31521 4.44433 9.88283 5.30889 4.03798 3.976 4.04294 3.90841 5.14344 4.00108
threshold=4.5000000000000009 0.61584648489952099 1.1571201086044314 15592.574218750002 5.5000000000000009 18.96811676025391 16086.083007812502 14.500000000000002 4.7883341312408456 5.315803289413453 10.500000000000002 6.2392084598541269 6054.3205566406259 13494.974609375002 13677.886718750002 13843.171875000002 10728.933593750002 0.56469395756721508 0.69118657708168041 3.5000000000000004 0.14208472520112994 11.500000000000002 0.7431178390979768 1.0000000180025095e-35 20.731276512146 0.43257689476013189 0.36837218701839453 9248.4008789062518 0.16912916302680972 0.55745425820350658
decision_type=2 2 2 2 2 2 2 2 2 2 2 2 2 2 2 2 2 2 2 2 2 2 2 2 2 2 2 2 2 2
left_child=-1 13 -3 12 5 6 -5 -6 -9 -10 -11 -12 -4 16 -15 -16 27 20 19 -19 -18 23 25 -22 -25 26 -23 29 -29 -2
right_child=1 2 3 4 7 -7 -8 8 9 10 11 -13 -14 14 15 -17 17 18 -20 -21 21 22 -24 24 -26 -27 -28 28 -30 -31
leaf_value=-8.4095710868274469e-05 0.024994995160525963 -0.10014526969763041 -0.15115104490010856 1.4793926227375287 -0.042118894955321444 -0.24251430742469043 0.10976621633955892 -0.01328771133225456 2.9120343587542226 0.017012133489069627 0.02795830517939157 1.1272064726221933 -0.024311838642208487 -0.19027207868032345 0.067350604955666582 -0.019261376111950137 0.098840395772763323 -0.026985188980367954 -0.011472257961528967 0.74418864522579653 -0.073300808097973832 0.048407009849006422 1.8545410147636445 0.94997637639464372 0.016014382678956551 -0.35867778992749677 0.32799359825059299 -0.060327399730383785 0.32469326709985052 -0.068132216917323671
leaf_weight=117973 14667 1896 378 83 1821 135 140 711 120 930 113 122 19960 669 492 16380 1603 297 727 605 4503 4555 107 80 105 339 114 6709 208 1877
leaf_count=117973 14667 1896 378 83 1821 135 140 711 120 930 113 122 19960 669 492 16380 1603 297 727 605 4503 4555 107 80 105 339 114 6709 208 1877
internal_value=-0.000122137 -0.000293565 -0.000640465 -0.000441318 0.00105629 0.00740782 0.0147175 0.00046057 0.00232665 0.00413229 0.00249785 0.0103404 -0.000748748 -0.000124028 -0.000728922 -0.000551922 0.000166702 0.000913692 0.00387109 0.00770288 0.000491319 -3.24405e-05 0.00119061 -0.0013669 0.00859459 0.00080511 0.00126065 -0.000248328 -0.001446 0.000252416
internal_weight=198419 80446 26409 24513 4175 358 223 3817 1996 1285 1165 235 20338 54037 17541 16872 36496 13035 1629 902 11406 9803 5115 4688 185 5008 4669 23461 6917 16544
internal_count=198419 80446 26409 24513 4175 358 223 3817 1996 1285 1165 235 20338 54037 17541 16872 36496 13035 1629 902 11406 9803 5115 4688 185 5008 4669 23461 6917 16544
is_linear=0
shrinkage=0.06


Tree=200
num_leaves=31
num_cat=0
split_feature=2 23 23 3 18 17 25 16 21 26 0 0 0 21 11 11 24 24 25 24 4 11 11 0 17 20 0 24 24 20
split_gain=1.29448 1.45047 5.55895 1.97961 1.22594 1.17229 1.98819 6.35332 9.30394 1.61466 1.59513 3.69919 1.38587 1.51829 1.43543 1.09275 1.03858 1.02038 1.11443 0.988314 0.96962 1.61909 1.77718 1.29246 3.41434 2.97846 2.42751 1.90265 6.02527 2.77865
threshold=5.5000000000000009 10.529996871948244 10.295216560363771 331.50000000000006 1.5158133506774905 5.5000000000000009 6.5000000000000009 10.500000000000002 0.32230302691459661 10.181433200836183 9.4515752792358416 7.0201427936553964 12.605771541595461 0.17327156662940982 0.25947250425815588 0.26825551688671118 17932.731445312504 10965.451660156252 7.5000000000000009 17921.063476562504 210.50000000000003 0.45370142161846166 0.43672485649585729 12.764007568359377 1.0000000180025095e-35 2.5000000000000004 41.712530136108406 15019.383300781252 15876.365722656252 1.0000000180025095e-35
decision_type=2 2 2 2 2 2 2 2 2 2 2 2 2 2 2 2 2 2 2 2 2 2 2 2 2 2 2 2 2 2
left_child=-1 2 4 5 16 6 7 -3 -9 -7 11 17 -8 -14 -15 -5 19 -11 -19 20 21 22 23 -2 25 26 -25 -26 29 -29
right_child=1 3 -4 15 -6 9 12 8 -10 10 -12 -13 13 14 -16 -17 -18 18 -20 -21 -22 -23 -24 24 27 -27 -28 28 -30 -31
leaf_value=-0.00053145124107550489 0.002496892539505741 -0.28173337331043818 0.27342799866881634 0.055016977960311401 -0.033748791779018204 -0.065673157932970905 -0.11251092840259161 0.75245037780445256 -0.10307001325936345 -0.0990478771219164 -0.016837923097016268 1.2893965849398705 -0.19407775144061329 -0.025199345544569415 0.072356668786310765 0.25371018779259313 0.019450464813112103 -0.032608068361361611 0.2222983566569211 -0.22979448118301421 -0.01080771133934475 -0.05209031092797483 0.61084970513143089 0.2120481801281138 -0.01088058454402102 -0.076959751054872336 0.44431626621286929 0.081930929239502584 -0.010100548096974568 0.26491424426550991
leaf_weight=137546 11008 244 109 363 9052 350 2058 119 105 102 435 80 254 657 158 81 94 101 96 105 30987 1626 100 155 1683 100 105 100 342 104
leaf_count=137546 11008 244 109 363 9052 350 2058 119 105 102 435 80 254 657 158 81 94 101 96 105 30987 1626 100 155 1683 100 105 100 342 104
internal_value=-0.000129697 -0.000360063 -0.000270524 -0.00131809 -0.00029708 -0.00167556 -0.00221141 0.0014359 0.00873214 -2.062e-05 0.00144472 0.00429024 -0.00275728 -0.00100468 0.000257667 0.00251351 -0.000172742 0.00122408 0.00374619 -0.000185502 -0.000172318 0.000218102 0.000430604 0.000371992 0.00157821 0.007 0.0103846 0.000702556 0.00378022 0.0119412
internal_weight=198419 60873 55670 5203 55561 4759 3595 468 224 1164 814 379 3127 1069 815 444 46509 299 197 46415 46310 15323 13697 13597 2589 360 260 2229 546 204
internal_count=198419 60873 55670 5203 55561 4759 3595 468 224 1164 814 379 3127 1069 815 444 46509 299 197 46415 46310 15323 13697 13597 2589 360 260 2229 546 204
is_linear=0
shrinkage=0.06


Tree=201
num_leaves=31
num_cat=0
split_feature=2 23 23 3 16 25 21 17 17 20 25 0 20 27 23 21 17 0 18 11 27 23 17 26 18 19 18 2 0 4
split_gain=1.16639 1.57666 4.67526 1.8655 1.24193 3.08936 7.14831 2.61446 2.23908 1.93906 2.00591 1.80729 1.81165 1.61017 1.47096 1.61569 1.91576 1.42859 1.06816 1.00972 1.05249 1.00425 0.949012 0.879589 1.06915 1.20588 0.91615 0.936054 1.68311 1.67825
threshold=5.5000000000000009 10.529996871948244 10.295216560363771 331.50000000000006 9.5000000000000018 6.5000000000000009 0.20608495920896533 1.5000000000000002 5.5000000000000009 3.5000000000000004 8.5000000000000018 12.764007568359377 2.5000000000000004 12.690362930297853 13.349164962768556 0.48083676397800451 5.5000000000000009 69.17972564697267 1.5158133506774905 0.31626549363136297 22.779797554016117 20.568109512329105 1.5000000000000002 838.01040649414074 2.028825163841248 62.876670837402351 4.0124847888946542 1.5000000000000002 0.92909860610961925 55.000000000000007
decision_type=2 2 2 2 2 2 2 2 2 2 2 2 2 2 2 2 2 2 2 2 2 2 2 2 2 10 2 2 2 2
left_child=23 2 18 4 14 6 -6 -8 9 17 -11 12 13 -10 -3 19 -17 -7 -2 20 -16 -5 -21 26 -25 -26 27 28 -1 -29
right_child=1 3 -4 21 5 8 7 -9 11 10 -12 -13 -14 -15 15 16 -18 -19 -20 22 -22 -23 -24 24 25 -27 -28 29 -30 -31
leaf_value=-0.023458589536418873 -0.0043650013570089149 -0.16572427937790485 0.25702231874868742 0.034796148211147009 0.72179592266063231 -0.10984584921665065 0.292794176696133 -0.19012158039445337 0.85787393487806329 0.23412981439589542 -0.1267741974638292 -0.024523653730814696 -0.078360843140696315 0.11774050698705861 -0.16675888070979111 0.13163724780591571 -0.050707261285341955 0.016874832609047291 -0.031723864272277094 0.052936810514450781 0.036587307569417547 0.29734329474890708 -0.18196768286158832 -0.057395924491779916 -0.04095081224567864 0.56214413214693126 -0.012411402518696759 0.021391745720213028 -0.0009729491407248457 0.0013840998603862286
leaf_weight=4265 46509 825 109 360 88 1427 80 168 89 102 145 282 129 104 693 103 111 113 9052 92 80 84 128 850 100 97 10475 8362 28097 85300
leaf_count=4265 46509 825 109 360 88 1427 80 168 89 102 145 282 129 104 693 103 111 113 9052 92 80 84 128 850 100 97 10475 8362 28097 85300
internal_value=-0.000123649 -0.000342321 -0.000248969 -0.00134115 -0.00168817 -0.000851487 0.00453571 -0.000677421 -0.00160853 -0.00267599 0.00225911 0.00154967 0.00462112 0.00830052 -0.00281103 -0.00147639 0.00325234 -0.00346753 -0.000273323 -0.00249547 -0.00351617 0.00237838 0.00109091 -2.68724e-05 -0.00175931 0.00222335 -1.35839e-05 3.12307e-05 -0.000246958 0.00012735
internal_weight=198419 60873 55670 5203 4759 2727 336 248 2391 1787 247 604 322 193 2032 1207 214 1540 55561 993 773 444 220 137546 1047 197 136499 126024 32362 93662
internal_count=198419 60873 55670 5203 4759 2727 336 248 2391 1787 247 604 322 193 2032 1207 214 1540 55561 993 773 444 220 137546 1047 197 136499 126024 32362 93662
is_linear=0
shrinkage=0.06


Tree=202
num_leaves=31
num_cat=0
split_feature=6 0 5 21 11 21 25 24 27 24 26 25 21 25 21 19 19 24 19 26 7 26 11 23 23 24 18 24 11 24
split_gain=1.12868 1.63564 1.70164 1.6907 1.61798 3.49602 3.99518 3.57561 2.56063 2.17606 1.8302 1.81039 3.38457 1.85356 3.97446 2.54019 1.80178 1.85059 1.69316 1.70465 1.64168 2.00976 1.59167 1.57562 1.77348 1.53979 1.5291 3.13329 2.7599 1.49697
threshold=18.44999980926514 5.7859416007995614 11.500000000000002 0.025386525318026546 0.307223990559578 0.097057621926069274 6.5000000000000009 7751.2326660156259 15.698037147521974 7911.5646972656259 26.022864341735843 7.5000000000000009 0.16896060109138492 3.5000000000000004 0.28850366175174719 83.81891250610353 69.996173858642592 13227.383789062502 28.854478836059574 5.6731660366058358 3.5000000000000004 24.43286228179932 0.66671738028526317 1.3048630952835085 1.4496549367904665 11020.954589843752 0.06358108296990396 11029.454589843752 0.53461050987243663 17481.303710937504
decision_type=2 2 2 2 2 2 2 2 2 2 2 2 2 2 2 10 10 2 10 2 2 2 2 2 2 2 2 2 2 2
left_child=-1 2 23 -3 29 6 8 -7 -6 -9 -8 13 -13 14 15 16 17 -11 19 -15 -14 26 -4 -2 -25 -16 27 -22 -29 -5
right_child=1 3 22 4 5 7 10 9 -10 11 -12 12 20 18 25 -17 -18 -19 -20 -21 21 -23 -24 24 -26 -27 -28 28 -30 -31
leaf_value=-0.00053989529440443213 0.003372811659946079 0.85608075632378555 -0.010416576405176226 -0.029729530844226207 0.13200946100565525 -0.13452261918186484 -0.010784842778347068 0.10441305798916391 0.081056422182959845 0.0067317736641428084 0.11345229743996749 -0.13565329462276807 0.03605506352001274 0.33970612844051828 0.22830462721988065 0.90298619334704022 -0.047517384552461524 0.46148081041489375 -0.06716264821860822 -0.033874054890819724 -0.00012293524403022462 -0.076197732563203335 -0.10977077190862328 1.0144054304063101 0.034122375355229453 -0.1489001384501685 0.10867246923156401 0.49308901128040483 0.21747807242263797 -0.06989405631503269
leaf_weight=139949 9975 107 13240 24062 80 1068 289 93 85 139 100 288 1259 85 94 80 126 153 1431 472 104 152 523 95 2825 468 189 94 138 656
leaf_count=139949 9975 107 13240 24062 80 1068 289 93 85 139 100 288 1259 85 94 80 126 153 1431 472 104 152 523 95 2825 468 189 94 138 656
internal_value=-0.000120323 -0.000341715 4.95018e-06 -0.000632216 -0.000657626 0.00014856 0.00472202 -0.000245299 0.0125455 0.000385833 0.0014036 0.00022534 0.00152698 -0.000724411 0.00130189 0.00520482 0.00333014 0.00591781 -0.00180483 0.00100179 0.00242975 0.00481241 -0.000459058 0.000500192 0.00172603 -0.00215659 0.00657143 0.009 0.0128793 -0.00088551
internal_weight=198419 58470 26658 31812 31705 6987 554 6433 165 5365 389 5272 2224 3048 1060 498 418 292 1988 557 1936 677 13763 12895 2920 562 525 336 232 24718
internal_count=198419 58470 26658 31812 31705 6987 554 6433 165 5365 389 5272 2224 3048 1060 498 418 292 1988 557 1936 677 13763 12895 2920 562 525 336 232 24718
is_linear=0
shrinkage=0.06


Tree=203
num_leaves=31
num_cat=0
split_feature=6 0 11 11 24 24 27 19 11 25 21 24 21 20 0 17 20 0 0 0 21 19 21 23 23 21 25 5 24 24
split_gain=1.18284 1.57593 1.61421 6.92863 1.66393 2.30406 1.57296 1.39542 2.36093 1.80344 2.35968 1.44094 1.38821 1.49333 1.66291 3.25697 6.80848 1.71079 1.44573 4.52533 1.42636 4.17082 1.76629 2.80115 3.5706 2.09837 2.27801 2.91542 4.61942 3.5919
threshold=18.44999980926514 10.989459514617922 0.39678713679313665 0.41053511202335363 7232.7141113281259 8347.2670898437518 14.292305946350099 123.44212722778322 0.63009357452392589 2.5000000000000004 0.36421258747577673 9821.4609375000018 0.077198345214128508 2.5000000000000004 51.080162048339851 5.5000000000000009 1.0000000180025095e-35 96.72674942016603 72.193359375000014 69.17972564697267 0.10818686708807947 56.538629531860359 0.32325446605682379 9.706268787384035 8.6239829063415545 0.65534421801567089 4.5000000000000009 10.500000000000002 16044.857421875002 16952.113281250004
decision_type=2 2 2 2 2 2 2 8 2 2 2 2 2 2 2 2 2 2 2 2 2 10 2 2 2 2 2 2 2 2
left_child=-1 -2 12 -4 -5 6 -6 9 -9 10 -7 -11 -3 14 20 17 -17 -16 19 -15 21 -14 -22 24 25 26 -24 -28 -29 -30
right_child=1 2 3 4 5 7 -8 8 -10 11 -12 -13 13 18 15 16 -18 -19 -20 -21 22 -23 23 -25 -26 -27 27 28 29 -31
leaf_value=-0.00050750157674020469 -0.0042809043325728645 -0.16763853079210342 0.33715446899965301 -0.083392878945260318 0.04082519939611709 0.45775271022570407 0.1293080078310041 -0.034501898778089415 0.10732314904432722 -0.091480088788228983 -0.16880712809893805 -0.010530037000415101 -0.08412204946436222 -0.081017177500288737 0.035044716485140355 -0.19035475893347856 0.60359774317037618 -0.25415484689502693 -0.18628618907769195 0.14101093416199906 -0.053016827162575254 0.42979541602377697 -0.053844993876408856 -0.15811999331685761 0.82321082011577573 -0.1341492327231345 -0.030322023387457233 0.14011392614723528 2.0239415638233349 0.073730131146926489
leaf_weight=139949 42196 626 85 434 98 86 81 266 205 274 95 1372 96 3905 998 87 83 184 541 86 3215 83 872 474 97 417 663 682 82 87
leaf_count=139949 42196 626 85 434 98 86 81 266 205 274 95 1372 96 3905 998 87 83 184 541 86 3215 83 872 474 97 417 663 682 82 87
internal_value=-0.00012123 -0.000347872 -0.000849455 0.000408543 -8.45085e-05 0.000515945 0.00707262 5.2205e-06 0.0029172 -0.000745486 0.00493923 -0.0013706 -0.0011333 -0.00099684 -0.000509854 0.00141124 0.00917647 0.000294415 -0.00186937 -0.00147482 -0.000893618 0.00439106 -0.00103718 -7.82468e-05 0.000620688 0.000229039 0.000915338 0.00232232 0.0046463 0.0135266
internal_weight=198419 58470 16274 2996 2911 2477 179 2298 471 1827 181 1646 13278 12652 8120 1352 170 1182 4532 3991 6768 179 6589 3374 2900 2803 2386 1514 851 169
internal_count=198419 58470 16274 2996 2911 2477 179 2298 471 1827 181 1646 13278 12652 8120 1352 170 1182 4532 3991 6768 179 6589 3374 2900 2803 2386 1514 851 169
is_linear=0
shrinkage=0.06


Tree=204
num_leaves=31
num_cat=0
split_feature=2 23 18 19 24 0 21 0 16 24 25 26 27 20 26 25 19 19 26 26 0 27 21 17 23 18 19 20 24 1
split_gain=1.1915 1.11179 0.937922 0.977111 0.985335 1.52548 1.07941 0.980819 0.959919 0.941496 1.70112 2.40818 3.75645 2.38247 3.90281 1.52718 2.23111 1.51336 1.26117 1.41844 1.20147 1.26568 1.19612 1.02392 1.41288 1.1034 0.949937 1.12089 2.20208 0.929222
threshold=8.5000000000000018 24.933436393737797 4.0124847888946542 79.69669342041017 16492.236328125004 7.2692391872406015 0.23711710423231128 10.311299324035646 7.5000000000000009 11628.732421875002 4.5000000000000009 9.2247304916381854 11.519917011260988 3.5000000000000004 21.670394897460941 9.5000000000000018 74.692401885986342 74.52164459228517 1.7988638281822207 8.709571838378908 96.72674942016603 24.215013504028324 0.057964274659752853 1.0000000180025095e-35 4.1234867572784433 5.4287929534912118 48.908920288085945 1.0000000180025095e-35 13290.918945312502 205.00000000000003
decision_type=2 2 2 10 2 2 2 2 2 2 2 2 2 2 2 2 10 10 2 2 2 2 2 2 2 2 10 2 2 2
left_child=2 -2 -1 4 9 6 -6 -5 -7 15 11 12 -11 26 -15 20 18 22 -17 -20 21 29 -12 -21 -25 -26 -13 28 -28 -4
right_child=1 -3 3 7 5 8 -8 -9 -10 10 17 13 -14 14 -16 16 -18 -19 19 23 -22 -23 -24 24 25 -27 27 -29 -30 -31
leaf_value=-0.00057756947964227284 -0.019765727494594699 0.36597247196188526 -0.03174560261690107 0.098831547760095978 0.16566445576218369 0.014477018378216673 -0.013321176529097065 -0.022715155297567707 -0.085601226614117523 0.45554739215060408 0.071625440430261034 -0.11368160268343272 0.0088074774829848303 -0.04244546569051548 1.0701501919254617 0.1197868030062795 0.33354840979270534 -0.13459172497032593 -0.10460559013141352 -0.10975497569201756 1.2549034384256299 0.05604212031706015 -0.013712484122721176 -0.0014173480068792599 -0.0012867223850563261 0.13088623027198437 1.1378022703360047 -0.042677843313026709 -0.021832844416457917 -0.12132014368883881
leaf_weight=164814 20559 117 3377 330 113 156 139 288 808 143 97 221 192 107 93 95 121 286 299 157 83 106 3262 752 104 182 83 370 101 864
leaf_count=164814 20559 117 3377 330 113 156 139 288 808 143 97 221 192 107 93 95 121 286 299 157 83 106 3262 752 104 182 83 370 101 864
internal_value=-0.000119113 -0.000550205 -6.89662e-05 -0.000561066 -0.000677932 -0.00229934 0.00185714 0.00176699 -0.00338589 -0.000500227 0.000115034 0.00196946 0.00635821 0.000461537 0.0063 -0.000996744 0.000526314 -0.000551442 -7.17447e-05 -0.000497993 -0.00158465 -0.00172119 -0.000194702 0.000426777 0.00110983 0.0046993 -0.00104516 0.000281587 0.00410869 -0.00188305
internal_weight=198419 20676 177743 12929 12311 1216 252 618 964 11095 4955 1310 335 975 200 6140 1710 3645 1589 1494 4430 4347 3359 1195 1038 286 775 554 184 4241
internal_count=198419 20676 177743 12929 12311 1216 252 618 964 11095 4955 1310 335 975 200 6140 1710 3645 1589 1494 4430 4347 3359 1195 1038 286 775 554 184 4241
is_linear=0
shrinkage=0.06


Tree=205
num_leaves=31
num_cat=0
split_feature=2 23 23 24 24 17 0 25 0 24 27 11 20 23 24 24 18 18 24 21 21 16 24 0 25 11 24 24 24 17
split_gain=1.03901 1.5902 3.24515 2.98592 2.59454 4.94784 2.89248 2.54769 3.10608 5.55297 4.7715 2.68036 2.53746 2.34433 2.29578 3.92928 2.617 3.06873 2.17945 5.19464 6.86145 22.0678 4.63722 5.50355 5.71049 2.77523 2.76226 3.02801 3.31511 4.94148
threshold=4.5000000000000009 0.61584648489952099 1.1571201086044314 6703.2258300781259 6851.4042968750009 2.5000000000000004 3.8996214866638188 3.5000000000000004 20.731276512146 14736.229980468752 16.135438919067386 0.31760154664516455 3.5000000000000004 0.59309911727905285 13494.974609375002 13677.886718750002 0.49828419089317327 0.39993332326412206 12033.684082031252 0.12656717747449878 0.083033982664346709 10.500000000000002 12248.351562500002 27.322209358215336 4.5000000000000009 0.43257689476013189 13446.868652343752 13290.918945312502 12982.166992187502 3.5000000000000004
decision_type=2 2 2 2 2 2 2 2 2 2 2 2 2 2 2 2 2 2 2 2 2 2 2 2 2 2 2 2 2 2
left_child=-1 13 12 -4 5 6 -5 8 9 11 -11 -6 -3 14 18 -16 17 -17 -2 20 -20 -22 23 24 -21 26 27 28 -24 -30
right_child=1 2 3 4 7 -7 -8 -9 -10 10 -12 -13 -14 -15 15 16 -18 -19 19 22 21 -23 25 -25 -26 -27 -28 -29 29 -31
leaf_value=-0.00015004165263845075 -0.0017582801909560044 -0.11885542243143404 -0.094544867446327896 0.16892570518433336 0.078017204630249179 1.6361219906995974 -0.28739088233299376 -0.016446866484509964 -0.19362418564418332 1.1769558647111706 0.70342526830151597 -0.27740195515542304 0.092916025196881233 0.066622422005232107 -0.1767662671817356 -0.0041738976189562163 -0.045894259883645996 0.24897926517407384 0.044756615472287278 0.7117187578579609 1.1734999481741257 -0.10791962289229989 -0.010268408220594953 0.54353107989669402 0.070522423061412418 -0.13093737021929328 0.92199743836410764 -0.12765889128456395 -0.020929723209198232 0.21277630714800022
leaf_weight=117973 29603 1620 1498 94 301 80 132 21919 179 80 102 128 276 147 669 12386 4260 155 446 149 104 123 3240 80 713 446 219 585 354 358
leaf_count=117973 29603 1620 1498 94 301 80 132 21919 179 80 102 128 276 147 669 12386 4260 155 446 149 104 123 3240 80 713 446 219 585 354 358
internal_value=-0.000117601 -0.000283869 -0.000665456 -0.000480481 -0.000311537 0.00517647 0.000637167 -0.000385487 0.00296202 0.00499836 0.0137802 0.00127273 -0.00305696 -9.73792e-05 -0.00011802 -0.000683459 -0.0005039 -6.74602e-05 0.000153211 0.00112043 0.00612481 0.0146167 0.000572264 0.00444586 0.00304872 -0.000129183 0.000295205 -2.24832e-05 0.000573885 0.0042809
internal_weight=198419 80446 26409 24513 23015 306 226 22709 790 611 182 429 1896 54037 53890 17470 16801 12541 36420 6817 673 227 6144 942 862 5202 4756 4537 3952 712
internal_count=198419 80446 26409 24513 23015 306 226 22709 790 611 182 429 1896 54037 53890 17470 16801 12541 36420 6817 673 227 6144 942 862 5202 4756 4537 3952 712
is_linear=0
shrinkage=0.06


Tree=206
num_leaves=31
num_cat=0
split_feature=2 18 21 0 0 21 27 21 21 11 0 27 21 23 24 21 24 17 23 24 17 17 23 11 16 24 24 25 23 21
split_gain=1.05213 1.12316 0.886573 1.95725 1.93042 2.26374 1.46699 2.18099 1.42374 4.46755 1.6875 1.59502 1.46265 1.9949 3.51739 2.75022 2.61182 2.60183 3.14436 4.09367 2.60301 2.43647 2.08605 2.05866 1.93599 3.55473 2.6781 2.39252 1.82702 1.7839
threshold=8.5000000000000018 4.0124847888946542 0.39240394532680517 43.765167236328132 26.249145507812504 0.55524525046348583 24.215013504028324 0.52246257662773143 0.32230302691459661 0.47780500352382665 12.764007568359377 23.027674674987797 0.17096395045518878 1.3482347726821902 12463.331054687502 0.18130980432033542 11817.410156250002 4.5000000000000009 7.2746057510375985 9689.8066406250018 2.5000000000000004 3.5000000000000004 3.7121205329895024 0.50485298037529003 8.5000000000000018 10896.337890625002 8285.8154296875018 3.5000000000000004 3.5130198001861577 0.29584926366806036
decision_type=2 2 2 2 2 2 2 2 2 2 2 2 2 2 2 2 2 2 2 2 2 2 2 2 2 2 2 2 2 2
left_child=1 -1 8 4 6 -6 -4 -8 10 -10 11 12 -2 14 16 -16 24 18 19 28 29 22 -21 -19 25 -14 -26 -28 -15 -20
right_child=2 -3 3 -5 5 -7 7 -9 9 -11 -12 -13 13 17 15 -17 -18 23 20 21 -22 -23 -24 -25 26 -27 27 -29 -30 -31
leaf_value=-0.00048660380531317043 -0.03001457390787211 -0.013517243621789474 -0.0029981553433565374 -0.1367805031173053 0.68015828163513847 -0.039852593671008484 0.79106372178514572 -0.10873444405822773 -0.081703037966731812 0.28543107291409509 -0.053378476416775462 -0.086159919117644437 0.39214318055317882 -0.089531064522270318 0.84239289246198645 -0.065571590931889426 0.20074649326034902 -0.15421393897694538 0.0178665167278322 1.035028188198809 -0.190067502520677 0.53741971191096383 0.42411247906597999 0.78698792904850079 -0.14428862413679022 -0.25476718045273922 0.49858883796807757 -0.066796228313012213 0.40652290503939925 0.1765040029017774
leaf_weight=164814 3314 12929 6071 399 111 107 122 91 2283 195 2364 786 634 95 89 1491 153 373 227 96 153 93 146 107 396 135 149 318 91 87
leaf_count=164814 3314 12929 6071 399 111 107 122 91 2283 195 2364 786 634 95 89 1491 153 373 227 96 153 93 146 107 396 135 149 318 91 87
internal_value=-0.000116089 -6.89662e-05 -0.000521185 3.39067e-05 0.000284219 0.00583486 9.16599e-05 0.00498591 -0.000799275 -0.0021017 -0.000513589 -0.00013635 0.000112678 0.000778397 -2.67473e-05 -0.00208861 0.00179832 0.00262398 0.00438461 0.00758925 0.00080942 0.0115522 0.00838016 -0.001 0.00109559 0.00328478 -0.000855158 0.0022227 0.000451611 0.0039363
internal_weight=198419 177743 20676 6901 6502 218 6284 213 13775 2478 11297 8933 8147 4833 3365 1580 1785 1468 988 521 467 335 242 480 1632 769 863 467 186 314
internal_count=198419 177743 20676 6901 6502 218 6284 213 13775 2478 11297 8933 8147 4833 3365 1580 1785 1468 988 521 467 335 242 480 1632 769 863 467 186 314
is_linear=0
shrinkage=0.06


Tree=207
num_leaves=31
num_cat=0
split_feature=2 18 0 23 24 24 17 4 24 24 11 11 17 21 0 21 17 25 21 21 21 21 17 27 19 26 24 21 25 20
split_gain=1.11233 0.935675 0.906017 1.67929 1.2665 1.89962 1.35022 1.16864 1.01911 0.947969 1.81379 2.19845 1.87681 1.70599 2.04281 2.00559 2.0974 3.06253 3.72911 3.2003 3.00452 1.87473 1.69069 1.64262 2.23801 4.5454 2.75186 1.92356 3.8716 1.80401
threshold=8.5000000000000018 4.0124847888946542 15.688108921051027 14.812517642974855 16044.857421875002 16330.708007812502 1.0000000180025095e-35 293.50000000000006 1867.9168701171877 12630.121582031252 0.32353574037551885 0.69993871450424205 3.5000000000000004 0.22453764826059344 1.4155208468437197 0.28979149460792547 4.5000000000000009 3.5000000000000004 0.2694262564182282 0.26247824728488928 0.28355067968368536 0.30543017387390142 1.5000000000000002 18.125473022460941 27.629301071166996 14.308808803558351 11628.732421875002 0.31963206827640539 6.5000000000000009 3.5000000000000004
decision_type=2 2 2 2 2 2 2 2 2 2 2 2 2 2 2 2 2 2 2 2 2 2 2 2 10 2 2 2 2 2
left_child=1 -1 9 4 8 -6 -7 -5 -4 13 -11 12 -12 14 22 16 17 19 -19 -15 -20 -17 -2 27 25 -25 -27 28 -23 -29
right_child=2 -3 3 7 5 6 -8 -9 -10 10 11 -13 -14 15 -16 21 -18 18 20 -21 -22 23 -24 24 -26 26 -28 29 -30 -31
leaf_value=-0.00045740757699434641 -0.14173349614742489 -0.012706209004482095 0.16295101663605358 -0.0094691664387520288 0.85409595164751262 0.039188335336295108 -0.15663968891237209 0.25004500551414965 -0.077265639754558413 -0.047664801403302551 0.11180886743899517 -0.10397757201879237 -0.0092983961128625149 0.98683014421071102 -0.069746989241303348 -0.16124675193208543 -0.035529040921862057 -0.019283277226857791 0.42886076178283533 0.067628307325484943 0.27321533205689918 0.41312785554699483 0.11070284197788181 -0.035544747569257643 -0.02190013111006902 0.40184408314959369 0.51693721435906415 -0.054539299337870217 -0.047424933033740582 0.22201971465573483
leaf_weight=164814 157 12929 90 91 81 88 231 93 2535 5890 549 275 459 136 2688 314 426 529 110 104 87 81 448 313 851 318 84 2807 135 706
leaf_count=164814 157 12929 90 91 81 88 231 93 2535 5890 549 275 459 136 2688 314 426 529 110 104 87 81 448 313 851 318 84 2807 135 706
internal_value=-0.000113368 -6.49154e-05 -0.000529891 -0.00145653 -0.00179504 0.00135 -0.000733544 0.00410869 -0.00227429 -0.000359651 -0.000889169 0.0011551 0.00245238 9.32439e-06 -0.00111692 0.000539064 0.00257758 0.00412422 0.00218182 0.01 0.00922842 3.31596e-05 0.00203306 0.000300282 0.00193103 0.00440559 0.00862686 -0.000384555 0.00511111 -0.000722461
internal_weight=198419 177743 20676 3209 3025 400 319 184 2625 17467 7173 1283 1008 10294 3293 7001 1392 966 726 240 197 5609 605 5295 1566 715 402 3729 216 3513
internal_count=198419 177743 20676 3209 3025 400 319 184 2625 17467 7173 1283 1008 10294 3293 7001 1392 966 726 240 197 5609 605 5295 1566 715 402 3729 216 3513
is_linear=0
shrinkage=0.06


Tree=208
num_leaves=31
num_cat=0
split_feature=2 23 0 23 24 20 24 21 21 21 27 26 26 26 24 24 17 16 21 0 21 16 20 25 2 24 17 26 24 24
split_gain=1.34806 0.932956 1.03505 0.970642 0.957583 1.26735 1.27194 0.8842 4.06054 3.14643 4.52111 3.11904 2.66109 3.04043 2.5898 2.46278 2.04512 4.43395 2.62328 2.58122 4.80891 5.89048 2.19885 1.96306 2.67523 2.45252 2.90245 2.80173 2.7077 6.69475
threshold=8.5000000000000018 24.933436393737797 15.688108921051027 14.812517642974855 16044.857421875002 3.5000000000000004 16836.582031250004 0.32596074044704443 0.33763845264911657 0.32029043138027197 18.745035171508793 10.475260257720949 16.975709915161136 25.543205261230472 17921.063476562504 14079.063476562502 2.5000000000000004 8.5000000000000018 0.32479393482208258 6.4117753505706796 0.32325446605682379 16.500000000000004 1.0000000180025095e-35 5.5000000000000009 1.5000000000000002 6223.2419433593759 1.0000000180025095e-35 5.7949929237365732 9248.4008789062518 10965.451660156252
decision_type=2 2 2 2 2 2 2 2 2 2 2 2 2 2 2 2 2 2 2 2 2 2 2 2 2 2 2 2 2 2
left_child=7 2 -2 4 -4 6 -6 9 15 14 16 -12 -13 -14 23 -9 19 -18 -19 20 21 22 -11 24 -1 26 27 -26 -27 -30
right_child=1 -3 3 -5 5 -7 -8 8 -10 10 11 12 13 -15 -16 -17 17 18 -20 -21 -22 -23 -24 -25 25 28 -28 -29 29 -31
leaf_value=-0.009637608357646826 -0.016219299061581077 0.34788962730873296 -0.065087825005130773 0.051129082461659897 0.74715052112687175 -0.16527942668326528 -0.00045779206537554281 -0.062746503793496666 -0.0027613058710033254 -0.18121897975413184 0.0026576461876506438 0.52796635455109464 0.039388602010101574 0.44103733629477287 -0.10180521083731892 1.0740381213122254 0.38739821003381691 -0.08457538041800855 0.19411216065900272 -0.08180556171407373 -0.064181406025756296 1.0653974963431292 0.30431901459291549 -0.0041894837373389884 0.38616236595476167 0.048057673663145908 -0.043921086588863463 0.0056239862877581282 -0.0389734328142399 0.023500762258599619
leaf_weight=7860 17382 117 2625 152 100 103 197 2718 76038 80 208 91 206 152 498 153 125 209 228 882 219 83 119 56281 92 8923 1542 312 4285 16439
leaf_count=7860 17382 117 2625 152 100 103 197 2718 76038 80 208 91 206 152 498 153 125 209 228 882 219 83 119 56281 92 8923 1542 312 4285 16439
internal_value=-0.00011488 -0.00057342 -0.000603825 -0.00159962 -0.00183471 0.000899999 0.00288889 -6.15397e-05 -0.000211308 5.80353e-05 0.00211683 0.00642009 0.00923385 0.00690503 2.36784e-06 -0.00242633 0.000663238 0.0037153 0.000864987 -0.000577008 0.00286227 0.00804255 0.00244221 2.48173e-05 0.000349326 0.000595763 -0.00146763 0.0030594 0.000731202 0.000354949
internal_weight=198419 20676 20559 3177 3025 400 297 177743 78909 98834 2602 657 449 358 96232 2871 1945 562 437 1383 501 282 199 95734 39453 31593 1946 404 29647 20724
internal_count=198419 20676 20559 3177 3025 400 297 177743 78909 98834 2602 657 449 358 96232 2871 1945 562 437 1383 501 282 199 95734 39453 31593 1946 404 29647 20724
is_linear=0
shrinkage=0.06


Tree=209
num_leaves=31
num_cat=0
split_feature=2 23 23 3 18 17 16 21 24 25 21 17 20 25 0 24 0 27 21 26 0 17 27 18 26 0 1 19 0 21
split_gain=1.18883 1.75179 4.66553 1.52252 1.16414 1.13908 1.08847 2.79018 2.16679 1.5109 4.04376 1.3485 1.59154 2.17329 1.90904 1.45252 1.47958 1.32519 1.28327 1.07503 1.04114 1.02382 0.972084 0.96783 1.10203 0.858932 0.915093 1.03184 0.995912 3.23312
threshold=5.5000000000000009 10.529996871948244 10.295216560363771 331.50000000000006 1.5158133506774905 5.5000000000000009 9.5000000000000018 0.061696462333202369 6372.1987304687509 6.5000000000000009 0.32230302691459661 5.5000000000000009 3.5000000000000004 8.5000000000000018 17.58416843414307 10833.450195312502 43.765167236328132 18.295266151428226 0.48083676397800451 838.01040649414074 41.712530136108406 2.5000000000000004 23.104782104492191 1.9322378635406496 796.40719604492199 35.662218093872077 184.50000000000003 81.358364105224624 27.322209358215336 0.44537749886512762
decision_type=2 2 2 2 2 2 2 2 2 2 2 2 2 2 2 2 2 2 2 2 2 2 2 2 2 2 2 10 2 2
left_child=19 2 4 6 -2 21 18 -8 -9 10 -10 12 14 -14 -11 -13 17 -17 20 -1 22 -5 -3 -6 25 26 27 -25 -28 -30
right_child=1 3 -4 5 23 -7 7 8 9 11 -12 15 13 -15 -16 16 -18 -19 -20 -21 -22 -23 -24 24 -26 -27 28 -29 29 -31
leaf_value=-4.2187396812413563e-05 -0.0045412199895844179 -0.13553836507093342 0.22836111939945464 0.11509080018048283 -0.058670584066394034 0.22751611450012577 0.10833576078361422 0.68382096365824319 0.6531388504400748 -0.14316226725801398 -0.094766849737736622 -0.057745737679752648 0.21979778153250445 -0.16503176531340438 0.0031995330929268017 0.26677865685324265 -0.13808638214371921 -0.028030195250991385 0.027367526205929707 -0.041381381613515393 0.045648325338998805 -0.099942888370591398 0.045244018690542363 0.0021291522007237332 0.94059128768019629 -0.13339388860149048 -0.028126709951656184 0.24904516119688311 -0.062570140904885094 1.624590500504093
leaf_weight=136499 46509 1533 109 180 1564 108 107 85 140 1165 171 208 102 115 263 164 101 106 283 1047 131 156 85 670 90 566 5727 179 161 95
leaf_count=136499 46509 1533 109 180 1564 108 107 85 140 1165 171 208 102 115 263 164 101 106 283 1047 131 156 85 670 90 566 5727 179 161 95
internal_value=-0.00011367 -0.000334435 -0.000236035 -0.00138728 -0.000260364 0.00197297 -0.00170078 -0.000917493 -0.00130534 -0.0016213 0.00229582 -0.00216907 -0.00304559 0.00174193 -0.00377311 0.000321242 0.00257143 0.00488889 -0.00275197 -1.5967e-05 -0.00335849 0.000249999 -0.00377503 -0.0008829 -0.00059936 -0.000679645 -0.000493561 0.00134982 -0.000755141 0.00290625
internal_weight=198419 60873 55670 5203 55561 444 4759 2727 2620 2535 311 2224 1645 217 1428 579 371 270 2032 137546 1749 336 1618 9052 7488 7398 6832 849 5983 256
internal_count=198419 60873 55670 5203 55561 444 4759 2727 2620 2535 311 2224 1645 217 1428 579 371 270 2032 137546 1749 336 1618 9052 7488 7398 6832 849 5983 256
is_linear=0
shrinkage=0.06


Tree=210
num_leaves=31
num_cat=0
split_feature=2 0 23 4 18 21 19 18 20 23 24 0 21 4 23 5 11 24 24 18 0 20 26 17 11 20 26 21 19 21
split_gain=1.15077 1.01302 1.5203 1.01629 0.867883 0.99327 1.69851 1.73293 1.47076 1.49427 1.83954 1.18374 1.92167 1.13829 1.44527 1.47207 1.73137 1.06877 1.22895 1.68335 0.949753 1.11378 2.47787 1.4369 1.25339 0.900346 0.892499 1.52172 1.11626 1.08134
threshold=8.5000000000000018 15.688108921051027 14.812517642974855 293.50000000000006 4.0124847888946542 0.30225856602191931 55.182256698608406 15.401703834533693 3.5000000000000004 8.023776054382326 14562.096191406252 6.7568461894989023 0.21973633021116259 113.00000000000001 8.4409470558166522 7.5000000000000009 0.30487553775310522 14736.229980468752 10101.291503906252 31.034542083740238 12.457590103149416 1.0000000180025095e-35 24.000289916992191 2.5000000000000004 0.50419721007347118 1.5000000000000002 687.69219970703136 0.65534421801567089 85.118759155273452 0.16196545958518985
decision_type=2 2 2 2 2 2 10 2 2 2 2 2 2 2 2 2 2 2 2 2 2 2 2 2 2 2 2 2 8 2
left_child=4 -2 -3 -4 26 6 11 13 -7 10 -10 12 -6 20 -15 16 -16 18 -13 25 21 22 23 -8 -23 -20 -1 29 -29 -28
right_child=1 2 3 -5 5 8 7 -9 9 -11 -12 17 -14 14 15 -17 -18 -19 19 -21 -22 24 -24 -25 -26 -27 27 28 -30 -31
leaf_value=-3.2720942386031636e-05 -0.013717550331906261 -0.04558747164359387 -0.0062827451666909815 0.23644339180796947 -0.023008868971815994 -0.03418452993061423 -0.1091636721487762 0.093146992543816115 -0.020266550484814828 0.12146910584854892 0.13409212632050421 -0.069283304574026441 0.52405206381781155 0.016687297883165659 0.13483516950752758 -0.0079968497809743116 0.31185589376424683 -0.096862032752058874 -0.08858967886075951 0.34366486580947742 -0.039690480310859692 -0.026093080368648294 0.1658799466175202 0.18728833743928755 0.049724146646199181 0.016784858775959692 -0.066252567941388549 0.13085404740372225 -0.0024237929300513898 -0.01612614581646675
leaf_weight=161014 17467 3025 91 93 217 5771 104 157 942 87 142 720 159 1152 206 168 143 542 117 91 789 685 94 102 110 431 742 86 107 2865
leaf_count=161014 17467 3025 91 93 217 5771 104 157 942 87 142 720 159 1152 206 168 143 542 117 91 789 685 94 102 110 431 742 86 107 2865
internal_value=-0.000109134 -0.000532793 -0.00151262 0.00378261 -5.98519e-05 -0.000533221 3.30702e-05 0.000824796 -0.00102161 0.000917163 0.000309962 -0.00125692 0.00181915 0.000552208 0.00169323 0.00432882 0.00655014 -0.00186534 -0.000966889 0.000948355 -0.0004586 0.00068493 0.0038 0.000116503 -0.000490567 -0.000306571 -2.27179e-05 -0.00093158 0.00425907 -0.00120932
internal_weight=198419 20676 3209 184 177743 12929 5987 3710 6942 1171 1084 2277 376 3553 1669 517 349 1901 1359 639 1884 1095 300 206 795 548 164814 3800 193 3607
internal_count=198419 20676 3209 184 177743 12929 5987 3710 6942 1171 1084 2277 376 3553 1669 517 349 1901 1359 639 1884 1095 300 206 795 548 164814 3800 193 3607
is_linear=0
shrinkage=0.06


Tree=211
num_leaves=31
num_cat=0
split_feature=2 23 23 24 21 25 21 0 11 17 23 24 24 0 16 26 24 21 25 20 23 0 16 19 27 23 25 24 27 26
split_gain=1.06079 1.52087 2.86459 2.64197 2.39705 2.02811 3.39107 4.59687 7.96342 2.09877 3.37534 7.45355 8.75624 17.8 6.21336 4.41431 3.32322 3.66518 3.22626 2.82525 8.58531 10.3425 4.74037 2.76615 2.20282 2.04612 10.83 2.12533 2.07385 2.07416
threshold=4.5000000000000009 0.61584648489952099 1.1571201086044314 2154.069702148438 0.47451655566692358 3.5000000000000004 0.54489564895629894 32.498483657836921 0.4306721985340119 3.5000000000000004 6.5551292896270761 10896.337890625002 9689.8066406250018 10.403629302978517 14.500000000000002 4.5874428749084482 12004.941894531252 0.21138186007738116 8.5000000000000018 1.5000000000000002 1.4496549367904665 4.8192434310913095 15.500000000000002 95.798614501953139 12.066894531250002 8.6239829063415545 6.5000000000000009 13045.874023437502 17.678684234619144 12.24013137817383
decision_type=2 2 2 2 2 2 2 2 2 2 2 2 2 2 2 2 2 2 2 2 2 2 2 8 2 2 2 2 2 2
left_child=-1 -2 4 -4 -3 6 7 8 -5 19 11 12 15 14 -14 -11 -12 18 -18 20 21 -7 -23 24 -20 27 28 -22 29 -27
right_child=1 2 3 5 -6 9 -8 -9 -10 10 16 -13 13 -15 -16 -17 17 -19 23 -21 25 22 -24 -25 -26 26 -28 -29 -30 -31
leaf_value=5.4055081838729793e-05 -0.0027279282818030897 -0.10846909999069528 -0.12677381604583027 0.087477699963394356 0.027707820448095156 1.4866577407298662 -0.24128468964644112 -0.2141344379451188 1.0353977451519858 0.28270641639888128 -0.064999497387272995 -0.022429596656907923 1.1977951364709789 0.059900510905093449 0.52354620851357825 0.001263838281522763 0.029597694459341142 -0.017905191628658144 1.3587668413789442 -0.05782585991258811 -0.080400134657758096 0.44199638583072098 -0.17185425319664327 0.053622932111074752 1.4381042645631847 0.65626740461342825 -0.046725334028560453 -0.0014926556940308207 0.11365151871611587 0.29343898306781091
leaf_weight=117973 54037 1524 308 398 372 107 137 159 96 175 3081 2295 108 316 100 1025 587 1987 88 6890 1983 170 147 102 105 160 1784 1916 126 163
leaf_count=117973 54037 1524 308 398 372 107 137 159 96 175 3081 2295 108 316 100 1025 587 1987 88 6890 1983 170 147 102 105 160 1784 1916 126 163
internal_value=-0.000110646 -0.000278648 -0.000651825 -0.000478033 -0.00289874 -0.000407768 0.00258228 0.00438285 0.00723886 -0.00050865 0.000151067 0.0014944 0.00447564 0.0109466 0.0245769 0.00165 -0.000756304 0.000713139 0.00393197 -0.00099777 -0.000106164 0.00815094 0.00270662 0.00905085 0.0132746 -0.000677105 0.000771158 -0.00150654 0.00910022 0.0116471
internal_weight=198419 80446 26409 24513 1896 24205 790 653 494 23415 9969 4019 1724 524 208 1200 5950 2869 882 13446 6556 424 317 295 193 6132 2233 3899 449 323
internal_count=198419 80446 26409 24513 1896 24205 790 653 494 23415 9969 4019 1724 524 208 1200 5950 2869 882 13446 6556 424 317 295 193 6132 2233 3899 449 323
is_linear=0
shrinkage=0.06


Tree=212
num_leaves=31
num_cat=0
split_feature=2 18 19 21 21 18 3 1 3 27 25 24 26 27 25 18 11 0 0 20 19 7 18 24 0 23 0 0 24 18
split_gain=1.0534 1.12916 0.933441 1.4859 1.6694 1.64252 1.1962 1.0929 1.07167 1.06109 1.99714 3.03792 2.08662 2.55172 1.97299 1.80007 1.43397 1.34924 1.23817 1.0594 1.0081 1.23116 1.09744 0.968642 0.897846 1.29882 1.05997 1.15258 2.33103 1.07624
threshold=8.5000000000000018 4.0124847888946542 55.182256698608406 0.27748249471187597 0.2694262564182282 15.401703834533693 34.000000000000007 257.50000000000006 211.00000000000003 13.939949989318849 7.5000000000000009 8110.1960449218759 24.139319419860843 10.41577196121216 6.5000000000000009 9.0773310661315936 0.62687611579895031 8.41143846511841 11.682975769042971 3.5000000000000004 71.868232727050795 1.5000000000000002 7.4135255813598642 16412.251953125004 15.688108921051027 14.812517642974855 23.120385169982914 31.149155616760257 15740.303710937502 -4.7006943225860587
decision_type=2 2 10 2 2 2 2 2 2 2 2 2 2 2 2 2 2 2 2 2 10 2 2 2 2 2 2 2 2 2
left_child=1 -1 6 4 5 9 -3 8 -5 10 11 -4 13 17 -11 16 -12 -13 -19 20 21 22 -16 -8 -2 26 -26 28 -28 -29
right_child=24 2 3 7 -6 -7 23 -9 -10 14 15 12 -14 -15 19 -17 -18 18 -20 -21 -22 -23 -24 -25 25 -27 27 29 -30 -31
leaf_value=-0.00037042525210831639 -0.012930005960394253 0.030415584596718628 -0.10838523725155522 -0.018604796288144262 0.88825725993403393 0.11836508792389419 -0.030154877990430207 -0.13096888887175168 0.23398120691656474 -0.065587982258755242 -0.065337479327982909 -0.0057734099396614513 -0.013284556379780677 0.45786832375970488 0.044641756514678894 0.094488374548197154 0.12522154824117404 0.30372128270048726 0.035184746741088874 -0.066982893159814733 -0.01883048863912969 0.16224221820477064 -0.12426198022480667 -0.091950519925554225 -0.11753708012959437 0.091619365816929185 -0.0037093307831578192 0.073338574132191914 0.72307718635198648 -0.052392688847905343
leaf_weight=164814 17467 253 147 4217 123 146 4227 397 135 595 529 108 148 125 194 121 87 84 81 165 267 178 85 517 1221 184 338 98 86 1282
leaf_count=164814 17467 253 147 4217 123 146 4227 397 135 595 529 108 148 125 194 121 87 84 81 165 267 178 85 517 1221 184 338 98 86 1282
internal_value=-0.000110041 -6.289e-05 -0.000602832 -0.000198186 0.0008049 0.00052941 -0.00124515 -0.0008705 -0.00059559 0.000218255 0.00138461 0.00369697 0.00575824 0.0080201 -0.000905662 -0.000789689 -0.0021039 0.00476923 0.00818182 0.000884138 0.00187293 0.00358424 0.00109677 -0.00145953 -0.000515382 -0.00143783 -0.00173554 -0.000811531 0.00192453 -0.00165218
internal_weight=198419 177743 12929 7932 3183 3060 4997 4749 4352 2914 1430 693 546 398 1484 737 616 273 165 889 724 457 279 4744 20676 3209 3025 1804 424 1380
internal_count=198419 177743 12929 7932 3183 3060 4997 4749 4352 2914 1430 693 546 398 1484 737 616 273 165 889 724 457 279 4744 20676 3209 3025 1804 424 1380
is_linear=0
shrinkage=0.06


Tree=213
num_leaves=31
num_cat=0
split_feature=16 11 0 23 27 18 23 26 11 11 3 18 18 24 21 27 27 18 26 10 16 24 16 21 24 16 0 19 24 24
split_gain=1.00416 3.91482 3.10203 2.4879 2.46263 3.30964 3.11301 2.65021 2.26611 4.55248 2.99615 2.94752 4.93229 2.15836 2.1173 1.93807 2.34077 2.35741 2.10636 1.86093 1.77231 1.70328 1.54617 2.0956 1.66787 1.50263 1.4687 1.29248 1.73215 3.11967
threshold=18.500000000000004 0.66482403874397289 8.9045305252075213 9.4952249526977557 19.414628982543949 -1.7351899147033689 10.744339942932131 6.6988196372985849 0.71455863118171703 0.70530927181243908 206.50000000000003 -1.2447218298912046 -1.5015388727188108 1287.2454223632815 0.37800039350986486 21.853907585144047 14.566906452178957 0.19001702219247821 8.3512415885925311 1.5000000000000002 9.5000000000000018 11020.954589843752 22.500000000000004 0.72861218452453624 1867.9168701171877 20.500000000000004 82.491657257080092 129.95588684082034 14297.014160156252 14972.821777343752
decision_type=2 2 2 2 2 2 2 2 2 2 2 2 2 2 2 2 2 2 2 2 2 2 2 2 2 2 2 8 2 2
left_child=8 2 3 13 5 -5 -7 -8 9 27 20 12 14 -2 -10 16 17 -3 -19 -13 -11 -17 24 -24 -4 -20 -21 -1 -29 -30
right_child=1 15 22 4 -6 6 7 -9 11 10 -12 19 -14 -15 -16 21 -18 18 25 26 -22 -23 23 -25 -26 -27 -28 28 29 -31
leaf_value=-0.005148503361972096 0.92219819577665696 0.034380334013327213 0.16353240350225723 0.97772931374821992 -0.044402351977065845 1.1915255670184586 0.26609766789223455 -0.035501388230992484 -0.038461395051764144 -0.067579477170136251 0.24484891906323522 0.082268339257571307 1.4794526475784411 0.0051346025798970039 0.11278808164530589 0.19405121196298458 -0.011207032692900619 0.15378720771200491 0.21818414348999368 -0.060183748588634761 0.31544947052693523 0.05339397368869192 -0.070314853714673539 0.75330943001219908 -0.011466888496831746 -0.036034199737951016 0.083278295191779345 -0.0014812208514789788 0.17102620345084377 0.010538011833089641
leaf_weight=133583 176 517 158 162 270 172 106 434 704 91 80 88 117 17455 131 93 472 129 157 3218 121 87 2725 86 7908 93 103 20905 1478 6600
leaf_count=133583 176 517 158 162 270 172 106 434 704 91 80 88 117 17455 131 93 472 129 157 3218 121 87 2725 86 7908 93 103 20905 1478 6600
internal_value=-0.000106715 0.000205768 5.22042e-05 0.000519306 0.00323077 0.00477803 0.00301685 0.000777776 -0.000165019 -0.000128874 0.00735616 -0.00151479 0.00143697 0.000343371 -0.000179642 0.00314729 0.00237719 0.00417857 0.00777309 -0.0023391 0.00362264 0.009 -0.00075407 -0.00196585 -0.000331764 0.00456 -0.0025673 -0.000142319 0.000220887 0.00096707
internal_weight=198419 31200 29652 18775 1144 874 712 540 167219 162858 292 4361 952 17631 835 1548 1368 896 379 3409 212 180 10877 2811 8066 250 3321 162566 28983 8078
internal_count=198419 31200 29652 18775 1144 874 712 540 167219 162858 292 4361 952 17631 835 1548 1368 896 379 3409 212 180 10877 2811 8066 250 3321 162566 28983 8078
is_linear=0
shrinkage=0.06


Tree=214
num_leaves=31
num_cat=0
split_feature=2 23 23 24 24 20 23 24 24 20 17 27 24 21 17 17 21 24 17 25 25 24 16 24 0 0 20 0 25 24
split_gain=0.957537 1.66537 2.68438 2.27956 2.06309 2.00289 1.8572 2.04499 2.4802 4.79033 3.76127 3.70517 2.95347 1.9239 3.81902 4.05185 4.8857 3.99465 3.38967 8.72737 4.61997 12.9605 10.6189 3.33451 6.52978 8.69562 4.57185 4.74107 4.97172 3.55245
threshold=4.5000000000000009 0.61584648489952099 1.1887561678886416 2154.069702148438 8678.9863281250018 3.5000000000000004 0.59309911727905285 13290.918945312502 12982.166992187502 2.5000000000000004 4.5000000000000009 10.132744312286379 13227.383789062502 0.11515184491872789 1.0000000180025095e-35 3.5000000000000004 0.057964274659752853 12332.306152343752 1.0000000180025095e-35 6.5000000000000009 10.500000000000002 10318.560058593752 10.500000000000002 6609.9169921875009 10.024745941162111 15.236494541168215 1.5000000000000002 48.56915473937989 5.5000000000000009 10833.450195312502
decision_type=2 2 2 2 2 2 2 2 2 2 2 2 2 2 2 2 2 2 2 2 2 2 2 2 2 2 2 2 2 2
left_child=-1 6 4 -4 -3 -6 7 8 13 10 -10 -11 -13 14 -2 17 -17 -16 19 23 -21 -22 -23 24 -15 -26 27 28 -25 -28
right_child=1 2 3 -5 5 -7 -8 -9 9 11 -12 12 -14 18 15 16 -18 -19 -20 20 21 22 -24 26 25 -27 29 -29 -30 -31
leaf_value=-5.1112164268219783e-05 -0.14920449313523662 0.015507138564649938 -0.11861018442924018 -0.013373451349921319 -0.11946459038981258 0.005169464519566621 0.062353196545927185 -0.017851666834227852 -0.13465534545921173 0.70299984653393044 0.086143541595974052 0.29451347776036729 -0.091551339154224365 0.14362217823367554 0.06345683457830964 -0.093798682220533253 0.051792373348351059 0.81741776437135194 -0.011934937158826034 -0.15384902969916664 -0.059901079083665695 3.9198204515969564 1.1939144935821007 -0.14025761120046815 1.8756217785784559 0.43149213576271506 0.10728156931794113 0.55045982880884481 1.105668264097537 1.024681867726341
leaf_weight=117973 591 374 308 23916 1388 423 147 18495 293 144 205 165 131 476 1236 736 949 225 26153 1135 554 95 124 795 105 85 650 99 150 299
leaf_count=117973 591 374 308 23916 1388 423 147 18495 293 144 205 165 131 476 1236 736 949 225 26153 1135 554 95 124 795 105 85 650 99 150 299
internal_value=-0.000113065 -0.000272681 -0.000663184 -0.000481507 -0.00267735 -0.00351519 -8.18342e-05 -0.000100206 0.000166971 0.00321109 -0.000819279 0.00777273 0.00393243 8.41034e-05 0.00136955 0.00220089 0.000195844 0.00451335 -7.22671e-05 0.00143595 -0.00166038 0.0019172 0.014274 0.00365776 0.00733333 0.0167368 0.0024295 -0.000310346 -0.00161905 0.00544362
internal_weight=198419 80446 26409 24224 2185 1811 54037 53890 35395 938 498 440 296 34457 3737 3146 1685 1461 30720 4567 1908 773 219 2659 666 190 1993 1044 945 949
internal_count=198419 80446 26409 24224 2185 1811 54037 53890 35395 938 498 440 296 34457 3737 3146 1685 1461 30720 4567 1908 773 219 2659 666 190 1993 1044 945 949
is_linear=0
shrinkage=0.06


Tree=215
num_leaves=31
num_cat=0
split_feature=6 0 21 21 24 16 25 24 24 16 17 21 24 2 23 24 21 24 21 16 21 20 21 23 23 23 16 25 24 11
split_gain=1.06623 1.48948 1.43904 5.93752 4.34932 9.41313 5.08202 4.05203 2.26626 2.29952 2.06328 2.19904 1.96781 2.38251 1.8099 1.78105 3.49994 2.53904 3.85356 9.00862 10.6664 5.57541 8.70255 2.44683 2.40506 4.00396 9.04688 2.36264 1.86339 1.71048
threshold=18.44999980926514 10.311299324035646 0.28355067968368536 0.27524790167808538 12375.156250000002 14.500000000000002 5.5000000000000009 8285.8154296875018 1429.7474365234377 15.500000000000002 1.5000000000000002 0.033042430877685554 15682.521484375002 5.5000000000000009 3.8000164031982426 6952.7482910156259 0.080220658332109465 9509.2387695312518 0.2010445445775986 14.500000000000002 0.2516866028308869 1.0000000180025095e-35 0.26112917065620428 11.100895881652834 5.6679339408874521 7.8740422725677499 14.500000000000002 6.5000000000000009 8496.8959960937518 0.52475640177726757
decision_type=2 2 2 2 2 2 2 2 2 2 2 2 2 2 2 2 2 2 2 2 2 2 2 2 2 2 2 2 2 2
left_child=-1 2 3 10 5 -5 -6 -7 9 -4 11 -2 14 -14 29 16 -12 18 -17 20 27 22 -21 -18 -19 26 -26 -20 -22 -13
right_child=1 -3 8 4 6 7 -8 -9 -10 -11 15 12 13 -15 -16 17 23 24 19 21 28 -23 -24 -25 25 -27 -28 -29 -30 -31
leaf_value=-0.00057770816084811577 0.79278554598452122 -0.022265396493173498 0.0029925436437348374 -0.16395115134047195 0.57826033230107832 0.70418094311984492 -0.057951876871494279 0.9283901550381457 -0.017941708932421332 0.57446339278044678 0.39353742592816515 -0.052728769394848843 0.61592815924315836 0.00073029690174281059 -0.1020779654440066 0.01517917242851816 -0.075428267112611136 -0.006440143253080695 0.86742758069593551 -0.11152936294245039 -0.053995221749162006 -0.09398126958702431 0.72154055085642788 1.0516854406662786 0.98685702018973054 0.018209532179191208 -0.027271341419059437 2.7136104033406978 0.54299732623826047 0.058497311031977937
leaf_weight=139949 106 17588 245 117 170 83 308 89 21598 157 108 3084 121 657 927 2015 1390 6809 80 109 127 399 83 104 147 1098 200 81 105 365
leaf_count=139949 106 17588 245 117 170 83 308 89 21598 157 108 3084 121 657 927 2015 1390 6809 80 109 127 399 83 104 147 1098 200 81 105 365
internal_value=-0.000117299 -0.00033248 -0.00013385 0.000250396 0.00542112 0.0112318 0.00190795 0.0201628 -0.000463638 0.004 3.14642e-05 -0.000969583 -0.00114552 0.00163496 -0.00163986 0.000441072 -0.00143071 0.000707543 0.00220273 0.00528049 0.0123206 0.000598983 0.009 -0.00218474 0.000164283 0.00238754 0.00800576 0.0241863 0.00408621 -0.00100725
internal_weight=198419 58470 40882 18882 767 289 478 172 22000 402 18115 5260 5154 778 4376 12855 1602 11253 2999 984 393 591 192 1494 8254 1445 347 161 232 3449
internal_count=198419 58470 40882 18882 767 289 478 172 22000 402 18115 5260 5154 778 4376 12855 1602 11253 2999 984 393 591 192 1494 8254 1445 347 161 232 3449
is_linear=0
shrinkage=0.06


Tree=216
num_leaves=31
num_cat=0
split_feature=6 0 5 11 24 24 2 21 0 24 26 19 26 0 27 11 18 17 11 11 21 21 21 0 21 24 25 24 24 21
split_gain=1.19108 1.29979 1.49088 1.29433 2.47043 2.15189 2.11047 1.65822 1.63914 1.87553 1.70594 1.58669 1.73779 1.75762 1.44035 1.57636 1.18946 1.16425 1.16252 1.65837 1.10717 3.7971 2.23482 1.4419 2.16919 1.60109 1.29023 1.05193 2.06825 4.71512
threshold=18.44999980926514 5.7859416007995614 11.500000000000002 0.51942425966262828 6952.7482910156259 8496.8959960937518 8.5000000000000018 0.025386525318026546 25.3781270980835 11020.954589843752 17.748250007629398 90.816707611083999 9.2247304916381854 6.5752253532409677 10.94658946990967 0.65231239795684826 -2.2308253049850459 1.5000000000000002 0.66671738028526317 0.61135971546173107 0.32230302691459661 0.3180158287286759 0.35974368453025823 0.080422416329383864 0.42025896906852728 9738.5117187500018 10.500000000000002 7676.5393066406259 7850.5581054687509 0.28175266087055212
decision_type=2 2 2 2 2 2 2 2 2 2 2 8 2 2 2 2 2 2 2 2 2 2 2 2 2 2 2 2 2 2
left_child=-1 2 27 7 -5 6 17 -3 11 -10 -11 16 -13 -14 -15 -16 -7 -6 19 20 21 -4 26 24 -24 -26 -22 -2 29 -29
right_child=1 3 18 4 5 8 -8 -9 9 10 -12 12 13 14 15 -17 -18 -19 -20 -21 22 -23 23 -25 25 -27 -28 28 -30 -31
leaf_value=-0.00054304567119726728 -0.018167629289408557 0.74521841917606479 -0.0031231124698927501 -0.10202884736031494 0.093034666007637615 0.10477677437274369 0.13512056966993749 -0.025031057979742522 -0.0053834457362211948 0.053347273780113925 0.4103413467512303 -0.056436460203739734 -0.13243557375469828 0.035587286112312905 0.28481951942419437 0.14058976062667713 -0.032837602329174584 -0.025098614008724589 -0.086104312504503552 0.34829367400320088 -0.11559921891181361 1.280448484361026 0.32750785198230598 -0.031690166738041869 0.36722601262647298 -0.085888182862444123 0.12060011906907711 -0.066209745257623201 0.012790945751560402 0.94790959662848051
leaf_weight=139949 2403 96 7274 464 107 118 107 27900 240 173 132 204 84 171 112 145 1635 124 523 80 760 140 124 4443 97 201 121 96 10307 89
leaf_count=139949 2403 96 7274 464 107 118 107 27900 240 173 132 204 84 171 112 145 1635 124 523 80 760 140 124 4443 97 201 121 96 10307 89
internal_value=-0.000119415 -0.000346846 -3.78137e-05 -0.000605811 0.000430816 0.000998805 0.00553846 -0.000747108 0.000489713 0.00346789 0.00659016 -0.000167681 0.00221229 0.00407812 0.00563551 0.00847471 -0.00113976 0.00231169 -0.000472137 -0.000362539 -0.000414895 6.95966e-05 -0.00104003 -0.000536487 0.00281516 4.0267e-05 -0.00382066 0.000425745 0.000685092 0.00697297
internal_weight=198419 58470 26658 31812 3816 3352 338 27996 3014 545 305 2469 716 512 428 257 1753 231 13763 13240 13160 7414 5746 4865 422 298 881 12895 10492 185
internal_count=198419 58470 26658 31812 3816 3352 338 27996 3014 545 305 2469 716 512 428 257 1753 231 13763 13240 13160 7414 5746 4865 422 298 881 12895 10492 185
is_linear=0
shrinkage=0.06


Tree=217
num_leaves=31
num_cat=0
split_feature=6 14 25 7 0 1 7 23 24 16 24 24 0 21 24 25 0 17 24 24 17 27 21 23 0 25 0 25 11 24
split_gain=1.34151 1.3571 1.70139 2.15459 1.56001 1.46252 2.31473 1.26179 2.05005 2.82467 1.49162 1.97372 4.43934 3.05047 1.18062 1.10588 2.68011 8.85532 2.23987 3.14994 3.93722 7.71394 1.84231 3.85559 1.508 1.94097 1.52286 1.44984 1.38024 1.69721
threshold=18.44999980926514 1.0000000180025095e-35 5.5000000000000009 3.5000000000000004 11.440140247344972 237.50000000000003 2.5000000000000004 19.41494178771973 10965.451660156252 9.5000000000000018 14615.934570312502 15072.989746093752 22.482932090759281 0.37659685313701635 12762.763671875002 8.5000000000000018 65.666522979736342 5.5000000000000009 7303.7951660156259 6135.1196289062509 1.5000000000000002 12.417477607727053 0.49900193512439733 6.2878470420837411 72.193359375000014 6.5000000000000009 69.17972564697267 3.5000000000000004 0.406288892030716 2039.013854980469
decision_type=2 2 2 2 2 2 2 2 2 2 2 2 2 2 2 2 2 2 2 2 2 2 2 2 2 2 2 2 2 2
left_child=-1 4 -3 5 -2 6 -4 10 -9 -10 15 12 13 -12 -11 16 18 24 19 -6 21 -21 27 -24 26 -26 -18 -22 29 -17
right_child=1 2 3 -5 7 -7 -8 8 9 14 11 -13 -14 -15 -16 28 17 -19 -20 20 22 -23 23 -25 25 -27 -28 -29 -30 -31
leaf_value=-0.00051046293092544691 -0.0065942421017975515 -0.026022870651365992 -0.1083806680861216 0.21117613756917536 -0.1535294203512379 -0.058974576810234283 0.27057050803656396 -0.096113626550030404 0.23721370339511255 0.088788244891542245 0.72794212285337745 -0.017155273759270142 -0.078900125328972975 0.011557702735406374 -0.058241964934758562 0.20897877282018307 0.0075794525705564567 0.53981198175308365 -0.071404683924158927 -0.13701011712094585 0.42237351505142151 2.7812563400807075 -0.064794620775518091 0.62606317247024801 -0.053767415451741019 0.040776036878594414 0.22122705716724247 -0.08322030260132432 0.0063182699589309924 -0.12949176802208287
leaf_weight=139949 42648 582 90 353 353 276 140 190 152 90 160 3513 207 112 183 158 124 103 4267 94 131 81 84 86 575 168 82 340 557 2571
leaf_count=139949 42648 582 90 353 353 276 140 190 152 90 160 3513 207 112 183 158 124 103 4267 94 131 81 84 86 575 168 82 340 557 2571
internal_value=-0.000123951 -0.000365317 0.00145316 0.00315017 -0.000411266 0.000640315 0.00417391 -0.000951674 0.00170732 0.00402353 -0.00107046 -9.31878e-05 0.00351983 0.00855882 0.000373625 -0.00146961 -0.00101541 0.00175665 -0.00155188 0.00077502 0.00282353 0.0108 0.000645864 0.006 -5.69034e-05 -0.00131629 0.00448544 -0.00128663 -0.0023664 -0.00292195
internal_weight=198419 58470 1441 859 57029 506 230 14381 615 425 13766 3992 479 272 273 9774 6488 1052 5436 1169 816 175 641 170 949 743 206 471 3286 2729
internal_count=198419 58470 1441 859 57029 506 230 14381 615 425 13766 3992 479 272 273 9774 6488 1052 5436 1169 816 175 641 170 949 743 206 471 3286 2729
is_linear=0
shrinkage=0.06


Tree=218
num_leaves=31
num_cat=0
split_feature=6 0 23 0 18 21 21 24 16 24 16 17 23 24 21 0 21 24 16 21 21 21 25 0 24 21 20 23 17 21
split_gain=1.30029 1.23872 1.29631 1.74837 2.18416 1.14819 5.00852 4.05308 8.75506 3.78168 2.98709 1.85885 2.31411 2.13769 2.92081 1.99233 2.15574 1.9397 2.84429 6.17328 7.82563 2.72636 2.44421 2.29489 2.21425 1.9253 10.6897 1.8007 1.79549 2.77432
threshold=18.44999980926514 11.101244926452638 19.41494178771973 18.613037109375004 0.030246540904045108 0.28355067968368536 0.27524790167808538 12375.156250000002 14.500000000000002 8285.8154296875018 14.500000000000002 1.5000000000000002 0.70826485753059398 6952.7482910156259 0.057964274659752853 9.3691916465759295 0.14853189885616305 9509.2387695312518 14.500000000000002 0.2010445445775986 0.25364501774311071 0.07383566722273828 6.5000000000000009 3.6477588415145878 8496.8959960937518 0.26112917065620428 1.0000000180025095e-35 11.868320941925051 5.5000000000000009 0.15502387285232547
decision_type=2 2 2 2 2 2 2 2 2 2 2 2 2 2 2 2 2 2 2 2 2 2 2 2 2 2 2 2 2 2
left_child=-1 5 -3 -4 -5 6 11 8 -8 -10 -9 12 15 14 -13 -2 -17 18 19 21 22 23 -21 -15 -22 27 -27 -20 -19 -30
right_child=1 2 3 4 -6 -7 7 10 9 -11 -12 13 -14 17 -16 16 -18 28 25 20 24 -23 -24 -25 -26 26 -28 -29 29 -31
leaf_value=-0.00047983515506989737 -0.020140697290101268 -0.025230893433671513 -0.041110253120025371 0.30315898215085901 0.012204384128352773 -0.016258645438910778 -0.16183687912967054 0.61897980163008037 0.66269366377354089 0.87353267959839487 -0.038886239559857622 0.54936283344306303 -0.06473764491283393 0.24263598436734712 -0.05830592189090935 0.94221855926212406 0.00079416921063292121 -0.0049236800646777221 -0.020099367822256551 0.80086156550430398 -0.10618264727173649 -0.017763861217496572 2.5513768204145579 -0.0305075944345502 0.51140727095240557 0.68014563580993459 -0.20086623638484646 0.50054792741342125 0.23747771119149025 -0.010192694896464067
leaf_weight=139949 3561 15360 311 123 247 22944 120 159 83 89 342 82 1658 101 1583 96 126 6982 1530 100 111 601 81 80 105 83 157 129 700 826
leaf_count=139949 3561 15360 311 123 247 22944 120 159 83 89 342 82 1658 101 1583 96 126 6982 1530 100 111 601 81 80 105 83 157 129 700 826
internal_value=-0.000121532 -0.00035916 -0.000808305 0.0017533 0.00454054 -0.000189353 0.000149344 0.00481967 0.0104384 0.0191163 0.00154491 -4.87924e-05 -0.000982541 0.000334615 -0.00167568 -0.000163364 0.00535135 0.00062351 0.00191423 0.00422901 0.0103224 0.00113555 0.0195249 0.00759116 0.00261111 0.000477092 0.0055 -0.000249549 0.000156557 0.00202097
internal_weight=198419 58470 16041 681 370 42429 19485 793 292 172 501 18692 5441 13251 1665 3783 222 11586 3078 1179 397 782 181 181 216 1899 240 1659 8508 1526
internal_count=198419 58470 16041 681 370 42429 19485 793 292 172 501 18692 5441 13251 1665 3783 222 11586 3078 1179 397 782 181 181 216 1899 240 1659 8508 1526
is_linear=0
shrinkage=0.06


Tree=219
num_leaves=31
num_cat=0
split_feature=6 0 24 25 20 17 24 23 25 25 21 11 24 23 18 0 0 27 17 19 24 24 19 26 26 18 25 24 24 23
split_gain=1.38143 1.14339 1.4258 2.72586 2.48517 2.52323 2.2754 1.65817 5.17666 1.63976 2.42476 2.04843 1.50744 2.45668 2.29422 2.22951 2.10629 1.73069 1.56284 1.55873 1.80793 2.07708 1.75331 1.59768 1.54281 1.39735 1.3482 1.34646 1.78411 1.36306
threshold=18.44999980926514 4.3925654888153085 15682.521484375002 3.5000000000000004 3.5000000000000004 1.5000000000000002 16180.004882812502 1.3482347726821902 7.5000000000000009 2.5000000000000004 0.066865954548120513 0.26825551688671118 11093.187011718752 0.35717251896858221 0.15346053242683413 1.2789404988288882 3.3994415998458867 3.6313614845275883 1.5000000000000002 74.995918273925795 7791.9338378906259 9248.4008789062518 62.001625061035163 23.610293388366703 28.332122802734379 1.5524575710296633 4.5000000000000009 11817.410156250002 13323.810058593752 0.61584648489952099
decision_type=2 2 2 2 2 2 2 2 2 2 2 2 2 2 2 2 2 2 2 10 2 2 10 2 2 2 2 2 2 2
left_child=-1 2 9 4 5 -4 -6 -5 -9 10 -2 12 13 14 15 24 27 -18 26 22 -21 -22 23 25 -11 -16 -17 -14 -29 -30
right_child=1 -3 3 7 6 -7 -8 8 -10 11 -12 -13 16 -15 19 18 17 -19 -20 20 21 -23 -24 -25 -26 -27 -28 28 29 -31
leaf_value=-0.00045104504576573665 0.4583126379318091 -0.017302117710150902 0.19978549573759058 -0.013880440661910543 0.69953653361745216 0.0015082864128817606 0.019350827185873887 0.61240619119925566 -0.0010069559821984293 0.10727799588375832 -0.051810000464372542 -0.042100740012324833 -0.095893539407688952 -0.028039291066412439 0.88951527826150578 0.10790572163486728 0.92336963635507541 0.039261811039926396 0.02289765785825389 0.074536259817598816 0.88808378261994569 0.33396181550014198 -0.063044604916449351 -0.039332786007988896 -0.074326002298294572 0.050119905765522721 -0.12679647627884372 0.043101802154346371 -0.078926159382951125 0.013458055511065662
leaf_weight=139949 150 37664 140 1941 91 462 88 173 616 1531 3094 1872 734 2104 129 157 102 1071 1551 111 82 96 192 99 196 108 456 1510 1215 735
leaf_count=139949 150 37664 140 1941 91 462 88 173 616 1531 3094 1872 734 2104 129 157 102 1071 1551 111 82 96 192 99 196 108 456 1510 1215 735
internal_value=-0.000122439 -0.000367369 -1.03831e-05 0.001092 0.00421767 0.00237209 0.0104246 0.000197801 0.00251711 -0.000234173 -0.00145006 4.65433e-05 0.000330568 0.000923075 0.00168479 0.00107787 -0.000421466 0.00182609 -0.000205177 0.00457527 0.00811765 0.0118652 0.00263636 0.00525 0.00268558 0.00792405 -0.00276999 -0.00105007 -0.000554915 -0.00175385
internal_weight=198419 58470 20806 3511 781 602 179 2730 789 17295 3244 14051 12179 6812 4708 3891 5367 1173 2164 817 289 178 528 336 1727 237 613 4194 3460 1950
internal_count=198419 58470 20806 3511 781 602 179 2730 789 17295 3244 14051 12179 6812 4708 3891 5367 1173 2164 817 289 178 528 336 1727 237 613 4194 3460 1950
is_linear=0
shrinkage=0.06


end of trees

feature_importances:
junction_occupancy=902
visibility_m=879
current_delay=871
rain_mm=637
condition_severity=491
month=415
hour=341
weekday=292
trains_ahead=224
remaining_stops=182
report_latency_seconds=160
block_count=155
scheduled_minutes=152
average_section_speed=143
gps_age_seconds=140
remaining_km=125
delay_trend=122
recovery_minutes=91
junctions=90
scheduled_halt_minutes=75
scheduled_running_minutes=66
congestion_count=25
priority=22

parameters:
[boosting: gbdt]
[objective: quantile]
[metric: quantile]
[tree_learner: serial]
[device_type: cpu]
[data_sample_strategy: bagging]
[data: ]
[valid: ]
[num_iterations: 220]
[learning_rate: 0.06]
[num_leaves: 31]
[num_threads: 2]
[seed: 26028]
[deterministic: 1]
[force_col_wise: 1]
[force_row_wise: 0]
[histogram_pool_size: -1]
[max_depth: -1]
[min_data_in_leaf: 80]
[min_sum_hessian_in_leaf: 0.001]
[bagging_fraction: 1]
[pos_bagging_fraction: 1]
[neg_bagging_fraction: 1]
[bagging_freq: 0]
[bagging_seed: 26825]
[bagging_by_query: 0]
[feature_fraction: 1]
[feature_fraction_bynode: 1]
[feature_fraction_seed: 27583]
[extra_trees: 0]
[extra_seed: 13330]
[early_stopping_round: 0]
[early_stopping_min_delta: 0]
[first_metric_only: 0]
[max_delta_step: 0]
[lambda_l1: 0]
[lambda_l2: 0]
[linear_lambda: 0]
[min_gain_to_split: 0]
[drop_rate: 0.1]
[max_drop: 50]
[skip_drop: 0.5]
[xgboost_dart_mode: 0]
[uniform_drop: 0]
[drop_seed: 11973]
[top_rate: 0.2]
[other_rate: 0.1]
[min_data_per_group: 100]
[max_cat_threshold: 32]
[cat_l2: 10]
[cat_smooth: 10]
[max_cat_to_onehot: 4]
[top_k: 20]
[monotone_constraints: ]
[monotone_constraints_method: basic]
[monotone_penalty: 0]
[feature_contri: ]
[forcedsplits_filename: ]
[refit_decay_rate: 0.9]
[cegb_tradeoff: 1]
[cegb_penalty_split: 0]
[cegb_penalty_feature_lazy: ]
[cegb_penalty_feature_coupled: ]
[path_smooth: 0]
[interaction_constraints: ]
[verbosity: -1]
[saved_feature_importance_type: 0]
[use_quantized_grad: 0]
[num_grad_quant_bins: 4]
[quant_train_renew_leaf: 0]
[stochastic_rounding: 1]
[linear_tree: 0]
[max_bin: 255]
[max_bin_by_feature: ]
[min_data_in_bin: 3]
[bin_construct_sample_cnt: 200000]
[data_random_seed: 19499]
[is_enable_sparse: 1]
[enable_bundle: 1]
[use_missing: 1]
[zero_as_missing: 0]
[feature_pre_filter: 1]
[pre_partition: 0]
[two_round: 0]
[header: 0]
[label_column: ]
[weight_column: ]
[group_column: ]
[ignore_column: ]
[categorical_feature: ]
[forcedbins_filename: ]
[precise_float_parser: 0]
[parser_config_file: ]
[objective_seed: 8374]
[num_class: 1]
[is_unbalance: 0]
[scale_pos_weight: 1]
[sigmoid: 1]
[boost_from_average: 1]
[reg_sqrt: 0]
[alpha: 0.9]
[fair_c: 1]
[poisson_max_delta_step: 0.7]
[tweedie_variance_power: 1.5]
[lambdarank_truncation_level: 30]
[lambdarank_norm: 1]
[label_gain: ]
[lambdarank_position_bias_regularization: 0]
[eval_at: ]
[multi_error_top_k: 1]
[auc_mu_weights: ]
[num_machines: 1]
[local_listen_port: 12400]
[time_out: 120]
[machine_list_filename: ]
[machines: ]
[gpu_platform_id: -1]
[gpu_device_id: -1]
[gpu_device_id_list: ]
[gpu_use_dp: 0]
[num_gpu: 1]

end of parameters

pandas_categorical:null
