tree
version=v4
num_class=1
num_tree_per_iteration=1
label_index=0
max_feature_idx=2
objective=quantile
feature_names=station_code service_type junction_in_station_name
feature_infos=-1:257:97:82:156:245:70:208:222:4:171:191:277:299:2:8:16:29:68:99:103:142:144:284:321:357:369:19:37:40:50:88:90:118:135:164:175:183:189:204:219:226:260:263:265:279:289:309:319:355:358:385:388:390:392:395:17:43:44:47:52:62:65:74:77:79:93:96:104:108:123:125:139:187:206:218:225:229:230:231:233:240:253:254:300:301:311:320:327:328:331:351:361:362:365:368:370:383:387:391:393 -1:1:4:5:0:6:3:2:7 [0:1]
tree_sizes=698 566 659 659 659 651 641 655 655 655 656 569 660 661 660 729 729 732 729 730 731 732 732 816 815 816 733 735 644 731 734 734 733 734 585 586 584 586 586 586 585 586 585 585 748 586 585 585 479 478 587 984 816 984 815 641 984 816 817 986 815 817 641 987 817 834 836 837 837 833 835 837 837 835 835 837 837 824 825 826 825 829 828 828 829 829 829 830 829 830 829 827 830 830 830 830 830 831 831 831 831 830 1013 1015 1015 1017 1018 1017 1018 1017 1018 1018 1018 1018 1017 1019 1019 1019 1017 865 1018 1017 1017 1019 1018 1019 1017 1020 1017 1019 1019 1020 1016 1018 1020 1019 928 928 928 927 928 929 929 927 928 927 928 929 927 927

Tree=0
num_leaves=7
num_cat=3
split_feature=1 1 1 2 2 2
split_gain=4.92646 1.23758 0.143468 0.0430199 0.0189939 0.000592928
threshold=0 1 2 1.0000000180025095e-35 1.0000000180025095e-35 1.0000000180025095e-35
decision_type=9 9 9 2 2 2
left_child=1 -1 4 -4 -3 -2
right_child=5 2 3 -5 -6 -7
leaf_value=8.5199999999999996 7.7599999999999998 8.0360000184178357 8.0240000039339066 7.9199999999999999 8 7.8799999999999999
leaf_weight=161 93 310 23 31 131 56
leaf_count=161 93 310 23 31 131 56
internal_value=7.99903 8.00057 7.99957 7.99782 7.99983 7.99277
internal_weight=805 656 495 54 441 149
internal_count=805 656 495 54 441 149
cat_boundaries=0 1 2 3
cat_threshold=23 20 2
is_linear=0
shrinkage=1


Tree=1
num_leaves=5
num_cat=3
split_feature=1 1 1 2
split_gain=3.32849 1.0603 0.0649393 0.00740931
threshold=0 1 2 1.0000000180025095e-35
decision_type=9 9 9 2
left_child=1 -1 -2 -3
right_child=2 3 -4 -5
leaf_value=0.49920000000000003 -0.076799999999999993 0.00076800470781360208 -0.23039999999999999 0
leaf_weight=161 54 323 132 135
leaf_count=161 54 323 132 135
internal_value=-0.000619579 0.00081775 -0.00513131 -0.000187234
internal_weight=805 619 186 458
internal_count=805 619 186 458
cat_boundaries=0 1 2 3
cat_threshold=150 20 1
is_linear=0
shrinkage=0.04


Tree=2
num_leaves=6
num_cat=3
split_feature=1 1 1 2 2
split_gain=3.23927 1.22984 0.0915267 0.0761507 0.00740931
threshold=0 1 2 1.0000000180025095e-35 1.0000000180025095e-35
decision_type=9 9 9 2 2
left_child=-1 -2 4 -4 -3
right_child=1 2 3 -5 -6
leaf_value=-0.22118399999999999 0.47923200000000005 0.00073728451950105908 -0.077887992408752424 -0.073727999999999988 0
leaf_weight=127 161 323 27 32 135
leaf_count=127 161 323 27 32 135
internal_value=-0.000570012 0.000568116 -0.000400756 -0.00174648 -0.000187234
internal_weight=805 678 517 59 458
internal_count=805 678 517 59 458
cat_boundaries=0 1 2 3
cat_threshold=104 20 130
is_linear=0
shrinkage=0.04


Tree=3
num_leaves=6
num_cat=3
split_feature=1 1 1 2 2
split_gain=3.23927 1.22984 0.0915267 0.0761507 0.00740931
threshold=0 1 2 1.0000000180025095e-35 1.0000000180025095e-35
decision_type=9 9 9 2 2
left_child=-1 -2 4 -4 -3
right_child=1 2 3 -5 -6
leaf_value=-0.21233663999999997 0.46006272000000004 0.00070779313872103679 -0.074772472712402338 -0.070778879999999975 0
leaf_weight=127 161 323 27 32 135
leaf_count=127 161 323 27 32 135
internal_value=-0.000570012 0.000568116 -0.000400756 -0.00174648 -0.000187234
internal_weight=805 678 517 59 458
internal_count=805 678 517 59 458
cat_boundaries=0 1 2 3
cat_threshold=104 20 130
is_linear=0
shrinkage=0.04


Tree=4
num_leaves=6
num_cat=3
split_feature=1 1 1 2 2
split_gain=3.23927 1.22984 0.0915267 0.0761507 0.00740931
threshold=0 1 2 1.0000000180025095e-35 1.0000000180025095e-35
decision_type=9 9 9 2 2
left_child=-1 -2 4 -4 -3
right_child=1 2 3 -5 -6
leaf_value=-0.20384317439999997 0.44166021120000004 0.00067948141317219048 -0.071781573803906262 -0.067947724799999984 0
leaf_weight=127 161 323 27 32 135
leaf_count=127 161 323 27 32 135
internal_value=-0.000570012 0.000568116 -0.000400756 -0.00174648 -0.000187234
internal_weight=805 678 517 59 458
internal_count=805 678 517 59 458
cat_boundaries=0 1 2 3
cat_threshold=104 20 130
is_linear=0
shrinkage=0.04


Tree=5
num_leaves=6
num_cat=3
split_feature=1 1 1 2 2
split_gain=2.11218 1.0603 0.076202 0.101098 0.00740931
threshold=0 1 2 1.0000000180025095e-35 1.0000000180025095e-35
decision_type=9 9 9 2 2
left_child=1 -1 -2 -4 -3
right_child=2 4 3 -5 -6
leaf_value=0.42399380275200005 -0.18368944486100022 0.00065230215664529797 -0.19365570803948282 -0.09248944343048876 0
leaf_weight=161 44 323 74 68 135
leaf_count=161 44 323 74 68 135
internal_value=-0.000322181 0.00081775 -0.00391919 -0.00280519 -0.000187234
internal_weight=805 619 186 142 458
internal_count=805 619 186 142 458
cat_boundaries=0 1 2 3
cat_threshold=150 20 72
is_linear=0
shrinkage=0.04


Tree=6
num_leaves=6
num_cat=4
split_feature=1 1 2 1 1
split_gain=1.87849 0.970406 0.070873 0.0956494 0.00357434
threshold=0 1 1.0000000180025095e-35 2 3
decision_type=9 9 2 9 9
left_child=-1 2 4 -4 -2
right_child=1 -3 3 -5 -6
leaf_value=0.40703405064192005 0.042835913655132035 -0.18794321910242065 -0.061530238070780466 0 0.00062621007037949258
leaf_weight=161 23 132 31 135 323
leaf_count=161 23 132 31 135 323
internal_value=-0.000223048 -0.00119512 -0.000366412 -0.00104762 -4.59769e-05
internal_weight=805 644 512 166 346
internal_count=805 644 512 166 346
cat_boundaries=0 1 2 3 4
cat_threshold=20 131 1 1
is_linear=0
shrinkage=0.04


Tree=7
num_leaves=6
num_cat=3
split_feature=1 1 1 2 2
split_gain=1.86347 0.976815 0.067235 0.137734 0.00365645
threshold=0 1 2 1.0000000180025095e-35 1.0000000180025095e-35
decision_type=9 9 9 2 2
left_child=-1 2 3 -2 -4
right_child=1 -3 4 -5 -6
leaf_value=0.59075268861624319 0.041122477108926747 -0.18042549033832384 -0.0016068437769627053 -0.059069028547949251 0
leaf_weight=143 23 132 339 31 137
leaf_count=143 23 132 339 31 137
internal_value=-0.000272614 -0.00117507 -0.000369004 -0.00157576 -0.000196721
internal_weight=805 662 530 54 476
internal_count=805 662 530 54 476
cat_boundaries=0 1 2 3
cat_threshold=16 135 1
is_linear=0
shrinkage=0.04


Tree=8
num_leaves=6
num_cat=3
split_feature=1 1 1 2 2
split_gain=1.86347 0.976815 0.067235 0.137734 0.00365645
threshold=0 1 2 1.0000000180025095e-35 1.0000000180025095e-35
decision_type=9 9 9 2 2
left_child=-1 2 3 -2 -4
right_child=1 -3 4 -5 -6
leaf_value=0.56712258107159352 0.039477578024569658 -0.17320847072479087 -0.0015425700258842312 -0.056706267406031297 0
leaf_weight=143 23 132 339 31 137
leaf_count=143 23 132 339 31 137
internal_value=-0.000272614 -0.00117507 -0.000369004 -0.00157576 -0.000196721
internal_weight=805 662 530 54 476
internal_count=805 662 530 54 476
cat_boundaries=0 1 2 3
cat_threshold=16 135 1
is_linear=0
shrinkage=0.04


Tree=9
num_leaves=6
num_cat=3
split_feature=1 1 1 2 2
split_gain=1.67053 0.976815 0.067235 0.137734 0.00365645
threshold=0 1 2 1.0000000180025095e-35 1.0000000180025095e-35
decision_type=9 9 9 2 2
left_child=-1 2 3 -2 -4
right_child=1 -3 4 -5 -6
leaf_value=0.54443767782872976 0.037898474903586887 -0.16628013189579924 -0.0014808672248488365 -0.054438016709790031 0
leaf_weight=143 23 132 339 31 137
leaf_count=143 23 132 339 31 137
internal_value=-0.000322181 -0.00117507 -0.000369004 -0.00157576 -0.000196721
internal_weight=805 662 530 54 476
internal_count=805 662 530 54 476
cat_boundaries=0 1 2 3
cat_threshold=16 135 1
is_linear=0
shrinkage=0.04


Tree=10
num_leaves=6
num_cat=3
split_feature=1 1 1 2 2
split_gain=1.67053 0.976815 0.067235 0.137734 0.00365645
threshold=0 1 2 1.0000000180025095e-35 1.0000000180025095e-35
decision_type=9 9 9 2 2
left_child=-1 2 3 -2 -4
right_child=1 -3 4 -5 -6
leaf_value=0.52266017071558057 0.036382535907443413 -0.15962892661996728 -0.0014216325358548687 -0.052260496041398423 0
leaf_weight=143 23 132 339 31 137
leaf_count=143 23 132 339 31 137
internal_value=-0.000322181 -0.00117507 -0.000369004 -0.00157576 -0.000196721
internal_weight=805 662 530 54 476
internal_count=805 662 530 54 476
cat_boundaries=0 1 2 3
cat_threshold=16 135 1
is_linear=0
shrinkage=0.04


Tree=11
num_leaves=5
num_cat=3
split_feature=1 1 2 1
split_gain=1.5448 0.634016 0.00365645 0.0259638
threshold=0 1 1.0000000180025095e-35 2
decision_type=9 9 2 9
left_child=-1 2 3 -2
right_child=1 -3 -4 -5
leaf_value=0.50175376388695736 0.034635251183414581 -0.13017007619974247 0 -0.045269133607272832
leaf_weight=143 310 186 137 29
leaf_count=143 310 186 137 29
internal_value=-0.000173482 -0.000997032 -0.000196721 -0.000129032
internal_weight=805 662 476 339
internal_count=805 662 476 339
cat_boundaries=0 1 2 3
cat_threshold=16 134 2
is_linear=0
shrinkage=0.04


Tree=12
num_leaves=6
num_cat=3
split_feature=1 1 2 2 1
split_gain=1.46342 0.458489 0.00667668 0.00365645 0.0259638
threshold=0 1 1.0000000180025095e-35 1.0000000180025095e-35 2
decision_type=9 9 2 2 9
left_child=-1 3 -3 4 -2
right_child=1 2 -4 -5 -6
leaf_value=0.48168361333147902 0.033249841136077977 -0.1480369665071789 -0.044963273151752789 0 -0.043458368262981946
leaf_weight=143 310 103 83 137 29
leaf_count=143 310 103 83 137 29
internal_value=-7.43493e-05 -0.000878338 -0.00250505 -0.000196721 -0.000129032
internal_weight=805 662 186 476 339
internal_count=805 662 186 476 339
cat_boundaries=0 1 2 3
cat_threshold=16 134 2
is_linear=0
shrinkage=0.04


Tree=13
num_leaves=6
num_cat=3
split_feature=1 1 2 2 1
split_gain=1.46342 0.458489 0.00667668 0.00365645 0.0259638
threshold=0 1 1.0000000180025095e-35 1.0000000180025095e-35 2
decision_type=9 9 2 2 9
left_child=-1 3 -3 4 -2
right_child=1 2 -4 -5 -6
leaf_value=0.46241626879821984 0.031919847490634867 -0.14211548784689174 -0.043164742225682673 0 -0.041720033532462661
leaf_weight=143 310 103 83 137 29
leaf_count=143 310 103 83 137 29
internal_value=-7.43493e-05 -0.000878338 -0.00250505 -0.000196721 -0.000129032
internal_weight=805 662 186 476 339
internal_count=805 662 186 476 339
cat_boundaries=0 1 2 3
cat_threshold=16 134 2
is_linear=0
shrinkage=0.04


Tree=14
num_leaves=6
num_cat=3
split_feature=1 1 2 2 1
split_gain=1.46342 0.458489 0.00667668 0.00365645 0.0259638
threshold=0 1 1.0000000180025095e-35 1.0000000180025095e-35 2
decision_type=9 9 2 2 9
left_child=-1 3 -3 4 -2
right_child=1 2 -4 -5 -6
leaf_value=0.44391961804629104 0.030643053591009491 -0.1364308683330161 -0.041438152536655365 0 -0.040051232191164181
leaf_weight=143 310 103 83 137 29
leaf_count=143 310 103 83 137 29
internal_value=-7.43493e-05 -0.000878338 -0.00250505 -0.000196721 -0.000129032
internal_weight=805 662 186 476 339
internal_count=805 662 186 476 339
cat_boundaries=0 1 2 3
cat_threshold=16 134 2
is_linear=0
shrinkage=0.04


Tree=15
num_leaves=7
num_cat=4
split_feature=1 1 2 2 1 1
split_gain=1.42347 0.409658 0.123771 0.0319183 0.0350605 0.0280148
threshold=0 1 1.0000000180025095e-35 1.0000000180025095e-35 2 3
decision_type=9 9 2 2 9 9
left_child=-1 3 -3 5 -5 -2
right_child=1 2 -4 4 -6 -7
leaf_value=0.42616283332443944 0.033241355908888194 -0.13101349860548056 -0.031336170092019847 -0.039780626435189141 0 -0.038449182903517613
leaf_weight=143 333 80 52 31 137 29
leaf_count=143 333 80 52 31 137 29
internal_value=-2.4783e-05 -0.000818991 -0.00272222 -0.000295203 -0.000752941 -8.79119e-05
internal_weight=805 662 132 530 168 362
internal_count=805 662 132 530 168 362
cat_boundaries=0 1 2 3 4
cat_threshold=16 135 1 3
is_linear=0
shrinkage=0.04


Tree=16
num_leaves=7
num_cat=4
split_feature=1 1 2 2 1 1
split_gain=1.42347 0.409658 0.123771 0.0319183 0.0350605 0.0280148
threshold=0 1 1.0000000180025095e-35 1.0000000180025095e-35 2 3
decision_type=9 9 2 2 9 9
left_child=-1 3 -3 5 -5 -2
right_child=1 2 -4 4 -6 -7
leaf_value=0.40911631999146181 0.031911701672532655 -0.12577295866126134 -0.030082723288339046 -0.038189401377781568 0 -0.036911215587376901
leaf_weight=143 333 80 52 31 137 29
leaf_count=143 333 80 52 31 137 29
internal_value=-2.4783e-05 -0.000818991 -0.00272222 -0.000295203 -0.000752941 -8.79119e-05
internal_weight=805 662 132 530 168 362
internal_count=805 662 132 530 168 362
cat_boundaries=0 1 2 3 4
cat_threshold=16 135 1 3
is_linear=0
shrinkage=0.04


Tree=17
num_leaves=7
num_cat=4
split_feature=1 1 2 2 1 1
split_gain=1.12546 0.408186 0.123771 0.0411759 0.0304501 0.00357434
threshold=0 1 1.0000000180025095e-35 1.0000000180025095e-35 2 3
decision_type=9 9 2 2 9 9
left_child=-1 3 -3 5 -5 -2
right_child=1 2 -4 4 -6 -7
leaf_value=0.35275166911762101 0.054591248123361961 -0.12074204031481089 -0.028879414356805494 -0.036661825322670295 0 -0.0034491136198457231
leaf_weight=161 23 80 52 31 135 323
leaf_count=161 23 80 52 31 135 323
internal_value=-7.43493e-05 -0.000829268 -0.00272222 -0.000290076 -0.000809524 -4.59769e-05
internal_weight=805 644 132 512 166 346
internal_count=805 644 132 512 166 346
cat_boundaries=0 1 2 3 4
cat_threshold=20 131 1 1
is_linear=0
shrinkage=0.04


Tree=18
num_leaves=7
num_cat=4
split_feature=1 1 2 2 1 1
split_gain=1.0641 0.320551 0.0796505 0.0319183 0.0350605 0.0280148
threshold=0 1 1.0000000180025095e-35 1.0000000180025095e-35 2 3
decision_type=9 9 2 2 9 9
left_child=-1 3 -3 5 -5 -2
right_child=1 2 -4 4 -6 -7
leaf_value=0.37864160042709855 0.028915907723188278 -0.11591235870221846 -0.02772423778253327 -0.035195352309763485 0 -0.046695228061161116
leaf_weight=143 333 80 52 31 137 29
leaf_count=143 333 80 52 31 137 29
internal_value=-7.43493e-05 -0.000759644 -0.00244444 -0.000295203 -0.000752941 -8.79119e-05
internal_weight=805 662 132 530 168 362
internal_count=805 662 132 530 168 362
cat_boundaries=0 1 2 3 4
cat_threshold=16 135 1 3
is_linear=0
shrinkage=0.04


Tree=19
num_leaves=7
num_cat=4
split_feature=1 1 2 2 1 1
split_gain=1.0641 0.320551 0.0796505 0.0319183 0.0350605 0.0280148
threshold=0 1 1.0000000180025095e-35 1.0000000180025095e-35 2 3
decision_type=9 9 2 2 9 9
left_child=-1 3 -3 5 -5 -2
right_child=1 2 -4 4 -6 -7
leaf_value=0.36349593641001465 0.027759271414260735 -0.11127586435412971 -0.026615268271231937 -0.033787538217372952 0 -0.044827418938714683
leaf_weight=143 333 80 52 31 137 29
leaf_count=143 333 80 52 31 137 29
internal_value=-7.43493e-05 -0.000759644 -0.00244444 -0.000295203 -0.000752941 -8.79119e-05
internal_weight=805 662 132 530 168 362
internal_count=805 662 132 530 168 362
cat_boundaries=0 1 2 3 4
cat_threshold=16 135 1 3
is_linear=0
shrinkage=0.04


Tree=20
num_leaves=7
num_cat=4
split_feature=1 1 2 2 1 1
split_gain=0.919793 0.320551 0.0796505 0.0319183 0.0350605 0.0280148
threshold=0 1 1.0000000180025095e-35 1.0000000180025095e-35 2 3
decision_type=9 9 2 2 9 9
left_child=-1 3 -3 5 -5 -2
right_child=1 2 -4 4 -6 -7
leaf_value=0.34895609895361401 0.02664890055769031 -0.10682482977996452 -0.025550657540382677 -0.032436036688678026 0 -0.043034322181166103
leaf_weight=143 333 80 52 31 137 29
leaf_count=143 333 80 52 31 137 29
internal_value=-0.000123916 -0.000759644 -0.00244444 -0.000295203 -0.000752941 -8.79119e-05
internal_weight=805 662 132 530 168 362
internal_count=805 662 132 530 168 362
cat_boundaries=0 1 2 3 4
cat_threshold=16 135 1 3
is_linear=0
shrinkage=0.04


Tree=21
num_leaves=7
num_cat=4
split_feature=1 1 2 2 1 1
split_gain=0.919793 0.320551 0.0796505 0.0319183 0.0350605 0.0280148
threshold=0 1 1.0000000180025095e-35 1.0000000180025095e-35 2 3
decision_type=9 9 2 2 9 9
left_child=-1 3 -3 5 -5 -2
right_child=1 2 -4 4 -6 -7
leaf_value=0.33499785499546947 0.025582944535382693 -0.10255183658876595 -0.024528631238767359 -0.031138595221130886 0 -0.041312949293919474
leaf_weight=143 333 80 52 31 137 29
leaf_count=143 333 80 52 31 137 29
internal_value=-0.000123916 -0.000759644 -0.00244444 -0.000295203 -0.000752941 -8.79119e-05
internal_weight=805 662 132 530 168 362
internal_count=805 662 132 530 168 362
cat_boundaries=0 1 2 3 4
cat_threshold=16 135 1 3
is_linear=0
shrinkage=0.04


Tree=22
num_leaves=7
num_cat=4
split_feature=1 1 2 2 1 1
split_gain=0.919793 0.320551 0.0796505 0.0319183 0.0350605 0.0280148
threshold=0 1 1.0000000180025095e-35 1.0000000180025095e-35 2 3
decision_type=9 9 2 2 9 9
left_child=-1 3 -3 5 -5 -2
right_child=1 2 -4 4 -6 -7
leaf_value=0.32159794079565074 0.02455962675396739 -0.098449763125215292 -0.023547485989216674 -0.029893051412285664 0 -0.039660431322162695
leaf_weight=143 333 80 52 31 137 29
leaf_count=143 333 80 52 31 137 29
internal_value=-0.000123916 -0.000759644 -0.00244444 -0.000295203 -0.000752941 -8.79119e-05
internal_weight=805 662 132 530 168 362
internal_count=805 662 132 530 168 362
cat_boundaries=0 1 2 3 4
cat_threshold=16 135 1 3
is_linear=0
shrinkage=0.04


Tree=23
num_leaves=8
num_cat=4
split_feature=1 1 2 2 1 1 2
split_gain=0.785906 0.320551 0.0796505 0.0319183 0.0350605 0.0280148 0.00146495
threshold=0 1 1.0000000180025095e-35 1.0000000180025095e-35 2 3 1.0000000180025095e-35
decision_type=9 9 2 2 9 9 2
left_child=6 3 -3 5 -5 -2 -1
right_child=1 2 -4 4 -6 -7 -8
leaf_value=0.3087340231638247 0.023577241683808706 -0.094511772600206698 -0.022605586549648008 -0.028697329355794245 0 -0.038074014069276164 0.32473402817061486
leaf_weight=100 333 80 52 31 137 29 43
leaf_count=100 333 80 52 31 137 29 43
internal_value=-0.000173482 -0.000759644 -0.00244444 -0.000295203 -0.000752941 -8.79119e-05 0.0024
internal_weight=805 662 132 530 168 362 143
internal_count=805 662 132 530 168 362 143
cat_boundaries=0 1 2 3 4
cat_threshold=16 135 1 3
is_linear=0
shrinkage=0.04


Tree=24
num_leaves=8
num_cat=4
split_feature=1 1 2 2 1 1 2
split_gain=0.785906 0.320551 0.0796505 0.0319183 0.0350605 0.0280148 0.00146495
threshold=0 1 1.0000000180025095e-35 1.0000000180025095e-35 2 3 1.0000000180025095e-35
decision_type=9 9 2 2 9 9 2
left_child=6 3 -3 5 -5 -2 -1
right_child=1 2 -4 4 -6 -7 -8
leaf_value=0.29638466223727167 0.022634152016456369 -0.090731301696198433 -0.02170136308766207 -0.02754943618156247 0 -0.036551053506505143 0.31174466704379028
leaf_weight=100 333 80 52 31 137 29 43
leaf_count=100 333 80 52 31 137 29 43
internal_value=-0.000173482 -0.000759644 -0.00244444 -0.000295203 -0.000752941 -8.79119e-05 0.0024
internal_weight=805 662 132 530 168 362 143
internal_count=805 662 132 530 168 362 143
cat_boundaries=0 1 2 3 4
cat_threshold=16 135 1 3
is_linear=0
shrinkage=0.04


Tree=25
num_leaves=8
num_cat=4
split_feature=1 1 2 2 1 1 2
split_gain=0.785906 0.320551 0.0796505 0.0319183 0.0350605 0.0280148 0.00146495
threshold=0 1 1.0000000180025095e-35 1.0000000180025095e-35 2 3 1.0000000180025095e-35
decision_type=9 9 2 2 9 9 2
left_child=6 3 -3 5 -5 -2 -1
right_child=1 2 -4 4 -6 -7 -8
leaf_value=0.28452927574778075 0.021728785935798113 -0.087102049628350484 -0.020833308564155578 -0.026447458734299972 0 -0.035089011366244933 0.2992748803620387
leaf_weight=100 333 80 52 31 137 29 43
leaf_count=100 333 80 52 31 137 29 43
internal_value=-0.000173482 -0.000759644 -0.00244444 -0.000295203 -0.000752941 -8.79119e-05 0.0024
internal_weight=805 662 132 530 168 362 143
internal_count=805 662 132 530 168 362 143
cat_boundaries=0 1 2 3 4
cat_threshold=16 135 1 3
is_linear=0
shrinkage=0.04


Tree=26
num_leaves=7
num_cat=4
split_feature=1 1 2 2 1 1
split_gain=0.549408 0.320551 0.0796505 0.0319183 0.0350605 0.0280148
threshold=0 1 1.0000000180025095e-35 1.0000000180025095e-35 2 3
decision_type=9 9 2 2 9 9
left_child=-1 3 -3 5 -5 -2
right_child=1 2 -4 4 -6 -7
leaf_value=0.27314810471786954 0.020859634498366204 -0.083617967643216481 -0.019999976221589371 -0.025389560384927991 0 -0.033685450911595159
leaf_weight=143 333 80 52 31 137 29
leaf_count=143 333 80 52 31 137 29
internal_value=-0.000272614 -0.000759644 -0.00244444 -0.000295203 -0.000752941 -8.79119e-05
internal_weight=805 662 132 530 168 362
internal_count=805 662 132 530 168 362
cat_boundaries=0 1 2 3 4
cat_threshold=16 135 1 3
is_linear=0
shrinkage=0.04


Tree=27
num_leaves=7
num_cat=4
split_feature=1 1 2 2 1 1
split_gain=0.596168 0.319577 0.0796505 0.0411759 0.0304501 0.00357434
threshold=0 1 1.0000000180025095e-35 1.0000000180025095e-35 2 3
decision_type=9 9 2 2 9 9
left_child=-1 3 -3 5 -5 -2
right_child=1 2 -4 4 -6 -7
leaf_value=0.26037795639174965 0.043516939593670756 -0.080273248937487815 -0.019199977172725802 -0.024373977969530856 0 -0.0099414841409903691
leaf_weight=161 23 80 52 31 135 323
leaf_count=161 23 80 52 31 135 323
internal_value=-0.000223048 -0.000768293 -0.00244444 -0.000290076 -0.000809524 -4.59769e-05
internal_weight=805 644 132 512 166 346
internal_count=805 644 132 512 166 346
cat_boundaries=0 1 2 3 4
cat_threshold=20 131 1 1
is_linear=0
shrinkage=0.04


Tree=28
num_leaves=6
num_cat=4
split_feature=1 1 1 2 1
split_gain=0.501683 0.192504 0.0243486 0.00365645 0.0259638
threshold=0 1 2 1.0000000180025095e-35 3
decision_type=9 9 9 2 9
left_child=-1 3 -3 4 -2
right_child=1 2 -4 -5 -6
leaf_value=0.25180706227348482 0.018456174449788847 -0.066087044917405718 -0.0774211045013425 0 -0.040590596057683684
leaf_weight=143 310 137 49 137 29
leaf_count=143 310 137 49 137 29
internal_value=-0.000173482 -0.000640949 -0.00169697 -0.000196721 -0.000129032
internal_weight=805 662 186 476 339
internal_count=805 662 186 476 339
cat_boundaries=0 1 2 3 4
cat_threshold=16 134 33 2
is_linear=0
shrinkage=0.04


Tree=29
num_leaves=7
num_cat=4
split_feature=1 1 1 2 2 1
split_gain=0.404028 0.192504 0.0243486 0.00892946 0.00365645 0.0259638
threshold=0 1 2 1.0000000180025095e-35 1.0000000180025095e-35 3
decision_type=9 9 9 2 2 9
left_child=3 4 -3 -1 5 -2
right_child=1 2 -4 -5 -6 -7
leaf_value=0.2417347797825454 0.017717927471797311 -0.063443563120709506 -0.074324260321288804 0.255890560212233 0 -0.038966972215376358
leaf_weight=100 310 137 49 43 137 29
leaf_count=100 310 137 49 43 137 29
internal_value=-0.000223048 -0.000640949 -0.00169697 0.00162581 -0.000196721 -0.000129032
internal_weight=805 662 186 143 476 339
internal_count=805 662 186 143 476 339
cat_boundaries=0 1 2 3 4
cat_threshold=16 134 33 2
is_linear=0
shrinkage=0.04


Tree=30
num_leaves=7
num_cat=4
split_feature=1 1 1 2 1 2
split_gain=0.332207 0.179486 0.0243486 0.00365645 0.0259638 0.000694162
threshold=0 1 2 1.0000000180025095e-35 3 1.0000000180025095e-35
decision_type=9 9 9 2 9 2
left_child=1 5 -2 4 -3 -1
right_child=2 3 -4 -5 -6 -7
leaf_value=0.23206538859124351 -0.060905820595881122 0.017009210372925451 -0.071351289908437254 0 -0.037408293326761287 0.24565493780374367
leaf_weight=100 137 310 49 137 29 43
leaf_count=100 137 310 49 137 29 43
internal_value=-0.000272614 0.000183835 -0.00169697 -0.000196721 -0.000129032 0.00136774
internal_weight=805 619 186 476 339 143
internal_count=805 619 186 476 339 143
cat_boundaries=0 1 2 3 4
cat_threshold=150 16 33 2
is_linear=0
shrinkage=0.04


Tree=31
num_leaves=7
num_cat=4
split_feature=1 1 1 2 1 2
split_gain=0.332207 0.179486 0.0243486 0.00365645 0.0259638 0.000694162
threshold=0 1 2 1.0000000180025095e-35 3 1.0000000180025095e-35
decision_type=9 9 9 2 9 2
left_child=1 5 -2 4 -3 -1
right_child=2 3 -4 -5 -6 -7
leaf_value=0.22278277304759372 -0.058469587772045875 0.016328841958008412 -0.068497238312099765 0 -0.035911961593690839 0.23582874029159398
leaf_weight=100 137 310 49 137 29 43
leaf_count=100 137 310 49 137 29 43
internal_value=-0.000272614 0.000183835 -0.00169697 -0.000196721 -0.000129032 0.00136774
internal_weight=805 619 186 476 339 143
internal_count=805 619 186 476 339 143
cat_boundaries=0 1 2 3 4
cat_threshold=150 16 33 2
is_linear=0
shrinkage=0.04


Tree=32
num_leaves=7
num_cat=4
split_feature=1 1 1 2 1 2
split_gain=0.332207 0.179486 0.0243486 0.00365645 0.0259638 0.000694162
threshold=0 1 2 1.0000000180025095e-35 3 1.0000000180025095e-35
decision_type=9 9 9 2 9 2
left_child=1 5 -2 4 -3 -1
right_child=2 3 -4 -5 -6 -7
leaf_value=0.21387146212568994 -0.056130804261164048 0.015675688279688061 -0.065757348779615782 0 -0.034475483129943217 0.2263955906799302
leaf_weight=100 137 310 49 137 29 43
leaf_count=100 137 310 49 137 29 43
internal_value=-0.000272614 0.000183835 -0.00169697 -0.000196721 -0.000129032 0.00136774
internal_weight=805 619 186 476 339 143
internal_count=805 619 186 476 339 143
cat_boundaries=0 1 2 3 4
cat_threshold=150 16 33 2
is_linear=0
shrinkage=0.04


Tree=33
num_leaves=7
num_cat=4
split_feature=1 1 1 2 1 2
split_gain=0.332207 0.179486 0.0243486 0.00365645 0.0259638 0.000694162
threshold=0 1 2 1.0000000180025095e-35 3 1.0000000180025095e-35
decision_type=9 9 9 2 9 2
left_child=1 5 -2 4 -3 -1
right_child=2 3 -4 -5 -6 -7
leaf_value=0.20531660364066226 -0.053885572090717489 0.015048660748500567 -0.063127054828431145 0 -0.033096463804745471 0.21733976705273292
leaf_weight=100 137 310 49 137 29 43
leaf_count=100 137 310 49 137 29 43
internal_value=-0.000272614 0.000183835 -0.00169697 -0.000196721 -0.000129032 0.00136774
internal_weight=805 619 186 476 339 143
internal_count=805 619 186 476 339 143
cat_boundaries=0 1 2 3 4
cat_threshold=150 16 33 2
is_linear=0
shrinkage=0.04


Tree=34
num_leaves=5
num_cat=2
split_feature=1 1 2 2
split_gain=0.246166 0.12064 0.0173373 0.0123291
threshold=0 1 1.0000000180025095e-35 1.0000000180025095e-35
decision_type=9 9 2 2
left_child=1 -1 -2 -3
right_child=2 3 -4 -5
leaf_value=0.19710393949503582 -0.061633765095967109 0.0089629235226005178 -0.009042123140432708 0
leaf_weight=143 116 326 87 133
leaf_count=143 116 326 87 133
internal_value=-0.000272614 0.000143323 -0.00143256 -0.000178344
internal_weight=805 602 203 459
internal_count=805 602 203 459
cat_boundaries=0 1 2
cat_threshold=22 16
is_linear=0
shrinkage=0.04


Tree=35
num_leaves=5
num_cat=2
split_feature=1 1 2 2
split_gain=0.246166 0.12064 0.0173373 0.0123291
threshold=0 1 1.0000000180025095e-35 1.0000000180025095e-35
decision_type=9 9 2 2
left_child=1 -1 -2 -3
right_child=2 3 -4 -5
leaf_value=0.18921978191523436 -0.059168414492128431 0.0086044065816964794 -0.0086804382148153898 0
leaf_weight=143 116 326 87 133
leaf_count=143 116 326 87 133
internal_value=-0.000272614 0.000143323 -0.00143256 -0.000178344
internal_weight=805 602 203 459
internal_count=805 602 203 459
cat_boundaries=0 1 2
cat_threshold=22 16
is_linear=0
shrinkage=0.04


Tree=36
num_leaves=5
num_cat=2
split_feature=1 1 2 2
split_gain=0.246166 0.12064 0.0173373 0.0123291
threshold=0 1 1.0000000180025095e-35 1.0000000180025095e-35
decision_type=9 9 2 2
left_child=1 -1 -2 -3
right_child=2 3 -4 -5
leaf_value=0.181650990638625 -0.056801677912443296 0.0082602303184286241 -0.0083332206862227667 0
leaf_weight=143 116 326 87 133
leaf_count=143 116 326 87 133
internal_value=-0.000272614 0.000143323 -0.00143256 -0.000178344
internal_weight=805 602 203 459
internal_count=805 602 203 459
cat_boundaries=0 1 2
cat_threshold=22 16
is_linear=0
shrinkage=0.04


Tree=37
num_leaves=5
num_cat=2
split_feature=1 1 2 2
split_gain=0.246166 0.12064 0.0173373 0.0123291
threshold=0 1 1.0000000180025095e-35 1.0000000180025095e-35
decision_type=9 9 2 2
left_child=1 -1 -2 -3
right_child=2 3 -4 -5
leaf_value=0.17438495101307994 -0.054529610795945573 0.0079298211056914574 -0.0079998918587738648 0
leaf_weight=143 116 326 87 133
leaf_count=143 116 326 87 133
internal_value=-0.000272614 0.000143323 -0.00143256 -0.000178344
internal_weight=805 602 203 459
internal_count=805 602 203 459
cat_boundaries=0 1 2
cat_threshold=22 16
is_linear=0
shrinkage=0.04


Tree=38
num_leaves=5
num_cat=2
split_feature=1 1 2 2
split_gain=0.246166 0.12064 0.0173373 0.0123291
threshold=0 1 1.0000000180025095e-35 1.0000000180025095e-35
decision_type=9 9 2 2
left_child=1 -1 -2 -3
right_child=2 3 -4 -5
leaf_value=0.16740955297255666 -0.052348426364107754 0.0076126282614638243 -0.0076798961844228939 0
leaf_weight=143 116 326 87 133
leaf_count=143 116 326 87 133
internal_value=-0.000272614 0.000143323 -0.00143256 -0.000178344
internal_weight=805 602 203 459
internal_count=805 602 203 459
cat_boundaries=0 1 2
cat_threshold=22 16
is_linear=0
shrinkage=0.04


Tree=39
num_leaves=5
num_cat=2
split_feature=1 1 2 2
split_gain=0.246166 0.12064 0.0173373 0.0123291
threshold=0 1 1.0000000180025095e-35 1.0000000180025095e-35
decision_type=9 9 2 2
left_child=1 -1 -2 -3
right_child=2 3 -4 -5
leaf_value=0.16071317085365436 -0.050254489309543439 0.0073081231310052584 -0.0073727003370459704 0
leaf_weight=143 116 326 87 133
leaf_count=143 116 326 87 133
internal_value=-0.000272614 0.000143323 -0.00143256 -0.000178344
internal_weight=805 602 203 459
internal_count=805 602 203 459
cat_boundaries=0 1 2
cat_threshold=22 16
is_linear=0
shrinkage=0.04


Tree=40
num_leaves=5
num_cat=2
split_feature=1 1 2 2
split_gain=0.246166 0.12064 0.0173373 0.0123291
threshold=0 1 1.0000000180025095e-35 1.0000000180025095e-35
decision_type=9 9 2 2
left_child=1 -1 -2 -3
right_child=2 3 -4 -5
leaf_value=0.1542846440195082 -0.048244309737161706 0.0070157982057650215 -0.0070777923235641185 0
leaf_weight=143 116 326 87 133
leaf_count=143 116 326 87 133
internal_value=-0.000272614 0.000143323 -0.00143256 -0.000178344
internal_weight=805 602 203 459
internal_count=805 602 203 459
cat_boundaries=0 1 2
cat_threshold=22 16
is_linear=0
shrinkage=0.04


Tree=41
num_leaves=5
num_cat=2
split_feature=1 1 2 2
split_gain=0.246166 0.12064 0.0173373 0.0123291
threshold=0 1 1.0000000180025095e-35 1.0000000180025095e-35
decision_type=9 9 2 2
left_child=1 -1 -2 -3
right_child=2 3 -4 -5
leaf_value=0.14811325825872787 -0.046314537347675239 0.0067351662775344025 -0.0067946806306215636 0
leaf_weight=143 116 326 87 133
leaf_count=143 116 326 87 133
internal_value=-0.000272614 0.000143323 -0.00143256 -0.000178344
internal_weight=805 602 203 459
internal_count=805 602 203 459
cat_boundaries=0 1 2
cat_threshold=22 16
is_linear=0
shrinkage=0.04


Tree=42
num_leaves=5
num_cat=2
split_feature=1 1 2 2
split_gain=0.246166 0.12064 0.0173373 0.0123291
threshold=0 1 1.0000000180025095e-35 1.0000000180025095e-35
decision_type=9 9 2 2
left_child=1 -1 -2 -3
right_child=2 3 -4 -5
leaf_value=0.14218872792837872 -0.04446195585376822 0.0064657596264330111 -0.0065228934053967085 0
leaf_weight=143 116 326 87 133
leaf_count=143 116 326 87 133
internal_value=-0.000272614 0.000143323 -0.00143256 -0.000178344
internal_weight=805 602 203 459
internal_count=805 602 203 459
cat_boundaries=0 1 2
cat_threshold=22 16
is_linear=0
shrinkage=0.04


Tree=43
num_leaves=5
num_cat=2
split_feature=1 1 2 2
split_gain=0.246166 0.12064 0.0173373 0.0123291
threshold=0 1 1.0000000180025095e-35 1.0000000180025095e-35
decision_type=9 9 2 2
left_child=1 -1 -2 -3
right_child=2 3 -4 -5
leaf_value=0.1365011788112436 -0.042683477619617494 0.0062071292413756812 -0.0062619776691808229 0
leaf_weight=143 116 326 87 133
leaf_count=143 116 326 87 133
internal_value=-0.000272614 0.000143323 -0.00143256 -0.000178344
internal_weight=805 602 203 459
internal_count=805 602 203 459
cat_boundaries=0 1 2
cat_threshold=22 16
is_linear=0
shrinkage=0.04


Tree=44
num_leaves=7
num_cat=3
split_feature=1 1 2 2 2 1
split_gain=0.211674 0.100074 0.0134072 0.00978562 0.00365645 0.0259638
threshold=0 1 1.0000000180025095e-35 1.0000000180025095e-35 1.0000000180025095e-35 2
decision_type=9 9 2 2 2 9
left_child=3 4 -3 -1 5 -2
right_child=1 2 -4 -5 -6 -7
leaf_value=0.071041138513327981 0.01144263486768061 -0.040769780041148042 -0.027250150369965871 0.08470097827276489 0 -0.030044344484275985
leaf_weight=116 310 87 75 51 137 29
leaf_count=116 310 87 75 51 137 29
internal_value=-0.000173482 -0.000504615 -0.00133333 0.00105028 -0.000196721 -0.000129032
internal_weight=805 638 162 167 476 339
internal_count=805 638 162 167 476 339
cat_boundaries=0 1 2 3
cat_threshold=80 134 2
is_linear=0
shrinkage=0.04


Tree=45
num_leaves=5
num_cat=2
split_feature=1 1 2 2
split_gain=0.246166 0.12064 0.0173373 0.0123291
threshold=0 1 1.0000000180025095e-35 1.0000000180025095e-35
decision_type=9 9 2 2
left_child=1 -1 -2 -3
right_child=2 3 -4 -5
leaf_value=0.12819948611826079 -0.040377140481105994 0.0063308774603871047 -0.0049214925476149677 0
leaf_weight=143 116 326 87 133
leaf_count=143 116 326 87 133
internal_value=-0.000272614 0.000143323 -0.00143256 -0.000178344
internal_weight=805 602 203 459
internal_count=805 602 203 459
cat_boundaries=0 1 2
cat_threshold=22 16
is_linear=0
shrinkage=0.04


Tree=46
num_leaves=5
num_cat=2
split_feature=1 1 2 2
split_gain=0.246166 0.12064 0.0173373 0.0123291
threshold=0 1 1.0000000180025095e-35 1.0000000180025095e-35
decision_type=9 9 2 2
left_child=1 -1 -2 -3
right_child=2 3 -4 -5
leaf_value=0.12307150667353028 -0.038762054861861746 0.006077642361971617 -0.0047246328457103814 0
leaf_weight=143 116 326 87 133
leaf_count=143 116 326 87 133
internal_value=-0.000272614 0.000143323 -0.00143256 -0.000178344
internal_weight=805 602 203 459
internal_count=805 602 203 459
cat_boundaries=0 1 2
cat_threshold=22 16
is_linear=0
shrinkage=0.04


Tree=47
num_leaves=5
num_cat=2
split_feature=1 1 2 2
split_gain=0.195417 0.0645411 0.0123291 0.00978562
threshold=0 1 1.0000000180025095e-35 1.0000000180025095e-35
decision_type=9 9 2 2
left_child=3 2 -2 -1
right_child=1 -3 -4 -5
leaf_value=0.058148653261123256 0.005834536667492775 -0.037211572667387269 0 0.07314448532235425
leaf_weight=116 326 179 133 51
leaf_count=116 326 179 133 51
internal_value=-0.000123916 -0.000443077 -0.000178344 0.00105028
internal_weight=805 638 459 167
internal_count=805 638 459 167
cat_boundaries=0 1 2
cat_threshold=80 6
is_linear=0
shrinkage=0.04


Tree=48
num_leaves=4
num_cat=3
split_feature=1 1 1
split_gain=0.209094 0.1049 0.0152355
threshold=0 1 2
decision_type=9 9 9
left_child=-1 2 -2
right_child=1 -3 -4
leaf_value=0.11582270027614414 0 -0.027537051577890898 -0.035723109760691776
leaf_weight=143 441 103 118
leaf_count=143 441 103 118
internal_value=-0.000223048 -0.000522255 -0.000287215
internal_weight=805 662 559
internal_count=805 662 559
cat_boundaries=0 1 2 3
cat_threshold=16 166 2
is_linear=0
shrinkage=0.04


Tree=49
num_leaves=4
num_cat=3
split_feature=1 1 1
split_gain=0.209094 0.1049 0.0152355
threshold=0 1 2
decision_type=9 9 9
left_child=-1 2 -2
right_child=1 -3 -4
leaf_value=0.11118979226509837 0 -0.02643556951477526 -0.034294185370264109
leaf_weight=143 441 103 118
leaf_count=143 441 103 118
internal_value=-0.000223048 -0.000522255 -0.000287215
internal_weight=805 662 559
internal_count=805 662 559
cat_boundaries=0 1 2 3
cat_threshold=16 166 2
is_linear=0
shrinkage=0.04


Tree=50
num_leaves=5
num_cat=2
split_feature=1 1 2 2
split_gain=0.195417 0.0645411 0.0123291 0.00978562
threshold=0 1 1.0000000180025095e-35 1.0000000180025095e-35
decision_type=9 9 2 2
left_child=3 2 -2 -1
right_child=1 -3 -4 -5
leaf_value=0.046742207429028612 0.0070014997470714832 -0.032922417955453545 0 0.061138207045211238
leaf_weight=116 326 179 133 51
leaf_count=116 326 179 133 51
internal_value=-0.000123916 -0.000443077 -0.000178344 0.00105028
internal_weight=805 638 459 167
internal_count=805 638 459 167
cat_boundaries=0 1 2
cat_threshold=80 6
is_linear=0
shrinkage=0.04


Tree=51
num_leaves=10
num_cat=6
split_feature=1 1 2 1 1 1 2 1 2
split_gain=0.181562 0.0868197 0.133678 0.0319275 0.0154497 0.0107095 0.00365645 0.0259638 0.00104589
threshold=0 1 1.0000000180025095e-35 2 3 4 1.0000000180025095e-35 5 1.0000000180025095e-35
decision_type=9 9 2 9 9 9 2 9 2
left_child=5 6 3 -3 -4 -1 7 -2 -7
right_child=1 2 4 -5 -6 8 -8 -9 -10
leaf_value=0.10487251227733339 0.0099751472234964923 -0.030325902311880659 -0.014327353533589857 -0.045657152232385145 0.024813738010220226 0.08655140778536019 0 -0.025655519502779646 0.00042861693673831527
leaf_weight=143 310 60 36 20 15.999999999999998 23 137 29 31
leaf_count=143 310 60 36 20 16 23 137 29 31
internal_value=-0.000123916 -0.000464516 -0.00133333 -0.00243902 0.000148148 0.000899522 -0.000196721 -0.000129032 0.000242424
internal_weight=805 608 132 80 52 197 476 339 54
internal_count=805 608 132 80 52 197 476 339 54
cat_boundaries=0 1 2 3 4 5 6
cat_threshold=17 134 40 32 16 2
is_linear=0
shrinkage=0.04


Tree=52
num_leaves=8
num_cat=4
split_feature=1 1 2 2 2 1 1
split_gain=0.1928 0.053661 0.0421914 0.0154976 0.010835 0.00572122 0.00230277
threshold=0 1 1.0000000180025095e-35 1.0000000180025095e-35 1.0000000180025095e-35 2 3
decision_type=9 9 2 2 2 9 9
left_child=4 3 -3 6 -1 -5 -2
right_child=1 2 -4 5 -6 -7 -8
leaf_value=0.024677619594448572 0.083089351473945791 -0.03039248514476018 -0.0057542586769905313 0.00041147225926877699 0.059096989549110898 0 0.0095761413345566392
leaf_weight=132 23 77 48 31 53 131 310
leaf_count=132 23 77 48 31 53 131 310
internal_value=2.47833e-05 -0.000316456 -0.0010219 -0.000118343 0.00111675 -0.000439024 3.5821e-05
internal_weight=805 620 125 495 185 162 333
internal_count=805 620 125 495 185 162 333
cat_boundaries=0 1 2 3 4
cat_threshold=84 3 1 1
is_linear=0
shrinkage=0.04


Tree=53
num_leaves=10
num_cat=6
split_feature=1 1 2 1 1 1 2 1 2
split_gain=0.181562 0.0868197 0.133678 0.0319275 0.0154497 0.0107095 0.00365645 0.0259638 0.00104589
threshold=0 1 1.0000000180025095e-35 2 3 4 1.0000000180025095e-35 5 1.0000000180025095e-35
decision_type=9 9 2 9 9 9 2 9 2
left_child=5 6 3 -3 -4 -1 7 -2 -7
right_child=1 2 4 -5 -6 8 -8 -9 -10
leaf_value=0.099690507002462139 0.009193095681174341 -0.027897166813615017 -0.013524089045166648 -0.044817970926867685 0.022754333814387497 0.079765777414987943 0 -0.025175842760440922 0.0003950133688980273
leaf_weight=143 310 60 36 20 15.999999999999998 23 137 29 31
leaf_count=143 310 60 36 20 16 23 137 29 31
internal_value=-0.000123916 -0.000464516 -0.00133333 -0.00243902 0.000148148 0.000899522 -0.000196721 -0.000129032 0.000242424
internal_weight=805 608 132 80 52 197 476 339 54
internal_count=805 608 132 80 52 197 476 339 54
cat_boundaries=0 1 2 3 4 5 6
cat_threshold=17 134 40 32 16 2
is_linear=0
shrinkage=0.04


Tree=54
num_leaves=8
num_cat=4
split_feature=1 1 2 2 2 1 1
split_gain=0.1928 0.053661 0.0421914 0.0154976 0.010835 0.00572122 0.00230277
threshold=0 1 1.0000000180025095e-35 1.0000000180025095e-35 1.0000000180025095e-35 2 3
decision_type=9 9 2 2 2 9 9
left_child=4 3 -3 6 -1 -5 -2
right_child=1 2 -4 5 -6 -7 -8
leaf_value=0.019702894530572054 0.076575146318388437 -0.028060899066425157 -0.004983124768104261 0.00037921283414210194 0.053360979311011664 0 0.008825371853927351
leaf_weight=132 23 77 48 31 53 131 310
leaf_count=132 23 77 48 31 53 131 310
internal_value=2.47833e-05 -0.000316456 -0.0010219 -0.000118343 0.00111675 -0.000439024 3.5821e-05
internal_weight=805 620 125 495 185 162 333
internal_count=805 620 125 495 185 162 333
cat_boundaries=0 1 2 3 4
cat_threshold=84 3 1 1
is_linear=0
shrinkage=0.04


Tree=55
num_leaves=6
num_cat=4
split_feature=1 1 2 1 1
split_gain=0.164698 0.0526708 0.00978562 0.00617565 6.84084e-05
threshold=0 1 1.0000000180025095e-35 2 3
decision_type=9 9 2 9 9
left_child=2 3 -1 -2 -3
right_child=1 4 -4 -5 -6
leaf_value=0.034914777795674895 0.00036404432077642213 -0.026938463103768146 0.046011839705687424 0 -0.025516664436707383
leaf_weight=116 54 100 51 459 25
leaf_count=116 54 100 51 459 25
internal_value=-2.4783e-05 -0.00032 0.00105028 -0.000129524 -0.0010219
internal_weight=805 638 167 513 125
internal_count=805 638 167 513 125
cat_boundaries=0 1 2 3 4
cat_threshold=80 7 1 160
is_linear=0
shrinkage=0.04


Tree=56
num_leaves=10
num_cat=6
split_feature=1 1 2 1 1 1 2 1 2
split_gain=0.181562 0.0868197 0.133678 0.0319275 0.0154497 0.0107095 0.00365645 0.0259638 0.00104589
threshold=0 1 1.0000000180025095e-35 2 3 4 1.0000000180025095e-35 5 1.0000000180025095e-35
decision_type=9 9 2 9 9 9 2 9 2
left_child=5 6 3 -3 -4 -1 7 -2 -7
right_child=1 2 4 -5 -6 8 -8 -9 -10
leaf_value=0.093518179829313791 0.0084723569797702687 -0.02463249041127686 -0.011706261968485095 -0.045021376643676288 0.020466699749459086 0.073497578692821822 0 -0.024359306902312944 0.0003494825479453567
leaf_weight=143 310 60 36 20 15.999999999999998 23 137 29 31
leaf_count=143 310 60 36 20 16 23 137 29 31
internal_value=-0.000123916 -0.000464516 -0.00133333 -0.00243902 0.000148148 0.000899522 -0.000196721 -0.000129032 0.000242424
internal_weight=805 608 132 80 52 197 476 339 54
internal_count=805 608 132 80 52 197 476 339 54
cat_boundaries=0 1 2 3 4 5 6
cat_threshold=17 134 40 32 16 2
is_linear=0
shrinkage=0.04


Tree=57
num_leaves=8
num_cat=4
split_feature=1 1 2 2 2 1 1
split_gain=0.1928 0.053661 0.0421914 0.0154976 0.010835 0.00572122 0.00230277
threshold=0 1 1.0000000180025095e-35 1.0000000180025095e-35 1.0000000180025095e-35 2 3
decision_type=9 9 2 2 2 9 9
left_child=4 3 -3 6 -1 -5 -2
right_child=1 2 -4 5 -6 -7 -8
leaf_value=0.013777460444349715 0.07055767554510893 -0.024875624963166344 -0.0032380107744899435 0.00033550324602753533 0.046229751424228749 0 0.0081334627005794861
leaf_weight=132 23 77 48 31 53 131 310
leaf_count=132 23 77 48 31 53 131 310
internal_value=2.47833e-05 -0.000316456 -0.0010219 -0.000118343 0.00111675 -0.000439024 3.5821e-05
internal_weight=805 620 125 495 185 162 333
internal_count=805 620 125 495 185 162 333
cat_boundaries=0 1 2 3 4
cat_threshold=84 3 1 1
is_linear=0
shrinkage=0.04


Tree=58
num_leaves=8
num_cat=4
split_feature=1 1 2 2 2 1 1
split_gain=0.1928 0.053661 0.0421914 0.0154976 0.010835 0.00572122 0.00230277
threshold=0 1 1.0000000180025095e-35 1.0000000180025095e-35 1.0000000180025095e-35 2 3
decision_type=9 9 2 2 2 9 9
left_child=4 3 -3 6 -1 -5 -2
right_child=1 2 -4 5 -6 -7 -8
leaf_value=0.013226362026575771 0.067735368523304584 -0.023880599964639693 -0.0031084903435103328 0.00032208311618642683 0.044380561367259617 0 0.0078081241925563203
leaf_weight=132 23 77 48 31 53 131 310
leaf_count=132 23 77 48 31 53 131 310
internal_value=2.47833e-05 -0.000316456 -0.0010219 -0.000118343 0.00111675 -0.000439024 3.5821e-05
internal_weight=805 620 125 495 185 162 333
internal_count=805 620 125 495 185 162 333
cat_boundaries=0 1 2 3 4
cat_threshold=84 3 1 1
is_linear=0
shrinkage=0.04


Tree=59
num_leaves=10
num_cat=6
split_feature=1 1 2 1 1 1 2 1 2
split_gain=0.181562 0.0868197 0.133678 0.0319275 0.0154497 0.0107095 0.00365645 0.0259638 0.00104589
threshold=0 1 1.0000000180025095e-35 2 3 4 1.0000000180025095e-35 5 1.0000000180025095e-35
decision_type=9 9 2 9 9 9 2 9 2
left_child=5 6 3 -3 -4 -1 7 -2 -7
right_child=1 2 4 -5 -6 8 -8 -9 -10
leaf_value=0.088697299737304294 0.0074957992248540963 -0.021696941797713535 -0.010984151445025674 -0.043997634372968691 0.017962755439324806 0.065025953782372414 0 -0.023859007272305787 0.00030919979153896547
leaf_weight=143 310 60 36 20 15.999999999999998 23 137 29 31
leaf_count=143 310 60 36 20 16 23 137 29 31
internal_value=-0.000123916 -0.000464516 -0.00133333 -0.00243902 0.000148148 0.000899522 -0.000196721 -0.000129032 0.000242424
internal_weight=805 608 132 80 52 197 476 339 54
internal_count=805 608 132 80 52 197 476 339 54
cat_boundaries=0 1 2 3 4 5 6
cat_threshold=17 134 40 32 16 2
is_linear=0
shrinkage=0.04


Tree=60
num_leaves=8
num_cat=4
split_feature=1 1 2 2 2 1 1
split_gain=0.1928 0.053661 0.0421914 0.0154976 0.010835 0.00572122 0.00230277
threshold=0 1 1.0000000180025095e-35 1.0000000180025095e-35 1.0000000180025095e-35 2 3
decision_type=9 9 2 2 2 9 9
left_child=4 3 -3 6 -1 -5 -2
right_child=1 2 -4 5 -6 -7 -8
leaf_value=0.009149415556020557 0.062424915631077521 -0.022057498294145557 -0.0025797832863122959 0.0002968317998774239 0.039623323496698483 0 0.007195967255859941
leaf_weight=132 23 77 48 31 53 131 310
leaf_count=132 23 77 48 31 53 131 310
internal_value=2.47833e-05 -0.000316456 -0.0010219 -0.000118343 0.00111675 -0.000439024 3.5821e-05
internal_weight=805 620 125 495 185 162 333
internal_count=805 620 125 495 185 162 333
cat_boundaries=0 1 2 3 4
cat_threshold=84 3 1 1
is_linear=0
shrinkage=0.04


Tree=61
num_leaves=8
num_cat=4
split_feature=1 1 2 2 2 1 1
split_gain=0.1928 0.053661 0.0421914 0.0154976 0.010835 0.00572122 0.00230277
threshold=0 1 1.0000000180025095e-35 1.0000000180025095e-35 1.0000000180025095e-35 2 3
decision_type=9 9 2 2 2 9 9
left_child=4 3 -3 6 -1 -5 -2
right_child=1 2 -4 5 -6 -7 -8
leaf_value=0.0087834389337797351 0.059927919005834412 -0.02117519836237973 -0.0024765919548598104 0.00028495852788232415 0.038038390556830545 0 0.0069081285656255181
leaf_weight=132 23 77 48 31 53 131 310
leaf_count=132 23 77 48 31 53 131 310
internal_value=2.47833e-05 -0.000316456 -0.0010219 -0.000118343 0.00111675 -0.000439024 3.5821e-05
internal_weight=805 620 125 495 185 162 333
internal_count=805 620 125 495 185 162 333
cat_boundaries=0 1 2 3 4
cat_threshold=84 3 1 1
is_linear=0
shrinkage=0.04


Tree=62
num_leaves=6
num_cat=4
split_feature=1 1 2 1 1
split_gain=0.164698 0.0526708 0.00978562 0.00617565 6.84084e-05
threshold=0 1 1.0000000180025095e-35 2 3
decision_type=9 9 2 9 9
left_child=2 3 -1 -2 -3
right_child=1 4 -4 -5 -6
leaf_value=0.024432100422754247 0.00027356018676702123 -0.020328190427884536 0.030151866289510224 0 -0.018963263707506197
leaf_weight=116 54 100 51 459 25
leaf_count=116 54 100 51 459 25
internal_value=-2.4783e-05 -0.00032 0.00105028 -0.000129524 -0.0010219
internal_weight=805 638 167 513 125
internal_count=805 638 167 513 125
cat_boundaries=0 1 2 3 4
cat_threshold=80 7 1 160
is_linear=0
shrinkage=0.04


Tree=63
num_leaves=10
num_cat=6
split_feature=1 1 2 1 1 1 2 1 2
split_gain=0.181562 0.0868197 0.133678 0.0319275 0.0154497 0.0107095 0.00365645 0.0259638 0.00104589
threshold=0 1 1.0000000180025095e-35 2 3 4 1.0000000180025095e-35 5 1.0000000180025095e-35
decision_type=9 9 2 9 9 9 2 9 2
left_child=5 6 3 -3 -4 -1 7 -2 -7
right_child=1 2 4 -5 -6 8 -8 -9 -10
leaf_value=0.083454809551309947 0.0066318034230005195 -0.018335766009162206 -0.0095294027604623816 -0.043514083651859777 0.015568366275996486 0.057519859838130356 0 -0.022970011364419247 0.00026261777929633469
leaf_weight=143 310 60 36 20 15.999999999999998 23 137 29 31
leaf_count=143 310 60 36 20 16 23 137 29 31
internal_value=-0.000123916 -0.000464516 -0.00133333 -0.00243902 0.000148148 0.000899522 -0.000196721 -0.000129032 0.000242424
internal_weight=805 608 132 80 52 197 476 339 54
internal_count=805 608 132 80 52 197 476 339 54
cat_boundaries=0 1 2 3 4 5 6
cat_threshold=17 134 40 32 16 2
is_linear=0
shrinkage=0.04


Tree=64
num_leaves=8
num_cat=4
split_feature=1 1 2 2 2 1 1
split_gain=0.1928 0.053661 0.0421914 0.0154976 0.010835 0.00572122 0.00230277
threshold=0 1 1.0000000180025095e-35 1.0000000180025095e-35 1.0000000180025095e-35 2 3
decision_type=9 9 2 2 2 9 9
left_child=4 3 -3 6 -1 -5 -2
right_child=1 2 -4 5 -6 -7 -8
leaf_value=0.0051966206093517721 0.055219065444605135 -0.018781632170402657 -0.0019241801044560681 0.0002521130681244799 0.032515679657537044 0 0.0063665312860805299
leaf_weight=132 23 77 48 31 53 131 310
leaf_count=132 23 77 48 31 53 131 310
internal_value=2.47833e-05 -0.000316456 -0.0010219 -0.000118343 0.00111675 -0.000439024 3.5821e-05
internal_weight=805 620 125 495 185 162 333
internal_count=805 620 125 495 185 162 333
cat_boundaries=0 1 2 3 4
cat_threshold=84 3 1 1
is_linear=0
shrinkage=0.04


Tree=65
num_leaves=8
num_cat=4
split_feature=1 1 2 2 2 1 1
split_gain=0.145797 0.0460471 0.0421914 0.0189939 0.0071591 0.0216007 0.0146404
threshold=0 1 1.0000000180025095e-35 1.0000000180025095e-35 1.0000000180025095e-35 2 3
decision_type=9 9 2 2 2 9 9
left_child=4 3 -3 -2 5 -1 -6
right_child=1 2 -4 -5 6 -7 -8
leaf_value=-0.018891251354234501 0.0061118700346373348 -0.018030366883586543 -0.0018472129002778082 0 0.00024202854539950635 0.071908760570324554 0.031215052471235599
leaf_weight=15.999999999999998 310 77 48 131 31 139 53
leaf_count=16 310 77 48 131 31 139 53
internal_value=-2.4783e-05 -0.000373702 -0.0010219 -0.00016777 0.000780877 0.000636943 0.00111628
internal_weight=805 566 125 441 239 155 84
internal_count=805 566 125 441 239 155 84
cat_boundaries=0 1 2 3 4
cat_threshold=85 2 64 1
is_linear=0
shrinkage=0.04


Tree=66
num_leaves=8
num_cat=4
split_feature=1 1 2 2 2 1 1
split_gain=0.121975 0.0452638 0.0421914 0.0123291 0.00784072 0.0192966 0.0126135
threshold=0 1 1.0000000180025095e-35 1.0000000180025095e-35 1.0000000180025095e-35 2 3
decision_type=9 9 2 2 2 9 9
left_child=4 3 -3 -2 5 -1 -6
right_child=1 2 -4 -5 6 -7 -8
leaf_value=0.077032401922070615 0.0037795049436199868 -0.017309152208243077 -0.0017733243842667056 0 0.00023234740358351049 -0.01813560130006513 0.023058370173043911
leaf_weight=123 326 77 48 133 31 15.999999999999998 51
leaf_count=123 326 77 48 133 31 16 51
internal_value=-7.43493e-05 -0.000375839 -0.0010219 -0.000178344 0.000703863 0.000539007 0.00104762
internal_weight=805 584 125 459 221 139 82
internal_count=805 584 125 459 221 139 82
cat_boundaries=0 1 2 3 4
cat_threshold=81 6 17 1
is_linear=0
shrinkage=0.04


Tree=67
num_leaves=8
num_cat=4
split_feature=1 1 2 2 2 1 1
split_gain=0.121975 0.0452638 0.0421914 0.0123291 0.00784072 0.0192966 0.0126135
threshold=0 1 1.0000000180025095e-35 1.0000000180025095e-35 1.0000000180025095e-35 2 3
decision_type=9 9 2 2 2 9 9
left_child=4 3 -3 -2 5 -1 -6
right_child=1 2 -4 -5 6 -7 -8
leaf_value=0.073951105845187756 0.0036283247458752223 -0.016616786119913362 -0.0017023914088960246 0 0.00022305350744016296 -0.017410177248062517 0.022136035366122186
leaf_weight=123 326 77 48 133 31 15.999999999999998 51
leaf_count=123 326 77 48 133 31 16 51
internal_value=-7.43493e-05 -0.000375839 -0.0010219 -0.000178344 0.000703863 0.000539007 0.00104762
internal_weight=805 584 125 459 221 139 82
internal_count=805 584 125 459 221 139 82
cat_boundaries=0 1 2 3 4
cat_threshold=81 6 17 1
is_linear=0
shrinkage=0.04


Tree=68
num_leaves=8
num_cat=4
split_feature=1 1 2 2 2 1 1
split_gain=0.121975 0.0452638 0.0421914 0.0123291 0.00784072 0.0192966 0.0126135
threshold=0 1 1.0000000180025095e-35 1.0000000180025095e-35 1.0000000180025095e-35 2 3
decision_type=9 9 2 2 2 9 9
left_child=4 3 -3 -2 5 -1 -6
right_child=1 2 -4 -5 6 -7 -8
leaf_value=0.070993061611380318 0.0034831917560402027 -0.015952114675116816 -0.0016342957525401736 0 0.00021413136714254933 -0.016713770158140021 0.021250593951477229
leaf_weight=123 326 77 48 133 31 15.999999999999998 51
leaf_count=123 326 77 48 133 31 16 51
internal_value=-7.43493e-05 -0.000375839 -0.0010219 -0.000178344 0.000703863 0.000539007 0.00104762
internal_weight=805 584 125 459 221 139 82
internal_count=805 584 125 459 221 139 82
cat_boundaries=0 1 2 3 4
cat_threshold=81 6 17 1
is_linear=0
shrinkage=0.04


Tree=69
num_leaves=8
num_cat=4
split_feature=1 1 2 2 2 1 1
split_gain=0.121975 0.0452638 0.0421914 0.0123291 0.00784072 0.0192966 0.0126135
threshold=0 1 1.0000000180025095e-35 1.0000000180025095e-35 1.0000000180025095e-35 2 3
decision_type=9 9 2 2 2 9 9
left_child=4 3 -3 -2 5 -1 -6
right_child=1 2 -4 -5 6 -7 -8
leaf_value=0.06815333914692516 0.003343864085798618 -0.01531403008811214 -0.0015689239224385765 0 0.00020556611245684309 -0.016045219351814417 0.02040057019341809
leaf_weight=123 326 77 48 133 31 15.999999999999998 51
leaf_count=123 326 77 48 133 31 16 51
internal_value=-7.43493e-05 -0.000375839 -0.0010219 -0.000178344 0.000703863 0.000539007 0.00104762
internal_weight=805 584 125 459 221 139 82
internal_count=805 584 125 459 221 139 82
cat_boundaries=0 1 2 3 4
cat_threshold=81 6 17 1
is_linear=0
shrinkage=0.04


Tree=70
num_leaves=8
num_cat=4
split_feature=1 1 2 2 2 1 1
split_gain=0.121975 0.0452638 0.0421914 0.0123291 0.00784072 0.0192966 0.0126135
threshold=0 1 1.0000000180025095e-35 1.0000000180025095e-35 1.0000000180025095e-35 2 3
decision_type=9 9 2 2 2 9 9
left_child=4 3 -3 -2 5 -1 -6
right_child=1 2 -4 -5 6 -7 -8
leaf_value=0.065427205581048184 0.00321010952236664 -0.014701468884587659 -0.0015061669655410249 0 0.00019734346795857505 -0.015403410577741835 0.019584547385681432
leaf_weight=123 326 77 48 133 31 15.999999999999998 51
leaf_count=123 326 77 48 133 31 16 51
internal_value=-7.43493e-05 -0.000375839 -0.0010219 -0.000178344 0.000703863 0.000539007 0.00104762
internal_weight=805 584 125 459 221 139 82
internal_count=805 584 125 459 221 139 82
cat_boundaries=0 1 2 3 4
cat_threshold=81 6 17 1
is_linear=0
shrinkage=0.04


Tree=71
num_leaves=8
num_cat=4
split_feature=1 1 2 2 2 1 1
split_gain=0.121975 0.0452638 0.0421914 0.0123291 0.00784072 0.0192966 0.0126135
threshold=0 1 1.0000000180025095e-35 1.0000000180025095e-35 1.0000000180025095e-35 2 3
decision_type=9 9 2 2 2 9 9
left_child=4 3 -3 -2 5 -1 -6
right_child=1 2 -4 -5 6 -7 -8
leaf_value=0.062810117357806242 0.0030817051414719467 -0.014113410129204152 -0.0014459202869193865 0 0.00018944972924021643 -0.014787274154632169 0.018801165490254235
leaf_weight=123 326 77 48 133 31 15.999999999999998 51
leaf_count=123 326 77 48 133 31 16 51
internal_value=-7.43493e-05 -0.000375839 -0.0010219 -0.000178344 0.000703863 0.000539007 0.00104762
internal_weight=805 584 125 459 221 139 82
internal_count=805 584 125 459 221 139 82
cat_boundaries=0 1 2 3 4
cat_threshold=81 6 17 1
is_linear=0
shrinkage=0.04


Tree=72
num_leaves=8
num_cat=4
split_feature=1 1 2 2 2 1 1
split_gain=0.121975 0.0452638 0.0421914 0.0123291 0.00784072 0.0192966 0.0126135
threshold=0 1 1.0000000180025095e-35 1.0000000180025095e-35 1.0000000180025095e-35 2 3
decision_type=9 9 2 2 2 9 9
left_child=4 3 -3 -2 5 -1 -6
right_child=1 2 -4 -5 6 -7 -8
leaf_value=0.060297712663493999 0.0029584369358130582 -0.013548873724035992 -0.0013880834754426252 0 0.00018187174007060493 -0.014195783188446888 0.018049118870643994
leaf_weight=123 326 77 48 133 31 15.999999999999998 51
leaf_count=123 326 77 48 133 31 16 51
internal_value=-7.43493e-05 -0.000375839 -0.0010219 -0.000178344 0.000703863 0.000539007 0.00104762
internal_weight=805 584 125 459 221 139 82
internal_count=805 584 125 459 221 139 82
cat_boundaries=0 1 2 3 4
cat_threshold=81 6 17 1
is_linear=0
shrinkage=0.04


Tree=73
num_leaves=8
num_cat=4
split_feature=1 1 2 2 2 1 1
split_gain=0.121975 0.0452638 0.0421914 0.0123291 0.00784072 0.0192966 0.0126135
threshold=0 1 1.0000000180025095e-35 1.0000000180025095e-35 1.0000000180025095e-35 2 3
decision_type=9 9 2 2 2 9 9
left_child=4 3 -3 -2 5 -1 -6
right_child=1 2 -4 -5 6 -7 -8
leaf_value=0.057885804156954213 0.002840099458380525 -0.013006918775074556 -0.0013325601364249074 0 0.00017459687046777361 -0.013627951860909012 0.01732715411581829
leaf_weight=123 326 77 48 133 31 15.999999999999998 51
leaf_count=123 326 77 48 133 31 16 51
internal_value=-7.43493e-05 -0.000375839 -0.0010219 -0.000178344 0.000703863 0.000539007 0.00104762
internal_weight=805 584 125 459 221 139 82
internal_count=805 584 125 459 221 139 82
cat_boundaries=0 1 2 3 4
cat_threshold=81 6 17 1
is_linear=0
shrinkage=0.04


Tree=74
num_leaves=8
num_cat=4
split_feature=1 1 2 2 2 1 1
split_gain=0.121975 0.0452638 0.0421914 0.0123291 0.00784072 0.0192966 0.0126135
threshold=0 1 1.0000000180025095e-35 1.0000000180025095e-35 1.0000000180025095e-35 2 3
decision_type=9 9 2 2 2 9 9
left_child=4 3 -3 -2 5 -1 -6
right_child=1 2 -4 -5 6 -7 -8
leaf_value=0.055570371990676083 0.0027264954800453188 -0.012486642024071576 -0.001279257730967911 0 0.0001676129956490513 -0.013082833786472658 0.016634067951185542
leaf_weight=123 326 77 48 133 31 15.999999999999998 51
leaf_count=123 326 77 48 133 31 16 51
internal_value=-7.43493e-05 -0.000375839 -0.0010219 -0.000178344 0.000703863 0.000539007 0.00104762
internal_weight=805 584 125 459 221 139 82
internal_count=805 584 125 459 221 139 82
cat_boundaries=0 1 2 3 4
cat_threshold=81 6 17 1
is_linear=0
shrinkage=0.04


Tree=75
num_leaves=8
num_cat=4
split_feature=1 1 2 2 2 1 1
split_gain=0.121975 0.0452638 0.0421914 0.0123291 0.00784072 0.0192966 0.0126135
threshold=0 1 1.0000000180025095e-35 1.0000000180025095e-35 1.0000000180025095e-35 2 3
decision_type=9 9 2 2 2 9 9
left_child=4 3 -3 -2 5 -1 -6
right_child=1 2 -4 -5 6 -7 -8
leaf_value=0.053347557111049042 0.0026174356608435014 -0.011987176343108709 -0.0012280874217292116 0 0.00016090847582308498 -0.012559520435013755 0.015968705233138182
leaf_weight=123 326 77 48 133 31 15.999999999999998 51
leaf_count=123 326 77 48 133 31 16 51
internal_value=-7.43493e-05 -0.000375839 -0.0010219 -0.000178344 0.000703863 0.000539007 0.00104762
internal_weight=805 584 125 459 221 139 82
internal_count=805 584 125 459 221 139 82
cat_boundaries=0 1 2 3 4
cat_threshold=81 6 17 1
is_linear=0
shrinkage=0.04


Tree=76
num_leaves=8
num_cat=4
split_feature=1 1 2 2 2 1 1
split_gain=0.121975 0.0452638 0.0421914 0.0123291 0.00784072 0.0192966 0.0126135
threshold=0 1 1.0000000180025095e-35 1.0000000180025095e-35 1.0000000180025095e-35 2 3
decision_type=9 9 2 2 2 9 9
left_child=4 3 -3 -2 5 -1 -6
right_child=1 2 -4 -5 6 -7 -8
leaf_value=0.051213654826607072 0.0025127382344097703 -0.011507689289384367 -0.0011789639248600259 0 0.00015447213679017579 -0.012057139617613207 0.015329957023812639
leaf_weight=123 326 77 48 133 31 15.999999999999998 51
leaf_count=123 326 77 48 133 31 16 51
internal_value=-7.43493e-05 -0.000375839 -0.0010219 -0.000178344 0.000703863 0.000539007 0.00104762
internal_weight=805 584 125 459 221 139 82
internal_count=805 584 125 459 221 139 82
cat_boundaries=0 1 2 3 4
cat_threshold=81 6 17 1
is_linear=0
shrinkage=0.04


Tree=77
num_leaves=8
num_cat=4
split_feature=1 1 2 2 2 1 1
split_gain=0.127874 0.0432393 0.0421914 0.0238965 0.00471364 0.0202782 0.0118231
threshold=0 1 1.0000000180025095e-35 1.0000000180025095e-35 1.0000000180025095e-35 2 3
decision_type=9 9 2 2 2 9 9
left_child=3 4 -3 -1 5 -2 -6
right_child=1 2 -4 -5 6 -7 -8
leaf_value=0.0087951269800848383 0.0045001189946652434 -0.011047381717809 -0.0011318053678656148 0.014716758742860136 0 -0.0021218067367393982 0.00014829325131856307
leaf_weight=116 310 77 48 51 131 39 33
leaf_count=116 310 77 48 51 131 39 33
internal_value=-0.000123916 -0.000381538 -0.0010219 0.000826816 -0.000205714 -0.000125356 -0.000385542
internal_weight=805 638 125 167 513 349 164
internal_count=805 638 125 167 513 349 164
cat_boundaries=0 1 2 3 4
cat_threshold=80 7 2 2
is_linear=0
shrinkage=0.04


Tree=78
num_leaves=8
num_cat=4
split_feature=1 1 2 2 2 1 1
split_gain=0.127874 0.0432393 0.0421914 0.0238965 0.00471364 0.0202782 0.0118231
threshold=0 1 1.0000000180025095e-35 1.0000000180025095e-35 1.0000000180025095e-35 2 3
decision_type=9 9 2 2 2 9 9
left_child=3 4 -3 -1 5 -2 -6
right_child=1 2 -4 -5 6 -7 -8
leaf_value=0.00844332190088142 0.0043201142348786451 -0.010605486449096643 -0.0010865331531509858 0.014128088393145718 0 -0.0020369344672698554 0.00014236152126581914
leaf_weight=116 310 77 48 51 131 39 33
leaf_count=116 310 77 48 51 131 39 33
internal_value=-0.000123916 -0.000381538 -0.0010219 0.000826816 -0.000205714 -0.000125356 -0.000385542
internal_weight=805 638 125 167 513 349 164
internal_count=805 638 125 167 513 349 164
cat_boundaries=0 1 2 3 4
cat_threshold=80 7 2 2
is_linear=0
shrinkage=0.04


Tree=79
num_leaves=8
num_cat=4
split_feature=1 1 2 2 2 1 1
split_gain=0.127874 0.0432393 0.0421914 0.0238965 0.00471364 0.0202782 0.0118231
threshold=0 1 1.0000000180025095e-35 1.0000000180025095e-35 1.0000000180025095e-35 2 3
decision_type=9 9 2 2 2 9 9
left_child=3 4 -3 -1 5 -2 -6
right_child=1 2 -4 -5 6 -7 -8
leaf_value=0.0081055890248461788 0.0041473096654834765 -0.01018126699113278 -0.0010430718270249507 0.013562964857419858 0 -0.0019554570885790493 0.00013666706041519207
leaf_weight=116 310 77 48 51 131 39 33
leaf_count=116 310 77 48 51 131 39 33
internal_value=-0.000123916 -0.000381538 -0.0010219 0.000826816 -0.000205714 -0.000125356 -0.000385542
internal_weight=805 638 125 167 513 349 164
internal_count=805 638 125 167 513 349 164
cat_boundaries=0 1 2 3 4
cat_threshold=80 7 2 2
is_linear=0
shrinkage=0.04


Tree=80
num_leaves=8
num_cat=4
split_feature=1 1 2 2 2 1 1
split_gain=0.127874 0.0432393 0.0421914 0.0238965 0.00471364 0.0202782 0.0118231
threshold=0 1 1.0000000180025095e-35 1.0000000180025095e-35 1.0000000180025095e-35 2 3
decision_type=9 9 2 2 2 9 9
left_child=3 4 -3 -1 5 -2 -6
right_child=1 2 -4 -5 6 -7 -8
leaf_value=0.00778136546385231 0.0039814172788641142 -0.0097740163114874608 -0.0010013489539439369 0.01302044626312302 0 -0.0018772388050358837 0.00013120037799858154
leaf_weight=116 310 77 48 51 131 39 33
leaf_count=116 310 77 48 51 131 39 33
internal_value=-0.000123916 -0.000381538 -0.0010219 0.000826816 -0.000205714 -0.000125356 -0.000385542
internal_weight=805 638 125 167 513 349 164
internal_count=805 638 125 167 513 349 164
cat_boundaries=0 1 2 3 4
cat_threshold=80 7 2 2
is_linear=0
shrinkage=0.04


Tree=81
num_leaves=8
num_cat=4
split_feature=1 1 2 2 2 1 1
split_gain=0.127874 0.0432393 0.0421914 0.0238965 0.00471364 0.0202782 0.0118231
threshold=0 1 1.0000000180025095e-35 1.0000000180025095e-35 1.0000000180025095e-35 2 3
decision_type=9 9 2 2 2 9 9
left_child=3 4 -3 -1 5 -2 -6
right_child=1 2 -4 -5 6 -7 -8
leaf_value=0.0074701108452982171 0.0038221605877095757 -0.0093830556590279637 -0.00096129499578619495 0.012499628412598085 0 -0.0018021492528344221 0.00012595236287864963
leaf_weight=116 310 77 48 51 131 39 33
leaf_count=116 310 77 48 51 131 39 33
internal_value=-0.000123916 -0.000381538 -0.0010219 0.000826816 -0.000205714 -0.000125356 -0.000385542
internal_weight=805 638 125 167 513 349 164
internal_count=805 638 125 167 513 349 164
cat_boundaries=0 1 2 3 4
cat_threshold=80 7 2 2
is_linear=0
shrinkage=0.04


Tree=82
num_leaves=8
num_cat=4
split_feature=1 1 2 2 2 1 1
split_gain=0.127874 0.0432393 0.0421914 0.0238965 0.00471364 0.0202782 0.0118231
threshold=0 1 1.0000000180025095e-35 1.0000000180025095e-35 1.0000000180025095e-35 2 3
decision_type=9 9 2 2 2 9 9
left_child=3 4 -3 -1 5 -2 -6
right_child=1 2 -4 -5 6 -7 -8
leaf_value=0.0071713064114863091 0.003669274164201184 -0.0090077334326668541 -0.00092284319595474561 0.011999643276094148 0 -0.0017300632827210729 0.00012091426836349229
leaf_weight=116 310 77 48 51 131 39 33
leaf_count=116 310 77 48 51 131 39 33
internal_value=-0.000123916 -0.000381538 -0.0010219 0.000826816 -0.000205714 -0.000125356 -0.000385542
internal_weight=805 638 125 167 513 349 164
internal_count=805 638 125 167 513 349 164
cat_boundaries=0 1 2 3 4
cat_threshold=80 7 2 2
is_linear=0
shrinkage=0.04


Tree=83
num_leaves=8
num_cat=4
split_feature=1 1 2 2 2 1 1
split_gain=0.127874 0.0432393 0.0421914 0.0238965 0.00471364 0.0202782 0.0118231
threshold=0 1 1.0000000180025095e-35 1.0000000180025095e-35 1.0000000180025095e-35 2 3
decision_type=9 9 2 2 2 9 9
left_child=3 4 -3 -1 5 -2 -6
right_child=1 2 -4 -5 6 -7 -8
leaf_value=0.0068844541550268602 0.0035225031976331422 -0.0086474240953601719 -0.0008859294681165486 0.011519657545050351 0 -0.0016608607514122123 0.00011607769762896681
leaf_weight=116 310 77 48 51 131 39 33
leaf_count=116 310 77 48 51 131 39 33
internal_value=-0.000123916 -0.000381538 -0.0010219 0.000826816 -0.000205714 -0.000125356 -0.000385542
internal_weight=805 638 125 167 513 349 164
internal_count=805 638 125 167 513 349 164
cat_boundaries=0 1 2 3 4
cat_threshold=80 7 2 2
is_linear=0
shrinkage=0.04


Tree=84
num_leaves=8
num_cat=4
split_feature=1 1 2 2 2 1 1
split_gain=0.127874 0.0432393 0.0421914 0.0238965 0.00471364 0.0202782 0.0118231
threshold=0 1 1.0000000180025095e-35 1.0000000180025095e-35 1.0000000180025095e-35 2 3
decision_type=9 9 2 2 2 9 9
left_child=3 4 -3 -1 5 -2 -6
right_child=1 2 -4 -5 6 -7 -8
leaf_value=0.0066090759888257702 0.0033816030697278168 -0.0083015271315457721 -0.00085049228939187093 0.011058871243248305 0 -0.0015944263213557089 0.00011143458972380671
leaf_weight=116 310 77 48 51 131 39 33
leaf_count=116 310 77 48 51 131 39 33
internal_value=-0.000123916 -0.000381538 -0.0010219 0.000826816 -0.000205714 -0.000125356 -0.000385542
internal_weight=805 638 125 167 513 349 164
internal_count=805 638 125 167 513 349 164
cat_boundaries=0 1 2 3 4
cat_threshold=80 7 2 2
is_linear=0
shrinkage=0.04


Tree=85
num_leaves=8
num_cat=4
split_feature=1 1 2 2 2 1 1
split_gain=0.127874 0.0432393 0.0421914 0.0238965 0.00471364 0.0202782 0.0118231
threshold=0 1 1.0000000180025095e-35 1.0000000180025095e-35 1.0000000180025095e-35 2 3
decision_type=9 9 2 2 2 9 9
left_child=3 4 -3 -1 5 -2 -6
right_child=1 2 -4 -5 6 -7 -8
leaf_value=0.0063447129492727131 0.0032463389469386782 -0.0079694660462839382 -0.00081647259781618463 0.010616516393518438 0 -0.0015306492685014741 0.00010697720613485729
leaf_weight=116 310 77 48 51 131 39 33
leaf_count=116 310 77 48 51 131 39 33
internal_value=-0.000123916 -0.000381538 -0.0010219 0.000826816 -0.000205714 -0.000125356 -0.000385542
internal_weight=805 638 125 167 513 349 164
internal_count=805 638 125 167 513 349 164
cat_boundaries=0 1 2 3 4
cat_threshold=80 7 2 2
is_linear=0
shrinkage=0.04


Tree=86
num_leaves=8
num_cat=4
split_feature=1 1 2 2 2 1 1
split_gain=0.127874 0.0432393 0.0421914 0.0238965 0.00471364 0.0202782 0.0118231
threshold=0 1 1.0000000180025095e-35 1.0000000180025095e-35 1.0000000180025095e-35 2 3
decision_type=9 9 2 2 2 9 9
left_child=3 4 -3 -1 5 -2 -6
right_child=1 2 -4 -5 6 -7 -8
leaf_value=0.0060909244313018251 0.0031164853890611258 -0.0076506874044325818 -0.00078381369390353008 0.010191855737777686 0 -0.0014694232977614345 0.00010269811788944594
leaf_weight=116 310 77 48 51 131 39 33
leaf_count=116 310 77 48 51 131 39 33
internal_value=-0.000123916 -0.000381538 -0.0010219 0.000826816 -0.000205714 -0.000125356 -0.000385542
internal_weight=805 638 125 167 513 349 164
internal_count=805 638 125 167 513 349 164
cat_boundaries=0 1 2 3 4
cat_threshold=80 7 2 2
is_linear=0
shrinkage=0.04


Tree=87
num_leaves=8
num_cat=4
split_feature=1 1 2 2 2 1 1
split_gain=0.127874 0.0432393 0.0421914 0.0238965 0.00471364 0.0202782 0.0118231
threshold=0 1 1.0000000180025095e-35 1.0000000180025095e-35 1.0000000180025095e-35 2 3
decision_type=9 9 2 2 2 9 9
left_child=3 4 -3 -1 5 -2 -6
right_child=1 2 -4 -5 6 -7 -8
leaf_value=0.0058472874540497592 0.0029918259734986919 -0.0073446599082552843 -0.00075246114614738733 0.0097841815082666279 0 -0.0014106463658509762 9.8590193173855319e-05
leaf_weight=116 310 77 48 51 131 39 33
leaf_count=116 310 77 48 51 131 39 33
internal_value=-0.000123916 -0.000381538 -0.0010219 0.000826816 -0.000205714 -0.000125356 -0.000385542
internal_weight=805 638 125 167 513 349 164
internal_count=805 638 125 167 513 349 164
cat_boundaries=0 1 2 3 4
cat_threshold=80 7 2 2
is_linear=0
shrinkage=0.04


Tree=88
num_leaves=8
num_cat=4
split_feature=1 1 2 2 2 1 1
split_gain=0.127874 0.0432393 0.0421914 0.0238965 0.00471364 0.0202782 0.0118231
threshold=0 1 1.0000000180025095e-35 1.0000000180025095e-35 1.0000000180025095e-35 2 3
decision_type=9 9 2 2 2 9 9
left_child=3 4 -3 -1 5 -2 -6
right_child=1 2 -4 -5 6 -7 -8
leaf_value=0.0056133959558877832 0.0028721529345587271 -0.0070508735119250692 -0.00072236270030149317 0.0093928142479359888 0 -0.0013542205112169194 9.464658544690252e-05
leaf_weight=116 310 77 48 51 131 39 33
leaf_count=116 310 77 48 51 131 39 33
internal_value=-0.000123916 -0.000381538 -0.0010219 0.000826816 -0.000205714 -0.000125356 -0.000385542
internal_weight=805 638 125 167 513 349 164
internal_count=805 638 125 167 513 349 164
cat_boundaries=0 1 2 3 4
cat_threshold=80 7 2 2
is_linear=0
shrinkage=0.04


Tree=89
num_leaves=8
num_cat=4
split_feature=1 1 2 2 2 1 1
split_gain=0.127874 0.0432393 0.0421914 0.0238965 0.00471364 0.0202782 0.0118231
threshold=0 1 1.0000000180025095e-35 1.0000000180025095e-35 1.0000000180025095e-35 2 3
decision_type=9 9 2 2 2 9 9
left_child=3 4 -3 -1 5 -2 -6
right_child=1 2 -4 -5 6 -7 -8
leaf_value=0.0053888601176522834 0.0027572668171763582 -0.0067688385714480687 -0.00069346819228943484 0.0090171016780185905 0 -0.0013000516907682249 9.0860722029013625e-05
leaf_weight=116 310 77 48 51 131 39 33
leaf_count=116 310 77 48 51 131 39 33
internal_value=-0.000123916 -0.000381538 -0.0010219 0.000826816 -0.000205714 -0.000125356 -0.000385542
internal_weight=805 638 125 167 513 349 164
internal_count=805 638 125 167 513 349 164
cat_boundaries=0 1 2 3 4
cat_threshold=80 7 2 2
is_linear=0
shrinkage=0.04


Tree=90
num_leaves=8
num_cat=4
split_feature=1 1 2 2 2 1 1
split_gain=0.127874 0.0432393 0.0421914 0.0238965 0.00471364 0.0202782 0.0118231
threshold=0 1 1.0000000180025095e-35 1.0000000180025095e-35 1.0000000180025095e-35 2 3
decision_type=9 9 2 2 2 9 9
left_child=3 4 -3 -1 5 -2 -6
right_child=1 2 -4 -5 6 -7 -8
leaf_value=0.005173305712946206 0.0026469761444892726 -0.0064980850285901509 -0.00066572946459785736 0.0086564176108978336 0 -0.0012480496231375151 8.7226293147857356e-05
leaf_weight=116 310 77 48 51 131 39 33
leaf_count=116 310 77 48 51 131 39 33
internal_value=-0.000123916 -0.000381538 -0.0010219 0.000826816 -0.000205714 -0.000125356 -0.000385542
internal_weight=805 638 125 167 513 349 164
internal_count=805 638 125 167 513 349 164
cat_boundaries=0 1 2 3 4
cat_threshold=80 7 2 2
is_linear=0
shrinkage=0.04


Tree=91
num_leaves=8
num_cat=4
split_feature=1 1 2 2 2 1 1
split_gain=0.127874 0.0432393 0.0421914 0.0238965 0.00471364 0.0202782 0.0118231
threshold=0 1 1.0000000180025095e-35 1.0000000180025095e-35 1.0000000180025095e-35 2 3
decision_type=9 9 2 2 2 9 9
left_child=3 4 -3 -1 5 -2 -6
right_child=1 2 -4 -5 6 -7 -8
leaf_value=0.004966373484428333 0.0025410970987096706 -0.0062381616274465477 -0.0006391002860139472 0.0083101609064619459 0 -0.0011981276382119969 8.373724142195727e-05
leaf_weight=116 310 77 48 51 131 39 33
leaf_count=116 310 77 48 51 131 39 33
internal_value=-0.000123916 -0.000381538 -0.0010219 0.000826816 -0.000205714 -0.000125356 -0.000385542
internal_weight=805 638 125 167 513 349 164
internal_count=805 638 125 167 513 349 164
cat_boundaries=0 1 2 3 4
cat_threshold=80 7 2 2
is_linear=0
shrinkage=0.04


Tree=92
num_leaves=8
num_cat=4
split_feature=1 1 2 2 2 1 1
split_gain=0.127874 0.0432393 0.0421914 0.0238965 0.00471364 0.0202782 0.0118231
threshold=0 1 1.0000000180025095e-35 1.0000000180025095e-35 1.0000000180025095e-35 2 3
decision_type=9 9 2 2 2 9 9
left_child=3 4 -3 -1 5 -2 -6
right_child=1 2 -4 -5 6 -7 -8
leaf_value=0.0047677185450511915 0.0024394532147612581 -0.0059886351623486787 -0.00061353627457339638 0.0079777544702034926 0 -0.0011502025326835333 8.0387751765087506e-05
leaf_weight=116 310 77 48 51 131 39 33
leaf_count=116 310 77 48 51 131 39 33
internal_value=-0.000123916 -0.000381538 -0.0010219 0.000826816 -0.000205714 -0.000125356 -0.000385542
internal_weight=805 638 125 167 513 349 164
internal_count=805 638 125 167 513 349 164
cat_boundaries=0 1 2 3 4
cat_threshold=80 7 2 2
is_linear=0
shrinkage=0.04


Tree=93
num_leaves=8
num_cat=4
split_feature=1 1 2 2 2 1 1
split_gain=0.127874 0.0432393 0.0421914 0.0238965 0.00471364 0.0202782 0.0118231
threshold=0 1 1.0000000180025095e-35 1.0000000180025095e-35 1.0000000180025095e-35 2 3
decision_type=9 9 2 2 2 9 9
left_child=3 4 -3 -1 5 -2 -6
right_child=1 2 -4 -5 6 -7 -8
leaf_value=0.0045770098032491616 0.0023418750861708307 -0.0057490897558547258 -0.00058899482359045182 0.0076586442913953333 0 -0.0011041944313762112 7.7172241694469789e-05
leaf_weight=116 310 77 48 51 131 39 33
leaf_count=116 310 77 48 51 131 39 33
internal_value=-0.000123916 -0.000381538 -0.0010219 0.000826816 -0.000205714 -0.000125356 -0.000385542
internal_weight=805 638 125 167 513 349 164
internal_count=805 638 125 167 513 349 164
cat_boundaries=0 1 2 3 4
cat_threshold=80 7 2 2
is_linear=0
shrinkage=0.04


Tree=94
num_leaves=8
num_cat=4
split_feature=1 1 2 2 2 1 1
split_gain=0.127874 0.0432393 0.0421914 0.0238965 0.00471364 0.0202782 0.0118231
threshold=0 1 1.0000000180025095e-35 1.0000000180025095e-35 1.0000000180025095e-35 2 3
decision_type=9 9 2 2 2 9 9
left_child=3 4 -3 -1 5 -2 -6
right_child=1 2 -4 -5 6 -7 -8
leaf_value=0.0043939294111191955 0.0022482000827240257 -0.0055191261656205451 -0.00056543503064684366 0.0073522985197394773 0 -0.0010600266541211847 7.4085352026678213e-05
leaf_weight=116 310 77 48 51 131 39 33
leaf_count=116 310 77 48 51 131 39 33
internal_value=-0.000123916 -0.000381538 -0.0010219 0.000826816 -0.000205714 -0.000125356 -0.000385542
internal_weight=805 638 125 167 513 349 164
internal_count=805 638 125 167 513 349 164
cat_boundaries=0 1 2 3 4
cat_threshold=80 7 2 2
is_linear=0
shrinkage=0.04


Tree=95
num_leaves=8
num_cat=4
split_feature=1 1 2 2 2 1 1
split_gain=0.127874 0.0432393 0.0421914 0.0238965 0.00471364 0.0202782 0.0118231
threshold=0 1 1.0000000180025095e-35 1.0000000180025095e-35 1.0000000180025095e-35 2 3
decision_type=9 9 2 2 2 9 9
left_child=3 4 -3 -1 5 -2 -6
right_child=1 2 -4 -5 6 -7 -8
leaf_value=0.0042181722346744336 0.0021582720794150845 -0.0052983611189957184 -0.00054281762942096415 0.0070582065789499635 0 -0.0010176255879563282 7.1121937945619609e-05
leaf_weight=116 310 77 48 51 131 39 33
leaf_count=116 310 77 48 51 131 39 33
internal_value=-0.000123916 -0.000381538 -0.0010219 0.000826816 -0.000205714 -0.000125356 -0.000385542
internal_weight=805 638 125 167 513 349 164
internal_count=805 638 125 167 513 349 164
cat_boundaries=0 1 2 3 4
cat_threshold=80 7 2 2
is_linear=0
shrinkage=0.04


Tree=96
num_leaves=8
num_cat=4
split_feature=1 1 2 2 2 1 1
split_gain=0.127874 0.0432393 0.0421914 0.0238965 0.00471364 0.0202782 0.0118231
threshold=0 1 1.0000000180025095e-35 1.0000000180025095e-35 1.0000000180025095e-35 2 3
decision_type=9 9 2 2 2 9 9
left_child=3 4 -3 -1 5 -2 -6
right_child=1 2 -4 -5 6 -7 -8
leaf_value=0.0040494453452874233 0.002071941196238498 -0.0050864266742358848 -0.00052110492424411125 0.0067758783157919568 0 -0.00097692056443809982 6.8277060427810458e-05
leaf_weight=116 310 77 48 51 131 39 33
leaf_count=116 310 77 48 51 131 39 33
internal_value=-0.000123916 -0.000381538 -0.0010219 0.000826816 -0.000205714 -0.000125356 -0.000385542
internal_weight=805 638 125 167 513 349 164
internal_count=805 638 125 167 513 349 164
cat_boundaries=0 1 2 3 4
cat_threshold=80 7 2 2
is_linear=0
shrinkage=0.04


Tree=97
num_leaves=8
num_cat=4
split_feature=1 1 2 2 2 1 1
split_gain=0.127874 0.0432393 0.0421914 0.0238965 0.00471364 0.0202782 0.0118231
threshold=0 1 1.0000000180025095e-35 1.0000000180025095e-35 1.0000000180025095e-35 2 3
decision_type=9 9 2 2 2 9 9
left_child=3 4 -3 -1 5 -2 -6
right_child=1 2 -4 -5 6 -7 -8
leaf_value=0.0038874675314759144 0.0019890635483889698 -0.0048829696072664498 -0.00050026072727433536 0.0065048431831602471 0 -0.00093784374186055817 6.5545978010703724e-05
leaf_weight=116 310 77 48 51 131 39 33
leaf_count=116 310 77 48 51 131 39 33
internal_value=-0.000123916 -0.000381538 -0.0010219 0.000826816 -0.000205714 -0.000125356 -0.000385542
internal_weight=805 638 125 167 513 349 164
internal_count=805 638 125 167 513 349 164
cat_boundaries=0 1 2 3 4
cat_threshold=80 7 2 2
is_linear=0
shrinkage=0.04


Tree=98
num_leaves=8
num_cat=4
split_feature=1 1 2 2 2 1 1
split_gain=0.127874 0.0432393 0.0421914 0.0238965 0.00471364 0.0202782 0.0118231
threshold=0 1 1.0000000180025095e-35 1.0000000180025095e-35 1.0000000180025095e-35 2 3
decision_type=9 9 2 2 2 9 9
left_child=3 4 -3 -1 5 -2 -6
right_child=1 2 -4 -5 6 -7 -8
leaf_value=0.0037319688302168497 0.0019095010064533824 -0.0046876508229757976 -0.00048025029818336894 0.0062446494558337663 0 -0.00090032999218612661 6.2924138890281257e-05
leaf_weight=116 310 77 48 51 131 39 33
leaf_count=116 310 77 48 51 131 39 33
internal_value=-0.000123916 -0.000381538 -0.0010219 0.000826816 -0.000205714 -0.000125356 -0.000385542
internal_weight=805 638 125 167 513 349 164
internal_count=805 638 125 167 513 349 164
cat_boundaries=0 1 2 3 4
cat_threshold=80 7 2 2
is_linear=0
shrinkage=0.04


Tree=99
num_leaves=8
num_cat=4
split_feature=1 1 2 2 2 1 1
split_gain=0.127874 0.0432393 0.0421914 0.0238965 0.00471364 0.0202782 0.0118231
threshold=0 1 1.0000000180025095e-35 1.0000000180025095e-35 1.0000000180025095e-35 2 3
decision_type=9 9 2 2 2 9 9
left_child=3 4 -3 -1 5 -2 -6
right_child=1 2 -4 -5 6 -7 -8
leaf_value=0.0035826900770081927 0.0018331209661952385 -0.0045001447900567728 -0.00046104028625602698 0.0059948634776004189 0 -0.00086431679249868078 6.0407173334660061e-05
leaf_weight=116 310 77 48 51 131 39 33
leaf_count=116 310 77 48 51 131 39 33
internal_value=-0.000123916 -0.000381538 -0.0010219 0.000826816 -0.000205714 -0.000125356 -0.000385542
internal_weight=805 638 125 167 513 349 164
internal_count=805 638 125 167 513 349 164
cat_boundaries=0 1 2 3 4
cat_threshold=80 7 2 2
is_linear=0
shrinkage=0.04


Tree=100
num_leaves=8
num_cat=4
split_feature=1 1 2 2 2 1 1
split_gain=0.127874 0.0432393 0.0421914 0.0238965 0.00471364 0.0202782 0.0118231
threshold=0 1 1.0000000180025095e-35 1.0000000180025095e-35 1.0000000180025095e-35 2 3
decision_type=9 9 2 2 2 9 9
left_child=3 4 -3 -1 5 -2 -6
right_child=1 2 -4 -5 6 -7 -8
leaf_value=0.0034393824739278921 0.001759796127547446 -0.0043201389984545103 -0.00044259867480579863 0.0057550689384964215 0 -0.00082974412079876128 5.7990886401277917e-05
leaf_weight=116 310 77 48 51 131 39 33
leaf_count=116 310 77 48 51 131 39 33
internal_value=-0.000123916 -0.000381538 -0.0010219 0.000826816 -0.000205714 -0.000125356 -0.000385542
internal_weight=805 638 125 167 513 349 164
internal_count=805 638 125 167 513 349 164
cat_boundaries=0 1 2 3 4
cat_threshold=80 7 2 2
is_linear=0
shrinkage=0.04


Tree=101
num_leaves=8
num_cat=4
split_feature=1 1 2 2 2 1 1
split_gain=0.127874 0.0432393 0.0421914 0.0238965 0.00471364 0.0202782 0.0118231
threshold=0 1 1.0000000180025095e-35 1.0000000180025095e-35 1.0000000180025095e-35 2 3
decision_type=9 9 2 2 2 9 9
left_child=3 4 -3 -1 5 -2 -6
right_child=1 2 -4 -5 6 -7 -8
leaf_value=0.00330180717497077 0.0016894042824455368 -0.0041473334385163339 -0.00042489472781354954 0.0055248661809564935 0 -0.00079655435596683011 5.5671250945223961e-05
leaf_weight=116 310 77 48 51 131 39 33
leaf_count=116 310 77 48 51 131 39 33
internal_value=-0.000123916 -0.000381538 -0.0010219 0.000826816 -0.000205714 -0.000125356 -0.000385542
internal_weight=805 638 125 167 513 349 164
internal_count=805 638 125 167 513 349 164
cat_boundaries=0 1 2 3 4
cat_threshold=80 7 2 2
is_linear=0
shrinkage=0.04


Tree=102
num_leaves=10
num_cat=5
split_feature=1 1 1 2 2 1 1 2 2
split_gain=0.136999 0.0835967 0.0210036 0.0253004 0.00471364 0.0202782 0.0118231 0.00302895 0.00166779
threshold=0 1 2 1.0000000180025095e-35 1.0000000180025095e-35 3 4 1.0000000180025095e-35 1.0000000180025095e-35
decision_type=9 9 9 2 2 9 9 2 2
left_child=1 8 3 -2 5 -3 -6 -4 -1
right_child=2 4 7 -5 6 -7 -8 -9 -10
leaf_value=0.04353971654142981 -0.003981440100975675 0.0016218281111477495 -0.0026711104494124703 0.0083680547541297307 0 -0.0007646921817281619 5.3444400907416421e-05 -0.00015573055772303947 0.061303873967048048
leaf_weight=100 60 310 33 40 131 39 33 15.999999999999998 43
leaf_count=100 60 310 33 40 131 39 33 16 43
internal_value=-0.000223048 3.59283e-05 -0.00126708 -0.000714286 -0.000205714 -0.000125356 -0.000385542 -0.00203279 0.000851613
internal_weight=805 656 149 100 513 349 164 49 143
internal_count=805 656 149 100 513 349 164 49 143
cat_boundaries=0 1 2 3 4 5
cat_threshold=23 16 160 2 2
is_linear=0
shrinkage=0.04


Tree=103
num_leaves=10
num_cat=5
split_feature=1 1 1 2 2 1 1 2 2
split_gain=0.136999 0.0835967 0.0210036 0.0253004 0.00471364 0.0202782 0.0118231 0.00302895 0.00166779
threshold=0 1 2 1.0000000180025095e-35 1.0000000180025095e-35 3 4 1.0000000180025095e-35 1.0000000180025095e-35
decision_type=9 9 9 2 2 9 9 2 2
left_child=1 8 3 -2 5 -3 -6 -4 -1
right_child=2 4 7 -5 6 -7 -8 -9 -10
leaf_value=0.041798127879772551 -0.003822182496936648 0.0015569549867018395 -0.0025642660314359666 0.0080333325639645285 0 -0.00073410449445900062 5.1306624871116926e-05 -0.00014950133541411504 0.058851719008366103
leaf_weight=100 60 310 33 40 131 39 33 15.999999999999998 43
leaf_count=100 60 310 33 40 131 39 33 16 43
internal_value=-0.000223048 3.59283e-05 -0.00126708 -0.000714286 -0.000205714 -0.000125356 -0.000385542 -0.00203279 0.000851613
internal_weight=805 656 149 100 513 349 164 49 143
internal_count=805 656 149 100 513 349 164 49 143
cat_boundaries=0 1 2 3 4 5
cat_threshold=23 16 160 2 2
is_linear=0
shrinkage=0.04


Tree=104
num_leaves=10
num_cat=5
split_feature=1 1 1 2 2 1 1 2 2
split_gain=0.136999 0.0835967 0.0210036 0.0253004 0.00471364 0.0202782 0.0118231 0.00302895 0.00166779
threshold=0 1 2 1.0000000180025095e-35 1.0000000180025095e-35 3 4 1.0000000180025095e-35 1.0000000180025095e-35
decision_type=9 9 9 2 2 9 9 2 2
left_child=1 8 3 -2 5 -3 -6 -4 -1
right_child=2 4 7 -5 6 -7 -8 -9 -10
leaf_value=0.040126202764581648 -0.0036692951970591814 0.0014946767872337575 -0.0024616953901785265 0.0077119992614059643 0 -0.00070474031468064551 4.925435987626514e-05 -0.00014352128199753621 0.056497650248031446
leaf_weight=100 60 310 33 40 131 39 33 15.999999999999998 43
leaf_count=100 60 310 33 40 131 39 33 16 43
internal_value=-0.000223048 3.59283e-05 -0.00126708 -0.000714286 -0.000205714 -0.000125356 -0.000385542 -0.00203279 0.000851613
internal_weight=805 656 149 100 513 349 164 49 143
internal_count=805 656 149 100 513 349 164 49 143
cat_boundaries=0 1 2 3 4 5
cat_threshold=23 16 160 2 2
is_linear=0
shrinkage=0.04


Tree=105
num_leaves=10
num_cat=5
split_feature=1 1 1 2 2 1 1 2 2
split_gain=0.112133 0.0218102 0.0210036 0.0253004 0.00471364 0.0202782 0.0118231 0.00302895 0.000148749
threshold=0 1 2 1.0000000180025095e-35 1.0000000180025095e-35 3 4 1.0000000180025095e-35 1.0000000180025095e-35
decision_type=9 9 9 2 2 9 9 2 2
left_child=1 8 3 -2 5 -3 -6 -4 -1
right_child=2 4 7 -5 6 -7 -8 -9 -10
leaf_value=0.038521154653998337 -0.003522523389176815 0.0014348897157444186 -0.0023632275745713825 0.0074035192909497382 0 -0.00067655070209339063 4.7284185481224485e-05 -0.00013778043071763335 0.054237744238110251
leaf_weight=100 60 310 33 40 131 39 33 15.999999999999998 43
leaf_count=100 60 310 33 40 131 39 33 16 43
internal_value=-0.000322181 -8.38322e-05 -0.00126708 -0.000714286 -0.000205714 -0.000125356 -0.000385542 -0.00203279 0.000335484
internal_weight=805 656 149 100 513 349 164 49 143
internal_count=805 656 149 100 513 349 164 49 143
cat_boundaries=0 1 2 3 4 5
cat_threshold=23 16 160 2 2
is_linear=0
shrinkage=0.04


Tree=106
num_leaves=10
num_cat=5
split_feature=1 1 1 2 2 1 1 2 2
split_gain=0.112133 0.0218102 0.0210036 0.0253004 0.00471364 0.0202782 0.0118231 0.00302895 0.000148749
threshold=0 1 2 1.0000000180025095e-35 1.0000000180025095e-35 3 4 1.0000000180025095e-35 1.0000000180025095e-35
decision_type=9 9 9 2 2 9 9 2 2
left_child=1 8 3 -2 5 -3 -6 -4 -1
right_child=2 4 7 -5 6 -7 -8 -9 -10
leaf_value=0.036980308467838369 -0.0033816224536097473 0.0013774941271146447 -0.0022686984715885217 0.0071073785193117448 0 -0.00064948867400962864 4.5392818061991136e-05 -0.00013226921348891808 0.052068234468585786
leaf_weight=100 60 310 33 40 131 39 33 15.999999999999998 43
leaf_count=100 60 310 33 40 131 39 33 16 43
internal_value=-0.000322181 -8.38322e-05 -0.00126708 -0.000714286 -0.000205714 -0.000125356 -0.000385542 -0.00203279 0.000335484
internal_weight=805 656 149 100 513 349 164 49 143
internal_count=805 656 149 100 513 349 164 49 143
cat_boundaries=0 1 2 3 4 5
cat_threshold=23 16 160 2 2
is_linear=0
shrinkage=0.04


Tree=107
num_leaves=10
num_cat=5
split_feature=1 1 1 2 2 1 1 2 2
split_gain=0.112133 0.0218102 0.0210036 0.0253004 0.00471364 0.0202782 0.0118231 0.00302895 0.000148749
threshold=0 1 2 1.0000000180025095e-35 1.0000000180025095e-35 3 4 1.0000000180025095e-35 1.0000000180025095e-35
decision_type=9 9 9 2 2 9 9 2 2
left_child=1 8 3 -2 5 -3 -6 -4 -1
right_child=2 4 7 -5 6 -7 -8 -9 -10
leaf_value=0.03550109612912479 -0.0032463575554653626 0.0013223943620300817 -0.0021779505327249814 0.0068230833785392873 0 -0.00062350912704927123 4.3577105339522857e-05 -0.00012697844494937271 0.049985505089842376
leaf_weight=100 60 310 33 40 131 39 33 15.999999999999998 43
leaf_count=100 60 310 33 40 131 39 33 16 43
internal_value=-0.000322181 -8.38322e-05 -0.00126708 -0.000714286 -0.000205714 -0.000125356 -0.000385542 -0.00203279 0.000335484
internal_weight=805 656 149 100 513 349 164 49 143
internal_count=805 656 149 100 513 349 164 49 143
cat_boundaries=0 1 2 3 4 5
cat_threshold=23 16 160 2 2
is_linear=0
shrinkage=0.04


Tree=108
num_leaves=10
num_cat=5
split_feature=1 1 1 2 2 1 1 2 2
split_gain=0.112133 0.0218102 0.0210036 0.0253004 0.00471364 0.0202782 0.0118231 0.00302895 0.000148749
threshold=0 1 2 1.0000000180025095e-35 1.0000000180025095e-35 3 4 1.0000000180025095e-35 1.0000000180025095e-35
decision_type=9 9 9 2 2 9 9 2 2
left_child=1 8 3 -2 5 -3 -6 -4 -1
right_child=2 4 7 -5 6 -7 -8 -9 -10
leaf_value=0.034081052283959822 -0.0031165032532467409 0.0012694985875489095 -0.0020908325114159789 0.0065501600433977101 0 -0.00059856876196731103 4.1834021125950469e-05 -0.00012189930715138075 0.047986084886248649
leaf_weight=100 60 310 33 40 131 39 33 15.999999999999998 43
leaf_count=100 60 310 33 40 131 39 33 16 43
internal_value=-0.000322181 -8.38322e-05 -0.00126708 -0.000714286 -0.000205714 -0.000125356 -0.000385542 -0.00203279 0.000335484
internal_weight=805 656 149 100 513 349 164 49 143
internal_count=805 656 149 100 513 349 164 49 143
cat_boundaries=0 1 2 3 4 5
cat_threshold=23 16 160 2 2
is_linear=0
shrinkage=0.04


Tree=109
num_leaves=10
num_cat=5
split_feature=1 1 1 2 2 1 1 2 2
split_gain=0.112133 0.0218102 0.0210036 0.0253004 0.00471364 0.0202782 0.0118231 0.00302895 0.000148749
threshold=0 1 2 1.0000000180025095e-35 1.0000000180025095e-35 3 4 1.0000000180025095e-35 1.0000000180025095e-35
decision_type=9 9 9 2 2 9 9 2 2
left_child=1 8 3 -2 5 -3 -6 -4 -1
right_child=2 4 7 -5 6 -7 -8 -9 -10
leaf_value=0.032717810192601463 -0.0029918431231168796 0.0012187186440469589 -0.0020071992109593319 0.0062881536416617935 0 -0.00057462601148861503 4.016066028089682e-05 -0.00011702333486532268 0.046066641490798761
leaf_weight=100 60 310 33 40 131 39 33 15.999999999999998 43
leaf_count=100 60 310 33 40 131 39 33 16 43
internal_value=-0.000322181 -8.38322e-05 -0.00126708 -0.000714286 -0.000205714 -0.000125356 -0.000385542 -0.00203279 0.000335484
internal_weight=805 656 149 100 513 349 164 49 143
internal_count=805 656 149 100 513 349 164 49 143
cat_boundaries=0 1 2 3 4 5
cat_threshold=23 16 160 2 2
is_linear=0
shrinkage=0.04


Tree=110
num_leaves=10
num_cat=5
split_feature=1 1 1 2 2 1 1 2 2
split_gain=0.112133 0.0218102 0.0210036 0.0253004 0.00471364 0.0202782 0.0118231 0.00302895 0.000148749
threshold=0 1 2 1.0000000180025095e-35 1.0000000180025095e-35 3 4 1.0000000180025095e-35 1.0000000180025095e-35
decision_type=9 9 9 2 2 9 9 2 2
left_child=1 8 3 -2 5 -3 -6 -4 -1
right_child=2 4 7 -5 6 -7 -8 -9 -10
leaf_value=0.031409097784897429 -0.0028721693981922057 0.0011699698982850749 -0.0019269112425209657 0.0060366274959953257 0 -0.00055164097102908391 3.8554233869660946e-05 -0.00011234240147071972 0.044223975831166766
leaf_weight=100 60 310 33 40 131 39 33 15.999999999999998 43
leaf_count=100 60 310 33 40 131 39 33 16 43
internal_value=-0.000322181 -8.38322e-05 -0.00126708 -0.000714286 -0.000205714 -0.000125356 -0.000385542 -0.00203279 0.000335484
internal_weight=805 656 149 100 513 349 164 49 143
internal_count=805 656 149 100 513 349 164 49 143
cat_boundaries=0 1 2 3 4 5
cat_threshold=23 16 160 2 2
is_linear=0
shrinkage=0.04


Tree=111
num_leaves=10
num_cat=5
split_feature=1 1 1 2 2 1 1 2 2
split_gain=0.112133 0.0218102 0.0210036 0.0253004 0.00471364 0.0202782 0.0118231 0.00302895 0.000148749
threshold=0 1 2 1.0000000180025095e-35 1.0000000180025095e-35 3 4 1.0000000180025095e-35 1.0000000180025095e-35
decision_type=9 9 9 2 2 9 9 2 2
left_child=1 8 3 -2 5 -3 -6 -4 -1
right_child=2 4 7 -5 6 -7 -8 -9 -10
leaf_value=0.030152733873501491 -0.0027572826222645118 0.0011231711023536662 -0.0018498347928201219 0.0057951623961555046 0 -0.00052957533218792843 3.7012064514883037e-05 -0.00010784870541190372 0.042455016797920138
leaf_weight=100 60 310 33 40 131 39 33 15.999999999999998 43
leaf_count=100 60 310 33 40 131 39 33 16 43
internal_value=-0.000322181 -8.38322e-05 -0.00126708 -0.000714286 -0.000205714 -0.000125356 -0.000385542 -0.00203279 0.000335484
internal_weight=805 656 149 100 513 349 164 49 143
internal_count=805 656 149 100 513 349 164 49 143
cat_boundaries=0 1 2 3 4 5
cat_threshold=23 16 160 2 2
is_linear=0
shrinkage=0.04


Tree=112
num_leaves=10
num_cat=5
split_feature=1 1 1 2 2 1 1 2 2
split_gain=0.112133 0.0218102 0.0210036 0.0253004 0.00471364 0.0202782 0.0118231 0.00302895 0.000148749
threshold=0 1 2 1.0000000180025095e-35 1.0000000180025095e-35 3 4 1.0000000180025095e-35 1.0000000180025095e-35
decision_type=9 9 9 2 2 9 9 2 2
left_child=1 8 3 -2 5 -3 -6 -4 -1
right_child=2 4 7 -5 6 -7 -8 -9 -10
leaf_value=0.028946624518561493 -0.0026469913173739279 0.0010782442582595309 -0.0017758414011073143 0.0055633559003092975 0 -0.00050839231890043046 3.5531581934300507e-05 -0.00010353475719544037 0.040756816126003341
leaf_weight=100 60 310 33 40 131 39 33 15.999999999999998 43
leaf_count=100 60 310 33 40 131 39 33 16 43
internal_value=-0.000322181 -8.38322e-05 -0.00126708 -0.000714286 -0.000205714 -0.000125356 -0.000385542 -0.00203279 0.000335484
internal_weight=805 656 149 100 513 349 164 49 143
internal_count=805 656 149 100 513 349 164 49 143
cat_boundaries=0 1 2 3 4 5
cat_threshold=23 16 160 2 2
is_linear=0
shrinkage=0.04


Tree=113
num_leaves=10
num_cat=5
split_feature=1 1 1 2 2 1 1 2 2
split_gain=0.112133 0.0218102 0.0210036 0.0253004 0.00471364 0.0202782 0.0118231 0.00302895 0.000148749
threshold=0 1 2 1.0000000180025095e-35 1.0000000180025095e-35 3 4 1.0000000180025095e-35 1.0000000180025095e-35
decision_type=9 9 9 2 2 9 9 2 2
left_child=1 8 3 -2 5 -3 -6 -4 -1
right_child=2 4 7 -5 6 -7 -8 -9 -10
leaf_value=0.027788759537819063 -0.0025411116646789724 0.0010351144879291497 -0.0017048077450630217 0.0053408216642969108 0 -0.00048805662614439551 3.4110318656921383e-05 -9.9393366907634119e-05 0.039126543480963248
leaf_weight=100 60 310 33 40 131 39 33 15.999999999999998 43
leaf_count=100 60 310 33 40 131 39 33 16 43
internal_value=-0.000322181 -8.38322e-05 -0.00126708 -0.000714286 -0.000205714 -0.000125356 -0.000385542 -0.00203279 0.000335484
internal_weight=805 656 149 100 513 349 164 49 143
internal_count=805 656 149 100 513 349 164 49 143
cat_boundaries=0 1 2 3 4 5
cat_threshold=23 16 160 2 2
is_linear=0
shrinkage=0.04


Tree=114
num_leaves=10
num_cat=5
split_feature=1 1 1 2 2 1 1 2 2
split_gain=0.112133 0.0218102 0.0210036 0.0253004 0.00471364 0.0202782 0.0118231 0.00302895 0.000148749
threshold=0 1 2 1.0000000180025095e-35 1.0000000180025095e-35 3 4 1.0000000180025095e-35 1.0000000180025095e-35
decision_type=9 9 9 2 2 9 9 2 2
left_child=1 8 3 -2 5 -3 -6 -4 -1
right_child=2 4 7 -5 6 -7 -8 -9 -10
leaf_value=0.02667720915630625 -0.002439467198091805 0.00099370990841201484 -0.0016366154352605022 0.0051271887977250331 0 -0.00046853436109861612 3.2745905910651628e-05 -9.5417632231331603e-05 0.037561481741724662
leaf_weight=100 60 310 33 40 131 39 33 15.999999999999998 43
leaf_count=100 60 310 33 40 131 39 33 16 43
internal_value=-0.000322181 -8.38322e-05 -0.00126708 -0.000714286 -0.000205714 -0.000125356 -0.000385542 -0.00203279 0.000335484
internal_weight=805 656 149 100 513 349 164 49 143
internal_count=805 656 149 100 513 349 164 49 143
cat_boundaries=0 1 2 3 4 5
cat_threshold=23 16 160 2 2
is_linear=0
shrinkage=0.04


Tree=115
num_leaves=10
num_cat=5
split_feature=1 1 1 2 2 1 1 2 2
split_gain=0.112133 0.0218102 0.0210036 0.0253004 0.00471364 0.0202782 0.0118231 0.00302895 0.000148749
threshold=0 1 2 1.0000000180025095e-35 1.0000000180025095e-35 3 4 1.0000000180025095e-35 1.0000000180025095e-35
decision_type=9 9 9 2 2 9 9 2 2
left_child=1 8 3 -2 5 -3 -6 -4 -1
right_child=2 4 7 -5 6 -7 -8 -9 -10
leaf_value=0.025610120790053943 -0.0023418885101681398 0.00095396151207552296 -0.0015711508178500823 0.0049221012458160376 0 -0.00044979298665465372 3.1436069674235513e-05 -9.1600926942092545e-05 0.036059022472055634
leaf_weight=100 60 310 33 40 131 39 33 15.999999999999998 43
leaf_count=100 60 310 33 40 131 39 33 16 43
internal_value=-0.000322181 -8.38322e-05 -0.00126708 -0.000714286 -0.000205714 -0.000125356 -0.000385542 -0.00203279 0.000335484
internal_weight=805 656 149 100 513 349 164 49 143
internal_count=805 656 149 100 513 349 164 49 143
cat_boundaries=0 1 2 3 4 5
cat_threshold=23 16 160 2 2
is_linear=0
shrinkage=0.04


Tree=116
num_leaves=10
num_cat=5
split_feature=1 1 1 2 2 1 1 2 2
split_gain=0.112133 0.0218102 0.0210036 0.0253004 0.00471364 0.0202782 0.0118231 0.00302895 0.000148749
threshold=0 1 2 1.0000000180025095e-35 1.0000000180025095e-35 3 4 1.0000000180025095e-35 1.0000000180025095e-35
decision_type=9 9 9 2 2 9 9 2 2
left_child=1 8 3 -2 5 -3 -6 -4 -1
right_child=2 4 7 -5 6 -7 -8 -9 -10
leaf_value=0.024585715958451715 -0.0022482129697614186 0.00091580305159247647 -0.0015083047851360831 0.0047252171959834043 0 -0.00043180126718850097 3.0178626887256144e-05 -8.7936889864401735e-05 0.034616661573173391
leaf_weight=100 60 310 33 40 131 39 33 15.999999999999998 43
leaf_count=100 60 310 33 40 131 39 33 16 43
internal_value=-0.000322181 -8.38322e-05 -0.00126708 -0.000714286 -0.000205714 -0.000125356 -0.000385542 -0.00203279 0.000335484
internal_weight=805 656 149 100 513 349 164 49 143
internal_count=805 656 149 100 513 349 164 49 143
cat_boundaries=0 1 2 3 4 5
cat_threshold=23 16 160 2 2
is_linear=0
shrinkage=0.04


Tree=117
num_leaves=10
num_cat=5
split_feature=1 1 1 2 2 1 1 2 2
split_gain=0.112133 0.0218102 0.0210036 0.0253004 0.00471364 0.0202782 0.0118231 0.00302895 0.000148749
threshold=0 1 2 1.0000000180025095e-35 1.0000000180025095e-35 3 4 1.0000000180025095e-35 1.0000000180025095e-35
decision_type=9 9 9 2 2 9 9 2 2
left_child=1 8 3 -2 5 -3 -6 -4 -1
right_child=2 4 7 -5 6 -7 -8 -9 -10
leaf_value=0.023602287320113647 -0.0021582844509709532 0.00087917092952878313 -0.0014479725937306398 0.0045362085081440641 0 -0.00041452921650096306 2.8971481811765897e-05 -8.4419414269838451e-05 0.033231995110246403
leaf_weight=100 60 310 33 40 131 39 33 15.999999999999998 43
leaf_count=100 60 310 33 40 131 39 33 16 43
internal_value=-0.000322181 -8.38322e-05 -0.00126708 -0.000714286 -0.000205714 -0.000125356 -0.000385542 -0.00203279 0.000335484
internal_weight=805 656 149 100 513 349 164 49 143
internal_count=805 656 149 100 513 349 164 49 143
cat_boundaries=0 1 2 3 4 5
cat_threshold=23 16 160 2 2
is_linear=0
shrinkage=0.04


Tree=118
num_leaves=10
num_cat=5
split_feature=1 1 1 2 2 1 1 2 2
split_gain=0.112133 0.0218102 0.0210036 0.0253004 0.00471364 0.0202782 0.0118231 0.00302895 0.000148749
threshold=0 1 2 1.0000000180025095e-35 1.0000000180025095e-35 3 4 1.0000000180025095e-35 1.0000000180025095e-35
decision_type=9 9 9 2 2 9 9 2 2
left_child=1 8 3 -2 5 -3 -6 -4 -1
right_child=2 4 7 -5 6 -7 -8 -9 -10
leaf_value=0.02265819582730913 -0.0020719530729321179 0.00084400409234760328 -0.0013900536899814143 0.0043547601678183062 0 -0.00039794804784092384 2.7812622539293842e-05 -8.104263769904918e-05 0.031902715305836583
leaf_weight=100 60 310 33 40 131 39 33 15.999999999999998 43
leaf_count=100 60 310 33 40 131 39 33 16 43
internal_value=-0.000322181 -8.38322e-05 -0.00126708 -0.000714286 -0.000205714 -0.000125356 -0.000385542 -0.00203279 0.000335484
internal_weight=805 656 149 100 513 349 164 49 143
internal_count=805 656 149 100 513 349 164 49 143
cat_boundaries=0 1 2 3 4 5
cat_threshold=23 16 160 2 2
is_linear=0
shrinkage=0.04


Tree=119
num_leaves=8
num_cat=3
split_feature=1 1 1 2 2 2 2
split_gain=0.124308 0.0229476 0.0210036 0.0253004 0.0123291 0.00302895 0.00110265
threshold=0 1 2 1.0000000180025095e-35 1.0000000180025095e-35 1.0000000180025095e-35 1.0000000180025095e-35
decision_type=9 9 9 2 2 2 2
left_child=1 6 3 -2 -3 -4 -1
right_child=2 4 5 -5 -6 -7 -8
leaf_value=0.021751867994216811 -0.0019890749500148354 0.0014371768479199366 -0.0013344515423821513 0.0041805697611055591 0 -7.7800932191074421e-05 2.6700117637723508e-05
leaf_weight=123 60 326 33 40 133 15.999999999999998 74
leaf_count=123 60 326 33 40 133 16 74
internal_value=-0.000272614 -2.39519e-05 -0.00126708 -0.000714286 -0.000178344 -0.00203279 0.000325359
internal_weight=805 656 149 100 459 49 197
internal_count=805 656 149 100 459 49 197
cat_boundaries=0 1 2 3
cat_threshold=23 17 160
is_linear=0
shrinkage=0.04


Tree=120
num_leaves=10
num_cat=5
split_feature=1 1 1 2 2 1 1 2 2
split_gain=0.112133 0.0218102 0.0210036 0.0253004 0.00471364 0.0202782 0.0118231 0.00302895 0.000148749
threshold=0 1 2 1.0000000180025095e-35 1.0000000180025095e-35 3 4 1.0000000180025095e-35 1.0000000180025095e-35
decision_type=9 9 9 2 2 9 9 2 2
left_child=1 8 3 -2 5 -3 -6 -4 -1
right_child=2 4 7 -5 6 -7 -8 -9 -10
leaf_value=0.020881793274448199 -0.0019095119520142489 0.00075275685473691573 -0.0012810734806868675 0.0040133469706613309 0 -0.0010895873625379039 2.5632112932214569e-05 -7.4688894903438558e-05 0.030625538688897648
leaf_weight=100 60 310 33 40 131 39 33 15.999999999999998 43
leaf_count=100 60 310 33 40 131 39 33 16 43
internal_value=-0.000322181 -8.38322e-05 -0.00126708 -0.000714286 -0.000205714 -0.000125356 -0.000385542 -0.00203279 0.000335484
internal_weight=805 656 149 100 513 349 164 49 143
internal_count=805 656 149 100 513 349 164 49 143
cat_boundaries=0 1 2 3 4 5
cat_threshold=23 16 160 2 2
is_linear=0
shrinkage=0.04


Tree=121
num_leaves=10
num_cat=5
split_feature=1 1 1 2 2 1 1 2 2
split_gain=0.112133 0.0218102 0.0210036 0.0253004 0.00471364 0.0202782 0.0118231 0.00302895 0.000148749
threshold=0 1 2 1.0000000180025095e-35 1.0000000180025095e-35 3 4 1.0000000180025095e-35 1.0000000180025095e-35
decision_type=9 9 9 2 2 9 9 2 2
left_child=1 8 3 -2 5 -3 -6 -4 -1
right_child=2 4 7 -5 6 -7 -8 -9 -10
leaf_value=0.020046521543470277 -0.0018331314739336868 0.00072264658054741913 -0.0012298305414593892 0.0038528130918348679 0 -0.0010460038680363995 2.4606828414910354e-05 -7.1701339107299597e-05 0.02940051714134171
leaf_weight=100 60 310 33 40 131 39 33 15.999999999999998 43
leaf_count=100 60 310 33 40 131 39 33 16 43
internal_value=-0.000322181 -8.38322e-05 -0.00126708 -0.000714286 -0.000205714 -0.000125356 -0.000385542 -0.00203279 0.000335484
internal_weight=805 656 149 100 513 349 164 49 143
internal_count=805 656 149 100 513 349 164 49 143
cat_boundaries=0 1 2 3 4 5
cat_threshold=23 16 160 2 2
is_linear=0
shrinkage=0.04


Tree=122
num_leaves=10
num_cat=5
split_feature=1 1 1 2 2 1 1 2 2
split_gain=0.112133 0.0218102 0.0210036 0.0253004 0.00471364 0.0202782 0.0118231 0.00302895 0.000148749
threshold=0 1 2 1.0000000180025095e-35 1.0000000180025095e-35 3 4 1.0000000180025095e-35 1.0000000180025095e-35
decision_type=9 9 9 2 2 9 9 2 2
left_child=1 8 3 -2 5 -3 -6 -4 -1
right_child=2 4 7 -5 6 -7 -8 -9 -10
leaf_value=0.01924466068173146 -0.0017598062149763471 0.00069374071732553944 -0.0011806373198010079 0.0036987005681614706 0 -0.0010041637133149151 2.3622555278315362e-05 -6.8833285543021814e-05 0.028224496455688097
leaf_weight=100 60 310 33 40 131 39 33 15.999999999999998 43
leaf_count=100 60 310 33 40 131 39 33 16 43
internal_value=-0.000322181 -8.38322e-05 -0.00126708 -0.000714286 -0.000205714 -0.000125356 -0.000385542 -0.00203279 0.000335484
internal_weight=805 656 149 100 513 349 164 49 143
internal_count=805 656 149 100 513 349 164 49 143
cat_boundaries=0 1 2 3 4 5
cat_threshold=23 16 160 2 2
is_linear=0
shrinkage=0.04


Tree=123
num_leaves=10
num_cat=5
split_feature=1 1 1 2 2 1 1 2 2
split_gain=0.112133 0.0218102 0.0210036 0.0253004 0.00471364 0.0202782 0.0118231 0.00302895 0.000148749
threshold=0 1 2 1.0000000180025095e-35 1.0000000180025095e-35 3 4 1.0000000180025095e-35 1.0000000180025095e-35
decision_type=9 9 9 2 2 9 9 2 2
left_child=1 8 3 -2 5 -3 -6 -4 -1
right_child=2 4 7 -5 6 -7 -8 -9 -10
leaf_value=0.018474874254462179 -0.0016894139663772912 0.00066599108863250932 -0.0011334118270089632 0.0035507525454350031 0 -0.00096399716478231883 2.2677653067191274e-05 -6.6079954121285318e-05 0.027095516597460546
leaf_weight=100 60 310 33 40 131 39 33 15.999999999999998 43
leaf_count=100 60 310 33 40 131 39 33 16 43
internal_value=-0.000322181 -8.38322e-05 -0.00126708 -0.000714286 -0.000205714 -0.000125356 -0.000385542 -0.00203279 0.000335484
internal_weight=805 656 149 100 513 349 164 49 143
internal_count=805 656 149 100 513 349 164 49 143
cat_boundaries=0 1 2 3 4 5
cat_threshold=23 16 160 2 2
is_linear=0
shrinkage=0.04


Tree=124
num_leaves=10
num_cat=5
split_feature=1 1 1 2 2 1 1 2 2
split_gain=0.112133 0.0218102 0.0210036 0.0253004 0.00471364 0.0202782 0.0118231 0.00302895 0.000148749
threshold=0 1 2 1.0000000180025095e-35 1.0000000180025095e-35 3 4 1.0000000180025095e-35 1.0000000180025095e-35
decision_type=9 9 9 2 2 9 9 2 2
left_child=1 8 3 -2 5 -3 -6 -4 -1
right_child=2 4 7 -5 6 -7 -8 -9 -10
leaf_value=0.017735879284283697 -0.0016218374077221931 0.00063935144508718621 -0.0010880753539286125 0.0034087224436176199 0 -0.00092543727819106045 2.1770546944495096e-05 -6.3436755956445263e-05 0.02601169593356218
leaf_weight=100 60 310 33 40 131 39 33 15.999999999999998 43
leaf_count=100 60 310 33 40 131 39 33 16 43
internal_value=-0.000322181 -8.38322e-05 -0.00126708 -0.000714286 -0.000205714 -0.000125356 -0.000385542 -0.00203279 0.000335484
internal_weight=805 656 149 100 513 349 164 49 143
internal_count=805 656 149 100 513 349 164 49 143
cat_boundaries=0 1 2 3 4 5
cat_threshold=23 16 160 2 2
is_linear=0
shrinkage=0.04


Tree=125
num_leaves=10
num_cat=5
split_feature=1 1 1 2 2 1 1 2 2
split_gain=0.112133 0.0218102 0.0210036 0.0253004 0.00471364 0.0202782 0.0118231 0.00302895 0.000148749
threshold=0 1 2 1.0000000180025095e-35 1.0000000180025095e-35 3 4 1.0000000180025095e-35 1.0000000180025095e-35
decision_type=9 9 9 2 2 9 9 2 2
left_child=1 8 3 -2 5 -3 -6 -4 -1
right_child=2 4 7 -5 6 -7 -8 -9 -10
leaf_value=0.017026444112912317 -0.0015569639114132983 0.00061377738728367608 -0.0010445523397714673 0.0032723735458729309 0 -0.00088841978706341823 2.0899725066705343e-05 -6.0899285718178935e-05 0.024971228096219704
leaf_weight=100 60 310 33 40 131 39 33 15.999999999999998 43
leaf_count=100 60 310 33 40 131 39 33 16 43
internal_value=-0.000322181 -8.38322e-05 -0.00126708 -0.000714286 -0.000205714 -0.000125356 -0.000385542 -0.00203279 0.000335484
internal_weight=805 656 149 100 513 349 164 49 143
internal_count=805 656 149 100 513 349 164 49 143
cat_boundaries=0 1 2 3 4 5
cat_threshold=23 16 160 2 2
is_linear=0
shrinkage=0.04


Tree=126
num_leaves=10
num_cat=5
split_feature=1 1 1 2 2 1 1 2 2
split_gain=0.112133 0.0218102 0.0210036 0.0253004 0.00471364 0.0202782 0.0118231 0.00302895 0.000148749
threshold=0 1 2 1.0000000180025095e-35 1.0000000180025095e-35 3 4 1.0000000180025095e-35 1.0000000180025095e-35
decision_type=9 9 9 2 2 9 9 2 2
left_child=1 8 3 -2 5 -3 -6 -4 -1
right_child=2 4 7 -5 6 -7 -8 -9 -10
leaf_value=0.016345386348395864 -0.0014946853549567686 0.00058922629179235741 -0.0010027702461806065 0.0031414786040379994 0 -0.000852882995580876 2.0063736064024341e-05 -5.8463314289447514e-05 0.023972378972370905
leaf_weight=100 60 310 33 40 131 39 33 15.999999999999998 43
leaf_count=100 60 310 33 40 131 39 33 16 43
internal_value=-0.000322181 -8.38322e-05 -0.00126708 -0.000714286 -0.000205714 -0.000125356 -0.000385542 -0.00203279 0.000335484
internal_weight=805 656 149 100 513 349 164 49 143
internal_count=805 656 149 100 513 349 164 49 143
cat_boundaries=0 1 2 3 4 5
cat_threshold=23 16 160 2 2
is_linear=0
shrinkage=0.04


Tree=127
num_leaves=10
num_cat=5
split_feature=1 1 1 2 2 1 1 2 2
split_gain=0.112133 0.0218102 0.0210036 0.0253004 0.00471364 0.0202782 0.0118231 0.00302895 0.000148749
threshold=0 1 2 1.0000000180025095e-35 1.0000000180025095e-35 3 4 1.0000000180025095e-35 1.0000000180025095e-35
decision_type=9 9 9 2 2 9 9 2 2
left_child=1 8 3 -2 5 -3 -6 -4 -1
right_child=2 4 7 -5 6 -7 -8 -9 -10
leaf_value=0.015691570894460084 -0.0014348979407584927 0.00056565724012067162 -0.00096265943633337518 0.0030158194598764966 0 -0.00081876767575764686 1.9261186621477577e-05 -5.6124781717876716e-05 0.023013483813476086
leaf_weight=100 60 310 33 40 131 39 33 15.999999999999998 43
leaf_count=100 60 310 33 40 131 39 33 16 43
internal_value=-0.000322181 -8.38322e-05 -0.00126708 -0.000714286 -0.000205714 -0.000125356 -0.000385542 -0.00203279 0.000335484
internal_weight=805 656 149 100 513 349 164 49 143
internal_count=805 656 149 100 513 349 164 49 143
cat_boundaries=0 1 2 3 4 5
cat_threshold=23 16 160 2 2
is_linear=0
shrinkage=0.04


Tree=128
num_leaves=10
num_cat=5
split_feature=1 1 1 2 2 1 1 2 2
split_gain=0.112133 0.0218102 0.0210036 0.0253004 0.00471364 0.0202782 0.0118231 0.00302895 0.000148749
threshold=0 1 2 1.0000000180025095e-35 1.0000000180025095e-35 3 4 1.0000000180025095e-35 1.0000000180025095e-35
decision_type=9 9 9 2 2 9 9 2 2
left_child=1 8 3 -2 5 -3 -6 -4 -1
right_child=2 4 7 -5 6 -7 -8 -9 -10
leaf_value=0.015063908058681647 -0.0013775020231281587 0.00054303095051587034 -0.00092415305888003728 0.0028951866814814408 0 -0.00078601696872731565 1.849073915661137e-05 -5.38797904491517e-05 0.022092944460937076
leaf_weight=100 60 310 33 40 131 39 33 15.999999999999998 43
leaf_count=100 60 310 33 40 131 39 33 16 43
internal_value=-0.000322181 -8.38322e-05 -0.00126708 -0.000714286 -0.000205714 -0.000125356 -0.000385542 -0.00203279 0.000335484
internal_weight=805 656 149 100 513 349 164 49 143
internal_count=805 656 149 100 513 349 164 49 143
cat_boundaries=0 1 2 3 4 5
cat_threshold=23 16 160 2 2
is_linear=0
shrinkage=0.04


Tree=129
num_leaves=10
num_cat=5
split_feature=1 1 1 2 2 1 1 2 2
split_gain=0.112133 0.0218102 0.0210036 0.0253004 0.00471364 0.0202782 0.0118231 0.00302895 0.000148749
threshold=0 1 2 1.0000000180025095e-35 1.0000000180025095e-35 3 4 1.0000000180025095e-35 1.0000000180025095e-35
decision_type=9 9 9 2 2 9 9 2 2
left_child=1 8 3 -2 5 -3 -6 -4 -1
right_child=2 4 7 -5 6 -7 -8 -9 -10
leaf_value=0.014461351736334366 -0.0013224019422030332 0.00052130971249525265 -0.00088718693652483087 0.0027793792142221819 0 -0.00075457628997825166 1.775110959034265e-05 -5.1724598831199845e-05 0.021209226682499607
leaf_weight=100 60 310 33 40 131 39 33 15.999999999999998 43
leaf_count=100 60 310 33 40 131 39 33 16 43
internal_value=-0.000322181 -8.38322e-05 -0.00126708 -0.000714286 -0.000205714 -0.000125356 -0.000385542 -0.00203279 0.000335484
internal_weight=805 656 149 100 513 349 164 49 143
internal_count=805 656 149 100 513 349 164 49 143
cat_boundaries=0 1 2 3 4 5
cat_threshold=23 16 160 2 2
is_linear=0
shrinkage=0.04


Tree=130
num_leaves=10
num_cat=5
split_feature=1 1 1 2 2 1 1 2 2
split_gain=0.112133 0.0218102 0.0210036 0.0253004 0.00471364 0.0202782 0.0118231 0.00302895 0.000148749
threshold=0 1 2 1.0000000180025095e-35 1.0000000180025095e-35 3 4 1.0000000180025095e-35 1.0000000180025095e-35
decision_type=9 9 9 2 2 9 9 2 2
left_child=1 8 3 -2 5 -3 -6 -4 -1
right_child=2 4 7 -5 6 -7 -8 -9 -10
leaf_value=0.013882897666881036 -0.0012695058645149082 0.00050045732399546235 -0.00085169945906383049 0.0026682040456532975 0 -0.00072439323837912757 1.704106520673321e-05 -4.9655614877934794e-05 0.020360857615199564
leaf_weight=100 60 310 33 40 131 39 33 15.999999999999998 43
leaf_count=100 60 310 33 40 131 39 33 16 43
internal_value=-0.000322181 -8.38322e-05 -0.00126708 -0.000714286 -0.000205714 -0.000125356 -0.000385542 -0.00203279 0.000335484
internal_weight=805 656 149 100 513 349 164 49 143
internal_count=805 656 149 100 513 349 164 49 143
cat_boundaries=0 1 2 3 4 5
cat_threshold=23 16 160 2 2
is_linear=0
shrinkage=0.04


Tree=131
num_leaves=10
num_cat=5
split_feature=1 1 1 2 2 1 1 2 2
split_gain=0.112133 0.0218102 0.0210036 0.0253004 0.00471364 0.0202782 0.0118231 0.00302895 0.000148749
threshold=0 1 2 1.0000000180025095e-35 1.0000000180025095e-35 3 4 1.0000000180025095e-35 1.0000000180025095e-35
decision_type=9 9 9 2 2 9 9 2 2
left_child=1 8 3 -2 5 -3 -6 -4 -1
right_child=2 4 7 -5 6 -7 -8 -9 -10
leaf_value=0.013327581760205761 -0.0012187256299343119 0.00048043903103561547 -0.00081763148070127304 0.0025614758838271713 0 -0.00069541750884397969 1.6359422598455355e-05 -4.7669390282827351e-05 0.019546423310591622
leaf_weight=100 60 310 33 40 131 39 33 15.999999999999998 43
leaf_count=100 60 310 33 40 131 39 33 16 43
internal_value=-0.000322181 -8.38322e-05 -0.00126708 -0.000714286 -0.000205714 -0.000125356 -0.000385542 -0.00203279 0.000335484
internal_weight=805 656 149 100 513 349 164 49 143
internal_count=805 656 149 100 513 349 164 49 143
cat_boundaries=0 1 2 3 4 5
cat_threshold=23 16 160 2 2
is_linear=0
shrinkage=0.04


Tree=132
num_leaves=10
num_cat=5
split_feature=1 1 1 2 2 1 1 2 2
split_gain=0.112133 0.0218102 0.0210036 0.0253004 0.00471364 0.0202782 0.0118231 0.00302895 0.000148749
threshold=0 1 2 1.0000000180025095e-35 1.0000000180025095e-35 3 4 1.0000000180025095e-35 1.0000000180025095e-35
decision_type=9 9 9 2 2 9 9 2 2
left_child=1 8 3 -2 5 -3 -6 -4 -1
right_child=2 4 7 -5 6 -7 -8 -9 -10
leaf_value=0.01279447848979757 -0.001169976604736931 0.00046122146979421074 -0.0007849262214732278 0.0024590168484740715 0 -0.00066760080849022645 1.570504569450293e-05 -4.5762614671502892e-05 0.018764566378168014
leaf_weight=100 60 310 33 40 131 39 33 15.999999999999998 43
leaf_count=100 60 310 33 40 131 39 33 16 43
internal_value=-0.000322181 -8.38322e-05 -0.00126708 -0.000714286 -0.000205714 -0.000125356 -0.000385542 -0.00203279 0.000335484
internal_weight=805 656 149 100 513 349 164 49 143
internal_count=805 656 149 100 513 349 164 49 143
cat_boundaries=0 1 2 3 4 5
cat_threshold=23 16 160 2 2
is_linear=0
shrinkage=0.04


Tree=133
num_leaves=10
num_cat=5
split_feature=1 1 1 2 2 1 1 2 2
split_gain=0.112133 0.0218102 0.0210036 0.0253004 0.00471364 0.0202782 0.0118231 0.00302895 0.000148749
threshold=0 1 2 1.0000000180025095e-35 1.0000000180025095e-35 3 4 1.0000000180025095e-35 1.0000000180025095e-35
decision_type=9 9 9 2 2 9 9 2 2
left_child=1 8 3 -2 5 -3 -6 -4 -1
right_child=2 4 7 -5 6 -7 -8 -9 -10
leaf_value=0.012282699350205633 -0.0011231775405474488 0.00044277261100241107 -0.00075352917261430009 0.0023606561745351229 0 -0.00064089677615058918 1.5076843866737023e-05 -4.393211008462572e-05 0.01801398372304135
leaf_weight=100 60 310 33 40 131 39 33 15.999999999999998 43
leaf_count=100 60 310 33 40 131 39 33 16 43
internal_value=-0.000322181 -8.38322e-05 -0.00126708 -0.000714286 -0.000205714 -0.000125356 -0.000385542 -0.00203279 0.000335484
internal_weight=805 656 149 100 513 349 164 49 143
internal_count=805 656 149 100 513 349 164 49 143
cat_boundaries=0 1 2 3 4 5
cat_threshold=23 16 160 2 2
is_linear=0
shrinkage=0.04


Tree=134
num_leaves=10
num_cat=5
split_feature=1 1 1 2 2 1 1 2 2
split_gain=0.112133 0.0218102 0.0210036 0.0253004 0.00471364 0.0202782 0.0118231 0.00302895 0.000148749
threshold=0 1 2 1.0000000180025095e-35 1.0000000180025095e-35 3 4 1.0000000180025095e-35 1.0000000180025095e-35
decision_type=9 9 9 2 2 9 9 2 2
left_child=1 8 3 -2 5 -3 -6 -4 -1
right_child=2 4 7 -5 6 -7 -8 -9 -10
leaf_value=0.011791391376197424 -0.0010782504389255543 0.00042506170656231746 -0.00072338800570973308 0.0022662299275537025 0 -0.00061526090510455453 1.4473770112068962e-05 -4.2174825681229321e-05 0.017293424374119723
leaf_weight=100 60 310 33 40 131 39 33 15.999999999999998 43
leaf_count=100 60 310 33 40 131 39 33 16 43
internal_value=-0.000322181 -8.38322e-05 -0.00126708 -0.000714286 -0.000205714 -0.000125356 -0.000385542 -0.00203279 0.000335484
internal_weight=805 656 149 100 513 349 164 49 143
internal_count=805 656 149 100 513 349 164 49 143
cat_boundaries=0 1 2 3 4 5
cat_threshold=23 16 160 2 2
is_linear=0
shrinkage=0.04


Tree=135
num_leaves=10
num_cat=5
split_feature=1 1 1 2 2 1 1 2 2
split_gain=0.112133 0.0218102 0.0210036 0.0253004 0.00471364 0.0202782 0.0118231 0.00302895 0.000148749
threshold=0 1 2 1.0000000180025095e-35 1.0000000180025095e-35 3 4 1.0000000180025095e-35 1.0000000180025095e-35
decision_type=9 9 9 2 2 9 9 2 2
left_child=1 8 3 -2 5 -3 -6 -4 -1
right_child=2 4 7 -5 6 -7 -8 -9 -10
leaf_value=0.011319735721149584 -0.001035120421368525 0.00040805923829985603 -0.00069445248548134937 0.0021755807304515429 0 -0.00059065046890034126 1.3894819307580519e-05 -4.0487832653965939e-05 0.016601687399154911
leaf_weight=100 60 310 33 40 131 39 33 15.999999999999998 43
leaf_count=100 60 310 33 40 131 39 33 16 43
internal_value=-0.000322181 -8.38322e-05 -0.00126708 -0.000714286 -0.000205714 -0.000125356 -0.000385542 -0.00203279 0.000335484
internal_weight=805 656 149 100 513 349 164 49 143
internal_count=805 656 149 100 513 349 164 49 143
cat_boundaries=0 1 2 3 4 5
cat_threshold=23 16 160 2 2
is_linear=0
shrinkage=0.04


Tree=136
num_leaves=9
num_cat=5
split_feature=1 1 2 2 1 1 1 2
split_gain=0.100473 0.0210036 0.0253004 0.0165794 0.026073 0.0130331 0.00650139 0.00302895
threshold=0 1 1.0000000180025095e-35 1.0000000180025095e-35 2 3 4 1.0000000180025095e-35
decision_type=9 9 2 2 9 9 9 2
left_child=3 2 -2 4 6 -5 -1 -3
right_child=1 7 -4 5 -6 -7 -8 -9
leaf_value=0.010866946292303652 -0.00099371560451379194 -0.00066667438606209833 0.0020885575012334814 0 -0.00056702445014430796 1.3339026535277299e-05 0.00039173686876786462 -3.8868319347820094e-05
leaf_weight=100 60 33 40 174 39 33 310 15.999999999999998
leaf_count=100 60 33 40 174 39 33 310 16
internal_value=-0.000371747 -0.00126708 -0.000714286 -0.000143712 -8.86903e-06 -0.000440191 9.47869e-05 -0.00203279
internal_weight=805 149 100 656 449 207 410 49
internal_count=805 149 100 656 449 207 410 49
cat_boundaries=0 1 2 3 4 5
cat_threshold=23 160 18 18 16
is_linear=0
shrinkage=0.04


Tree=137
num_leaves=9
num_cat=5
split_feature=1 1 2 2 1 1 1 2
split_gain=0.100473 0.0210036 0.0253004 0.0165794 0.026073 0.0130331 0.00650139 0.00302895
threshold=0 1 1.0000000180025095e-35 1.0000000180025095e-35 2 3 4 1.0000000180025095e-35
decision_type=9 9 2 2 9 9 9 2
left_child=3 2 -2 4 6 -5 -1 -3
right_child=1 7 -4 5 -6 -7 -8 -9
leaf_value=0.010432268440611523 -0.00095396698033324513 -0.00064000741061962072 0.0020050152011841507 0 -0.00054434347213856997 1.2805465473881839e-05 0.00037606739401716991 -3.7313586573901606e-05
leaf_weight=100 60 33 40 174 39 33 310 15.999999999999998
leaf_count=100 60 33 40 174 39 33 310 16
internal_value=-0.000371747 -0.00126708 -0.000714286 -0.000143712 -8.86903e-06 -0.000440191 9.47869e-05 -0.00203279
internal_weight=805 149 100 656 449 207 410 49
internal_count=805 149 100 656 449 207 410 49
cat_boundaries=0 1 2 3 4 5
cat_threshold=23 160 18 18 16
is_linear=0
shrinkage=0.04


Tree=138
num_leaves=9
num_cat=5
split_feature=1 1 2 2 1 1 1 2
split_gain=0.100473 0.0210036 0.0253004 0.0165794 0.026073 0.0130331 0.00650139 0.00302895
threshold=0 1 1.0000000180025095e-35 1.0000000180025095e-35 2 3 4 1.0000000180025095e-35
decision_type=9 9 2 2 9 9 9 2
left_child=3 2 -2 4 6 -5 -1 -3
right_child=1 7 -4 5 -6 -7 -8 -9
leaf_value=0.010014977702987125 -0.00091580830111992028 -0.00061440711419484377 0.0019248145931367944 0 -0.00052256973325299897 1.2293246854930828e-05 0.00036102469825650019 -3.5821043110928484e-05
leaf_weight=100 60 33 40 174 39 33 310 15.999999999999998
leaf_count=100 60 33 40 174 39 33 310 16
internal_value=-0.000371747 -0.00126708 -0.000714286 -0.000143712 -8.86903e-06 -0.000440191 9.47869e-05 -0.00203279
internal_weight=805 149 100 656 449 207 410 49
internal_count=805 149 100 656 449 207 410 49
cat_boundaries=0 1 2 3 4 5
cat_threshold=23 160 18 18 16
is_linear=0
shrinkage=0.04


Tree=139
num_leaves=9
num_cat=5
split_feature=1 1 2 2 1 1 1 2
split_gain=0.100473 0.0210036 0.0253004 0.0165794 0.026073 0.0130331 0.00650139 0.00302895
threshold=0 1 1.0000000180025095e-35 1.0000000180025095e-35 2 3 4 1.0000000180025095e-35
decision_type=9 9 2 2 9 9 9 2
left_child=3 2 -2 4 6 -5 -1 -3
right_child=1 7 -4 5 -6 -7 -8 -9
leaf_value=0.0096143785948676463 -0.0008791759690751277 -0.00058983082962704714 0.001847822009411324 0 -0.00050166694392289059 1.1801516980725069e-05 0.00034658371032627146 -3.4388201386477139e-05
leaf_weight=100 60 33 40 174 39 33 310 15.999999999999998
leaf_count=100 60 33 40 174 39 33 310 16
internal_value=-0.000371747 -0.00126708 -0.000714286 -0.000143712 -8.86903e-06 -0.000440191 9.47869e-05 -0.00203279
internal_weight=805 149 100 656 449 207 410 49
internal_count=805 149 100 656 449 207 410 49
cat_boundaries=0 1 2 3 4 5
cat_threshold=23 160 18 18 16
is_linear=0
shrinkage=0.04


Tree=140
num_leaves=9
num_cat=5
split_feature=1 1 2 2 1 1 1 2
split_gain=0.100473 0.0210036 0.0253004 0.0165794 0.026073 0.0130331 0.00650139 0.00302895
threshold=0 1 1.0000000180025095e-35 1.0000000180025095e-35 2 3 4 1.0000000180025095e-35
decision_type=9 9 2 2 9 9 9 2
left_child=3 2 -2 4 6 -5 -1 -3
right_child=1 7 -4 5 -6 -7 -8 -9
leaf_value=0.0092298034510729116 -0.00084400893031212122 -0.0005662375964419653 0.0017739091290348698 0 -0.00048160026616600362 1.1329456301503172e-05 0.00033272036191320356 -3.3012673331000997e-05
leaf_weight=100 60 33 40 174 39 33 310 15.999999999999998
leaf_count=100 60 33 40 174 39 33 310 16
internal_value=-0.000371747 -0.00126708 -0.000714286 -0.000143712 -8.86903e-06 -0.000440191 9.47869e-05 -0.00203279
internal_weight=805 149 100 656 449 207 410 49
internal_count=805 149 100 656 449 207 410 49
cat_boundaries=0 1 2 3 4 5
cat_threshold=23 160 18 18 16
is_linear=0
shrinkage=0.04


Tree=141
num_leaves=9
num_cat=5
split_feature=1 1 2 2 1 1 1 2
split_gain=0.100473 0.0210036 0.0253004 0.0165794 0.026073 0.0130331 0.00650139 0.00302895
threshold=0 1 1.0000000180025095e-35 1.0000000180025095e-35 2 3 4 1.0000000180025095e-35
decision_type=9 9 2 2 9 9 9 2
left_child=3 2 -2 4 6 -5 -1 -3
right_child=1 7 -4 5 -6 -7 -8 -9
leaf_value=0.0088606113130299501 -0.00081024857309962782 -0.00054358809258427956 0.0017029527638734621 0 -0.00046233625551935235 1.0876278049458677e-05 0.00031941154743670097 -3.1692166397760954e-05
leaf_weight=100 60 33 40 174 39 33 310 15.999999999999998
leaf_count=100 60 33 40 174 39 33 310 16
internal_value=-0.000371747 -0.00126708 -0.000714286 -0.000143712 -8.86903e-06 -0.000440191 9.47869e-05 -0.00203279
internal_weight=805 149 100 656 449 207 410 49
internal_count=805 149 100 656 449 207 410 49
cat_boundaries=0 1 2 3 4 5
cat_threshold=23 160 18 18 16
is_linear=0
shrinkage=0.04


Tree=142
num_leaves=9
num_cat=5
split_feature=1 1 2 2 1 1 1 2
split_gain=0.100473 0.0210036 0.0253004 0.0165794 0.026073 0.0130331 0.00650139 0.00302895
threshold=0 1 1.0000000180025095e-35 1.0000000180025095e-35 2 3 4 1.0000000180025095e-35
decision_type=9 9 2 2 9 9 9 2
left_child=3 2 -2 4 6 -5 -1 -3
right_child=1 7 -4 5 -6 -7 -8 -9
leaf_value=0.0085061868605087916 -0.00077783863017565123 -0.00052184456888090477 0.0016348346533185067 0 -0.00044384280529855008 1.0441226927468962e-05 0.00030663508553921306 -3.0424479741846257e-05
leaf_weight=100 60 33 40 174 39 33 310 15.999999999999998
leaf_count=100 60 33 40 174 39 33 310 16
internal_value=-0.000371747 -0.00126708 -0.000714286 -0.000143712 -8.86903e-06 -0.000440191 9.47869e-05 -0.00203279
internal_weight=805 149 100 656 449 207 410 49
internal_count=805 149 100 656 449 207 410 49
cat_boundaries=0 1 2 3 4 5
cat_threshold=23 160 18 18 16
is_linear=0
shrinkage=0.04


Tree=143
num_leaves=9
num_cat=5
split_feature=1 1 2 2 1 1 1 2
split_gain=0.100473 0.0210036 0.0253004 0.0165794 0.026073 0.0130331 0.00650139 0.00302895
threshold=0 1 1.0000000180025095e-35 1.0000000180025095e-35 2 3 4 1.0000000180025095e-35
decision_type=9 9 2 2 9 9 9 2
left_child=3 2 -2 4 6 -5 -1 -3
right_child=1 7 -4 5 -6 -7 -8 -9
leaf_value=0.0081659393860884673 -0.0007467250849686202 -0.00050097078612566293 0.0015694412671857804 0 -0.0004260890930866225 1.0023577850368782e-05 0.00029436968211761895 -2.9207500552175247e-05
leaf_weight=100 60 33 40 174 39 33 310 15.999999999999998
leaf_count=100 60 33 40 174 39 33 310 16
internal_value=-0.000371747 -0.00126708 -0.000714286 -0.000143712 -8.86903e-06 -0.000440191 9.47869e-05 -0.00203279
internal_weight=805 149 100 656 449 207 410 49
internal_count=805 149 100 656 449 207 410 49
cat_boundaries=0 1 2 3 4 5
cat_threshold=23 160 18 18 16
is_linear=0
shrinkage=0.04


Tree=144
num_leaves=9
num_cat=5
split_feature=1 1 2 2 1 1 1 2
split_gain=0.100473 0.0210036 0.0253004 0.0165794 0.026073 0.0130331 0.00650139 0.00302895
threshold=0 1 1.0000000180025095e-35 1.0000000180025095e-35 2 3 4 1.0000000180025095e-35
decision_type=9 9 2 2 9 9 9 2
left_child=3 2 -2 4 6 -5 -1 -3
right_child=1 7 -4 5 -6 -7 -8 -9
leaf_value=0.0078393018106449122 -0.00071685608156988321 -0.00048093195468062788 0.0015066636164983648 0 -0.0004090455293631891 9.6226347363526086e-06 0.00028259489483289712 -2.8039200530081134e-05
leaf_weight=100 60 33 40 174 39 33 310 15.999999999999998
leaf_count=100 60 33 40 174 39 33 310 16
internal_value=-0.000371747 -0.00126708 -0.000714286 -0.000143712 -8.86903e-06 -0.000440191 9.47869e-05 -0.00203279
internal_weight=805 149 100 656 449 207 410 49
internal_count=805 149 100 656 449 207 410 49
cat_boundaries=0 1 2 3 4 5
cat_threshold=23 160 18 18 16
is_linear=0
shrinkage=0.04


Tree=145
num_leaves=9
num_cat=5
split_feature=1 1 2 2 1 1 1 2
split_gain=0.100473 0.0210036 0.0253004 0.0165794 0.026073 0.0130331 0.00650139 0.00302895
threshold=0 1 1.0000000180025095e-35 1.0000000180025095e-35 2 3 4 1.0000000180025095e-35
decision_type=9 9 2 2 9 9 9 2
left_child=3 2 -2 4 6 -5 -1 -3
right_child=1 7 -4 5 -6 -7 -8 -9
leaf_value=0.0075257297382191274 -0.00068818183830709144 -0.00046169467649340493 0.001446397071838419 0 -0.00039268370818867595 9.2377293469070317e-06 0.00027129109903960112 -2.691763250886936e-05
leaf_weight=100 60 33 40 174 39 33 310 15.999999999999998
leaf_count=100 60 33 40 174 39 33 310 16
internal_value=-0.000371747 -0.00126708 -0.000714286 -0.000143712 -8.86903e-06 -0.000440191 9.47869e-05 -0.00203279
internal_weight=805 149 100 656 449 207 410 49
internal_count=805 149 100 656 449 207 410 49
cat_boundaries=0 1 2 3 4 5
cat_threshold=23 160 18 18 16
is_linear=0
shrinkage=0.04


Tree=146
num_leaves=9
num_cat=5
split_feature=1 1 2 2 1 1 1 2
split_gain=0.100473 0.0210036 0.0253004 0.0165794 0.026073 0.0130331 0.00650139 0.00302895
threshold=0 1 1.0000000180025095e-35 1.0000000180025095e-35 2 3 4 1.0000000180025095e-35
decision_type=9 9 2 2 9 9 9 2
left_child=3 2 -2 4 6 -5 -1 -3
right_child=1 7 -4 5 -6 -7 -8 -9
leaf_value=0.0072247005486903507 -0.00066065456477481632 -0.0004432268894336744 0.0013885411889648935 0 -0.00037697635986113769 8.8682201730350132e-06 0.00026043945507801423 -2.5840927208520269e-05
leaf_weight=100 60 33 40 174 39 33 310 15.999999999999998
leaf_count=100 60 33 40 174 39 33 310 16
internal_value=-0.000371747 -0.00126708 -0.000714286 -0.000143712 -8.86903e-06 -0.000440191 9.47869e-05 -0.00203279
internal_weight=805 149 100 656 449 207 410 49
internal_count=805 149 100 656 449 207 410 49
cat_boundaries=0 1 2 3 4 5
cat_threshold=23 160 18 18 16
is_linear=0
shrinkage=0.04


Tree=147
num_leaves=9
num_cat=5
split_feature=1 1 2 2 1 1 1 2
split_gain=0.100473 0.0210036 0.0253004 0.0165794 0.026073 0.0130331 0.00650139 0.00302895
threshold=0 1 1.0000000180025095e-35 1.0000000180025095e-35 2 3 4 1.0000000180025095e-35
decision_type=9 9 2 2 9 9 9 2
left_child=3 2 -2 4 6 -5 -1 -3
right_child=1 7 -4 5 -6 -7 -8 -9
leaf_value=0.0069357125267427476 -0.00063422838218382791 -0.00042549781385632814 0.0013329995414062879 0 -0.00036189730546667536 8.5134913661022438e-06 0.00025002187687491075 -2.4807290120172354e-05
leaf_weight=100 60 33 40 174 39 33 310 15.999999999999998
leaf_count=100 60 33 40 174 39 33 310 16
internal_value=-0.000371747 -0.00126708 -0.000714286 -0.000143712 -8.86903e-06 -0.000440191 9.47869e-05 -0.00203279
internal_weight=805 149 100 656 449 207 410 49
internal_count=805 149 100 656 449 207 410 49
cat_boundaries=0 1 2 3 4 5
cat_threshold=23 160 18 18 16
is_linear=0
shrinkage=0.04


Tree=148
num_leaves=9
num_cat=5
split_feature=1 1 2 2 1 1 1 2
split_gain=0.100473 0.0210036 0.0253004 0.0165794 0.026073 0.0130331 0.00650139 0.00302895
threshold=0 1 1.0000000180025095e-35 1.0000000180025095e-35 2 3 4 1.0000000180025095e-35
decision_type=9 9 2 2 9 9 9 2
left_child=3 2 -2 4 6 -5 -1 -3
right_child=1 7 -4 5 -6 -7 -8 -9
leaf_value=0.006658284025672998 -0.00060885924689648265 -0.00040847790130207787 0.0012796795597500221 0 -0.00034742141324799148 8.1729517114581535e-06 0.00024002100179991716 -2.381499851537683e-05
leaf_weight=100 60 33 40 174 39 33 310 15.999999999999998
leaf_count=100 60 33 40 174 39 33 310 16
internal_value=-0.000371747 -0.00126708 -0.000714286 -0.000143712 -8.86903e-06 -0.000440191 9.47869e-05 -0.00203279
internal_weight=805 149 100 656 449 207 410 49
internal_count=805 149 100 656 449 207 410 49
cat_boundaries=0 1 2 3 4 5
cat_threshold=23 160 18 18 16
is_linear=0
shrinkage=0.04


Tree=149
num_leaves=9
num_cat=5
split_feature=1 1 2 2 1 1 1 2
split_gain=0.100473 0.0210036 0.0253004 0.0165794 0.026073 0.0130331 0.00650139 0.00302895
threshold=0 1 1.0000000180025095e-35 1.0000000180025095e-35 2 3 4 1.0000000180025095e-35
decision_type=9 9 2 2 9 9 9 2
left_child=3 2 -2 4 6 -5 -1 -3
right_child=1 7 -4 5 -6 -7 -8 -9
leaf_value=0.0063919526646461127 -0.000584504877020624 -0.00039213878524998693 0.0012284923773600198 0 -0.00033352455671803796 7.8460336429841953e-06 0.00023042016172794888 -2.2862398574758914e-05
leaf_weight=100 60 33 40 174 39 33 310 15.999999999999998
leaf_count=100 60 33 40 174 39 33 310 16
internal_value=-0.000371747 -0.00126708 -0.000714286 -0.000143712 -8.86903e-06 -0.000440191 9.47869e-05 -0.00203279
internal_weight=805 149 100 656 449 207 410 49
internal_count=805 149 100 656 449 207 410 49
cat_boundaries=0 1 2 3 4 5
cat_threshold=23 160 18 18 16
is_linear=0
shrinkage=0.04


end of trees

feature_importances:
service_type=611
junction_in_station_name=426

parameters:
[boosting: gbdt]
[objective: quantile]
[metric: quantile]
[tree_learner: serial]
[device_type: cpu]
[data_sample_strategy: bagging]
[data: ]
[valid: ]
[num_iterations: 150]
[learning_rate: 0.04]
[num_leaves: 12]
[num_threads: 1]
[seed: 2026]
[deterministic: 1]
[force_col_wise: 1]
[force_row_wise: 0]
[histogram_pool_size: -1]
[max_depth: 4]
[min_data_in_leaf: 15]
[min_sum_hessian_in_leaf: 0.001]
[bagging_fraction: 1]
[pos_bagging_fraction: 1]
[neg_bagging_fraction: 1]
[bagging_freq: 0]
[bagging_seed: 26038]
[bagging_by_query: 0]
[feature_fraction: 1]
[feature_fraction_bynode: 1]
[feature_fraction_seed: 28694]
[extra_trees: 0]
[extra_seed: 4728]
[early_stopping_round: 0]
[early_stopping_min_delta: 0]
[first_metric_only: 0]
[max_delta_step: 0]
[lambda_l1: 0]
[lambda_l2: 2]
[linear_lambda: 0]
[min_gain_to_split: 0]
[drop_rate: 0.1]
[max_drop: 50]
[skip_drop: 0.5]
[xgboost_dart_mode: 0]
[uniform_drop: 0]
[drop_seed: 5409]
[top_rate: 0.2]
[other_rate: 0.1]
[min_data_per_group: 5]
[max_cat_threshold: 32]
[cat_l2: 10]
[cat_smooth: 10]
[max_cat_to_onehot: 4]
[top_k: 20]
[monotone_constraints: ]
[monotone_constraints_method: basic]
[monotone_penalty: 0]
[feature_contri: ]
[forcedsplits_filename: ]
[refit_decay_rate: 0.9]
[cegb_tradeoff: 1]
[cegb_penalty_split: 0]
[cegb_penalty_feature_lazy: ]
[cegb_penalty_feature_coupled: ]
[path_smooth: 0]
[interaction_constraints: ]
[verbosity: -1]
[saved_feature_importance_type: 0]
[use_quantized_grad: 0]
[num_grad_quant_bins: 4]
[quant_train_renew_leaf: 0]
[stochastic_rounding: 1]
[linear_tree: 0]
[max_bin: 255]
[max_bin_by_feature: ]
[min_data_in_bin: 3]
[bin_construct_sample_cnt: 200000]
[data_random_seed: 6654]
[is_enable_sparse: 1]
[enable_bundle: 1]
[use_missing: 1]
[zero_as_missing: 0]
[feature_pre_filter: 1]
[pre_partition: 0]
[two_round: 0]
[header: 0]
[label_column: ]
[weight_column: ]
[group_column: ]
[ignore_column: ]
[categorical_feature: 0,1]
[forcedbins_filename: ]
[precise_float_parser: 0]
[parser_config_file: ]
[objective_seed: 199]
[num_class: 1]
[is_unbalance: 0]
[scale_pos_weight: 1]
[sigmoid: 1]
[boost_from_average: 1]
[reg_sqrt: 0]
[alpha: 0.1]
[fair_c: 1]
[poisson_max_delta_step: 0.7]
[tweedie_variance_power: 1.5]
[lambdarank_truncation_level: 30]
[lambdarank_norm: 1]
[label_gain: ]
[lambdarank_position_bias_regularization: 0]
[eval_at: ]
[multi_error_top_k: 1]
[auc_mu_weights: ]
[num_machines: 1]
[local_listen_port: 12400]
[time_out: 120]
[machine_list_filename: ]
[machines: ]
[gpu_platform_id: -1]
[gpu_device_id: -1]
[gpu_device_id_list: ]
[gpu_use_dp: 0]
[num_gpu: 1]

end of parameters

pandas_categorical:null
