tree
version=v4
num_class=1
num_tree_per_iteration=1
label_index=0
max_feature_idx=2
objective=quantile
feature_names=station_code service_type junction_in_station_name
feature_infos=-1:257:97:82:156:245:70:208:222:4:171:191:277:299:2:8:16:29:68:99:103:142:144:284:321:357:369:19:37:40:50:88:90:118:135:164:175:183:189:204:219:226:260:263:265:279:289:309:319:355:358:385:388:390:392:395:17:43:44:47:52:62:65:74:77:79:93:96:104:108:123:125:139:187:206:218:225:229:230:231:233:240:253:254:300:301:311:320:327:328:331:351:361:362:365:368:370:383:387:391:393 -1:1:4:5:0:6:3:2:7 [0:1]
tree_sizes=535 575 574 664 662 666 664 666 666 666 667 668 753 753 836 840 837 839 841 754 752 754 755 756 841 839 755 835 840 840 839 840 751 828 828 829 843 842 865 865 777 864 863 850 940 830 831 830 938 830 849 852 852 833 497 764 763 748 764 764 766 766 767 767 768 768 769 835 768 767 768 836 768 770 835 768 769 834 769 768 836 769 768 770 842 841 843 841 837 842 755 755 756 757 757 757 914 758 758 758 759 755 836 953 666 668 668 951 668 758 759 760 836 953 668 667 668 668 953 668 669 761 761 761 756 756 838 953 669 669 668 669 669 666 669 668 668 953 669 669 668 760 761 761 757 757 757 757 757 757

Tree=0
num_leaves=5
num_cat=3
split_feature=1 1 2 1
split_gain=30.5941 17.6127 0.65512 0.526084
threshold=0 1 1.0000000180025095e-35 2
decision_type=9 9 2 9
left_child=1 -1 -3 -4
right_child=-2 2 3 -5
leaf_value=25.48 23.600000000000001 24.120000000000001 24.440000000000001 23.879999999999999
leaf_weight=143 167 333 31 131
leaf_count=143 167 333 31 131
internal_value=23.9998 24.0038 24.0001 23.998
internal_weight=805 638 495 162
internal_count=805 638 495 162
cat_boundaries=0 1 2 3
cat_threshold=19 16 1
is_linear=0
shrinkage=1


Tree=1
num_leaves=5
num_cat=3
split_feature=1 1 2 1
split_gain=29.9404 15.3837 0.180614 0.262567
threshold=0 1 1.0000000180025095e-35 2
decision_type=9 9 2 9
left_child=1 -1 -3 -4
right_child=-2 2 3 -5
leaf_value=1.4207999999999998 -0.38400000000000006 0.11519999999999997 0.42239999999999994 -0.11519999999999997
leaf_weight=143 167 333 31 131
leaf_count=143 167 333 31 131
internal_value=7.43494e-05 0.00406154 0.000591716 -0.000487805
internal_weight=805 638 495 162
internal_count=805 638 495 162
cat_boundaries=0 1 2 3
cat_threshold=19 16 1
is_linear=0
shrinkage=0.04


Tree=2
num_leaves=5
num_cat=3
split_feature=1 1 2 1
split_gain=29.1477 13.2676 0.180614 0.262567
threshold=0 1 1.0000000180025095e-35 2
decision_type=9 9 2 9
left_child=1 -1 -3 -4
right_child=-2 2 3 -5
leaf_value=1.3639679999999998 -0.36864000000000002 0.1105919999999999 0.40550399999999998 -0.1105919999999999
leaf_weight=143 167 333 31 131
leaf_count=143 167 333 31 131
internal_value=-0.000123916 0.00381538 0.000591716 -0.000487805
internal_weight=805 638 495 162
internal_count=805 638 495 162
cat_boundaries=0 1 2 3
cat_threshold=19 16 1
is_linear=0
shrinkage=0.04


Tree=3
num_leaves=6
num_cat=4
split_feature=1 1 2 1 1
split_gain=25.9431 11.1226 0.229301 0.299753 0.0044717
threshold=0 1 1.0000000180025095e-35 2 3
decision_type=9 9 2 9 9
left_child=1 -1 4 -4 -3
right_child=-2 2 3 -5 -6
leaf_value=1.3094092799999999 -0.39389440000000009 0.10616831999999989 0.38928383999999994 -0.10616831999999989 -0.033894400000000074
leaf_weight=143 149 333 31 133 15.999999999999998
leaf_count=143 149 333 31 133 16
internal_value=-0.000123916 0.00335329 0.000495238 -0.000722892 0.00108262
internal_weight=805 656 513 164 349
internal_count=805 656 513 164 349
cat_boundaries=0 1 2 3 4
cat_threshold=23 16 1 3
is_linear=0
shrinkage=0.04


Tree=4
num_leaves=6
num_cat=4
split_feature=1 1 2 1 1
split_gain=25.7695 10.659 0.229301 0.299753 0.0044717
threshold=0 1 1.0000000180025095e-35 2 3
decision_type=9 9 2 9 9
left_child=1 -1 4 -4 -3
right_child=-2 2 3 -5 -6
leaf_value=1.2570329088000001 -0.37813862400000003 0.10192158719999996 0.37371248639999993 -0.10192158719999996 -0.03253862400000003
leaf_weight=143 149 333 31 133 15.999999999999998
leaf_count=143 149 333 31 133 16
internal_value=-0.000173482 0.00329341 0.000495238 -0.000722892 0.00108262
internal_weight=805 656 513 164 349
internal_count=805 656 513 164 349
cat_boundaries=0 1 2 3 4
cat_threshold=23 16 1 3
is_linear=0
shrinkage=0.04


Tree=5
num_leaves=6
num_cat=4
split_feature=1 1 2 1 1
split_gain=25.2518 9.32751 0.229301 0.299753 0.0044717
threshold=0 1 1.0000000180025095e-35 2 3
decision_type=9 9 2 9 9
left_child=1 -1 4 -4 -3
right_child=-2 2 3 -5 -6
leaf_value=1.2067515924480001 -0.36301307903999996 0.097844723711999967 0.35876398694399997 -0.097844723711999967 -0.031237079039999997
leaf_weight=143 149 333 31 133 15.999999999999998
leaf_count=143 149 333 31 133 16
internal_value=-0.000322181 0.00311377 0.000495238 -0.000722892 0.00108262
internal_weight=805 656 513 164 349
internal_count=805 656 513 164 349
cat_boundaries=0 1 2 3 4
cat_threshold=23 16 1 3
is_linear=0
shrinkage=0.04


Tree=6
num_leaves=6
num_cat=4
split_feature=1 1 2 1 1
split_gain=21.8231 9.32751 0.229301 0.299753 0.0044717
threshold=0 1 1.0000000180025095e-35 2 3
decision_type=9 9 2 9 9
left_child=1 -1 4 -4 -3
right_child=-2 2 3 -5 -6
leaf_value=1.15848152875008 -0.34849255587839995 0.093930934763519935 0.34441342746624004 -0.093930934763519935 -0.029987595878399987
leaf_weight=143 149 333 31 133 15.999999999999998
leaf_count=143 149 333 31 133 16
internal_value=-7.43494e-05 0.00311377 0.000495238 -0.000722892 0.00108262
internal_weight=805 656 513 164 349
internal_count=805 656 513 164 349
cat_boundaries=0 1 2 3 4
cat_threshold=23 16 1 3
is_linear=0
shrinkage=0.04


Tree=7
num_leaves=6
num_cat=4
split_feature=1 1 2 1 1
split_gain=21.5053 8.48915 0.229301 0.299753 0.0044717
threshold=0 1 1.0000000180025095e-35 2 3
decision_type=9 9 2 9 9
left_child=1 -1 4 -4 -3
right_child=-2 2 3 -5 -6
leaf_value=1.1121422676000767 -0.33455285364326387 0.090173697372979117 0.33063689036759042 -0.090173697372979117 -0.028788092043264015
leaf_weight=143 149 333 31 133 15.999999999999998
leaf_count=143 149 333 31 133 16
internal_value=-0.000173482 0.00299401 0.000495238 -0.000722892 0.00108262
internal_weight=805 656 513 164 349
internal_count=805 656 513 164 349
cat_boundaries=0 1 2 3 4
cat_threshold=23 16 1 3
is_linear=0
shrinkage=0.04


Tree=8
num_leaves=6
num_cat=4
split_feature=1 1 2 1 1
split_gain=21.1896 7.69025 0.229301 0.299753 0.0044717
threshold=0 1 1.0000000180025095e-35 2 3
decision_type=9 9 2 9 9
left_child=1 -1 4 -4 -3
right_child=-2 2 3 -5 -6
leaf_value=1.0676565768960737 -0.32117073949753333 0.086566749478059965 0.31741141475288687 -0.086566749478059965 -0.027636568361533449
leaf_weight=143 149 333 31 133 15.999999999999998
leaf_count=143 149 333 31 133 16
internal_value=-0.000272615 0.00287425 0.000495238 -0.000722892 0.00108262
internal_weight=805 656 513 164 349
internal_count=805 656 513 164 349
cat_boundaries=0 1 2 3 4
cat_threshold=23 16 1 3
is_linear=0
shrinkage=0.04


Tree=9
num_leaves=6
num_cat=4
split_feature=1 1 2 1 1
split_gain=18.0797 6.21081 0.229301 0.299753 0.0044717
threshold=0 1 1.0000000180025095e-35 2 3
decision_type=9 9 2 9 9
left_child=1 -1 4 -4 -3
right_child=-2 2 3 -5 -6
leaf_value=1.0249503138202305 -0.30832390991763203 0.083104079498937583 0.30471495816277144 -0.083104079498937583 -0.026531105627072123
leaf_weight=143 149 333 31 133 15.999999999999998
leaf_count=143 149 333 31 133 16
internal_value=-0.000272615 0.00263473 0.000495238 -0.000722892 0.00108262
internal_weight=805 656 513 164 349
internal_count=805 656 513 164 349
cat_boundaries=0 1 2 3 4
cat_threshold=23 16 1 3
is_linear=0
shrinkage=0.04


Tree=10
num_leaves=6
num_cat=4
split_feature=1 1 2 1 1
split_gain=17.79 5.97193 0.125615 0.260908 0.00278707
threshold=0 1 1.0000000180025095e-35 2 3
decision_type=9 9 2 9 9
left_child=1 -1 4 -4 -3
right_child=-2 2 3 -5 -6
leaf_value=0.9839523012674215 -0.29599095352092675 0.079779916318980071 0.29252635983626052 -0.079779916318980071 -0.025469861401989251
leaf_weight=143 149 333 31 133 15.999999999999998
leaf_count=143 149 333 31 133 16
internal_value=-0.000371747 0.00251497 0.000419048 -0.000481928 0.000854701
internal_weight=805 656 513 164 349
internal_count=805 656 513 164 349
cat_boundaries=0 1 2 3 4
cat_threshold=23 16 1 3
is_linear=0
shrinkage=0.04


Tree=11
num_leaves=6
num_cat=4
split_feature=1 1 2 1 1
split_gain=17.2167 4.67761 0.125615 0.260908 0.00278707
threshold=0 1 1.0000000180025095e-35 2 3
decision_type=9 9 2 9 9
left_child=1 -1 4 -4 -3
right_child=-2 2 3 -5 -6
leaf_value=0.94459420921672466 -0.28415131538008964 0.07658871966622087 0.28082530544281015 -0.07658871966622087 -0.024451066945909618
leaf_weight=143 149 333 31 133 15.999999999999998
leaf_count=143 149 333 31 133 16
internal_value=-0.000570012 0.00227545 0.000419048 -0.000481928 0.000854701
internal_weight=805 656 513 164 349
internal_count=805 656 513 164 349
cat_boundaries=0 1 2 3 4
cat_threshold=23 16 1 3
is_linear=0
shrinkage=0.04


Tree=12
num_leaves=7
num_cat=4
split_feature=1 1 2 2 1 1
split_gain=15.3677 4.77254 0.178195 0.175153 0.137764 0.00278707
threshold=0 1 1.0000000180025095e-35 1.0000000180025095e-35 2 3
decision_type=9 9 2 2 9 9
left_child=1 -1 -2 5 -5 -3
right_child=2 3 -4 4 -6 -7
leaf_value=0.90681044084805562 -0.27278526276488607 0.073525170879572097 -0.25278526276488605 0.2695922932250977 -0.073525170879572097 -0.023473024268073177
leaf_weight=143 93 333 56 31 133 15.999999999999998
leaf_count=143 93 333 56 31 133 16
internal_value=-0.00047088 0.00221557 -0.0115528 0.000342857 -0.000722892 0.000854701
internal_weight=805 656 149 513 164 349
internal_count=805 656 149 513 164 349
cat_boundaries=0 1 2 3 4
cat_threshold=23 16 1 3
is_linear=0
shrinkage=0.04


Tree=13
num_leaves=7
num_cat=4
split_feature=1 1 2 2 1 1
split_gain=15.2336 4.08963 0.178195 0.125615 0.112712 0.00278707
threshold=0 1 1.0000000180025095e-35 1.0000000180025095e-35 2 3
decision_type=9 9 2 2 9 9
left_child=1 -1 -2 5 -5 -3
right_child=2 3 -4 4 -6 -7
leaf_value=0.87053802321413343 -0.26187385225429066 0.07058416404438915 -0.24267385225429067 0.25880860149609375 -0.07058416404438915 -0.022534103297350186
leaf_weight=143 93 333 56 31 133 15.999999999999998
leaf_count=143 93 333 56 31 133 16
internal_value=-0.000520446 0.00215569 -0.0115528 0.000419048 -0.000481928 0.000854701
internal_weight=805 656 149 513 164 349
internal_count=805 656 149 513 164 349
cat_boundaries=0 1 2 3 4
cat_threshold=23 16 1 3
is_linear=0
shrinkage=0.04


Tree=14
num_leaves=8
num_cat=4
split_feature=1 1 2 2 1 2 1
split_gain=14.967 3.5411 0.178195 0.125615 0.112712 0.0822628 0.00278707
threshold=0 1 1.0000000180025095e-35 1.0000000180025095e-35 2 1.0000000180025095e-35 3
decision_type=9 9 2 2 9 2 9
left_child=1 5 -2 6 -5 -1 -3
right_child=2 3 -4 4 -6 -7 -8
leaf_value=0.87571650228556819 -0.25139889816411909 0.06776079748261353 -0.232966898164119 0.24845625743625008 -0.06776079748261353 0.43571650228556819 -0.021632739165456202
leaf_weight=100 93 333 56 31 133 43 15.999999999999998
leaf_count=100 93 333 56 31 133 43 16
internal_value=-0.000619579 0.00203593 -0.0115528 0.000419048 -0.000481928 0.00735484 0.000854701
internal_weight=805 656 149 513 164 143 349
internal_count=805 656 149 513 164 143 349
cat_boundaries=0 1 2 3 4
cat_threshold=23 16 1 3
is_linear=0
shrinkage=0.04


Tree=15
num_leaves=8
num_cat=4
split_feature=1 1 2 2 1 2 1
split_gain=14.967 3.5411 0.178195 0.125615 0.112712 0.0822628 0.00278707
threshold=0 1 1.0000000180025095e-35 1.0000000180025095e-35 2 1.0000000180025095e-35 3
decision_type=9 9 2 2 9 2 9
left_child=1 5 -2 6 -5 -1 -3
right_child=2 3 -4 4 -6 -7 -8
leaf_value=0.84068784219414538 -0.24134294223755434 0.065050365583308997 -0.22364822223755426 0.23851800713880011 -0.065050365583308997 0.41828784219414561 -0.020767429598838021
leaf_weight=100 93 333 56 31 133 43 15.999999999999998
leaf_count=100 93 333 56 31 133 43 16
internal_value=-0.000619579 0.00203593 -0.0115528 0.000419048 -0.000481928 0.00735484 0.000854701
internal_weight=805 656 149 513 164 143 349
internal_count=805 656 149 513 164 143 349
cat_boundaries=0 1 2 3 4
cat_threshold=23 16 1 3
is_linear=0
shrinkage=0.04


Tree=16
num_leaves=8
num_cat=4
split_feature=1 1 2 2 1 2 1
split_gain=12.86 3.5411 0.312943 0.125615 0.112712 0.0822628 0.00278707
threshold=0 1 1.0000000180025095e-35 1.0000000180025095e-35 2 1.0000000180025095e-35 3
decision_type=9 9 2 2 9 2 9
left_child=1 5 -2 6 -5 -1 -3
right_child=2 3 -4 4 -6 -7 -8
leaf_value=0.80706032850637965 -0.23168922454805213 0.062448350959976584 -0.2147022933480521 0.22897728685324809 -0.062448350959976584 0.40155632850637973 -0.019936732414884518
leaf_weight=100 93 333 56 31 133 43 15.999999999999998
leaf_count=100 93 333 56 31 133 43 16
internal_value=-0.000421314 0.00203593 -0.010559 0.000419048 -0.000481928 0.00735484 0.000854701
internal_weight=805 656 149 513 164 143 349
internal_count=805 656 149 513 164 143 349
cat_boundaries=0 1 2 3 4
cat_threshold=23 16 1 3
is_linear=0
shrinkage=0.04


Tree=17
num_leaves=8
num_cat=4
split_feature=1 1 2 2 1 2 1
split_gain=12.4937 2.79229 0.312943 0.125615 0.112712 0.109308 0.00278707
threshold=0 1 1.0000000180025095e-35 1.0000000180025095e-35 2 1.0000000180025095e-35 3
decision_type=9 9 2 2 9 2 9
left_child=1 5 -2 6 -5 -1 -3
right_child=2 3 -4 4 -6 -7 -8
leaf_value=0.7747779153661245 -0.22242165556613003 0.059950416921577557 -0.20611420161413008 0.21981819537911818 -0.059950416921577557 0.38549407536612451 -0.019139263118289167
leaf_weight=100 93 333 56 31 133 43 15.999999999999998
leaf_count=100 93 333 56 31 133 43 16
internal_value=-0.000570012 0.00185629 -0.010559 0.000419048 -0.000481928 0.00658065 0.000854701
internal_weight=805 656 149 513 164 143 349
internal_count=805 656 149 513 164 143 349
cat_boundaries=0 1 2 3 4
cat_threshold=23 16 1 3
is_linear=0
shrinkage=0.04


Tree=18
num_leaves=8
num_cat=4
split_feature=1 1 2 2 1 2 1
split_gain=12.2521 2.34241 0.312943 0.125615 0.112712 0.0400721 0.00278707
threshold=0 1 1.0000000180025095e-35 1.0000000180025095e-35 2 1.0000000180025095e-35 3
decision_type=9 9 2 2 9 2 9
left_child=1 5 -2 6 -5 -1 -3
right_child=2 3 -4 4 -6 -7 -8
leaf_value=0.74378679875147957 -0.21352478934348484 0.057552400244714474 -0.19786963354956486 0.21102546756395341 -0.057552400244714474 0.37007431235147947 -0.018373692593557537
leaf_weight=100 93 333 56 31 133 43 15.999999999999998
leaf_count=100 93 333 56 31 133 43 16
internal_value=-0.000669145 0.00173653 -0.010559 0.000419048 -0.000481928 0.00606452 0.000854701
internal_weight=805 656 149 513 164 143 349
internal_count=805 656 149 513 164 143 349
cat_boundaries=0 1 2 3 4
cat_threshold=23 16 1 3
is_linear=0
shrinkage=0.04


Tree=19
num_leaves=7
num_cat=4
split_feature=1 1 2 2 1 1
split_gain=12.0126 1.93197 0.312943 0.125615 0.112712 0.00278707
threshold=0 1 1.0000000180025095e-35 1.0000000180025095e-35 2 3
decision_type=9 9 2 2 9 9
left_child=1 -1 -2 5 -5 -3
right_child=2 3 -4 4 -6 -7
leaf_value=0.67403532680142042 -0.20498379776974546 0.055250304234925947 -0.18995484820758221 0.20258444886139529 -0.055250304234925947 -0.017638744889815285
leaf_weight=143 93 333 56 31 133 15.999999999999998
leaf_count=143 93 333 56 31 133 16
internal_value=-0.000768278 0.00161677 -0.010559 0.000419048 -0.000481928 0.000854701
internal_weight=805 656 149 513 164 349
internal_count=805 656 149 513 164 349
cat_boundaries=0 1 2 3 4
cat_threshold=23 16 1 3
is_linear=0
shrinkage=0.04


Tree=20
num_leaves=7
num_cat=4
split_feature=1 1 2 2 1 1
split_gain=11.0534 1.93197 0.170176 0.125615 0.112712 0.00278707
threshold=0 1 1.0000000180025095e-35 1.0000000180025095e-35 2 3
decision_type=9 9 2 2 9 9
left_child=1 -1 -2 5 -5 -3
right_child=2 3 -4 4 -6 -7
leaf_value=0.6470739137293634 -0.19678444585895563 0.053040292065528974 -0.182356654279279 0.19448107090693953 -0.053040292065528974 -0.016933195094222669
leaf_weight=143 93 333 56 31 133 15.999999999999998
leaf_count=143 93 333 56 31 133 16
internal_value=-0.000669145 0.00161677 -0.0100621 0.000419048 -0.000481928 0.000854701
internal_weight=805 656 149 513 164 349
internal_count=805 656 149 513 164 349
cat_boundaries=0 1 2 3 4
cat_threshold=23 16 1 3
is_linear=0
shrinkage=0.04


Tree=21
num_leaves=7
num_cat=4
split_feature=1 1 2 2 1 1
split_gain=9.58257 1.74155 0.633638 0.125615 0.112712 0.00278707
threshold=0 1 1.0000000180025095e-35 1.0000000180025095e-35 2 3
decision_type=9 9 2 2 9 9
left_child=1 -1 -2 5 -5 -3
right_child=2 3 -4 4 -6 -7
leaf_value=0.6211909571801888 -0.1889130680245974 0.050918680382907838 -0.17506238810810787 0.18670182807066199 -0.050918680382907838 -0.016255867290453807
leaf_weight=143 93 333 56 31 133 15.999999999999998
leaf_count=143 93 333 56 31 133 16
internal_value=-0.000570012 0.00155689 -0.00931677 0.000419048 -0.000481928 0.000854701
internal_weight=805 656 149 513 164 349
internal_count=805 656 149 513 164 349
cat_boundaries=0 1 2 3 4
cat_threshold=23 16 1 3
is_linear=0
shrinkage=0.04


Tree=22
num_leaves=7
num_cat=4
split_feature=1 1 2 2 1 1
split_gain=9.58257 1.74155 0.633638 0.125615 0.112712 0.00278707
threshold=0 1 1.0000000180025095e-35 1.0000000180025095e-35 2 3
decision_type=9 9 2 2 9 9
left_child=1 -1 -2 5 -5 -3
right_child=2 3 -4 4 -6 -7
leaf_value=0.59634331889298131 -0.1813565453036135 0.048881933167591568 -0.16805989258378362 0.17923375494783556 -0.048881933167591568 -0.015605632598835656
leaf_weight=143 93 333 56 31 133 15.999999999999998
leaf_count=143 93 333 56 31 133 16
internal_value=-0.000570012 0.00155689 -0.00931677 0.000419048 -0.000481928 0.000854701
internal_weight=805 656 149 513 164 349
internal_count=805 656 149 513 164 349
cat_boundaries=0 1 2 3 4
cat_threshold=23 16 1 3
is_linear=0
shrinkage=0.04


Tree=23
num_leaves=7
num_cat=4
split_feature=1 1 2 2 1 1
split_gain=9.58257 1.74155 0.633638 0.125615 0.112712 0.00278707
threshold=0 1 1.0000000180025095e-35 1.0000000180025095e-35 2 3
decision_type=9 9 2 2 9 9
left_child=1 -1 -2 5 -5 -3
right_child=2 3 -4 4 -6 -7
leaf_value=0.57248958613726186 -0.17410228349146892 0.046926655840887864 -0.16133749688043225 0.17206440474992221 -0.046926655840887864 -0.014981407294882274
leaf_weight=143 93 333 56 31 133 15.999999999999998
leaf_count=143 93 333 56 31 133 16
internal_value=-0.000570012 0.00155689 -0.00931677 0.000419048 -0.000481928 0.000854701
internal_weight=805 656 149 513 164 349
internal_count=805 656 149 513 164 349
cat_boundaries=0 1 2 3 4
cat_threshold=23 16 1 3
is_linear=0
shrinkage=0.04


Tree=24
num_leaves=8
num_cat=4
split_feature=1 1 2 2 1 2 1
split_gain=9.47648 1.561 0.633638 0.125615 0.112712 0.0334686 0.00278707
threshold=0 1 1.0000000180025095e-35 1.0000000180025095e-35 2 1.0000000180025095e-35 3
decision_type=9 9 2 2 9 2 9
left_child=1 5 -2 6 -5 -1 -3
right_child=2 3 -4 4 -6 -7 -8
leaf_value=0.58959000269177153 -0.16713819215181019 0.045049589607252333 -0.15488399700521499 0.16518182855992536 -0.045049589607252333 0.23082601574777159 -0.014382151003086961
leaf_weight=100 93 333 56 31 133 43 15.999999999999998
leaf_count=100 93 333 56 31 133 43 16
internal_value=-0.000619579 0.00149701 -0.00931677 0.000419048 -0.000481928 0.00503226 0.000854701
internal_weight=805 656 149 513 164 143 349
internal_count=805 656 149 513 164 143 349
cat_boundaries=0 1 2 3 4
cat_threshold=23 16 1 3
is_linear=0
shrinkage=0.04


Tree=25
num_leaves=8
num_cat=4
split_feature=1 1 2 2 1 2 1
split_gain=9.47648 1.561 0.633638 0.125615 0.112712 0.0334686 0.00278707
threshold=0 1 1.0000000180025095e-35 1.0000000180025095e-35 2 1.0000000180025095e-35 3
decision_type=9 9 2 2 9 2 9
left_child=1 5 -2 6 -5 -1 -3
right_child=2 3 -4 4 -6 -7 -8
leaf_value=0.56600640258410073 -0.16045266446573778 0.04324760602296223 -0.14868863712500641 0.15857455541752827 -0.04324760602296223 0.22159297511786066 -0.013806864962963489
leaf_weight=100 93 333 56 31 133 43 15.999999999999998
leaf_count=100 93 333 56 31 133 43 16
internal_value=-0.000619579 0.00149701 -0.00931677 0.000419048 -0.000481928 0.00503226 0.000854701
internal_weight=805 656 149 513 164 143 349
internal_count=805 656 149 513 164 143 349
cat_boundaries=0 1 2 3 4
cat_threshold=23 16 1 3
is_linear=0
shrinkage=0.04


Tree=26
num_leaves=7
num_cat=4
split_feature=1 1 2 1 2 1
split_gain=6.14484 1.22947 0.125615 0.112712 0.0569909 0.00278707
threshold=0 1 1.0000000180025095e-35 2 1.0000000180025095e-35 3
decision_type=9 9 2 9 2 9
left_child=1 -1 5 -4 -2 -3
right_child=4 2 3 -5 -6 -7
leaf_value=0.50336614648073663 -0.15403455788710829 0.041517701782043732 0.1522315732008272 -0.041517701782043732 -0.1427410916400062 -0.013254590364444993
leaf_weight=143 93 333 31 133 56 15.999999999999998
leaf_count=143 93 333 31 133 56 16
internal_value=-0.000322181 0.00137725 0.000419048 -0.000481928 -0.00732919 0.000854701
internal_weight=805 656 513 164 149 349
internal_count=805 656 513 164 149 349
cat_boundaries=0 1 2 3 4
cat_threshold=23 16 1 3
is_linear=0
shrinkage=0.04


Tree=27
num_leaves=8
num_cat=3
split_feature=1 1 2 2 1 2 2
split_gain=5.1481 1.21972 0.260234 0.0514988 0.0490009 0.073193 0.00675325
threshold=0 1 1.0000000180025095e-35 1.0000000180025095e-35 2 1.0000000180025095e-35 1.0000000180025095e-35
decision_type=9 9 2 2 9 2 2
left_child=1 3 -2 -1 6 -6 -3
right_child=2 4 -4 -5 5 -7 -8
leaf_value=0.52323150062150714 -0.14787317557162397 0.47985699371076196 -0.137031447974406 0.19259461025391689 0.039856993710761943 -0.039856993710761943 0.14614231027279417
leaf_weight=100 93 23 56 43 326 133 31
leaf_count=100 93 23 56 43 326 133 31
internal_value=-0.000421314 0.00113772 -0.0068323 0.00425806 0.000190476 4.24628e-05 0.00121212
internal_weight=805 656 149 143 513 459 54
internal_count=805 656 149 143 513 459 54
cat_boundaries=0 1 2 3
cat_threshold=23 16 1
is_linear=0
shrinkage=0.04


Tree=28
num_leaves=8
num_cat=3
split_feature=1 1 2 1 2 2 2
split_gain=4.99322 0.929147 0.260234 0.0490009 0.073193 0.00849673 0.00675325
threshold=0 1 1.0000000180025095e-35 2 1.0000000180025095e-35 1.0000000180025095e-35 1.0000000180025095e-35
decision_type=9 9 2 9 2 2 2
left_child=1 5 -2 6 -5 -1 -3
right_child=2 3 -4 4 -6 -7 -8
leaf_value=0.50230224059664697 -0.14195824854875894 0.46066271396233149 -0.13155019005542984 0.038262713962331531 -0.038262713962331531 0.18489082584376007 0.14029661786188244
leaf_weight=100 93 23 56 326 133 43 31
leaf_count=100 93 23 56 326 133 43 31
internal_value=-0.000520446 0.00101796 -0.0068323 0.000190476 4.24628e-05 0.00374194 0.00121212
internal_weight=805 656 149 513 459 143 54
internal_count=805 656 149 513 459 143 54
cat_boundaries=0 1 2 3
cat_threshold=23 16 1
is_linear=0
shrinkage=0.04


Tree=29
num_leaves=8
num_cat=3
split_feature=1 1 2 1 2 2 2
split_gain=4.99322 0.929147 0.260234 0.0490009 0.073193 0.00849673 0.00675325
threshold=0 1 1.0000000180025095e-35 2 1.0000000180025095e-35 1.0000000180025095e-35 1.0000000180025095e-35
decision_type=9 9 2 9 2 2 2
left_child=1 5 -2 6 -5 -1 -3
right_child=2 3 -4 4 -6 -7 -8
leaf_value=0.48221015097278097 -0.13627991860680866 0.44223620540383823 -0.12628818245321269 0.036732205403838238 -0.036732205403838238 0.17749519281000972 0.13468475314740716
leaf_weight=100 93 23 56 326 133 43 31
leaf_count=100 93 23 56 326 133 43 31
internal_value=-0.000520446 0.00101796 -0.0068323 0.000190476 4.24628e-05 0.00374194 0.00121212
internal_weight=805 656 149 513 459 143 54
internal_count=805 656 149 513 459 143 54
cat_boundaries=0 1 2 3
cat_threshold=23 16 1
is_linear=0
shrinkage=0.04


Tree=30
num_leaves=8
num_cat=3
split_feature=1 1 2 1 2 2 2
split_gain=4.99322 0.929147 0.260234 0.0490009 0.073193 0.00849673 0.00675325
threshold=0 1 1.0000000180025095e-35 2 1.0000000180025095e-35 1.0000000180025095e-35 1.0000000180025095e-35
decision_type=9 9 2 9 2 2 2
left_child=1 5 -2 6 -5 -1 -3
right_child=2 3 -4 4 -6 -7 -8
leaf_value=0.46292174493386967 -0.13082872186253625 0.4245467571876847 -0.12123665515508421 0.035262917187684761 -0.035262917187684761 0.17039538509760946 0.12929736302151085
leaf_weight=100 93 23 56 326 133 43 31
leaf_count=100 93 23 56 326 133 43 31
internal_value=-0.000520446 0.00101796 -0.0068323 0.000190476 4.24628e-05 0.00374194 0.00121212
internal_weight=805 656 149 513 459 143 54
internal_count=805 656 149 513 459 143 54
cat_boundaries=0 1 2 3
cat_threshold=23 16 1
is_linear=0
shrinkage=0.04


Tree=31
num_leaves=8
num_cat=3
split_feature=1 1 2 1 2 2 2
split_gain=4.99322 0.929147 0.260234 0.0490009 0.073193 0.00849673 0.00675325
threshold=0 1 1.0000000180025095e-35 2 1.0000000180025095e-35 1.0000000180025095e-35 1.0000000180025095e-35
decision_type=9 9 2 9 2 2 2
left_child=1 5 -2 6 -5 -1 -3
right_child=2 3 -4 4 -6 -7 -8
leaf_value=0.44440487513651478 -0.12559557298803484 0.40756488690017734 -0.11638718894888087 0.033852400500177425 -0.033852400500177425 0.16357956969370521 0.12412546850065041
leaf_weight=100 93 23 56 326 133 43 31
leaf_count=100 93 23 56 326 133 43 31
internal_value=-0.000520446 0.00101796 -0.0068323 0.000190476 4.24628e-05 0.00374194 0.00121212
internal_weight=805 656 149 513 459 143 54
internal_count=805 656 149 513 459 143 54
cat_boundaries=0 1 2 3
cat_threshold=23 16 1
is_linear=0
shrinkage=0.04


Tree=32
num_leaves=7
num_cat=3
split_feature=1 1 2 1 2 2
split_gain=4.91656 0.798653 0.260234 0.0490009 0.073193 0.00675325
threshold=0 1 1.0000000180025095e-35 2 1.0000000180025095e-35 1.0000000180025095e-35
decision_type=9 9 2 9 2 2
left_child=1 -1 -2 5 -5 -3
right_child=2 3 -4 4 -6 -7
leaf_value=0.38662868013105423 -0.12057175006851338 0.39126229142417018 -0.11173170139092563 0.03249830448017036 -0.03249830448017036 0.11916044976062437
leaf_weight=143 93 23 56 326 133 31
leaf_count=143 93 23 56 326 133 31
internal_value=-0.000570012 0.000958084 -0.0068323 0.000190476 4.24628e-05 0.00121212
internal_weight=805 656 149 513 459 54
internal_count=805 656 149 513 459 54
cat_boundaries=0 1 2 3
cat_threshold=23 16 1
is_linear=0
shrinkage=0.04


Tree=33
num_leaves=8
num_cat=4
split_feature=1 1 1 2 1 2 2
split_gain=3.53956 0.788436 0.0492164 0.121375 0.0485825 0.0752743 0.00675325
threshold=0 1 2 1.0000000180025095e-35 3 1.0000000180025095e-35 1.0000000180025095e-35
decision_type=9 9 9 2 9 2 2
left_child=1 -1 -2 -4 6 -6 -3
right_child=2 4 3 -5 5 -7 -8
leaf_value=0.1711635329258121 -0.055748880065772825 0.37561179976720338 -0.11574888006577283 -0.087262433335288561 0.031198372300963513 -0.031198372300963513 0.11439403177019926
leaf_weight=161 24 23 77 48 310 131 31
leaf_count=161 24 23 77 48 310 131 31
internal_value=-0.000272615 0.00101796 -0.00559006 -0.00627737 0.000197239 4.41501e-05 0.00121212
internal_weight=805 656 149 125 495 441 54
internal_count=805 656 149 125 495 441 54
cat_boundaries=0 1 2 3 4
cat_threshold=23 20 64 1
is_linear=0
shrinkage=0.04


Tree=34
num_leaves=8
num_cat=4
split_feature=1 1 1 2 1 2 2
split_gain=3.47529 0.798653 0.0492164 0.121375 0.0490009 0.073193 0.00675325
threshold=0 1 2 1.0000000180025095e-35 3 1.0000000180025095e-35 1.0000000180025095e-35
decision_type=9 9 9 2 9 2 2
left_child=1 -1 -2 -4 6 -6 -3
right_child=2 4 3 -5 5 -7 -8
leaf_value=0.36431699160877967 -0.053518924863141921 0.36058732777651531 -0.1111189248631419 -0.083771936001876948 0.029950437408924984 -0.029950437408924984 0.10981827049939141
leaf_weight=143 24 23 77 48 326 133 31
leaf_count=143 24 23 77 48 326 133 31
internal_value=-0.000322181 0.000958084 -0.00559006 -0.00627737 0.000190476 4.24628e-05 0.00121212
internal_weight=805 656 149 125 513 459 54
internal_count=805 656 149 125 513 459 54
cat_boundaries=0 1 2 3 4
cat_threshold=23 16 64 1
is_linear=0
shrinkage=0.04


Tree=35
num_leaves=8
num_cat=4
split_feature=1 1 1 2 1 2 2
split_gain=3.47529 0.798653 0.0492164 0.121375 0.0490009 0.073193 0.00675325
threshold=0 1 2 1.0000000180025095e-35 3 1.0000000180025095e-35 1.0000000180025095e-35
decision_type=9 9 9 2 9 2 2
left_child=1 -1 -2 -4 6 -6 -3
right_child=2 4 3 -5 5 -7 -8
leaf_value=0.34974431194442845 -0.051378167868616272 0.34616383466545469 -0.10667416786861622 -0.080421058561801859 0.028752419912568002 -0.028752419912568002 0.10542553967941587
leaf_weight=143 24 23 77 48 326 133 31
leaf_count=143 24 23 77 48 326 133 31
internal_value=-0.000322181 0.000958084 -0.00559006 -0.00627737 0.000190476 4.24628e-05 0.00121212
internal_weight=805 656 149 125 513 459 54
internal_count=805 656 149 125 513 459 54
cat_boundaries=0 1 2 3 4
cat_threshold=23 16 64 1
is_linear=0
shrinkage=0.04


Tree=36
num_leaves=8
num_cat=4
split_feature=1 1 2 1 1 2 2
split_gain=3.21687 0.798653 0.0883787 0.170491 0.0490009 0.073193 0.00675325
threshold=0 1 1.0000000180025095e-35 2 3 1.0000000180025095e-35 1.0000000180025095e-35
decision_type=9 9 2 9 9 2 2
left_child=1 -1 3 -2 6 -6 -3
right_child=2 4 -4 -5 5 -7 -8
leaf_value=0.33575453946665135 -0.009323041153871614 0.33231728127883658 -0.097204216219329787 -0.10240720115387156 0.027602323116065294 -0.027602323116065294 0.10120851809223921
leaf_weight=143 15.999999999999998 23 56 77 326 133 31
leaf_count=143 16 23 56 77 326 133 31
internal_value=-0.000272615 0.000958084 -0.00534161 -0.00652632 0.000190476 4.24628e-05 0.00121212
internal_weight=805 656 149 93 513 459 54
internal_count=805 656 149 93 513 459 54
cat_boundaries=0 1 2 3 4
cat_threshold=23 16 64 1
is_linear=0
shrinkage=0.04


Tree=37
num_leaves=8
num_cat=4
split_feature=1 1 2 1 1 2 2
split_gain=3.21687 0.798653 0.0883787 0.170491 0.0490009 0.073193 0.00675325
threshold=0 1 1.0000000180025095e-35 2 3 1.0000000180025095e-35 1.0000000180025095e-35
decision_type=9 9 2 9 9 2 2
left_child=1 -1 3 -2 6 -6 -3
right_child=2 4 -4 -5 5 -7 -8
leaf_value=0.32232435788798541 -0.00895011950771675 0.31902459002768313 -0.093316047570556573 -0.098310913107716683 0.02649823019142275 -0.02649823019142275 0.097160177368549511
leaf_weight=143 15.999999999999998 23 56 77 326 133 31
leaf_count=143 16 23 56 77 326 133 31
internal_value=-0.000272615 0.000958084 -0.00534161 -0.00652632 0.000190476 4.24628e-05 0.00121212
internal_weight=805 656 149 93 513 459 54
internal_count=805 656 149 93 513 459 54
cat_boundaries=0 1 2 3 4
cat_threshold=23 16 64 1
is_linear=0
shrinkage=0.04


Tree=38
num_leaves=8
num_cat=4
split_feature=1 1 2 1 2 2 1
split_gain=3.03458 0.4913 0.0883787 0.170491 0.073193 0.0552452 0.000511286
threshold=0 1 1.0000000180025095e-35 2 1.0000000180025095e-35 1.0000000180025095e-35 3
decision_type=9 9 2 9 2 2 9
left_child=1 5 3 -2 6 -1 -3
right_child=2 4 -4 -5 -6 -7 -8
leaf_value=0.30943138357246597 -0.0085921147274081022 0.025438300983765885 -0.089583405667734303 -0.094378476583408005 -0.025438300983765885 0.086556430310588156 -0.032741705901857328
leaf_weight=123 15.999999999999998 310 56 77 133 74 15.999999999999998
leaf_count=123 16 310 56 77 133 74 16
internal_value=-0.000421314 0.000778443 -0.00534161 -0.00652632 4.24628e-05 0.00239234 0.000365854
internal_weight=805 656 149 93 459 197 326
internal_count=805 656 149 93 459 197 326
cat_boundaries=0 1 2 3 4
cat_threshold=23 17 64 2
is_linear=0
shrinkage=0.04


Tree=39
num_leaves=8
num_cat=4
split_feature=1 1 2 1 2 2 1
split_gain=3.03458 0.4913 0.0883787 0.170491 0.073193 0.0552452 0.000511286
threshold=0 1 1.0000000180025095e-35 2 1.0000000180025095e-35 1.0000000180025095e-35 3
decision_type=9 9 2 9 2 2 9
left_child=1 5 3 -2 6 -1 -3
right_child=2 4 -4 -5 -6 -7 -8
leaf_value=0.29705412822956734 -0.0082484301383117763 0.024420768944415274 -0.086000069441024896 -0.090603337520071672 -0.024420768944415274 0.083094173098164678 -0.031432037665783098
leaf_weight=123 15.999999999999998 310 56 77 133 74 15.999999999999998
leaf_count=123 16 310 56 77 133 74 16
internal_value=-0.000421314 0.000778443 -0.00534161 -0.00652632 4.24628e-05 0.00239234 0.000365854
internal_weight=805 656 149 93 459 197 326
internal_count=805 656 149 93 459 197 326
cat_boundaries=0 1 2 3 4
cat_threshold=23 17 64 2
is_linear=0
shrinkage=0.04


Tree=40
num_leaves=7
num_cat=3
split_feature=1 1 2 1 2 2
split_gain=3.09483 0.505543 0.0883787 0.170491 0.0752743 0.00533738
threshold=0 1 1.0000000180025095e-35 2 1.0000000180025095e-35 1.0000000180025095e-35
decision_type=9 9 2 9 2 2
left_child=1 4 3 -2 -1 -3
right_child=2 5 -4 -5 -6 -7
leaf_value=0.023443938186638605 -0.0079184929327792732 0.12982524384084826 -0.082560066663383863 -0.086979204019268799 -0.023443938186638605 0.056894285907654378
leaf_weight=310 15.999999999999998 139 56 77 131 76
leaf_count=310 16 139 56 77 131 76
internal_value=-0.000371747 0.000838323 -0.00534161 -0.00652632 4.41501e-05 0.00237885
internal_weight=805 656 149 93 441 215
internal_count=805 656 149 93 441 215
cat_boundaries=0 1 2 3
cat_threshold=23 2 64
is_linear=0
shrinkage=0.04


Tree=41
num_leaves=8
num_cat=4
split_feature=1 1 2 1 2 2 1
split_gain=3.03458 0.4913 0.0883787 0.170491 0.073193 0.0552452 0.000511286
threshold=0 1 1.0000000180025095e-35 2 1.0000000180025095e-35 1.0000000180025095e-35 3
decision_type=9 9 2 9 2 2 9
left_child=1 5 3 -2 6 -1 -3
right_child=2 4 -4 -5 -6 -7 -8
leaf_value=0.27997895334675066 -0.0076017532154681079 0.022506180659173085 -0.07925766399684854 -0.083500035858498051 -0.022506180659173085 0.077494634737931847 -0.035367765912785669
leaf_weight=123 15.999999999999998 310 56 77 133 74 15.999999999999998
leaf_count=123 16 310 56 77 133 74 16
internal_value=-0.000421314 0.000778443 -0.00534161 -0.00652632 4.24628e-05 0.00239234 0.000365854
internal_weight=805 656 149 93 459 197 326
internal_count=805 656 149 93 459 197 326
cat_boundaries=0 1 2 3 4
cat_threshold=23 17 64 2
is_linear=0
shrinkage=0.04


Tree=42
num_leaves=8
num_cat=4
split_feature=1 1 2 1 2 2 1
split_gain=3.03458 0.4913 0.0883787 0.170491 0.073193 0.0552452 0.000511286
threshold=0 1 1.0000000180025095e-35 2 1.0000000180025095e-35 1.0000000180025095e-35 3
decision_type=9 9 2 9 2 2 9
left_child=1 5 3 -2 6 -1 -3
right_child=2 4 -4 -5 -6 -7 -8
leaf_value=0.2687797952128807 -0.0072976830868493889 0.021605933432806097 -0.07608735743697459 -0.080160034424158158 -0.021605933432806097 0.074394849348414602 -0.033953055276274284
leaf_weight=123 15.999999999999998 310 56 77 133 74 15.999999999999998
leaf_count=123 16 310 56 77 133 74 16
internal_value=-0.000421314 0.000778443 -0.00534161 -0.00652632 4.24628e-05 0.00239234 0.000365854
internal_weight=805 656 149 93 459 197 326
internal_count=805 656 149 93 459 197 326
cat_boundaries=0 1 2 3 4
cat_threshold=23 17 64 2
is_linear=0
shrinkage=0.04


Tree=43
num_leaves=8
num_cat=4
split_feature=1 1 2 2 2 1 1
split_gain=2.38848 0.582021 0.127746 0.086746 0.0458626 0.0346142 0.000606961
threshold=0 1 1.0000000180025095e-35 1.0000000180025095e-35 1.0000000180025095e-35 2 3
decision_type=9 9 2 2 2 9 9
left_child=2 3 -1 6 -3 -5 -2
right_child=1 4 -4 5 -6 -7 -8
leaf_value=-0.0769536330471918 0.020741696095493863 0.098028603404365533 -0.053043863139495571 0.078136395337697312 0.032462967071460937 -0.020741696095493863 -0.0070057757633754389
leaf_weight=73 333 120 47 31 46 139 15.999999999999998
leaf_count=73 333 120 47 31 46 139 16
internal_value=-0.000223048 0.00071736 -0.00515152 3.76648e-05 0.00269663 -0.000697674 0.00039886
internal_weight=805 685 120 519 166 170 349
internal_count=805 685 120 519 166 170 349
cat_boundaries=0 1 2 3 4
cat_threshold=168 67 1 3
is_linear=0
shrinkage=0.04


Tree=44
num_leaves=9
num_cat=5
split_feature=1 1 2 2 1 2 1 1
split_gain=2.50767 0.496731 0.0837728 0.0546277 0.0251655 0.0208988 0.129332 0.000606961
threshold=0 1 1.0000000180025095e-35 1.0000000180025095e-35 2 1.0000000180025095e-35 3 4
decision_type=9 9 2 2 9 2 9 9
left_child=1 2 -1 7 -5 6 -2 -3
right_child=5 3 -4 4 -6 -7 -8 -9
leaf_value=0.29410745926819087 -0.0067255447328404471 0.019912028251674058 0.063403196728400252 -0.019912028251674058 0.038925700048804829 -0.070922108613915777 -0.073875487725304154 -0.036516077201397934
leaf_weight=100 15.999999999999998 333 43 131 33 56 77 15.999999999999998
leaf_count=100 16 333 43 131 33 56 77 16
internal_value=-0.000371747 0.000718563 0.00270968 0.000114286 -0.000481928 -0.00484472 -0.00568421 0.00039886
internal_weight=805 656 143 513 164 149 93 349
internal_count=805 656 143 513 164 149 93 349
cat_boundaries=0 1 2 3 4 5
cat_threshold=23 16 2 64 3
is_linear=0
shrinkage=0.04


Tree=45
num_leaves=8
num_cat=4
split_feature=1 1 2 2 2 1 1
split_gain=2.34165 0.520592 0.127746 0.122744 0.0837728 0.0397101 0.00344071
threshold=0 1 1.0000000180025095e-35 1.0000000180025095e-35 1.0000000180025095e-35 2 3
decision_type=9 9 2 2 2 9 9
left_child=2 4 -1 6 -2 -5 -3
right_child=1 3 -4 5 -6 -7 -8
leaf_value=-0.070920468216291971 0.28234316089746331 -0.01075597852843444 -0.048085224269359163 0.073453911522237264 0.060867068859264184 -0.019115547121607079 0.019115547121607079
leaf_weight=73 100 32 47 31 43 142 337
leaf_count=73 100 32 47 31 43 142 337
internal_value=-0.000272615 0.000659971 -0.00515152 7.22022e-05 0.00270968 -0.0008 0.000485175
internal_weight=805 685 120 542 143 173 369
internal_count=805 685 120 542 143 173 369
cat_boundaries=0 1 2 3 4
cat_threshold=168 16 1 68
is_linear=0
shrinkage=0.04


Tree=46
num_leaves=8
num_cat=4
split_feature=1 1 2 2 1 2 1
split_gain=2.24917 0.336566 0.127746 0.122744 0.0397101 0.0321163 0.00344071
threshold=0 1 1.0000000180025095e-35 1.0000000180025095e-35 2 1.0000000180025095e-35 3
decision_type=9 9 2 2 9 2 9
left_child=2 5 -1 6 -5 -2 -3
right_child=1 3 -4 4 -6 -7 -8
leaf_value=-0.068083649487640299 0.27104943446156482 -0.010325739387297084 -0.046161815298584798 0.070515755061347815 -0.018350925236742768 0.058432386104893513 0.018350925236742768
leaf_weight=73 100 32 47 31 142 43 337
leaf_count=73 100 32 47 31 142 43 337
internal_value=-0.000371747 0.000545194 -0.00515152 7.22022e-05 -0.0008 0.00219355 0.000485175
internal_weight=805 685 120 542 173 143 369
internal_count=805 685 120 542 173 143 369
cat_boundaries=0 1 2 3 4
cat_threshold=168 16 1 68
is_linear=0
shrinkage=0.04


Tree=47
num_leaves=8
num_cat=4
split_feature=1 1 2 2 1 2 1
split_gain=2.24917 0.336566 0.127746 0.122744 0.0397101 0.0321163 0.00344071
threshold=0 1 1.0000000180025095e-35 1.0000000180025095e-35 2 1.0000000180025095e-35 3
decision_type=9 9 2 2 9 2 9
left_child=2 5 -1 6 -5 -2 -3
right_child=1 3 -4 4 -6 -7 -8
leaf_value=-0.065360303508134696 0.26020745708310217 -0.0099127098118051999 -0.044315342686641376 0.067695124858893799 -0.01761688822727308 0.056095090660697906 0.01761688822727308
leaf_weight=73 100 32 47 31 142 43 337
leaf_count=73 100 32 47 31 142 43 337
internal_value=-0.000371747 0.000545194 -0.00515152 7.22022e-05 -0.0008 0.00219355 0.000485175
internal_weight=805 685 120 542 173 143 369
internal_count=805 685 120 542 173 143 369
cat_boundaries=0 1 2 3 4
cat_threshold=168 16 1 68
is_linear=0
shrinkage=0.04


Tree=48
num_leaves=9
num_cat=5
split_feature=1 1 2 2 1 2 1 1
split_gain=2.39967 0.318439 0.0546277 0.0321163 0.0251655 0.0208988 0.129332 0.000606961
threshold=0 1 1.0000000180025095e-35 1.0000000180025095e-35 2 1.0000000180025095e-35 3 4
decision_type=9 9 2 2 9 2 9 9
left_child=1 3 7 -1 -4 6 -2 -3
right_child=5 2 4 -5 -6 -7 -8 -9
leaf_value=0.24979915879977796 -0.005216745834425396 0.016912212698182147 -0.016912212698182147 0.053851287034270001 0.039572006470277615 -0.062542728979175732 -0.062745891367809323 -0.033815657004240621
leaf_weight=100 15.999999999999998 333 131 43 33 56 77 15.999999999999998
leaf_count=100 16 333 131 43 33 56 77 16
internal_value=-0.00047088 0.000598802 0.000114286 0.00219355 -0.000481928 -0.00484472 -0.00568421 0.00039886
internal_weight=805 656 513 143 164 149 93 349
internal_count=805 656 513 143 164 149 93 349
cat_boundaries=0 1 2 3 4 5
cat_threshold=23 16 2 64 3
is_linear=0
shrinkage=0.04


Tree=49
num_leaves=8
num_cat=4
split_feature=1 1 2 2 2 1 1
split_gain=2.15826 0.217693 0.127746 0.111312 0.0430147 0.0116883 0.00178752
threshold=0 1 1.0000000180025095e-35 1.0000000180025095e-35 1.0000000180025095e-35 2 3
decision_type=9 9 2 2 2 9 9
left_child=2 3 -1 6 -3 -6 -2
right_child=1 4 -4 -5 5 -7 -8
leaf_value=-0.060236055713096946 0.016235724190254926 0.19980719244778697 -0.040041019820008683 -0.016235724190254926 0.0516972355528992 0.02340443960572685 -0.0087355533625596855
leaf_weight=73 310 127 47 141 43 32 32
leaf_count=73 310 127 47 141 43 32 32
internal_value=-0.00047088 0.000430416 -0.00515152 -4.0404e-05 0.00149533 0.000779221 0.000348837
internal_weight=805 685 120 483 202 75 342
internal_count=805 685 120 483 202 75 342
cat_boundaries=0 1 2 3 4
cat_threshold=168 70 16 2
is_linear=0
shrinkage=0.04


Tree=50
num_leaves=8
num_cat=4
split_feature=1 2 1 2 1 2 1
split_gain=1.69727 0.270613 0.179602 0.0546277 0.0251655 0.00371873 0.000606961
threshold=0 1.0000000180025095e-35 1 1.0000000180025095e-35 2 1.0000000180025095e-35 3
decision_type=9 2 9 2 9 2 9
left_child=2 -2 5 6 -5 -1 -4
right_child=1 -3 3 4 -6 -7 -8
leaf_value=0.23181490474987557 -0.057826613484573103 -0.058439379027208319 0.01558629522264468 -0.01558629522264468 0.038638555179076807 0.049629346130783181 -0.03211360858956866
leaf_weight=100 93 56 333 131 33 43 15.999999999999998
leaf_count=100 93 56 333 131 33 43 16
internal_value=-0.000421314 -0.00409938 0.000479042 0.000114286 -0.000481928 0.00167742 0.00039886
internal_weight=805 149 656 513 164 143 349
internal_count=805 149 656 513 164 143 349
cat_boundaries=0 1 2 3 4
cat_threshold=23 16 2 3
is_linear=0
shrinkage=0.04


Tree=51
num_leaves=8
num_cat=4
split_feature=1 2 1 2 1 2 1
split_gain=1.69727 0.270613 0.179602 0.0546277 0.0251655 0.00371873 0.000606961
threshold=0 1.0000000180025095e-35 1 1.0000000180025095e-35 2 1.0000000180025095e-35 3
decision_type=9 2 9 2 9 2 9
left_child=2 -2 5 6 -5 -1 -4
right_child=1 -3 3 4 -6 -7 -8
leaf_value=0.22254230855988055 -0.055513548945190151 -0.056101803866120008 0.014962843413738937 -0.014962843413738937 0.037093012971913739 0.047644172285551747 -0.030829064245985905
leaf_weight=100 93 56 333 131 33 43 15.999999999999998
leaf_count=100 93 56 333 131 33 43 16
internal_value=-0.000421314 -0.00409938 0.000479042 0.000114286 -0.000481928 0.00167742 0.00039886
internal_weight=805 149 656 513 164 143 349
internal_count=805 149 656 513 164 143 349
cat_boundaries=0 1 2 3 4
cat_threshold=23 16 2 3
is_linear=0
shrinkage=0.04


Tree=52
num_leaves=8
num_cat=4
split_feature=1 2 1 2 1 2 1
split_gain=1.69727 0.270613 0.179602 0.0546277 0.0251655 0.00371873 0.000606961
threshold=0 1.0000000180025095e-35 1 1.0000000180025095e-35 2 1.0000000180025095e-35 3
decision_type=9 2 9 2 9 2 9
left_child=2 -2 5 6 -5 -1 -4
right_child=1 -3 3 4 -6 -7 -8
leaf_value=0.21364061621748534 -0.053293006987382513 -0.053857731711475197 0.014364329677189432 -0.014364329677189432 0.035609292453037254 0.045738405394129704 -0.029595901676146497
leaf_weight=100 93 56 333 131 33 43 15.999999999999998
leaf_count=100 93 56 333 131 33 43 16
internal_value=-0.000421314 -0.00409938 0.000479042 0.000114286 -0.000481928 0.00167742 0.00039886
internal_weight=805 149 656 513 164 143 349
internal_count=805 149 656 513 164 143 349
cat_boundaries=0 1 2 3 4
cat_threshold=23 16 2 3
is_linear=0
shrinkage=0.04


Tree=53
num_leaves=8
num_cat=4
split_feature=1 2 1 2 2 1 1
split_gain=1.5132 0.522694 0.217693 0.111312 0.0430147 0.0116883 0.00178752
threshold=0 1.0000000180025095e-35 1 1.0000000180025095e-35 1.0000000180025095e-35 2 3
decision_type=9 2 9 2 2 9 9
left_child=1 -1 3 6 -4 -6 -2
right_child=2 -3 4 -5 5 -7 -8
leaf_value=-0.051161286707887187 0.013789756490101866 -0.031703422443016223 0.16509499156878604 -0.013789756490101866 0.043908869178364396 0.018014627597336529 -0.0032026963494803697
leaf_weight=73 310 47 127 141 43 32 32
leaf_count=73 310 47 127 141 43 32 32
internal_value=-0.000322181 -0.00424242 0.000430416 -4.0404e-05 0.00149533 0.000779221 0.000348837
internal_weight=805 120 685 483 202 75 342
internal_count=805 120 685 483 202 75 342
cat_boundaries=0 1 2 3 4
cat_threshold=168 70 16 2
is_linear=0
shrinkage=0.04


Tree=54
num_leaves=4
num_cat=3
split_feature=1 1 1
split_gain=1.60827 0.0905564 9.57703e-06
threshold=0 1 2
decision_type=9 9 9
left_child=1 -1 -3
right_child=-2 2 -4
leaf_value=0.15849119190603461 -0.049114835239571733 0.013238166230497797 0.0032262766296991432
leaf_weight=197 149 441 18
leaf_count=197 149 441 18
internal_value=-0.000520446 0.000359281 4.24628e-05
internal_weight=805 656 459
internal_count=805 656 459
cat_boundaries=0 1 2 3
cat_threshold=23 17 2
is_linear=0
shrinkage=0.04


Tree=55
num_leaves=7
num_cat=4
split_feature=1 2 2 1 1 1
split_gain=1.56454 0.270613 0.0664523 0.0443044 0.0236873 0.000511286
threshold=0 1.0000000180025095e-35 1.0000000180025095e-35 1 2 3
decision_type=9 2 2 9 9 9
left_child=2 -2 4 -4 -1 -6
right_child=1 -3 3 -5 5 -7
leaf_value=0.22762258058378904 -0.047150241829988886 -0.048470692135712742 -0.013767692879717686 0.035210163342160004 0.012708639581277908 -0.028413008820309501
leaf_weight=123 93 56 131 76 310 15.999999999999998
leaf_count=123 93 56 131 76 310 16
internal_value=-0.000570012 -0.00409938 0.000299401 -0.000287081 0.000576497 0.00035503
internal_weight=805 149 656 207 449 326
internal_count=805 149 656 207 449 326
cat_boundaries=0 1 2 3 4
cat_threshold=23 2 17 2
is_linear=0
shrinkage=0.04


Tree=56
num_leaves=7
num_cat=4
split_feature=1 2 2 1 1 1
split_gain=1.56454 0.270613 0.0664523 0.0443044 0.0236873 0.000511286
threshold=0 1.0000000180025095e-35 1.0000000180025095e-35 1 2 3
decision_type=9 2 2 9 9 9
left_child=2 -2 4 -4 -1 -6
right_child=1 -3 3 -5 5 -7
leaf_value=0.2185176773604374 -0.045264232156789319 -0.046531864450284247 -0.013216985164528978 0.033801756808473658 0.012200293998026837 -0.027276488467497161
leaf_weight=123 93 56 131 76 310 15.999999999999998
leaf_count=123 93 56 131 76 310 16
internal_value=-0.000570012 -0.00409938 0.000299401 -0.000287081 0.000576497 0.00035503
internal_weight=805 149 656 207 449 326
internal_count=805 149 656 207 449 326
cat_boundaries=0 1 2 3 4
cat_threshold=23 2 17 2
is_linear=0
shrinkage=0.04


Tree=57
num_leaves=7
num_cat=4
split_feature=1 2 2 1 1 1
split_gain=1.40207 0.522694 0.131235 0.0742396 0.0516804 0.00178752
threshold=0 1.0000000180025095e-35 1.0000000180025095e-35 1 2 3
decision_type=9 2 2 9 9 9
left_child=1 -1 4 -4 5 -2
right_child=2 -3 3 -5 -6 -7
leaf_value=-0.043453662870517745 0.011712282238105729 -0.024670589872272899 0.040623153970069693 -0.012688305757947802 0.13430593391202394 0.00080526210218792474
leaf_weight=73 310 47 74 142 127 32
leaf_count=73 310 47 74 142 127 32
internal_value=-0.00047088 -0.00424242 0.00025825 -0.000550459 0.000636943 0.000338983
internal_weight=805 120 685 216 469 342
internal_count=805 120 685 216 469 342
cat_boundaries=0 1 2 3 4
cat_threshold=168 17 70 2
is_linear=0
shrinkage=0.04


Tree=58
num_leaves=7
num_cat=4
split_feature=1 2 2 1 1 1
split_gain=1.56454 0.270613 0.0664523 0.0443044 0.0236873 0.000511286
threshold=0 1.0000000180025095e-35 1.0000000180025095e-35 1 2 3
decision_type=9 2 2 9 9 9
left_child=2 -2 4 -4 -1 -6
right_child=1 -3 3 -5 5 -7
leaf_value=0.20440473290953889 -0.041715516355697063 -0.043683766277382005 -0.012180773527629895 0.031890989571892375 0.011243790948581562 -0.026217639412884779
leaf_weight=123 93 56 131 76 310 15.999999999999998
leaf_count=123 93 56 131 76 310 16
internal_value=-0.000570012 -0.00409938 0.000299401 -0.000287081 0.000576497 0.00035503
internal_weight=805 149 656 207 449 326
internal_count=805 149 656 207 449 326
cat_boundaries=0 1 2 3 4
cat_threshold=23 2 17 2
is_linear=0
shrinkage=0.04


Tree=59
num_leaves=7
num_cat=4
split_feature=1 2 2 1 1 1
split_gain=1.56454 0.270613 0.0664523 0.0443044 0.0236873 0.000511286
threshold=0 1.0000000180025095e-35 1.0000000180025095e-35 1 2 3
decision_type=9 2 2 9 9 9
left_child=2 -2 4 -4 -1 -6
right_child=1 -3 3 -5 5 -7
leaf_value=0.19622854359315739 -0.040046895701469153 -0.041936415626286701 -0.011693542586524757 0.030615349989016709 0.010794039310638368 -0.025168933836369405
leaf_weight=123 93 56 131 76 310 15.999999999999998
leaf_count=123 93 56 131 76 310 16
internal_value=-0.000570012 -0.00409938 0.000299401 -0.000287081 0.000576497 0.00035503
internal_weight=805 149 656 207 449 326
internal_count=805 149 656 207 449 326
cat_boundaries=0 1 2 3 4
cat_threshold=23 2 17 2
is_linear=0
shrinkage=0.04


Tree=60
num_leaves=7
num_cat=4
split_feature=1 2 1 2 1 1
split_gain=0.806499 0.0664523 0.0443044 0.0398709 0.0236873 0.000511286
threshold=0 1.0000000180025095e-35 1 1.0000000180025095e-35 2 3
decision_type=9 2 9 2 9 9
left_child=1 4 -3 -2 -1 -6
right_child=3 2 -4 -5 5 -7
leaf_value=0.18837940184943108 -0.038445019873410403 -0.011225800883063783 0.029390735989455977 -0.040258959001235224 0.010362277738212812 -0.024162176482914646
leaf_weight=123 93 131 76 56 310 15.999999999999998
leaf_count=123 93 131 76 56 310 16
internal_value=-0.000322181 0.000299401 -0.000287081 -0.00285714 0.000576497 0.00035503
internal_weight=805 656 207 149 449 326
internal_count=805 656 207 149 449 326
cat_boundaries=0 1 2 3 4
cat_threshold=23 2 17 2
is_linear=0
shrinkage=0.04


Tree=61
num_leaves=7
num_cat=4
split_feature=1 2 1 2 1 1
split_gain=0.806499 0.0664523 0.0443044 0.0398709 0.0236873 0.000511286
threshold=0 1.0000000180025095e-35 1 1.0000000180025095e-35 2 3
decision_type=9 2 9 2 9 9
left_child=1 4 -3 -2 -1 -6
right_child=3 2 -4 -5 5 -7
leaf_value=0.18084422577545384 -0.036907219078473975 -0.01077676884774121 0.028215106549877689 -0.038648600641185811 0.0099477866286842697 -0.023195689423598082
leaf_weight=123 93 131 76 56 310 15.999999999999998
leaf_count=123 93 131 76 56 310 16
internal_value=-0.000322181 0.000299401 -0.000287081 -0.00285714 0.000576497 0.00035503
internal_weight=805 656 207 149 449 326
internal_count=805 656 207 149 449 326
cat_boundaries=0 1 2 3 4
cat_threshold=23 2 17 2
is_linear=0
shrinkage=0.04


Tree=62
num_leaves=7
num_cat=4
split_feature=1 2 1 1 2 1
split_gain=0.660881 0.0970481 0.0542241 0.0486843 0.0428495 0.000511286
threshold=0 1.0000000180025095e-35 1 2 1.0000000180025095e-35 3
decision_type=9 2 9 9 2 9
left_child=4 3 -3 5 -1 -2
right_child=1 2 -4 -5 -6 -7
leaf_value=-0.035430930315335021 0.009549875163536968 0.034193740527257009 -0.010345698093831573 0.098139420390439797 -0.017102656615538409 -0.022267861846654143
leaf_weight=89 310 74 134 127 55 15.999999999999998
leaf_count=89 310 74 134 127 55 16
internal_value=-0.000223048 0.000326895 -0.000380952 0.000659341 -0.0025641 0.00035503
internal_weight=805 661 208 453 144 326
internal_count=805 661 208 453 144 326
cat_boundaries=0 1 2 3 4
cat_threshold=232 17 6 2
is_linear=0
shrinkage=0.04


Tree=63
num_leaves=7
num_cat=4
split_feature=1 2 1 2 1 1
split_gain=0.806499 0.0664523 0.0443044 0.0398709 0.0236873 0.000511286
threshold=0 1.0000000180025095e-35 1 1.0000000180025095e-35 2 3
decision_type=9 2 9 2 9 9
left_child=1 4 -3 -2 -1 -6
right_child=3 2 -4 -5 5 -7
leaf_value=0.1696848799288182 -0.034013693102721593 -0.0099318701700782698 0.026609541439214086 -0.036418550350916873 0.0091678801569955223 -0.021377147372787987
leaf_weight=123 93 131 76 56 310 15.999999999999998
leaf_count=123 93 131 76 56 310 16
internal_value=-0.000322181 0.000299401 -0.000287081 -0.00285714 0.000576497 0.00035503
internal_weight=805 656 207 149 449 326
internal_count=805 656 207 149 449 326
cat_boundaries=0 1 2 3 4
cat_threshold=23 2 17 2
is_linear=0
shrinkage=0.04


Tree=64
num_leaves=7
num_cat=4
split_feature=1 2 1 2 1 1
split_gain=0.806499 0.0664523 0.0443044 0.0398709 0.0236873 0.000511286
threshold=0 1.0000000180025095e-35 1 1.0000000180025095e-35 2 3
decision_type=9 2 9 2 9 9
left_child=1 4 -3 -2 -1 -6
right_child=3 2 -4 -5 5 -7
leaf_value=0.16289748473166554 -0.032653145378612719 -0.0095345953632751442 0.025545159781645524 -0.034961808336880222 0.0088011649507157581 -0.020522061477876434
leaf_weight=123 93 131 76 56 310 15.999999999999998
leaf_count=123 93 131 76 56 310 16
internal_value=-0.000322181 0.000299401 -0.000287081 -0.00285714 0.000576497 0.00035503
internal_weight=805 656 207 149 449 326
internal_count=805 656 207 149 449 326
cat_boundaries=0 1 2 3 4
cat_threshold=23 2 17 2
is_linear=0
shrinkage=0.04


Tree=65
num_leaves=7
num_cat=4
split_feature=1 2 1 2 1 1
split_gain=0.806499 0.0664523 0.0443044 0.0398709 0.0236873 0.000511286
threshold=0 1.0000000180025095e-35 1 1.0000000180025095e-35 2 3
decision_type=9 2 9 2 9 9
left_child=1 4 -3 -2 -1 -6
right_child=3 2 -4 -5 5 -7
leaf_value=0.15638158534239893 -0.031347019563468234 -0.0091532115487441956 0.024523353390379726 -0.033563336003404984 0.0084491183526871801 -0.019701179018761367
leaf_weight=123 93 131 76 56 310 15.999999999999998
leaf_count=123 93 131 76 56 310 16
internal_value=-0.000322181 0.000299401 -0.000287081 -0.00285714 0.000576497 0.00035503
internal_weight=805 656 207 149 449 326
internal_count=805 656 207 149 449 326
cat_boundaries=0 1 2 3 4
cat_threshold=23 2 17 2
is_linear=0
shrinkage=0.04


Tree=66
num_leaves=7
num_cat=4
split_feature=1 2 1 1 2 1
split_gain=0.660881 0.0970481 0.0542241 0.0486843 0.0428495 0.000511286
threshold=0 1.0000000180025095e-35 1 2 1.0000000180025095e-35 3
decision_type=9 2 9 9 2 9
left_child=4 3 -3 5 -1 -2
right_child=1 2 -4 -5 -6 -7
leaf_value=-0.030093138780929538 0.0081111536185797216 0.029758868721717277 -0.0087870830867944963 0.074655285574706909 -0.012220802563268763 -0.018913131858010957
leaf_weight=89 310 74 134 127 55 15.999999999999998
leaf_count=89 310 74 134 127 55 16
internal_value=-0.000223048 0.000326895 -0.000380952 0.000659341 -0.0025641 0.00035503
internal_weight=805 661 208 453 144 326
internal_count=805 661 208 453 144 326
cat_boundaries=0 1 2 3 4
cat_threshold=232 17 6 2
is_linear=0
shrinkage=0.04


Tree=67
num_leaves=8
num_cat=5
split_feature=1 2 2 1 1 1 1
split_gain=0.710898 0.116142 0.0771046 0.17995 0.063684 0.0373334 0.00977836
threshold=0 1.0000000180025095e-35 1.0000000180025095e-35 1 2 3 4
decision_type=9 2 2 9 9 9 9
left_child=1 5 3 6 -3 -1 -2
right_child=2 4 -4 -5 -6 -7 -8
leaf_value=0.0077867074738365719 -0.018156606583690546 0.028568513972848708 -0.011731970460738025 -0.028889413229692379 -0.0084355997633227282 0.071669074151718637 -0.028889413229692379
leaf_weight=310 15.999999999999998 74 50 30 139 139 47
leaf_count=310 16 74 50 30 139 139 47
internal_value=-0.000272615 0.000296736 -0.00270968 -0.00357895 -0.000465116 0.000665188 -0.00133333
internal_weight=805 662 143 93 213 449 63
internal_count=805 662 143 93 213 449 63
cat_boundaries=0 1 2 3 4 5
cat_threshold=83 36 17 2 4
is_linear=0
shrinkage=0.04


Tree=68
num_leaves=7
num_cat=4
split_feature=1 2 1 2 1 1
split_gain=0.806499 0.0664523 0.0443044 0.0398709 0.0236873 0.000511286
threshold=0 1.0000000180025095e-35 1 1.0000000180025095e-35 2 3
decision_type=9 2 9 2 9 9
left_child=1 4 -3 -2 -1 -6
right_child=3 2 -4 -5 5 -7
leaf_value=0.14427334753964574 -0.027733836700504711 -0.0080981757727897723 0.022786252671823916 -0.031262691642308479 0.0074752391748830862 -0.017430342320342903
leaf_weight=123 93 131 76 56 310 15.999999999999998
leaf_count=123 93 131 76 56 310 16
internal_value=-0.000322181 0.000299401 -0.000287081 -0.00285714 0.000576497 0.00035503
internal_weight=805 656 207 149 449 326
internal_count=805 656 207 149 449 326
cat_boundaries=0 1 2 3 4
cat_threshold=23 2 17 2
is_linear=0
shrinkage=0.04


Tree=69
num_leaves=7
num_cat=4
split_feature=1 2 1 1 2 1
split_gain=0.660881 0.0970481 0.0542241 0.0486843 0.0428495 0.000511286
threshold=0 1.0000000180025095e-35 1 2 1.0000000180025095e-35 3
decision_type=9 2 9 9 2 9
left_child=4 3 -3 5 -1 -2
right_child=1 2 -4 -5 -6 -7
leaf_value=-0.02662448323248455 0.0071762296078877342 0.026514323307061858 -0.0077742487418781536 0.06303137728406398 -0.010012183976616171 -0.016733128627529226
leaf_weight=89 310 74 134 127 55 15.999999999999998
leaf_count=89 310 74 134 127 55 16
internal_value=-0.000223048 0.000326895 -0.000380952 0.000659341 -0.0025641 0.00035503
internal_weight=805 661 208 453 144 326
internal_count=805 661 208 453 144 326
cat_boundaries=0 1 2 3 4
cat_threshold=232 17 6 2
is_linear=0
shrinkage=0.04


Tree=70
num_leaves=7
num_cat=4
split_feature=1 2 1 2 1 1
split_gain=0.806499 0.0664523 0.0443044 0.0398709 0.0236873 0.000511286
threshold=0 1.0000000180025095e-35 1 1.0000000180025095e-35 2 3
decision_type=9 2 9 2 9 9
left_child=1 4 -3 -2 -1 -6
right_child=3 2 -4 -5 5 -7
leaf_value=0.13598115854669743 -0.025559503903185146 -0.0074632787922030274 0.021500001073647326 -0.029611696617551503 0.0068891804235721565 -0.016063803482428085
leaf_weight=123 93 131 76 56 310 15.999999999999998
leaf_count=123 93 131 76 56 310 16
internal_value=-0.000322181 0.000299401 -0.000287081 -0.00285714 0.000576497 0.00035503
internal_weight=805 656 207 149 449 326
internal_count=805 656 207 149 449 326
cat_boundaries=0 1 2 3 4
cat_threshold=23 2 17 2
is_linear=0
shrinkage=0.04


Tree=71
num_leaves=8
num_cat=5
split_feature=1 2 2 1 1 1 1
split_gain=0.710898 0.116142 0.0771046 0.17995 0.063684 0.0373334 0.00977836
threshold=0 1.0000000180025095e-35 1.0000000180025095e-35 1 2 3 4
decision_type=9 2 2 9 9 9 9
left_child=1 5 3 6 -3 -1 -2
right_child=2 4 -4 -5 -6 -7 -8
leaf_value=0.0066136132066293386 -0.015421251343130962 0.024593750331833492 -0.0084272287528494166 -0.024537123747057736 -0.0071647476405149743 0.055070875850833548 -0.024537123747057736
leaf_weight=310 15.999999999999998 74 50 30 139 139 47
leaf_count=310 16 74 50 30 139 139 47
internal_value=-0.000272615 0.000296736 -0.00270968 -0.00357895 -0.000465116 0.000665188 -0.00133333
internal_weight=805 662 143 93 213 449 63
internal_count=805 662 143 93 213 449 63
cat_boundaries=0 1 2 3 4 5
cat_threshold=83 36 17 2 4
is_linear=0
shrinkage=0.04


Tree=72
num_leaves=7
num_cat=4
split_feature=1 2 1 2 1 1
split_gain=0.806499 0.0664523 0.0443044 0.0398709 0.0236873 0.000511286
threshold=0 1.0000000180025095e-35 1 1.0000000180025095e-35 2 3
decision_type=9 2 9 2 9 9
left_child=1 4 -3 -2 -1 -6
right_child=3 2 -4 -5 5 -7
leaf_value=0.12833907717079626 -0.023555638797175434 -0.0068781577348943305 0.020316670599121806 -0.028090139602735462 0.0063490686783642045 -0.014804401289405718
leaf_weight=123 93 131 76 56 310 15.999999999999998
leaf_count=123 93 131 76 56 310 16
internal_value=-0.000322181 0.000299401 -0.000287081 -0.00285714 0.000576497 0.00035503
internal_weight=805 656 207 149 449 326
internal_count=805 656 207 149 449 326
cat_boundaries=0 1 2 3 4
cat_threshold=23 2 17 2
is_linear=0
shrinkage=0.04


Tree=73
num_leaves=7
num_cat=4
split_feature=1 2 1 1 2 1
split_gain=0.660881 0.0970481 0.0542241 0.0486843 0.0428495 0.000511286
threshold=0 1.0000000180025095e-35 1 2 1.0000000180025095e-35 3
decision_type=9 2 9 9 2 9
left_child=4 3 -3 5 -1 -2
right_child=1 2 -4 -5 -6 -7
leaf_value=-0.022613413245288427 0.0060951059312296255 0.022797333494595336 -0.0066030314254984998 0.047734477729968604 -0.0069665340186260494 -0.014212225237829444
leaf_weight=89 310 74 134 127 55 15.999999999999998
leaf_count=89 310 74 134 127 55 16
internal_value=-0.000223048 0.000326895 -0.000380952 0.000659341 -0.0025641 0.00035503
internal_weight=805 661 208 453 144 326
internal_count=805 661 208 453 144 326
cat_boundaries=0 1 2 3 4
cat_threshold=232 17 6 2
is_linear=0
shrinkage=0.04


Tree=74
num_leaves=8
num_cat=5
split_feature=1 2 2 1 1 1 1
split_gain=0.710898 0.116142 0.0771046 0.17995 0.063684 0.0373334 0.00977836
threshold=0 1.0000000180025095e-35 1.0000000180025095e-35 1 2 3 4
decision_type=9 2 2 9 9 9 9
left_child=1 5 3 6 -3 -1 -2
right_child=2 4 -4 -5 -6 -7 -8
leaf_value=0.005851301693980418 -0.013643736228316215 0.021885440154811562 -0.0066878726578809737 -0.021708876715476891 -0.0063389101684785485 0.045825098620769895 -0.021708876715476891
leaf_weight=310 15.999999999999998 74 50 30 139 139 47
leaf_count=310 16 74 50 30 139 139 47
internal_value=-0.000272615 0.000296736 -0.00270968 -0.00357895 -0.000465116 0.000665188 -0.00133333
internal_weight=805 662 143 93 213 449 63
internal_count=805 662 143 93 213 449 63
cat_boundaries=0 1 2 3 4 5
cat_threshold=83 36 17 2 4
is_linear=0
shrinkage=0.04


Tree=75
num_leaves=7
num_cat=4
split_feature=1 2 1 2 1 1
split_gain=0.806499 0.0664523 0.0443044 0.0398709 0.0236873 0.000511286
threshold=0 1.0000000180025095e-35 1 1.0000000180025095e-35 2 3
decision_type=9 2 9 2 9 9
left_child=1 4 -3 -2 -1 -6
right_child=3 2 -4 -5 5 -7
leaf_value=0.11946313102993514 -0.020840521646857794 -0.0060853537617394692 0.018876166383836407 -0.026420357751565718 0.0056172496262212237 -0.013097986779183515
leaf_weight=123 93 131 76 56 310 15.999999999999998
leaf_count=123 93 131 76 56 310 16
internal_value=-0.000322181 0.000299401 -0.000287081 -0.00285714 0.000576497 0.00035503
internal_weight=805 656 207 149 449 326
internal_count=805 656 207 149 449 326
cat_boundaries=0 1 2 3 4
cat_threshold=23 2 17 2
is_linear=0
shrinkage=0.04


Tree=76
num_leaves=7
num_cat=4
split_feature=1 2 1 2 1 1
split_gain=0.63363 0.0813618 0.0542241 0.0428495 0.0218996 0.000511286
threshold=0 1.0000000180025095e-35 1 1.0000000180025095e-35 2 3
decision_type=9 2 9 2 9 9
left_child=3 4 -3 -1 5 -2
right_child=1 2 -4 -5 -6 -7
leaf_value=-0.020006900780983515 0.0053925596411723122 0.020254975893265765 -0.0058419396112698507 -0.0053635434415031111 0.039213569434741656 -0.012574067308016197
leaf_weight=89 310 74 134 55 127 15.999999999999998
leaf_count=89 310 74 134 55 127 16
internal_value=-0.000272615 0.000267459 -0.000380952 -0.0025641 0.000571429 0.00035503
internal_weight=805 661 208 144 453 326
internal_count=805 661 208 144 453 326
cat_boundaries=0 1 2 3 4
cat_threshold=232 17 6 2
is_linear=0
shrinkage=0.04


Tree=77
num_leaves=8
num_cat=5
split_feature=1 2 2 1 1 1 1
split_gain=0.682675 0.0986541 0.0771046 0.17995 0.063684 0.0153954 0.00977836
threshold=0 1.0000000180025095e-35 1.0000000180025095e-35 1 2 3 4
decision_type=9 2 2 9 9 9 9
left_child=1 5 3 6 -3 -1 -2
right_child=2 4 -4 -5 -6 -7 -8
leaf_value=0.0051768572555253916 -0.012071104615695561 0.01944477685753512 -0.0051490017038430128 -0.01920662474974421 -0.0056082620268190905 0.040364615762416491 -0.01920662474974421
leaf_weight=310 15.999999999999998 74 50 30 139 139 47
leaf_count=310 16 74 50 30 139 139 47
internal_value=-0.000322181 0.000237389 -0.00270968 -0.00357895 -0.000465116 0.000576497 -0.00133333
internal_weight=805 662 143 93 213 449 63
internal_count=805 662 143 93 213 449 63
cat_boundaries=0 1 2 3 4 5
cat_threshold=83 36 17 2 4
is_linear=0
shrinkage=0.04


Tree=78
num_leaves=7
num_cat=4
split_feature=1 2 1 2 1 1
split_gain=0.775678 0.0535226 0.0443044 0.0398709 0.00585034 0.000511286
threshold=0 1.0000000180025095e-35 1 1.0000000180025095e-35 2 3
decision_type=9 2 9 2 9 9
left_child=1 4 -3 -2 -1 -6
right_child=3 2 -4 -5 5 -7
leaf_value=0.11150147838085132 -0.018438359759754448 -0.0053839315457463498 0.017546943499769228 -0.024943041635689271 0.0049697829653044326 -0.011588260431067711
leaf_weight=123 93 131 76 56 310 15.999999999999998
leaf_count=123 93 131 76 56 310 16
internal_value=-0.000371747 0.000239521 -0.000287081 -0.00285714 0.000487805 0.00035503
internal_weight=805 656 207 149 449 326
internal_count=805 656 207 149 449 326
cat_boundaries=0 1 2 3 4
cat_threshold=23 2 17 2
is_linear=0
shrinkage=0.04


Tree=79
num_leaves=7
num_cat=4
split_feature=1 2 1 2 1 1
split_gain=0.63363 0.0813618 0.0542241 0.0428495 0.0218996 0.000511286
threshold=0 1.0000000180025095e-35 1 1.0000000180025095e-35 2 3
decision_type=9 2 9 2 9 9
left_child=3 4 -3 -1 5 -2
right_child=1 2 -4 -5 -6 -7
leaf_value=-0.017700825369364282 0.0047709916466922662 0.017965108043243135 -0.0051685742839164559 -0.003945319970261707 0.031570382891621306 -0.011124730013824973
leaf_weight=89 310 74 134 55 127 15.999999999999998
leaf_count=89 310 74 134 55 127 16
internal_value=-0.000272615 0.000267459 -0.000380952 -0.0025641 0.000571429 0.00035503
internal_weight=805 661 208 144 453 326
internal_count=805 661 208 144 453 326
cat_boundaries=0 1 2 3 4
cat_threshold=232 17 6 2
is_linear=0
shrinkage=0.04


Tree=80
num_leaves=8
num_cat=5
split_feature=1 2 2 1 1 1 1
split_gain=0.682675 0.0986541 0.0771046 0.17995 0.063684 0.0153954 0.00977836
threshold=0 1.0000000180025095e-35 1.0000000180025095e-35 1 2 3 4
decision_type=9 2 2 9 9 9 9
left_child=1 5 3 6 -3 -1 -2
right_child=2 4 -4 -5 -6 -7 -8
leaf_value=0.0045801519808246387 -0.010679740813271934 0.01724650372151345 -0.0037875071714512389 -0.016992792354589739 -0.0049618313125597523 0.040195598537084508 -0.016992792354589739
leaf_weight=310 15.999999999999998 74 50 30 139 139 47
leaf_count=310 16 74 50 30 139 139 47
internal_value=-0.000322181 0.000237389 -0.00270968 -0.00357895 -0.000465116 0.000576497 -0.00133333
internal_weight=805 662 143 93 213 449 63
internal_count=805 662 143 93 213 449 63
cat_boundaries=0 1 2 3 4 5
cat_threshold=83 36 17 2 4
is_linear=0
shrinkage=0.04


Tree=81
num_leaves=7
num_cat=4
split_feature=1 2 1 2 1 1
split_gain=0.775678 0.0535226 0.0443044 0.0398709 0.00585034 0.000511286
threshold=0 1.0000000180025095e-35 1 1.0000000180025095e-35 2 3
decision_type=9 2 9 2 9 9
left_child=1 4 -3 -2 -1 -6
right_child=3 2 -4 -5 5 -7
leaf_value=0.10417077998846906 -0.016313080660406171 -0.0047633580600573563 0.016319955153590728 -0.023636006884593216 0.0043969459015916357 -0.010252551180740994
leaf_weight=123 93 131 76 56 310 15.999999999999998
leaf_count=123 93 131 76 56 310 16
internal_value=-0.000371747 0.000239521 -0.000287081 -0.00285714 0.000487805 0.00035503
internal_weight=805 656 207 149 449 326
internal_count=805 656 207 149 449 326
cat_boundaries=0 1 2 3 4
cat_threshold=23 2 17 2
is_linear=0
shrinkage=0.04


Tree=82
num_leaves=7
num_cat=4
split_feature=1 2 1 2 1 1
split_gain=0.63363 0.0813618 0.0542241 0.0428495 0.0218996 0.000511286
threshold=0 1.0000000180025095e-35 1 1.0000000180025095e-35 2 3
decision_type=9 2 9 2 9 9
left_child=3 4 -3 -1 5 -2
right_child=1 2 -4 -5 -6 -7
leaf_value=-0.015660557433989909 0.0042210680655279022 0.01590384536650916 -0.0045728237376550856 -0.0026905666092094552 0.024532912434934245 -0.009842449133511337
leaf_weight=89 310 74 134 55 127 15.999999999999998
leaf_count=89 310 74 134 55 127 16
internal_value=-0.000272615 0.000267459 -0.000380952 -0.0025641 0.000571429 0.00035503
internal_weight=805 661 208 144 453 326
internal_count=805 661 208 144 453 326
cat_boundaries=0 1 2 3 4
cat_threshold=232 17 6 2
is_linear=0
shrinkage=0.04


Tree=83
num_leaves=7
num_cat=4
split_feature=1 2 1 2 1 1
split_gain=0.775678 0.0535226 0.0443044 0.0398709 0.00585034 0.000511286
threshold=0 1.0000000180025095e-35 1 1.0000000180025095e-35 2 3
decision_type=9 2 9 2 9 9
left_child=1 4 -3 -2 -1 -6
right_child=3 2 -4 -5 5 -7
leaf_value=0.099022632291532769 -0.01503413513663034 -0.0043899107881489388 0.015267691551848799 -0.022582943944841106 0.0040522253429067234 -0.0094487511681708731
leaf_weight=123 93 131 76 56 310 15.999999999999998
leaf_count=123 93 131 76 56 310 16
internal_value=-0.000371747 0.000239521 -0.000287081 -0.00285714 0.000487805 0.00035503
internal_weight=805 656 207 149 449 326
internal_count=805 656 207 149 449 326
cat_boundaries=0 1 2 3 4
cat_threshold=23 2 17 2
is_linear=0
shrinkage=0.04


Tree=84
num_leaves=8
num_cat=5
split_feature=1 2 2 1 1 1 1
split_gain=0.617597 0.131984 0.131235 0.0742396 0.0378456 0.0316411 0.000511286
threshold=0 1.0000000180025095e-35 1.0000000180025095e-35 1 2 3 4
decision_type=9 2 2 9 9 9 9
left_child=1 -1 4 -4 6 -6 -2
right_child=2 -3 3 -5 5 -7 -8
leaf_value=-0.014432769731165109 0.0038901363291904546 -0.0016796261870474893 0.014656983889774863 -0.010820438249849573 0.095061726999871324 0.00030772156947470817 -0.0090708011214439919
leaf_weight=73 310 47 74 142 123 20 15.999999999999998
leaf_count=73 310 47 74 142 123 20 16
internal_value=-0.000223048 -0.00272727 0.00025825 -0.000550459 0.000636943 0.00116129 0.00035503
internal_weight=805 120 685 216 469 143 326
internal_count=805 120 685 216 469 143 326
cat_boundaries=0 1 2 3 4 5
cat_threshold=168 17 6 17 2
is_linear=0
shrinkage=0.04


Tree=85
num_leaves=8
num_cat=5
split_feature=1 2 2 1 1 1 1
split_gain=0.617597 0.131984 0.131235 0.0742396 0.0378456 0.0316411 0.000511286
threshold=0 1.0000000180025095e-35 1.0000000180025095e-35 1 2 3 4
decision_type=9 2 2 9 9 9 9
left_child=1 -1 4 -4 6 -6 -2
right_child=2 -3 3 -5 5 -7 -8
leaf_value=-0.013855458941918499 0.0037345308760228591 -0.0016124411395655614 0.014070704534183989 -0.01038762071985559 0.091259257919876408 0.00029541270669568575 -0.0087079690765862958
leaf_weight=73 310 47 74 142 123 20 15.999999999999998
leaf_count=73 310 47 74 142 123 20 16
internal_value=-0.000223048 -0.00272727 0.00025825 -0.000550459 0.000636943 0.00116129 0.00035503
internal_weight=805 120 685 216 469 143 326
internal_count=805 120 685 216 469 143 326
cat_boundaries=0 1 2 3 4 5
cat_threshold=168 17 6 17 2
is_linear=0
shrinkage=0.04


Tree=86
num_leaves=8
num_cat=5
split_feature=1 2 2 1 1 1 1
split_gain=0.617597 0.131984 0.131235 0.0742396 0.0378456 0.0316411 0.000511286
threshold=0 1.0000000180025095e-35 1.0000000180025095e-35 1 2 3 4
decision_type=9 2 2 9 9 9 9
left_child=1 -1 4 -4 6 -6 -2
right_child=2 -3 3 -5 5 -7 -8
leaf_value=-0.013301240584241755 0.0035851496409819105 -0.0015479434939829418 0.013507876352816623 -0.0099721158910614349 0.087608887603081484 0.00028359619842788675 -0.0083596503135228775
leaf_weight=73 310 47 74 142 123 20 15.999999999999998
leaf_count=73 310 47 74 142 123 20 16
internal_value=-0.000223048 -0.00272727 0.00025825 -0.000550459 0.000636943 0.00116129 0.00035503
internal_weight=805 120 685 216 469 143 326
internal_count=805 120 685 216 469 143 326
cat_boundaries=0 1 2 3 4 5
cat_threshold=168 17 6 17 2
is_linear=0
shrinkage=0.04


Tree=87
num_leaves=8
num_cat=5
split_feature=1 2 2 1 1 1 1
split_gain=0.617597 0.131984 0.131235 0.0742396 0.0378456 0.0316411 0.000511286
threshold=0 1.0000000180025095e-35 1.0000000180025095e-35 1 2 3 4
decision_type=9 2 2 9 9 9 9
left_child=1 -1 4 -4 6 -6 -2
right_child=2 -3 3 -5 5 -7 -8
leaf_value=-0.012769190960872052 0.0034417436553425772 -0.00148602575422359 0.012967561298703885 -0.0095732312554190468 0.084104532098958198 0.00027225235049080257 -0.0080252643009819744
leaf_weight=73 310 47 74 142 123 20 15.999999999999998
leaf_count=73 310 47 74 142 123 20 16
internal_value=-0.000223048 -0.00272727 0.00025825 -0.000550459 0.000636943 0.00116129 0.00035503
internal_weight=805 120 685 216 469 143 326
internal_count=805 120 685 216 469 143 326
cat_boundaries=0 1 2 3 4 5
cat_threshold=168 17 6 17 2
is_linear=0
shrinkage=0.04


Tree=88
num_leaves=8
num_cat=5
split_feature=1 2 2 1 1 1 1
split_gain=0.617597 0.131984 0.131235 0.0742396 0.0378456 0.0316411 0.000511286
threshold=0 1.0000000180025095e-35 1.0000000180025095e-35 1 2 3 4
decision_type=9 2 2 9 9 9 9
left_child=1 -1 4 -4 6 -6 -2
right_child=2 -3 3 -5 5 -7 -8
leaf_value=-0.012258423322437153 0.0033040739091288176 -0.0014265847240546492 0.012448858846755825 -0.0091903020052022562 0.080740350815 0.00026136225647114484 -0.0077042537289426609
leaf_weight=73 310 47 74 142 123 20 15.999999999999998
leaf_count=73 310 47 74 142 123 20 16
internal_value=-0.000223048 -0.00272727 0.00025825 -0.000550459 0.000636943 0.00116129 0.00035503
internal_weight=805 120 685 216 469 143 326
internal_count=805 120 685 216 469 143 326
cat_boundaries=0 1 2 3 4 5
cat_threshold=168 17 6 17 2
is_linear=0
shrinkage=0.04


Tree=89
num_leaves=8
num_cat=5
split_feature=1 2 2 1 1 1 1
split_gain=0.617597 0.131984 0.131235 0.0742396 0.0378456 0.0316411 0.000511286
threshold=0 1.0000000180025095e-35 1.0000000180025095e-35 1 2 3 4
decision_type=9 2 2 9 9 9 9
left_child=1 -1 4 -4 6 -6 -2
right_child=2 -3 3 -5 5 -7 -8
leaf_value=-0.011768086389539648 0.0031719109527637104 -0.0013695213350924718 0.011950904492885713 -0.008822689924994194 0.077510736782400044 0.00025090776621226494 -0.0073960835797849712
leaf_weight=73 310 47 74 142 123 20 15.999999999999998
leaf_count=73 310 47 74 142 123 20 16
internal_value=-0.000223048 -0.00272727 0.00025825 -0.000550459 0.000636943 0.00116129 0.00035503
internal_weight=805 120 685 216 469 143 326
internal_count=805 120 685 216 469 143 326
cat_boundaries=0 1 2 3 4 5
cat_threshold=168 17 6 17 2
is_linear=0
shrinkage=0.04


Tree=90
num_leaves=7
num_cat=4
split_feature=1 2 2 1 1 1
split_gain=0.570249 0.131984 0.0964119 0.0742396 0.0699593 0.00692227
threshold=0 1.0000000180025095e-35 1.0000000180025095e-35 1 2 3
decision_type=9 2 2 9 9 9
left_child=1 -1 4 -4 5 -2
right_child=2 -3 3 -5 -6 -7
leaf_value=-0.011297362933958085 0.0030450345146532244 -0.0013147404816887588 0.011472868313170324 -0.0084697823279944375 0.00040123541093130656 0.01591951536025725
leaf_weight=73 310 47 74 142 43 116
leaf_count=73 310 47 74 142 43 116
internal_value=-0.000322181 -0.00272727 0.000143472 -0.000550459 0.000467091 0.000273973
internal_weight=805 120 685 216 469 426
internal_count=805 120 685 216 469 426
cat_boundaries=0 1 2 3 4
cat_threshold=168 17 22 2
is_linear=0
shrinkage=0.04


Tree=91
num_leaves=7
num_cat=4
split_feature=1 2 2 1 1 1
split_gain=0.570249 0.131984 0.0964119 0.0742396 0.0699593 0.00692227
threshold=0 1.0000000180025095e-35 1.0000000180025095e-35 1 2 3
decision_type=9 2 2 9 9 9
left_child=1 -1 4 -4 5 -2
right_child=2 -3 3 -5 -6 -7
leaf_value=-0.010845468416599786 0.002923233134067118 -0.0012621508624211942 0.011013953580643516 -0.0081309910348745969 0.00038518599449403722 0.015282734745846937
leaf_weight=73 310 47 74 142 43 116
leaf_count=73 310 47 74 142 43 116
internal_value=-0.000322181 -0.00272727 0.000143472 -0.000550459 0.000467091 0.000273973
internal_weight=805 120 685 216 469 426
internal_count=805 120 685 216 469 426
cat_boundaries=0 1 2 3 4
cat_threshold=168 17 22 2
is_linear=0
shrinkage=0.04


Tree=92
num_leaves=7
num_cat=4
split_feature=1 2 2 1 1 1
split_gain=0.570249 0.131984 0.0964119 0.0742396 0.0699593 0.00692227
threshold=0 1.0000000180025095e-35 1.0000000180025095e-35 1 2 3
decision_type=9 2 2 9 9 9
left_child=1 -1 4 -4 5 -2
right_child=2 -3 3 -5 -6 -7
leaf_value=-0.010411649679935806 0.0028063038087044845 -0.0012116648279243236 0.010573395437417759 -0.0078057513934795967 0.00036977855471427291 0.014671425356013117
leaf_weight=73 310 47 74 142 43 116
leaf_count=73 310 47 74 142 43 116
internal_value=-0.000322181 -0.00272727 0.000143472 -0.000550459 0.000467091 0.000273973
internal_weight=805 120 685 216 469 426
internal_count=805 120 685 216 469 426
cat_boundaries=0 1 2 3 4
cat_threshold=168 17 22 2
is_linear=0
shrinkage=0.04


Tree=93
num_leaves=7
num_cat=4
split_feature=1 2 2 1 1 1
split_gain=0.570249 0.131984 0.0964119 0.0742396 0.0699593 0.00692227
threshold=0 1.0000000180025095e-35 1.0000000180025095e-35 1 2 3
decision_type=9 2 2 9 9 9
left_child=1 -1 4 -4 5 -2
right_child=2 -3 3 -5 -6 -7
leaf_value=-0.0099951836927383662 0.0026940516563563224 -0.0011631982348073678 0.010150459619921009 -0.0074935213377403899 0.00035498741252567358 0.014084568341772581
leaf_weight=73 310 47 74 142 43 116
leaf_count=73 310 47 74 142 43 116
internal_value=-0.000322181 -0.00272727 0.000143472 -0.000550459 0.000467091 0.000273973
internal_weight=805 120 685 216 469 426
internal_count=805 120 685 216 469 426
cat_boundaries=0 1 2 3 4
cat_threshold=168 17 22 2
is_linear=0
shrinkage=0.04


Tree=94
num_leaves=7
num_cat=4
split_feature=1 2 2 1 1 1
split_gain=0.570249 0.131984 0.0964119 0.0742396 0.0699593 0.00692227
threshold=0 1.0000000180025095e-35 1.0000000180025095e-35 1 2 3
decision_type=9 2 2 9 9 9
left_child=1 -1 4 -4 5 -2
right_child=2 -3 3 -5 -6 -7
leaf_value=-0.0095953763450287964 0.0025862895901020977 -0.0011166703054150417 0.009744441235124128 -0.0071937804842308137 0.00034078791602468075 0.013521185608101689
leaf_weight=73 310 47 74 142 43 116
leaf_count=73 310 47 74 142 43 116
internal_value=-0.000322181 -0.00272727 0.000143472 -0.000550459 0.000467091 0.000273973
internal_weight=805 120 685 216 469 426
internal_count=805 120 685 216 469 426
cat_boundaries=0 1 2 3 4
cat_threshold=168 17 22 2
is_linear=0
shrinkage=0.04


Tree=95
num_leaves=7
num_cat=4
split_feature=1 2 2 1 1 1
split_gain=0.570249 0.131984 0.0964119 0.0742396 0.0699593 0.00692227
threshold=0 1.0000000180025095e-35 1.0000000180025095e-35 1 2 3
decision_type=9 2 2 9 9 9
left_child=1 -1 4 -4 5 -2
right_child=2 -3 3 -5 -6 -7
leaf_value=-0.0092115612912276393 0.0024828380064980137 -0.0010720034931984658 0.0093546635857192934 -0.0069060292648616441 0.0003271563993836679 0.012980338183777676
leaf_weight=73 310 47 74 142 43 116
leaf_count=73 310 47 74 142 43 116
internal_value=-0.000322181 -0.00272727 0.000143472 -0.000550459 0.000467091 0.000273973
internal_weight=805 120 685 216 469 426
internal_count=805 120 685 216 469 426
cat_boundaries=0 1 2 3 4
cat_threshold=168 17 22 2
is_linear=0
shrinkage=0.04


Tree=96
num_leaves=9
num_cat=6
split_feature=1 2 1 2 1 1 1 1
split_gain=0.627696 0.0771046 0.17995 0.0679459 0.063684 0.0205444 0.00977836 0.00610565
threshold=0 1.0000000180025095e-35 1 1.0000000180025095e-35 2 3 4 5
decision_type=9 2 9 2 9 9 9 9
left_child=3 2 6 5 -5 -1 -2 -7
right_child=1 -3 -4 4 -6 7 -8 -9
leaf_value=0.040314070143408286 -0.010558630940424222 -0.0010291233534704958 -0.0088430988395785445 0.0089804770422905727 -2.3664201040531908e-05 0.0023835244862381445 -0.0088430988395785445 0.035480880253277294
leaf_weight=39 15.999999999999998 50 30 74 139 310 47 100
leaf_count=39 16 50 30 74 139 310 47 100
internal_value=-0.000421314 -0.00270968 -0.00357895 0.000118694 -0.000465116 0.000399113 -0.00133333 0.00028436
internal_weight=805 143 93 662 213 449 63 410
internal_count=805 143 93 662 213 449 63 410
cat_boundaries=0 1 2 3 4 5 6
cat_threshold=83 36 17 65 4 2
is_linear=0
shrinkage=0.04


Tree=97
num_leaves=7
num_cat=4
split_feature=1 2 1 2 1 1
split_gain=0.58061 0.0541263 0.0542241 0.0428495 0.0135174 0.0259081
threshold=0 1.0000000180025095e-35 1 1.0000000180025095e-35 2 3
decision_type=9 2 9 2 9 9
left_child=3 4 -3 -1 -2 -6
right_child=1 2 -4 -5 5 -7
leaf_value=-0.0084893748859953891 0.011962679670169507 0.0086212579605988542 -2.2717632998876524e-05 -0.00098795841933167587 0.0022881835067886415 0.00034706618625641284
leaf_weight=89 116 74 134 55 310 27
leaf_count=89 116 74 134 55 310 27
internal_value=-0.000371747 0.000148588 -0.000380952 -0.0025641 0.000395604 0.000515759
internal_weight=805 661 208 144 453 337
internal_count=805 661 208 144 453 337
cat_boundaries=0 1 2 3 4
cat_threshold=232 17 20 2
is_linear=0
shrinkage=0.04


Tree=98
num_leaves=7
num_cat=4
split_feature=1 2 1 2 1 1
split_gain=0.58061 0.0541263 0.0542241 0.0428495 0.0135174 0.0259081
threshold=0 1.0000000180025095e-35 1 1.0000000180025095e-35 2 3
decision_type=9 2 9 2 9 9
left_child=3 4 -3 -1 -2 -6
right_child=1 2 -4 -5 5 -7
leaf_value=-0.0081497998905555851 0.011484172483362727 0.0082764076421749169 -2.1808927678961256e-05 -0.00094844008255840612 0.0021966561665171013 0.00033318353880616768
leaf_weight=89 116 74 134 55 310 27
leaf_count=89 116 74 134 55 310 27
internal_value=-0.000371747 0.000148588 -0.000380952 -0.0025641 0.000395604 0.000515759
internal_weight=805 661 208 144 453 337
internal_count=805 661 208 144 453 337
cat_boundaries=0 1 2 3 4
cat_threshold=232 17 20 2
is_linear=0
shrinkage=0.04


Tree=99
num_leaves=7
num_cat=4
split_feature=1 2 1 2 1 1
split_gain=0.58061 0.0541263 0.0542241 0.0428495 0.0135174 0.0259081
threshold=0 1.0000000180025095e-35 1 1.0000000180025095e-35 2 3
decision_type=9 2 9 2 9 9
left_child=3 4 -3 -1 -2 -6
right_child=1 2 -4 -5 5 -7
leaf_value=-0.0078238078949333812 0.011024805584028172 0.0079453513364877888 -2.0936570571734592e-05 -0.00091050247925608121 0.0021087899198563775 0.00031985619725389826
leaf_weight=89 116 74 134 55 310 27
leaf_count=89 116 74 134 55 310 27
internal_value=-0.000371747 0.000148588 -0.000380952 -0.0025641 0.000395604 0.000515759
internal_weight=805 661 208 144 453 337
internal_count=805 661 208 144 453 337
cat_boundaries=0 1 2 3 4
cat_threshold=232 17 20 2
is_linear=0
shrinkage=0.04


Tree=100
num_leaves=7
num_cat=4
split_feature=1 2 1 2 1 1
split_gain=0.58061 0.0541263 0.0542241 0.0428495 0.0135174 0.0259081
threshold=0 1.0000000180025095e-35 1 1.0000000180025095e-35 2 3
decision_type=9 2 9 2 9 9
left_child=3 4 -3 -1 -2 -6
right_child=1 2 -4 -5 5 -7
leaf_value=-0.0075108555791360493 0.010583813360667023 0.0076275372830282608 -2.0099107748876578e-05 -0.00087408238008585221 0.0020244383230621564 0.00030706194936371391
leaf_weight=89 116 74 134 55 310 27
leaf_count=89 116 74 134 55 310 27
internal_value=-0.000371747 0.000148588 -0.000380952 -0.0025641 0.000395604 0.000515759
internal_weight=805 661 208 144 453 337
internal_count=805 661 208 144 453 337
cat_boundaries=0 1 2 3 4
cat_threshold=232 17 20 2
is_linear=0
shrinkage=0.04


Tree=101
num_leaves=7
num_cat=4
split_feature=1 2 2 1 1 1
split_gain=0.55484 0.083969 0.0428495 0.0277716 0.0135174 0.0259081
threshold=0 1.0000000180025095e-35 1.0000000180025095e-35 1 2 3
decision_type=9 2 2 9 9 9
left_child=2 4 -1 -3 -2 -6
right_child=1 3 -4 -5 5 -7
leaf_value=-0.0072104213559705957 0.010160460826240296 0.014893199832813763 -0.00083911908488239813 -1.9295143438853301e-05 0.0019434607901396817 0.00029477947138914831
leaf_weight=89 116 31 55 177 310 27
leaf_count=89 116 31 55 177 310 27
internal_value=-0.000421314 8.9153e-05 -0.0025641 -0.000571429 0.000395604 0.000515759
internal_weight=805 661 144 208 453 337
internal_count=805 661 144 208 453 337
cat_boundaries=0 1 2 3 4
cat_threshold=232 1 20 2
is_linear=0
shrinkage=0.04


Tree=102
num_leaves=8
num_cat=5
split_feature=1 2 2 1 1 1 1
split_gain=0.547162 0.134344 0.131984 0.0699593 0.0352113 0.00692227 0.000152788
threshold=0 1.0000000180025095e-35 1.0000000180025095e-35 1 2 3 4
decision_type=9 2 2 9 9 9 9
left_child=2 3 -1 5 -3 -2 -6
right_child=1 4 -4 -5 6 -7 -8
leaf_value=-0.0069220045017317489 0.0018657223585340432 0.01429747183950127 -0.00080555432148713638 0.00028298829253358803 -0.00024755644366194931 0.0097540423931906164 -0.0066045380478793447
leaf_weight=73 310 31 47 43 43 116 142
leaf_count=73 310 31 47 43 43 116 142
internal_value=-0.000371747 8.60832e-05 -0.00272727 0.000467091 -0.000733945 0.000273973 -0.000913706
internal_weight=805 685 120 469 216 426 185
internal_count=805 685 120 469 216 426 185
cat_boundaries=0 1 2 3 4 5
cat_threshold=168 22 1 2 16
is_linear=0
shrinkage=0.04


Tree=103
num_leaves=9
num_cat=4
split_feature=1 2 1 2 1 1 2 2
split_gain=0.641857 0.131984 0.0275495 0.0470349 0.0282516 0.00467898 0.040701 5.23861e-05
threshold=0 1.0000000180025095e-35 1 1.0000000180025095e-35 2 3 1.0000000180025095e-35 1.0000000180025095e-35
decision_type=9 2 9 2 9 9 2 2
left_child=1 -1 3 4 -2 7 -7 -4
right_child=2 -3 5 -5 -6 6 -8 -9
leaf_value=-0.0066451243216624793 0.020257558190234237 -0.00077333214862761678 0.0017910934641926701 -0.012926371236142273 0.0093638806974630038 0.00027166876083221323 -0.026274427034078656 0.00024565818421379504
leaf_weight=73 15.999999999999998 47 310 53 116 27 32 131
leaf_count=73 16 47 310 53 116 27 32 131
internal_value=-0.000173482 -0.00272727 0.000315638 -0.000101523 0.000298507 0.00046875 0.00084507 0.000397351
internal_weight=805 120 685 185 132 500 59 441
internal_count=805 120 685 185 132 500 59 441
cat_boundaries=0 1 2 3 4
cat_threshold=168 84 64 2
is_linear=0
shrinkage=0.04


Tree=104
num_leaves=6
num_cat=4
split_feature=1 2 1 1 1
split_gain=0.688625 0.0428495 0.0080321 0.00467898 7.91609e-05
threshold=0 1.0000000180025095e-35 1 2 3
decision_type=9 2 9 9 9
left_child=1 -1 4 -4 -2
right_child=2 -3 3 -5 -6
leaf_value=-0.0063793193487959596 0.00027940066353011162 -0.0007423988626825207 0.0017194497256249974 0.0002608020103988906 0.0072405218549454987
leaf_weight=89 143 55 441 59 18
leaf_count=89 143 55 441 59 18
internal_value=-0.000173482 -0.0025641 0.00038633 0.00046875 0.000115607
internal_weight=805 144 661 500 161
internal_count=805 144 661 500 161
cat_boundaries=0 1 2 3 4
cat_threshold=232 20 2 16
is_linear=0
shrinkage=0.04


Tree=105
num_leaves=6
num_cat=4
split_feature=1 2 1 1 1
split_gain=0.688625 0.0428495 0.0080321 0.00467898 7.91609e-05
threshold=0 1.0000000180025095e-35 1 2 3
decision_type=9 2 9 9 9
left_child=1 -1 4 -4 -2
right_child=2 -3 3 -5 -6
leaf_value=-0.0061241465748441476 0.00026822463698891855 -0.00071270290817523115 0.0016506717366000601 0.00025036992998295204 0.0069509009807476475
leaf_weight=89 143 55 441 59 18
leaf_count=89 143 55 441 59 18
internal_value=-0.000173482 -0.0025641 0.00038633 0.00046875 0.000115607
internal_weight=805 144 661 500 161
internal_count=805 144 661 500 161
cat_boundaries=0 1 2 3 4
cat_threshold=232 20 2 16
is_linear=0
shrinkage=0.04


Tree=106
num_leaves=6
num_cat=4
split_feature=1 2 1 1 1
split_gain=0.688625 0.0428495 0.0080321 0.00467898 7.91609e-05
threshold=0 1.0000000180025095e-35 1 2 3
decision_type=9 2 9 9 9
left_child=1 -1 4 -4 -2
right_child=2 -3 3 -5 -6
leaf_value=-0.0058791807118503672 0.00025749565150931633 -0.00068419479184825608 0.0015846448671361201 0.00024035513278363398 0.0066728649415177445
leaf_weight=89 143 55 441 59 18
leaf_count=89 143 55 441 59 18
internal_value=-0.000173482 -0.0025641 0.00038633 0.00046875 0.000115607
internal_weight=805 144 661 500 161
internal_count=805 144 661 500 161
cat_boundaries=0 1 2 3 4
cat_threshold=232 20 2 16
is_linear=0
shrinkage=0.04


Tree=107
num_leaves=9
num_cat=4
split_feature=1 2 1 2 1 1 2 2
split_gain=0.666509 0.131984 0.0100823 0.0106712 0.0282516 0.00467898 0.040701 5.23861e-05
threshold=0 1.0000000180025095e-35 1 1.0000000180025095e-35 2 3 1.0000000180025095e-35 1.0000000180025095e-35
decision_type=9 2 9 2 9 9 2 2
left_child=1 -1 3 4 -2 7 -7 -4
right_child=2 -3 5 -5 -6 6 -8 -9
leaf_value=-0.0056440134833763266 0.020182561728044491 -0.00065682700017433149 0.0015212590724506469 -0.013243887897785101 0.008555937294979615 0.00023074092747229713 -0.025253511035641909 3.7641203670943921e-05
leaf_weight=73 15.999999999999998 47 310 53 116 27 32 131
leaf_count=73 16 47 310 53 116 27 32 131
internal_value=-0.000123916 -0.00272727 0.000373027 0.000101523 0.000298507 0.00046875 0.00084507 0.000397351
internal_weight=805 120 685 185 132 500 59 441
internal_count=805 120 685 185 132 500 59 441
cat_boundaries=0 1 2 3 4
cat_threshold=168 84 64 2
is_linear=0
shrinkage=0.04


Tree=108
num_leaves=6
num_cat=4
split_feature=1 2 1 1 1
split_gain=0.688625 0.0428495 0.0080321 0.00467898 7.91609e-05
threshold=0 1.0000000180025095e-35 1 2 3
decision_type=9 2 9 9 9
left_child=1 -1 4 -4 -2
right_child=2 -3 3 -5 -6
leaf_value=-0.0054182529440412706 0.00077695134136035904 -0.00063055392016735828 0.0014604087095526097 0.00022151129037339956 0.0064997093559131967
leaf_weight=89 143 55 441 59 18
leaf_count=89 143 55 441 59 18
internal_value=-0.000173482 -0.0025641 0.00038633 0.00046875 0.000115607
internal_weight=805 144 661 500 161
internal_count=805 144 661 500 161
cat_boundaries=0 1 2 3 4
cat_threshold=232 20 2 16
is_linear=0
shrinkage=0.04


Tree=109
num_leaves=7
num_cat=4
split_feature=1 2 1 2 1 1
split_gain=0.58061 0.0541263 0.0542241 0.0428495 0.0135174 0.0259081
threshold=0 1.0000000180025095e-35 1 1.0000000180025095e-35 2 3
decision_type=9 2 9 2 9 9
left_child=3 4 -3 -1 -2 -6
right_child=1 2 -4 -5 5 -7
leaf_value=-0.0052015228262796143 0.00806816658923502 0.0082468211209375392 -2.2280792857998222e-05 -0.00060533176336065254 0.0014019923611705565 0.00021265083875846358
leaf_weight=89 116 74 134 55 310 27
leaf_count=89 116 74 134 55 310 27
internal_value=-0.000371747 0.000148588 -0.000380952 -0.0025641 0.000395604 0.000515759
internal_weight=805 661 208 144 453 337
internal_count=805 661 208 144 453 337
cat_boundaries=0 1 2 3 4
cat_threshold=232 17 20 2
is_linear=0
shrinkage=0.04


Tree=110
num_leaves=7
num_cat=4
split_feature=1 2 1 2 1 1
split_gain=0.58061 0.0541263 0.0542241 0.0428495 0.0135174 0.0259081
threshold=0 1.0000000180025095e-35 1 1.0000000180025095e-35 2 3
decision_type=9 2 9 2 9 9
left_child=3 4 -3 -1 -2 -6
right_child=1 2 -4 -5 5 -7
leaf_value=-0.0049934619132284298 0.007745439925665636 0.0079169482761001584 -2.1389561143649872e-05 -0.00058111849282624914 0.0013459126667237343 0.00020414480520813071
leaf_weight=89 116 74 134 55 310 27
leaf_count=89 116 74 134 55 310 27
internal_value=-0.000371747 0.000148588 -0.000380952 -0.0025641 0.000395604 0.000515759
internal_weight=805 661 208 144 453 337
internal_count=805 661 208 144 453 337
cat_boundaries=0 1 2 3 4
cat_threshold=232 17 20 2
is_linear=0
shrinkage=0.04


Tree=111
num_leaves=7
num_cat=4
split_feature=1 2 1 2 1 1
split_gain=0.58061 0.0541263 0.0542241 0.0428495 0.0135174 0.0259081
threshold=0 1.0000000180025095e-35 1 1.0000000180025095e-35 2 3
decision_type=9 2 9 2 9 9
left_child=3 4 -3 -1 -2 -6
right_child=1 2 -4 -5 5 -7
leaf_value=-0.0047937234366992954 0.0074356223286390138 0.0076002703450562597 -2.0533978697869771e-05 -0.00055787375311318495 0.0012920761600547336 0.00019597901299981402
leaf_weight=89 116 74 134 55 310 27
leaf_count=89 116 74 134 55 310 27
internal_value=-0.000371747 0.000148588 -0.000380952 -0.0025641 0.000395604 0.000515759
internal_weight=805 661 208 144 453 337
internal_count=805 661 208 144 453 337
cat_boundaries=0 1 2 3 4
cat_threshold=232 17 20 2
is_linear=0
shrinkage=0.04


Tree=112
num_leaves=8
num_cat=5
split_feature=1 2 2 1 1 1 1
split_gain=0.547162 0.134344 0.131984 0.0699593 0.0352113 0.00692227 0.000152788
threshold=0 1.0000000180025095e-35 1.0000000180025095e-35 1 2 3 4
decision_type=9 2 2 9 9 9 9
left_child=2 3 -1 5 -3 -2 -6
right_child=1 4 -4 -5 6 -7 -8
leaf_value=-0.0046019744992312891 0.001240393113652516 0.014797207364485417 -0.00053555880298866048 0.00019153770373272041 -0.00020468830197756916 0.0071381974354935099 -0.0064956326011760268
leaf_weight=73 310 31 47 43 43 116 142
leaf_count=73 310 31 47 43 43 116 142
internal_value=-0.000371747 8.60832e-05 -0.00272727 0.000467091 -0.000733945 0.000273973 -0.000913706
internal_weight=805 685 120 469 216 426 185
internal_count=805 685 120 469 216 426 185
cat_boundaries=0 1 2 3 4 5
cat_threshold=168 22 1 2 16
is_linear=0
shrinkage=0.04


Tree=113
num_leaves=9
num_cat=4
split_feature=1 2 1 2 1 1 2 2
split_gain=0.641857 0.131984 0.0275495 0.0470349 0.0282516 0.00467898 0.040701 5.23861e-05
threshold=0 1.0000000180025095e-35 1 1.0000000180025095e-35 2 3 1.0000000180025095e-35 1.0000000180025095e-35
decision_type=9 2 9 2 9 9 2 2
left_child=1 -1 3 4 -2 7 -7 -4
right_child=2 -3 5 -5 -6 6 -8 -9
leaf_value=-0.0044178955192620611 0.020183876195583397 -0.00051413645086910268 0.0011907773891064722 -0.012711727278755093 0.0068526695380737128 0.00018047834433048139 -0.025794680930094103 0.00024011268449712021
leaf_weight=73 15.999999999999998 47 310 53 116 27 32 131
leaf_count=73 16 47 310 53 116 27 32 131
internal_value=-0.000173482 -0.00272727 0.000315638 -0.000101523 0.000298507 0.00046875 0.00084507 0.000397351
internal_weight=805 120 685 185 132 500 59 441
internal_count=805 120 685 185 132 500 59 441
cat_boundaries=0 1 2 3 4
cat_threshold=168 84 64 2
is_linear=0
shrinkage=0.04


Tree=114
num_leaves=6
num_cat=4
split_feature=1 2 1 1 1
split_gain=0.688625 0.0428495 0.0080321 0.00467898 7.91609e-05
threshold=0 1.0000000180025095e-35 1 2 3
decision_type=9 2 9 9 9
left_child=1 -1 4 -4 -2
right_child=2 -3 3 -5 -6
leaf_value=-0.0042411796984915644 0.00031196832125175434 -0.00049357099283433572 0.0011431462935422587 0.00017325921055729056 0.0058803503495870758
leaf_weight=89 143 55 441 59 18
leaf_count=89 143 55 441 59 18
internal_value=-0.000173482 -0.0025641 0.00038633 0.00046875 0.000115607
internal_weight=805 144 661 500 161
internal_count=805 144 661 500 161
cat_boundaries=0 1 2 3 4
cat_threshold=232 20 2 16
is_linear=0
shrinkage=0.04


Tree=115
num_leaves=6
num_cat=4
split_feature=1 2 1 1 1
split_gain=0.688625 0.0428495 0.0080321 0.00467898 7.91609e-05
threshold=0 1.0000000180025095e-35 1 2 3
decision_type=9 2 9 9 9
left_child=1 -1 4 -4 -2
right_child=2 -3 3 -5 -6
leaf_value=-0.0040715325105519186 0.00029948958840179783 -0.00047382815312097649 0.001097420441800523 0.00016632884213500177 0.0056451363356035244
leaf_weight=89 143 55 441 59 18
leaf_count=89 143 55 441 59 18
internal_value=-0.000173482 -0.0025641 0.00038633 0.00046875 0.000115607
internal_weight=805 144 661 500 161
internal_count=805 144 661 500 161
cat_boundaries=0 1 2 3 4
cat_threshold=232 20 2 16
is_linear=0
shrinkage=0.04


Tree=116
num_leaves=6
num_cat=4
split_feature=1 2 1 1 1
split_gain=0.688625 0.0428495 0.0080321 0.00467898 7.91609e-05
threshold=0 1.0000000180025095e-35 1 2 3
decision_type=9 2 9 9 9
left_child=1 -1 4 -4 -2
right_child=2 -3 3 -5 -6
leaf_value=-0.0039086712101298101 0.00028751000486579417 -0.00045487502699614879 0.0010535236241284451 0.00015967568844956758 0.0054193308821794519
leaf_weight=89 143 55 441 59 18
leaf_count=89 143 55 441 59 18
internal_value=-0.000173482 -0.0025641 0.00038633 0.00046875 0.000115607
internal_weight=805 144 661 500 161
internal_count=805 144 661 500 161
cat_boundaries=0 1 2 3 4
cat_threshold=232 20 2 16
is_linear=0
shrinkage=0.04


Tree=117
num_leaves=6
num_cat=4
split_feature=1 2 1 1 1
split_gain=0.688625 0.0428495 0.0080321 0.00467898 7.91609e-05
threshold=0 1.0000000180025095e-35 1 2 3
decision_type=9 2 9 9 9
left_child=1 -1 4 -4 -2
right_child=2 -3 3 -5 -6
leaf_value=-0.0037523243617246039 0.00027600960467111691 -0.00043668002591630285 0.0010113826791632618 0.00015328866091159909 0.0052025576468922455
leaf_weight=89 143 55 441 59 18
leaf_count=89 143 55 441 59 18
internal_value=-0.000173482 -0.0025641 0.00038633 0.00046875 0.000115607
internal_weight=805 144 661 500 161
internal_count=805 144 661 500 161
cat_boundaries=0 1 2 3 4
cat_threshold=232 20 2 16
is_linear=0
shrinkage=0.04


Tree=118
num_leaves=9
num_cat=4
split_feature=1 2 1 2 1 1 2 2
split_gain=0.666509 0.131984 0.0100823 0.0106712 0.0282516 0.00467898 0.040701 5.23861e-05
threshold=0 1.0000000180025095e-35 1 1.0000000180025095e-35 2 3 1.0000000180025095e-35 1.0000000180025095e-35
decision_type=9 2 9 2 9 9 2 2
left_child=1 -1 3 4 -2 7 -7 -4
right_child=2 -3 5 -5 -6 6 -8 -9
leaf_value=-0.0036022313872555857 0.020015469458996051 -0.00041921282487962231 0.00097092737199673713 -0.013089153196175403 0.0061121157018817485 0.00014715711447514936 -0.024788995788972274 5.8289255571679634e-05
leaf_weight=73 15.999999999999998 47 310 53 116 27 32 131
leaf_count=73 16 47 310 53 116 27 32 131
internal_value=-0.000123916 -0.00272727 0.000373027 0.000101523 0.000298507 0.00046875 0.00084507 0.000397351
internal_weight=805 120 685 185 132 500 59 441
internal_count=805 120 685 185 132 500 59 441
cat_boundaries=0 1 2 3 4
cat_threshold=168 84 64 2
is_linear=0
shrinkage=0.04


Tree=119
num_leaves=6
num_cat=4
split_feature=1 2 1 1 1
split_gain=0.688625 0.0428495 0.0080321 0.00467898 7.91609e-05
threshold=0 1.0000000180025095e-35 1 2 3
decision_type=9 2 9 9 9
left_child=1 -1 4 -4 -2
right_child=2 -3 3 -5 -6
leaf_value=-0.003458142131765385 0.00078853534833143611 -0.00040244431188440899 0.00093209027711679934 0.00014127082989617178 0.0051339960909024289
leaf_weight=89 143 55 441 59 18
leaf_count=89 143 55 441 59 18
internal_value=-0.000173482 -0.0025641 0.00038633 0.00046875 0.000115607
internal_weight=805 144 661 500 161
internal_count=805 144 661 500 161
cat_boundaries=0 1 2 3 4
cat_threshold=232 20 2 16
is_linear=0
shrinkage=0.04


Tree=120
num_leaves=6
num_cat=4
split_feature=1 2 1 1 1
split_gain=0.688625 0.0428495 0.0080321 0.00467898 7.91609e-05
threshold=0 1.0000000180025095e-35 1 2 3
decision_type=9 2 9 9 9
left_child=1 -1 4 -4 -2
right_child=2 -3 3 -5 -6
leaf_value=-0.0033198164464947411 0.00075699393439805369 -0.00038634653940903266 0.00089480666603208197 0.00013561999670031355 0.0049286362472663828
leaf_weight=89 143 55 441 59 18
leaf_count=89 143 55 441 59 18
internal_value=-0.000173482 -0.0025641 0.00038633 0.00046875 0.000115607
internal_weight=805 144 661 500 161
internal_count=805 144 661 500 161
cat_boundaries=0 1 2 3 4
cat_threshold=232 20 2 16
is_linear=0
shrinkage=0.04


Tree=121
num_leaves=7
num_cat=4
split_feature=1 2 1 2 1 1
split_gain=0.58061 0.0541263 0.0542241 0.0428495 0.0135174 0.0259081
threshold=0 1.0000000180025095e-35 1 1.0000000180025095e-35 2 3
decision_type=9 2 9 2 9 9
left_child=3 4 -3 -1 -2 -6
right_child=1 2 -4 -5 5 -7
leaf_value=-0.0031870237886349176 0.0056354678413885039 0.0084591012932726528 -1.7118192377267861e-05 -0.00037089267783265714 0.00085901439939078733 0.00013019519683233228
leaf_weight=89 116 74 134 55 310 27
leaf_count=89 116 74 134 55 310 27
internal_value=-0.000371747 0.000148588 -0.000380952 -0.0025641 0.000395604 0.000515759
internal_weight=805 661 208 144 453 337
internal_count=805 661 208 144 453 337
cat_boundaries=0 1 2 3 4
cat_threshold=232 17 20 2
is_linear=0
shrinkage=0.04


Tree=122
num_leaves=7
num_cat=4
split_feature=1 2 1 2 1 1
split_gain=0.58061 0.0541263 0.0542241 0.0428495 0.0135174 0.0259081
threshold=0 1.0000000180025095e-35 1 1.0000000180025095e-35 2 3
decision_type=9 2 9 2 9 9
left_child=3 4 -3 -1 -2 -6
right_child=1 2 -4 -5 5 -7
leaf_value=-0.0030595428370894951 0.0054100491277330317 0.0081207372415417461 -1.6433464682137356e-05 -0.00035605697071936507 0.00082465382341510461 0.00012498738895907023
leaf_weight=89 116 74 134 55 310 27
leaf_count=89 116 74 134 55 310 27
internal_value=-0.000371747 0.000148588 -0.000380952 -0.0025641 0.000395604 0.000515759
internal_weight=805 661 208 144 453 337
internal_count=805 661 208 144 453 337
cat_boundaries=0 1 2 3 4
cat_threshold=232 17 20 2
is_linear=0
shrinkage=0.04


Tree=123
num_leaves=7
num_cat=4
split_feature=1 2 1 2 1 1
split_gain=0.58061 0.0541263 0.0542241 0.0428495 0.0135174 0.0259081
threshold=0 1.0000000180025095e-35 1 1.0000000180025095e-35 2 3
decision_type=9 2 9 2 9 9
left_child=3 4 -3 -1 -2 -6
right_child=1 2 -4 -5 5 -7
leaf_value=-0.0029371611236059182 0.0051936471626237339 0.0077959077518801228 -1.5776126094806386e-05 -0.00034181469189057621 0.00079166767047851756 0.00011998789340069038
leaf_weight=89 116 74 134 55 310 27
leaf_count=89 116 74 134 55 310 27
internal_value=-0.000371747 0.000148588 -0.000380952 -0.0025641 0.000395604 0.000515759
internal_weight=805 661 208 144 453 337
internal_count=805 661 208 144 453 337
cat_boundaries=0 1 2 3 4
cat_threshold=232 17 20 2
is_linear=0
shrinkage=0.04


Tree=124
num_leaves=7
num_cat=4
split_feature=1 2 2 1 1 1
split_gain=0.55484 0.083969 0.0428495 0.0277716 0.0135174 0.0259081
threshold=0 1.0000000180025095e-35 1.0000000180025095e-35 1 2 3
decision_type=9 2 2 9 9 9
left_child=2 4 -1 -3 -2 -6
right_child=1 3 -4 -5 5 -7
leaf_value=-0.0028196746786616701 0.0049859012761188379 0.015216458558055309 -0.0003281421042149191 -1.5145081051031184e-05 0.00076000096365930864 0.00011518837766466561
leaf_weight=89 116 31 55 177 310 27
leaf_count=89 116 31 55 177 310 27
internal_value=-0.000421314 8.9153e-05 -0.0025641 -0.000571429 0.000395604 0.000515759
internal_weight=805 661 144 208 453 337
internal_count=805 661 144 208 453 337
cat_boundaries=0 1 2 3 4
cat_threshold=232 1 20 2
is_linear=0
shrinkage=0.04


Tree=125
num_leaves=7
num_cat=4
split_feature=1 2 2 1 1 1
split_gain=0.55484 0.083969 0.0428495 0.0277716 0.0135174 0.0259081
threshold=0 1.0000000180025095e-35 1.0000000180025095e-35 1 2 3
decision_type=9 2 2 9 9 9
left_child=2 4 -1 -3 -2 -6
right_child=1 3 -4 -5 5 -7
leaf_value=-0.0027068876915151917 0.0047864652250740394 0.014607800215732993 -0.0003150164200463479 -1.4539277809006991e-05 0.00072960092511294757 0.00011058084255807899
leaf_weight=89 116 31 55 177 310 27
leaf_count=89 116 31 55 177 310 27
internal_value=-0.000421314 8.9153e-05 -0.0025641 -0.000571429 0.000395604 0.000515759
internal_weight=805 661 144 208 453 337
internal_count=805 661 144 208 453 337
cat_boundaries=0 1 2 3 4
cat_threshold=232 1 20 2
is_linear=0
shrinkage=0.04


Tree=126
num_leaves=8
num_cat=5
split_feature=1 2 2 1 1 1 1
split_gain=0.547162 0.134344 0.131984 0.0699593 0.0352113 0.00692227 0.000152788
threshold=0 1.0000000180025095e-35 1.0000000180025095e-35 1 2 3 4
decision_type=9 2 2 9 9 9 9
left_child=2 3 -1 5 -3 -2 -6
right_child=1 4 -4 -5 6 -7 -8
leaf_value=-0.0025986121838545984 0.00070041688810846387 0.014023488207103583 -0.00030241576324449684 0.00010615760885578141 -0.00024712830009093522 0.0045950066160710887 -0.0064894447914355174
leaf_weight=73 310 31 47 43 43 116 142
leaf_count=73 310 31 47 43 43 116 142
internal_value=-0.000371747 8.60832e-05 -0.00272727 0.000467091 -0.000733945 0.000273973 -0.000913706
internal_weight=805 685 120 469 216 426 185
internal_count=805 685 120 469 216 426 185
cat_boundaries=0 1 2 3 4 5
cat_threshold=168 22 1 2 16
is_linear=0
shrinkage=0.04


Tree=127
num_leaves=9
num_cat=4
split_feature=1 2 1 2 1 1 2 2
split_gain=0.641857 0.131984 0.0275495 0.0470349 0.0282516 0.00467898 0.040701 5.23861e-05
threshold=0 1.0000000180025095e-35 1 1.0000000180025095e-35 2 3 1.0000000180025095e-35 1.0000000180025095e-35
decision_type=9 2 9 2 9 9 2 2
left_child=1 -1 3 4 -2 7 -7 -4
right_child=2 -3 5 -5 -6 6 -8 -9
leaf_value=-0.0024946676965004145 0.020070134324192707 -0.00029031913271474255 0.00067240021258413668 -0.012705354084517069 0.0044112063514282337 0.00010191130450152741 -0.026537451321180471 0.0002456200849607626
leaf_weight=73 15.999999999999998 47 310 53 116 27 32 131
leaf_count=73 16 47 310 53 116 27 32 131
internal_value=-0.000173482 -0.00272727 0.000315638 -0.000101523 0.000298507 0.00046875 0.00084507 0.000397351
internal_weight=805 120 685 185 132 500 59 441
internal_count=805 120 685 185 132 500 59 441
cat_boundaries=0 1 2 3 4
cat_threshold=168 84 64 2
is_linear=0
shrinkage=0.04


Tree=128
num_leaves=6
num_cat=4
split_feature=1 2 1 1 1
split_gain=0.688625 0.0428495 0.0080321 0.00467898 7.91609e-05
threshold=0 1.0000000180025095e-35 1 2 3
decision_type=9 2 9 9 9
left_child=1 -1 4 -4 -2
right_child=2 -3 3 -5 -6
leaf_value=-0.0023948809886403665 0.00027097099529328262 -0.00027870636740615849 0.00064550420408082231 9.7834852321483369e-05 0.0044166121457263332
leaf_weight=89 143 55 441 59 18
leaf_count=89 143 55 441 59 18
internal_value=-0.000173482 -0.0025641 0.00038633 0.00046875 0.000115607
internal_weight=805 144 661 500 161
internal_count=805 144 661 500 161
cat_boundaries=0 1 2 3 4
cat_threshold=232 20 2 16
is_linear=0
shrinkage=0.04


Tree=129
num_leaves=6
num_cat=4
split_feature=1 2 1 1 1
split_gain=0.688625 0.0428495 0.0080321 0.00467898 7.91609e-05
threshold=0 1.0000000180025095e-35 1 2 3
decision_type=9 2 9 9 9
left_child=1 -1 4 -4 -2
right_child=2 -3 3 -5 -6
leaf_value=-0.0022990857490947291 0.00026013215548147171 -0.00026755811270987804 0.00061968403591762923 9.3921458228649616e-05 0.0042399476598973251
leaf_weight=89 143 55 441 59 18
leaf_count=89 143 55 441 59 18
internal_value=-0.000173482 -0.0025641 0.00038633 0.00046875 0.000115607
internal_weight=805 144 661 500 161
internal_count=805 144 661 500 161
cat_boundaries=0 1 2 3 4
cat_threshold=232 20 2 16
is_linear=0
shrinkage=0.04


Tree=130
num_leaves=6
num_cat=4
split_feature=1 2 1 1 1
split_gain=0.688625 0.0428495 0.0080321 0.00467898 7.91609e-05
threshold=0 1.0000000180025095e-35 1 2 3
decision_type=9 2 9 9 9
left_child=1 -1 4 -4 -2
right_child=2 -3 3 -5 -6
leaf_value=-0.002207122319130974 0.00024972686926219014 -0.00025685578820144883 0.00059489667448090703 9.0164599899509313e-05 0.0040703497535014323
leaf_weight=89 143 55 441 59 18
leaf_count=89 143 55 441 59 18
internal_value=-0.000173482 -0.0025641 0.00038633 0.00046875 0.000115607
internal_weight=805 144 661 500 161
internal_count=805 144 661 500 161
cat_boundaries=0 1 2 3 4
cat_threshold=232 20 2 16
is_linear=0
shrinkage=0.04


Tree=131
num_leaves=6
num_cat=4
split_feature=1 2 1 1 1
split_gain=0.688625 0.0428495 0.0080321 0.00467898 7.91609e-05
threshold=0 1.0000000180025095e-35 1 2 3
decision_type=9 2 9 9 9
left_child=1 -1 4 -4 -2
right_child=2 -3 3 -5 -6
leaf_value=-0.0021188374263657293 0.00023973779449164569 -0.00024658155667339087 0.00057110080750163658 8.6558015903506207e-05 0.0039075357633613804
leaf_weight=89 143 55 441 59 18
leaf_count=89 143 55 441 59 18
internal_value=-0.000173482 -0.0025641 0.00038633 0.00046875 0.000115607
internal_weight=805 144 661 500 161
internal_count=805 144 661 500 161
cat_boundaries=0 1 2 3 4
cat_threshold=232 20 2 16
is_linear=0
shrinkage=0.04


Tree=132
num_leaves=6
num_cat=4
split_feature=1 2 1 1 1
split_gain=0.688625 0.0428495 0.0080321 0.00467898 7.91609e-05
threshold=0 1.0000000180025095e-35 1 2 3
decision_type=9 2 9 9 9
left_child=1 -1 4 -4 -2
right_child=2 -3 3 -5 -6
leaf_value=-0.0020340839293110946 0.00023014828271186616 -0.00023671829440644388 0.00054825677520156549 8.3095695267374479e-05 0.0037512343328269539
leaf_weight=89 143 55 441 59 18
leaf_count=89 143 55 441 59 18
internal_value=-0.000173482 -0.0025641 0.00038633 0.00046875 0.000115607
internal_weight=805 144 661 500 161
internal_count=805 144 661 500 161
cat_boundaries=0 1 2 3 4
cat_threshold=232 20 2 16
is_linear=0
shrinkage=0.04


Tree=133
num_leaves=6
num_cat=4
split_feature=1 2 1 1 1
split_gain=0.688625 0.0428495 0.0080321 0.00467898 7.91609e-05
threshold=0 1.0000000180025095e-35 1 2 3
decision_type=9 2 9 9 9
left_child=1 -1 4 -4 -2
right_child=2 -3 3 -5 -6
leaf_value=-0.001952720572138631 0.00022094235140343699 -0.00022724956263019182 0.00052632650419354838 7.97718674566994e-05 0.0036011849595138303
leaf_weight=89 143 55 441 59 18
leaf_count=89 143 55 441 59 18
internal_value=-0.000173482 -0.0025641 0.00038633 0.00046875 0.000115607
internal_weight=805 144 661 500 161
internal_count=805 144 661 500 161
cat_boundaries=0 1 2 3 4
cat_threshold=232 20 2 16
is_linear=0
shrinkage=0.04


Tree=134
num_leaves=6
num_cat=4
split_feature=1 2 1 1 1
split_gain=0.688625 0.0428495 0.0080321 0.00467898 7.91609e-05
threshold=0 1.0000000180025095e-35 1 2 3
decision_type=9 2 9 9 9
left_child=1 -1 4 -4 -2
right_child=2 -3 3 -5 -6
leaf_value=-0.0018746117492531057 0.00021210465734725404 -0.00021815958012496141 0.00050527344402581773 7.6580992758437105e-05 0.0034571375611332656
leaf_weight=89 143 55 441 59 18
leaf_count=89 143 55 441 59 18
internal_value=-0.000173482 -0.0025641 0.00038633 0.00046875 0.000115607
internal_weight=805 144 661 500 161
internal_count=805 144 661 500 161
cat_boundaries=0 1 2 3 4
cat_threshold=232 20 2 16
is_linear=0
shrinkage=0.04


Tree=135
num_leaves=6
num_cat=4
split_feature=1 2 1 1 1
split_gain=0.688625 0.0428495 0.0080321 0.00467898 7.91609e-05
threshold=0 1.0000000180025095e-35 1 2 3
decision_type=9 2 9 9 9
left_child=1 -1 4 -4 -2
right_child=2 -3 3 -5 -6
leaf_value=-0.0017996272792829872 0.00020362047105322746 -0.0002094331969199459 0.00048506250626473957 7.3517753048122362e-05 0.0033188520586878668
leaf_weight=89 143 55 441 59 18
leaf_count=89 143 55 441 59 18
internal_value=-0.000173482 -0.0025641 0.00038633 0.00046875 0.000115607
internal_weight=805 144 661 500 161
internal_count=805 144 661 500 161
cat_boundaries=0 1 2 3 4
cat_threshold=232 20 2 16
is_linear=0
shrinkage=0.04


Tree=136
num_leaves=6
num_cat=4
split_feature=1 2 1 1 1
split_gain=0.688625 0.0428495 0.0080321 0.00467898 7.91609e-05
threshold=0 1.0000000180025095e-35 1 2 3
decision_type=9 2 9 9 9
left_child=1 -1 4 -4 -2
right_child=2 -3 3 -5 -6
leaf_value=-0.0017276421881116733 0.00019547565221103013 -0.0002010558690431452 0.00046566000601416135 7.0577042926203145e-05 0.0031860979763403919
leaf_weight=89 143 55 441 59 18
leaf_count=89 143 55 441 59 18
internal_value=-0.000173482 -0.0025641 0.00038633 0.00046875 0.000115607
internal_weight=805 144 661 500 161
internal_count=805 144 661 500 161
cat_boundaries=0 1 2 3 4
cat_threshold=232 20 2 16
is_linear=0
shrinkage=0.04


Tree=137
num_leaves=9
num_cat=4
split_feature=1 2 1 2 1 1 2 2
split_gain=0.666509 0.131984 0.0100823 0.0106712 0.0282516 0.00467898 0.040701 5.23861e-05
threshold=0 1.0000000180025095e-35 1 1.0000000180025095e-35 2 3 1.0000000180025095e-35 1.0000000180025095e-35
decision_type=9 2 9 2 9 9 2 2
left_child=1 -1 3 4 -2 7 -7 -4
right_child=2 -3 5 -5 -6 6 -8 -9
leaf_value=-0.0016585365005872177 0.020003673439278131 -0.00019301363428141373 0.00044703360577358353 -0.013555098009575915 0.0035141218685659937 6.7753961209149344e-05 -0.025506034159445506 3.7324683255093309e-05
leaf_weight=73 15.999999999999998 47 310 53 116 27 32 131
leaf_count=73 16 47 310 53 116 27 32 131
internal_value=-0.000123916 -0.00272727 0.000373027 0.000101523 0.000298507 0.00046875 0.00084507 0.000397351
internal_weight=805 120 685 185 132 500 59 441
internal_count=805 120 685 185 132 500 59 441
cat_boundaries=0 1 2 3 4
cat_threshold=168 84 64 2
is_linear=0
shrinkage=0.04


Tree=138
num_leaves=6
num_cat=4
split_feature=1 2 1 1 1
split_gain=0.688625 0.0428495 0.0080321 0.00467898 7.91609e-05
threshold=0 1.0000000180025095e-35 1 2 3
decision_type=9 2 9 9 9
left_child=1 -1 4 -4 -2
right_child=2 -3 3 -5 -6
leaf_value=-0.0015921950405637375 0.00072986054650556295 -0.00018529308891018559 0.00042915226154264022 6.5043802760769161e-05 0.0032594735801070129
leaf_weight=89 143 55 441 59 18
leaf_count=89 143 55 441 59 18
internal_value=-0.000173482 -0.0025641 0.00038633 0.00046875 0.000115607
internal_weight=805 144 661 500 161
internal_count=805 144 661 500 161
cat_boundaries=0 1 2 3 4
cat_threshold=232 20 2 16
is_linear=0
shrinkage=0.04


Tree=139
num_leaves=6
num_cat=4
split_feature=1 2 1 1 1
split_gain=0.688625 0.0428495 0.0080321 0.00467898 7.91609e-05
threshold=0 1.0000000180025095e-35 1 2 3
decision_type=9 2 9 9 9
left_child=1 -1 4 -4 -2
right_child=2 -3 3 -5 -6
leaf_value=-0.0015285072389411881 0.00070066612464529502 -0.00017788136535379806 0.00041198617108094025 6.2442050650304286e-05 0.0031290946369026784
leaf_weight=89 143 55 441 59 18
leaf_count=89 143 55 441 59 18
internal_value=-0.000173482 -0.0025641 0.00038633 0.00046875 0.000115607
internal_weight=805 144 661 500 161
internal_count=805 144 661 500 161
cat_boundaries=0 1 2 3 4
cat_threshold=232 20 2 16
is_linear=0
shrinkage=0.04


Tree=140
num_leaves=6
num_cat=4
split_feature=1 2 1 1 1
split_gain=0.688625 0.0428495 0.0080321 0.00467898 7.91609e-05
threshold=0 1.0000000180025095e-35 1 2 3
decision_type=9 2 9 9 9
left_child=1 -1 4 -4 -2
right_child=2 -3 3 -5 -6
leaf_value=-0.0014673669493835463 0.00067263947965955139 -0.00017076611073967739 0.00039550672423771971 5.994436862430064e-05 0.0030039308514265175
leaf_weight=89 143 55 441 59 18
leaf_count=89 143 55 441 59 18
internal_value=-0.000173482 -0.0025641 0.00038633 0.00046875 0.000115607
internal_weight=805 144 661 500 161
internal_count=805 144 661 500 161
cat_boundaries=0 1 2 3 4
cat_threshold=232 20 2 16
is_linear=0
shrinkage=0.04


Tree=141
num_leaves=7
num_cat=4
split_feature=1 2 1 2 1 1
split_gain=0.58061 0.0541263 0.0542241 0.0428495 0.0135174 0.0259081
threshold=0 1.0000000180025095e-35 1 1.0000000180025095e-35 2 3
decision_type=9 2 9 2 9 9
left_child=3 4 -3 -1 -2 -6
right_child=1 2 -4 -5 5 -7
leaf_value=-0.0014086722714082356 0.003143643689438278 0.0080762219492621062 -1.3634110349585171e-05 -0.00016393546631007894 0.00037968645526817115 5.7546593879322931e-05
leaf_weight=89 116 74 134 55 310 27
leaf_count=89 116 74 134 55 310 27
internal_value=-0.000371747 0.000148588 -0.000380952 -0.0025641 0.000395604 0.000515759
internal_weight=805 661 208 144 453 337
internal_count=805 661 208 144 453 337
cat_boundaries=0 1 2 3 4
cat_threshold=232 17 20 2
is_linear=0
shrinkage=0.04


Tree=142
num_leaves=7
num_cat=4
split_feature=1 2 1 2 1 1
split_gain=0.58061 0.0541263 0.0542241 0.0428495 0.0135174 0.0259081
threshold=0 1.0000000180025095e-35 1 1.0000000180025095e-35 2 3
decision_type=9 2 9 2 9 9
left_child=3 4 -3 -1 -2 -6
right_child=1 2 -4 -5 5 -7
leaf_value=-0.0013523253805519176 0.0030178979418607099 0.0077531730712917125 -1.3088745935618818e-05 -0.00015737804765770136 0.00036449899705743861 5.5244730124144325e-05
leaf_weight=89 116 74 134 55 310 27
leaf_count=89 116 74 134 55 310 27
internal_value=-0.000371747 0.000148588 -0.000380952 -0.0025641 0.000395604 0.000515759
internal_weight=805 661 208 144 453 337
internal_count=805 661 208 144 453 337
cat_boundaries=0 1 2 3 4
cat_threshold=232 17 20 2
is_linear=0
shrinkage=0.04


Tree=143
num_leaves=7
num_cat=4
split_feature=1 2 1 2 1 1
split_gain=0.58061 0.0541263 0.0542241 0.0428495 0.0135174 0.0259081
threshold=0 1.0000000180025095e-35 1 1.0000000180025095e-35 2 3
decision_type=9 2 9 2 9 9
left_child=3 4 -3 -1 -2 -6
right_child=1 2 -4 -5 5 -7
leaf_value=-0.0012982323653298522 0.0028971820241863355 0.0074430461484399756 -1.2565196098250908e-05 -0.00015108292575142458 0.00034991903717511262 5.3034940919189921e-05
leaf_weight=89 116 74 134 55 310 27
leaf_count=89 116 74 134 55 310 27
internal_value=-0.000371747 0.000148588 -0.000380952 -0.0025641 0.000395604 0.000515759
internal_weight=805 661 208 144 453 337
internal_count=805 661 208 144 453 337
cat_boundaries=0 1 2 3 4
cat_threshold=232 17 20 2
is_linear=0
shrinkage=0.04


Tree=144
num_leaves=7
num_cat=4
split_feature=1 2 2 1 1 1
split_gain=0.55484 0.083969 0.0428495 0.0277716 0.0135174 0.0259081
threshold=0 1.0000000180025095e-35 1.0000000180025095e-35 1 2 3
decision_type=9 2 2 9 9 9
left_child=2 4 -1 -3 -2 -6
right_child=1 3 -4 -5 5 -7
leaf_value=-0.0012463030707166923 0.0027812947432189362 0.014575812351291404 -0.00014503960872133348 -1.2062588254337925e-05 0.00033592227568817634 5.0913543282433694e-05
leaf_weight=89 116 31 55 177 310 27
leaf_count=89 116 31 55 177 310 27
internal_value=-0.000421314 8.9153e-05 -0.0025641 -0.000571429 0.000395604 0.000515759
internal_weight=805 661 144 208 453 337
internal_count=805 661 144 208 453 337
cat_boundaries=0 1 2 3 4
cat_threshold=232 1 20 2
is_linear=0
shrinkage=0.04


Tree=145
num_leaves=7
num_cat=4
split_feature=1 2 2 1 1 1
split_gain=0.55484 0.083969 0.0428495 0.0277716 0.0135174 0.0259081
threshold=0 1.0000000180025095e-35 1.0000000180025095e-35 1 2 3
decision_type=9 2 2 9 9 9
left_child=2 4 -1 -3 -2 -6
right_child=1 3 -4 -5 5 -7
leaf_value=-0.0011964509478880104 0.0026700429534901103 0.013992779857239838 -0.00013923802437247447 -1.1580084724158723e-05 0.00032248538466063794 4.8877001551161929e-05
leaf_weight=89 116 31 55 177 310 27
leaf_count=89 116 31 55 177 310 27
internal_value=-0.000421314 8.9153e-05 -0.0025641 -0.000571429 0.000395604 0.000515759
internal_weight=805 661 144 208 453 337
internal_count=805 661 144 208 453 337
cat_boundaries=0 1 2 3 4
cat_threshold=232 1 20 2
is_linear=0
shrinkage=0.04


Tree=146
num_leaves=7
num_cat=4
split_feature=1 2 2 1 1 1
split_gain=0.55484 0.083969 0.0428495 0.0277716 0.0135174 0.0259081
threshold=0 1.0000000180025095e-35 1.0000000180025095e-35 1 2 3
decision_type=9 2 2 9 9 9
left_child=2 4 -1 -3 -2 -6
right_child=1 3 -4 -5 5 -7
leaf_value=-0.0011485929099725211 0.0025632412353505172 0.013433068662950234 -0.00013366850339757263 -1.1116881335198059e-05 0.00030958596927419538 4.6921921489087028e-05
leaf_weight=89 116 31 55 177 310 27
leaf_count=89 116 31 55 177 310 27
internal_value=-0.000421314 8.9153e-05 -0.0025641 -0.000571429 0.000395604 0.000515759
internal_weight=805 661 144 208 453 337
internal_count=805 661 144 208 453 337
cat_boundaries=0 1 2 3 4
cat_threshold=232 1 20 2
is_linear=0
shrinkage=0.04


Tree=147
num_leaves=7
num_cat=4
split_feature=1 2 2 1 1 1
split_gain=0.55484 0.083969 0.0428495 0.0277716 0.0135174 0.0259081
threshold=0 1.0000000180025095e-35 1.0000000180025095e-35 1 2 3
decision_type=9 2 2 9 9 9
left_child=2 4 -1 -3 -2 -6
right_child=1 3 -4 -5 5 -7
leaf_value=-0.0011026491935736261 0.0024607115859365081 0.012895745916432305 -0.00012832176326163847 -1.0672206081778768e-05 0.00029720253050328436 4.5045044629503652e-05
leaf_weight=89 116 31 55 177 310 27
leaf_count=89 116 31 55 177 310 27
internal_value=-0.000421314 8.9153e-05 -0.0025641 -0.000571429 0.000395604 0.000515759
internal_weight=805 661 144 208 453 337
internal_count=805 661 144 208 453 337
cat_boundaries=0 1 2 3 4
cat_threshold=232 1 20 2
is_linear=0
shrinkage=0.04


Tree=148
num_leaves=7
num_cat=4
split_feature=1 2 2 1 1 1
split_gain=0.55484 0.083969 0.0428495 0.0277716 0.0135174 0.0259081
threshold=0 1.0000000180025095e-35 1.0000000180025095e-35 1 2 3
decision_type=9 2 2 9 9 9
left_child=2 4 -1 -3 -2 -6
right_child=1 3 -4 -5 5 -7
leaf_value=-0.0010585432258307036 0.0023622831224989938 0.012379916079775058 -0.00012318889273117863 -1.0245317838553092e-05 0.00028531442928311893 4.3243242844326346e-05
leaf_weight=89 116 31 55 177 310 27
leaf_count=89 116 31 55 177 310 27
internal_value=-0.000421314 8.9153e-05 -0.0025641 -0.000571429 0.000395604 0.000515759
internal_weight=805 661 144 208 453 337
internal_count=805 661 144 208 453 337
cat_boundaries=0 1 2 3 4
cat_threshold=232 1 20 2
is_linear=0
shrinkage=0.04


Tree=149
num_leaves=7
num_cat=4
split_feature=1 2 2 1 1 1
split_gain=0.55484 0.083969 0.0428495 0.0277716 0.0135174 0.0259081
threshold=0 1.0000000180025095e-35 1.0000000180025095e-35 1 2 3
decision_type=9 2 2 9 9 9
left_child=2 4 -1 -3 -2 -6
right_child=1 3 -4 -5 5 -7
leaf_value=-0.0010162014967974643 0.0022677917975990171 0.011884719436584135 -0.00011826133702193431 -9.8355051250109682e-06 0.00027390185211174868 4.1513513130553294e-05
leaf_weight=89 116 31 55 177 310 27
leaf_count=89 116 31 55 177 310 27
internal_value=-0.000421314 8.9153e-05 -0.0025641 -0.000571429 0.000395604 0.000515759
internal_weight=805 661 144 208 453 337
internal_count=805 661 144 208 453 337
cat_boundaries=0 1 2 3 4
cat_threshold=232 1 20 2
is_linear=0
shrinkage=0.04


end of trees

feature_importances:
service_type=607
junction_in_station_name=315

parameters:
[boosting: gbdt]
[objective: quantile]
[metric: quantile]
[tree_learner: serial]
[device_type: cpu]
[data_sample_strategy: bagging]
[data: ]
[valid: ]
[num_iterations: 150]
[learning_rate: 0.04]
[num_leaves: 12]
[num_threads: 1]
[seed: 2026]
[deterministic: 1]
[force_col_wise: 1]
[force_row_wise: 0]
[histogram_pool_size: -1]
[max_depth: 4]
[min_data_in_leaf: 15]
[min_sum_hessian_in_leaf: 0.001]
[bagging_fraction: 1]
[pos_bagging_fraction: 1]
[neg_bagging_fraction: 1]
[bagging_freq: 0]
[bagging_seed: 26038]
[bagging_by_query: 0]
[feature_fraction: 1]
[feature_fraction_bynode: 1]
[feature_fraction_seed: 28694]
[extra_trees: 0]
[extra_seed: 4728]
[early_stopping_round: 0]
[early_stopping_min_delta: 0]
[first_metric_only: 0]
[max_delta_step: 0]
[lambda_l1: 0]
[lambda_l2: 2]
[linear_lambda: 0]
[min_gain_to_split: 0]
[drop_rate: 0.1]
[max_drop: 50]
[skip_drop: 0.5]
[xgboost_dart_mode: 0]
[uniform_drop: 0]
[drop_seed: 5409]
[top_rate: 0.2]
[other_rate: 0.1]
[min_data_per_group: 5]
[max_cat_threshold: 32]
[cat_l2: 10]
[cat_smooth: 10]
[max_cat_to_onehot: 4]
[top_k: 20]
[monotone_constraints: ]
[monotone_constraints_method: basic]
[monotone_penalty: 0]
[feature_contri: ]
[forcedsplits_filename: ]
[refit_decay_rate: 0.9]
[cegb_tradeoff: 1]
[cegb_penalty_split: 0]
[cegb_penalty_feature_lazy: ]
[cegb_penalty_feature_coupled: ]
[path_smooth: 0]
[interaction_constraints: ]
[verbosity: -1]
[saved_feature_importance_type: 0]
[use_quantized_grad: 0]
[num_grad_quant_bins: 4]
[quant_train_renew_leaf: 0]
[stochastic_rounding: 1]
[linear_tree: 0]
[max_bin: 255]
[max_bin_by_feature: ]
[min_data_in_bin: 3]
[bin_construct_sample_cnt: 200000]
[data_random_seed: 6654]
[is_enable_sparse: 1]
[enable_bundle: 1]
[use_missing: 1]
[zero_as_missing: 0]
[feature_pre_filter: 1]
[pre_partition: 0]
[two_round: 0]
[header: 0]
[label_column: ]
[weight_column: ]
[group_column: ]
[ignore_column: ]
[categorical_feature: 0,1]
[forcedbins_filename: ]
[precise_float_parser: 0]
[parser_config_file: ]
[objective_seed: 199]
[num_class: 1]
[is_unbalance: 0]
[scale_pos_weight: 1]
[sigmoid: 1]
[boost_from_average: 1]
[reg_sqrt: 0]
[alpha: 0.5]
[fair_c: 1]
[poisson_max_delta_step: 0.7]
[tweedie_variance_power: 1.5]
[lambdarank_truncation_level: 30]
[lambdarank_norm: 1]
[label_gain: ]
[lambdarank_position_bias_regularization: 0]
[eval_at: ]
[multi_error_top_k: 1]
[auc_mu_weights: ]
[num_machines: 1]
[local_listen_port: 12400]
[time_out: 120]
[machine_list_filename: ]
[machines: ]
[gpu_platform_id: -1]
[gpu_device_id: -1]
[gpu_device_id_list: ]
[gpu_use_dp: 0]
[num_gpu: 1]

end of parameters

pandas_categorical:null
